Line Number	Verse Reference	Word	Is Name?	Is Number?	Likely Typo?	Closest Match	Similarity	Verse Match?	Area Match?	Legitimate Variation?	Full Line
134	ΓΕΝΕΣΙΣ 2:13	Γεῶν	Yes	No	No	γηων	1.00	Yes	No	Yes	\vs{13}Καὶ ὄνομα τῷ ποταμῷ τῷ δευτέρῳ, Γεῶν· οὗτος ὁ κυκλῶν πᾶσαν τὴν γὴν Αἰθιοπίας.
373	ΓΕΝΕΣΙΣ 10:12	Δασὴ	Yes	No	No	δασά	1.00	No	Yes	Yes	\vs{12}καὶ τὴν Δασὴ ἀνὰ μέσον Νινευῒ, καὶ ἀνὰ μέσον Χαλάχ· αὕτη ἡ πόλις μεγάλη.
374	ΓΕΝΕΣΙΣ 10:13	Ἐνεμετιεὶμ	Yes	No	No	ενεμετιιμ	1.00	Yes	No	Yes	\vs{13}Καὶ Μεσραῒν ἐγέννησε τοὺς Λουδιεὶμ, καὶ τοὺς Νεφθαλεὶμ, καὶ τοὺς Ἐνεμετιεὶμ, καὶ τοὺς Λαβιεὶμ,
491	ΓΕΝΕΣΙΣ 14:15	Χοβὰ	Yes	No	No	χωβα	1.00	Yes	No	Yes	\vs{15}Καὶ ἐπέπεσεν ἐπʼ αὐτοὺς τὴν νύκτα αὐτὸς, καὶ οἱ παῖδες αὐτοῦ, καὶ ἐπάταξεν αὐτοὺς, καὶ κατεδίωξεν αὐτοὺς ἕως Χοβὰ, ἥ ἐστιν ἐν ἀριστερᾷ Δαμασκοῦ.
579	ΓΕΝΕΣΙΣ 18:4	Ληφθήτω	Yes	No	No	λημφθήτω	1.00	Yes	No	Yes	\vs{4}Ληφθήτω δὴ ὕδωρ, καὶ νιψάτωσαν τοὺς πόδας ὑμῶν, καὶ καταψύξατε ὑπὸ τὸ δένδρον.
737	ΓΕΝΕΣΙΣ 22:24	Μοχά	Yes	No	No	μωχα	1.00	Yes	No	Yes	\vs{24}Καὶ ἡ παλλακὴ αὐτοῦ, ᾗ ὄνομα Ῥεύμα, ἔτεκε καὶ αὐτὴ τὸν Ταβὲκ, καὶ τὸν Ταὰμ, καὶ τὸν Τοχός, καὶ τὸν Μοχά.
837	ΓΕΝΕΣΙΣ 25:2	Ἰεσβὼκ	Yes	No	No	ιεσβοκ	1.00	Yes	No	Yes	\vs{2}Ἔτεκε δὲ αὐτῷ τὸν Ζομβρᾶν, καὶ τὸν Ἰεζὰν, καὶ τὸν Μαδὰλ, καὶ τὸν Μαδιὰμ, καὶ τὸν Ἰεσβὼκ, καὶ τὸν Σωίε.
838	ΓΕΝΕΣΙΣ 25:3	Δεδάν	Yes	No	No	δαιδαν	1.00	Yes	No	Yes	\vs{3}Ἰεζὰν δὲ ἐγέννησε τὸν Σαβὰ, καὶ τὸν Δεδάν· υἱοὶ δὲ Δεδὰν Ἀσσουριεὶμ, καὶ Λατουσιεὶμ, καὶ Λαωμείμ.
838	ΓΕΝΕΣΙΣ 25:3	Δεδὰν	Yes	No	No	δαιδαν	1.00	Yes	No	Yes	\vs{3}Ἰεζὰν δὲ ἐγέννησε τὸν Σαβὰ, καὶ τὸν Δεδάν· υἱοὶ δὲ Δεδὰν Ἀσσουριεὶμ, καὶ Λατουσιεὶμ, καὶ Λαωμείμ.
838	ΓΕΝΕΣΙΣ 25:3	Ἀσσουριεὶμ	Yes	No	No	ασσουριιμ	1.00	Yes	No	Yes	\vs{3}Ἰεζὰν δὲ ἐγέννησε τὸν Σαβὰ, καὶ τὸν Δεδάν· υἱοὶ δὲ Δεδὰν Ἀσσουριεὶμ, καὶ Λατουσιεὶμ, καὶ Λαωμείμ.
838	ΓΕΝΕΣΙΣ 25:3	Λατουσιεὶμ	Yes	No	No	λατουσιιμ	1.00	Yes	No	Yes	\vs{3}Ἰεζὰν δὲ ἐγέννησε τὸν Σαβὰ, καὶ τὸν Δεδάν· υἱοὶ δὲ Δεδὰν Ἀσσουριεὶμ, καὶ Λατουσιεὶμ, καὶ Λαωμείμ.
839	ΓΕΝΕΣΙΣ 25:4	Ἀφεὶρ	Yes	No	No	αφερ	1.00	Yes	No	Yes	\vs{4}Υἱοὶ δὲ Μαδιὰμ Γεφὰρ, καὶ Ἀφεὶρ, καὶ Ἐνὼχ, καὶ Ἀβειδὰ, καὶ Ἐλδαγά· πάντες οὗτοι ἦσαν υἱοὶ Χεττούρας.
866	ΓΕΝΕΣΙΣ 25:29	ἕψημα	No	No	No	ἕψεμα	1.00	Yes	No	Yes	\vs{29}Ἥψησε δὲ Ἰακὼβ ἕψημα· ἦλθε δὲ Ἡσαῦ ἐκ τοῦ πεδίου ἐκλείπων.
871	ΓΕΝΕΣΙΣ 25:34	ἕψημα	No	No	No	ἕψεμα	1.00	Yes	No	Yes	\vs{34}Ἰακὼβ δὲ ἔδωκε τῷ Ἠσαῦ ἄρτον, καὶ ἕψημα φακοῦ· καὶ ἔφαγε καὶ ἔπιε, καὶ ἀναστὰς ᾤχετο· καὶ ἐφαύλισεν Ἡσαῦ τὰ πρωτοτόκια.
910	ΓΕΝΕΣΙΣ 26:34	Ἑλὼν	Yes	No	No	αιλων	1.00	Yes	No	Yes	\vs{34}Ἦν δὲ Ἡσαῦ ἐτῶν τεσσαράκοντα, καὶ ἔλαβε γυναῖκα Ἰουδὶθ, θυγατέρα Βεὼχ τοῦ Χετταίου, καὶ τὴν Βασεμὰθ, θυγατέρα Ἑλὼν Χετταίου.
974	ΓΕΝΕΣΙΣ 28:9	Ναβεὼθ	Yes	No	No	ναβαιωθ	1.00	Yes	No	Yes	\vs{9}ἐπορεύθη Ἡσαῦ πρὸς Ἰσμαήλ· καὶ ἔλαβε τὴν Μαελὲθ, θυγατέρα Ἰσμαὴλ τοῦ υἱοῦ Ἁβραὰμ, ἀδελφὴν Ναβεὼθ, πρὸς ταῖς γυναιξὶν αὐτοῦ γυναῖκα.
1116	ΓΕΝΕΣΙΣ 31:41	δεκατέσσαρα	No	No	No	δέκα τέσσαρα	1.00	Yes	No	Yes	\vs{41}Ταῦτά μοι εἴκοσι ἔτη ἐγώ εἰμι ἐν τῇ οἰκίᾳ σου· ἐδούλευσά σοι δεκατέσσαρα ἔτη ἀντὶ τῶν δύο θυγατέρων σου, καὶ ἓξ ἔτη ἐν τοῖς προβάτοις σου, καὶ παρελογίσω τὸν μισθόν μου δέκα ἀμνάσιν.
1188	ΓΕΝΕΣΙΣ 33:18	Σηκίμων	Yes	No	No	σικιμων	1.00	Yes	No	Yes	\vs{18}Καὶ ἦλθεν Ἰακὼβ εἰς Σαλὴμ, πόλιν Σηκίμων, ἥ ἐστιν ἐν γῇ Χαναὰν, ὅτε ἐπανῆλθεν ἐκ τῆς Μεσοποταμίας Συρίας· καὶ παρενέλαβε κατὰ πρόσωπον τῆς πόλεως.
1231	ΓΕΝΕΣΙΣ 35:4	Σηκίμοις	Yes	No	No	σικιμοις	1.00	Yes	No	Yes	\vs{4}Καὶ ἔδωκαν τῷ Ἰακὼβ τοὺς θεοὺς τοὺς ἀλλοτρίους, οἳ ἦσαν ἐν ταῖς χερσὶν αὐτῶν, καὶ τὰ ἐνώτια τὰ ἐν τοῖς ὠσὶν αὐτῶν· καὶ κατέκρυψεν αὐτὰ Ἰακὼβ ὑπὸ τὴν τερέβινθον τὴν ἐν Σηκίμοις· καὶ ἀπώλεσεν αὐτὰ, ἕως τῆς σήμερον ἡμέρας.
1232	ΓΕΝΕΣΙΣ 35:5	Σηκίμων	Yes	No	No	σικιμων	1.00	Yes	No	Yes	\vs{5}Καὶ ἐξῇρεν Ἰσραὴλ ἐκ Σηκίμων· καὶ ἐγένετο φόβος Θεοῦ ἐπὶ τὰς πόλεις τὰς κύκλῳ αὐτῶν, καὶ οὐ κατεδίωξαν ὀπίσω τῶν υἱῶν Ἰσραήλ.
1271	ΓΕΝΕΣΙΣ 36:11	Γοθὼμ	Yes	No	No	γοθομ	1.00	Yes	No	Yes	\vs{11}Ἐγένοντο δὲ Ἑλιφὰς υἱοὶ, Θαιμὰν, Ὠμὰρ, Σωφὰρ, Γοθὼμ, καὶ Κενέζ.
1273	ΓΕΝΕΣΙΣ 36:13	Ναχὼθ	Yes	No	No	ναχοθ	1.00	Yes	No	Yes	\vs{13}Οὗτοι δὲ υἱοὶ Ῥαγουὴλ, Ναχὼθ, Ζαρὲ, Σομὲ, καὶ Μοζέ· οὗτοι ἦσαν υἱοὶ Βασεμὰθ γυναικὸς Ἡσαῦ.
1276	ΓΕΝΕΣΙΣ 36:16	Γοθὼμ	Yes	No	No	γοθομ	1.00	Yes	No	Yes	\vs{16}ἡγεμὼν Κορὲ, ἡγεμὼν Γοθὼμ, ἡγεμὼν Ἀμαλήκ· οὗτοι ἡγεμόνες Ἑλιφὰς ἐν γῇ Ἰδουμαίᾳ· οὗτοι υἱοὶ Ἀδάς.
1277	ΓΕΝΕΣΙΣ 36:17	Ναχὼθ	Yes	No	No	ναχοθ	1.00	Yes	No	Yes	\vs{17}Καὶ οὗτοι υἱοὶ Ῥαγουὴλ υἱοῦ Ἡσαῦ· ἡγεμὼν Ναχὼθ, ἡγεμὼν Ζαρὲ, ἡγεμὼν Σομὲ, ἡγεμὼν Μοζέ· οὗτοι ἡγεμόνες Ῥαγουὴλ ἐν γῇ Ἐδώμ· οὗτοι υἱοὶ Βασεμὰθ γυναικὸς Ἡσαῦ.
1287	ΓΕΝΕΣΙΣ 36:27	Ἰουκάμ	Yes	No	No	ιωυκαμ	1.00	Yes	No	Yes	\vs{27}Οὗτοι δὲ υἱοὶ Ἀσάρ· Βαλαὰμ, καὶ Ζουκὰμ, καὶ Ἰουκάμ.
1297	ΓΕΝΕΣΙΣ 36:36	Μασσεκκάς	Yes	No	No	μασεκκας	1.00	Yes	No	Yes	\vs{36}Ἀπέθανε δὲ Ἀδὰδ, καὶ ἐβασίλευσεν ἀντʼ αὐτοῦ Σαμαδὰ ἐκ Μασσεκκάς.
1300	ΓΕΝΕΣΙΣ 36:39	Μαιζοώβ	Yes	No	No	μαιζοοβ	1.00	Yes	No	Yes	\vs{39}Ἀπέθανε δὲ Βαλλενὼν υἱὸς Ἀχοβὼρ, καὶ ἐβασίλευσεν ἀντʼ αὐτοῦ Ἀρὰδ υἱὸς Βαράδ· καὶ ὄνομα τῇ πόλει αὐτοῦ Φογώρ· ὄνομα δὲ τῇ γυναικὶ αὐτοῦ Μετεβεὴλ, θυγάτηρ Ματραῒθ, υἱοῦ Μαιζοώβ.
1304	ΓΕΝΕΣΙΣ 36:43	Ζαφωίν	Yes	No	No	ζαφωεί	1.00	Yes	No	Yes	\vs{43}ἡγεμὼν Μαγεδιὴλ, ἡγεμὼν Ζαφωίν· οὗτοι ἡγεμόνες Ἐδὼμ, ἐν ταῖς κατῳκοδομημέναις ἐν τῇ γῇ τῆς κτήσεως αὐτῶν· οὗτος Ἡσαῦ πατὴρ Ἐδώμ.
1477	ΓΕΝΕΣΙΣ 41:45	Ἀσενὲθ	Yes	No	No	ασεννεθ	1.00	Yes	No	Yes	\vs{45}Καὶ ἐκάλεσε Φαραὼ τὸ ὄνομα Ἰωσὴφ, Ψονθομφανήχ· καὶ ἔδωκεν αὐτῷ τὴν Ἀσενὲθ θυγατέρα Πετεφρῆ ἱερέως Ἡλιουπόλεως αὐτῷ εἰς γυναῖκα.
1477	ΓΕΝΕΣΙΣ 41:45	Ἡλιουπόλεως	Yes	No	No	ἡλίου πόλεως	1.00	Yes	No	Yes	\vs{45}Καὶ ἐκάλεσε Φαραὼ τὸ ὄνομα Ἰωσὴφ, Ψονθομφανήχ· καὶ ἔδωκεν αὐτῷ τὴν Ἀσενὲθ θυγατέρα Πετεφρῆ ἱερέως Ἡλιουπόλεως αὐτῷ εἰς γυναῖκα.
1483	ΓΕΝΕΣΙΣ 41:50	Ἀσενὲθ	Yes	No	No	ασεννεθ	1.00	Yes	No	Yes	\vs{50}Τῷ δὲ Ἰωσὴφ ἐγένοντο υἱοὶ δύο πρὸ τοῦ ἐλθεῖν τὰ ἑπτὰ ἔτη τοῦ λιμοῦ, οὓς ἔτεκεν αὐτῷ Ἀσενὲθ ἡ θυγάτηρ Πετεφρῆ ἱερέως Ἡλιουπόλεως.
1483	ΓΕΝΕΣΙΣ 41:50	Ἡλιουπόλεως	Yes	No	No	ἡλίου πόλεως	1.00	Yes	No	Yes	\vs{50}Τῷ δὲ Ἰωσὴφ ἐγένοντο υἱοὶ δύο πρὸ τοῦ ἐλθεῖν τὰ ἑπτὰ ἔτη τοῦ λιμοῦ, οὓς ἔτεκεν αὐτῷ Ἀσενὲθ ἡ θυγάτηρ Πετεφρῆ ἱερέως Ἡλιουπόλεως.
1656	ΓΕΝΕΣΙΣ 46:16	Ἀηδεὶς	Yes	No	No	αηδις	1.00	Yes	No	Yes	\vs{16}Υἱοὶ δὲ Γάδ, Σαφὼν, καὶ Ἀγγὶς, καὶ Σαννὶς, καὶ Θασοβὰν, καὶ Ἀηδεὶς, καὶ Ἀροηδεὶς, καὶ Ἀρεηλείς.
1656	ΓΕΝΕΣΙΣ 46:16	Ἀροηδεὶς	Yes	No	No	αροηδις	1.00	Yes	No	Yes	\vs{16}Υἱοὶ δὲ Γάδ, Σαφὼν, καὶ Ἀγγὶς, καὶ Σαννὶς, καὶ Θασοβὰν, καὶ Ἀηδεὶς, καὶ Ἀροηδεὶς, καὶ Ἀρεηλείς.
1657	ΓΕΝΕΣΙΣ 46:17	Ἰεσσουὰ	Yes	No	No	ιεσουα	1.00	Yes	No	Yes	\vs{17}Υἱοὶ δὲ Ἀσὴρ, Ἰεμνα, Ἰεσσουὰ, καὶ Ἰεοὺλ, καὶ βαριὰ, καὶ Σάρα ἀδελφὴ αὐτῶν. Υἱοὶ δὲ βαριὰ, Χοβὸρ, καὶ Μελχιΐλ.
1657	ΓΕΝΕΣΙΣ 46:17	Μελχιΐλ	Yes	No	No	μελχιηλ	1.00	Yes	No	Yes	\vs{17}Υἱοὶ δὲ Ἀσὴρ, Ἰεμνα, Ἰεσσουὰ, καὶ Ἰεοὺλ, καὶ βαριὰ, καὶ Σάρα ἀδελφὴ αὐτῶν. Υἱοὶ δὲ βαριὰ, Χοβὸρ, καὶ Μελχιΐλ.
1660	ΓΕΝΕΣΙΣ 46:20	Ἀσενὲθ	Yes	No	No	ασεννεθ	1.00	Yes	No	Yes	\vs{20}Ἐγένοντο δὲ υἱοὶ Ἰωσὴφ ἐν γῇ Αἰγύπτου, οὓς ἔτεκεν αὐτῷ Ἀσενὲθ θυγάτηρ Πετεφρῆ ἱερέως Ἡλιουπόλεως, τὸν Μανασσῆ, καὶ τὸν Ἐφραίμ· ἐγένοντο δὲ υἱοὶ Μανασσῆ, οὓς ἔτεκεν αὐτῷ ἡ παλλακὴ ἡ Σύρα, τὸν Μαχίρ· Μαχὶρ δὲ ἐγέννησε τὸν Γαλαάδ· υἱοὶ δὲ Ἐφραὶμ ἀδελφοῦ Μανασσῆ, Σουταλαὰμ, καὶ Ταάμ· υἱοὶ δὲ Σουταλαὰμ, Ἐδώμ.
1660	ΓΕΝΕΣΙΣ 46:20	Ἡλιουπόλεως	Yes	No	No	ἡλίου πόλεως	1.00	Yes	No	Yes	\vs{20}Ἐγένοντο δὲ υἱοὶ Ἰωσὴφ ἐν γῇ Αἰγύπτου, οὓς ἔτεκεν αὐτῷ Ἀσενὲθ θυγάτηρ Πετεφρῆ ἱερέως Ἡλιουπόλεως, τὸν Μανασσῆ, καὶ τὸν Ἐφραίμ· ἐγένοντο δὲ υἱοὶ Μανασσῆ, οὓς ἔτεκεν αὐτῷ ἡ παλλακὴ ἡ Σύρα, τὸν Μαχίρ· Μαχὶρ δὲ ἐγέννησε τὸν Γαλαάδ· υἱοὶ δὲ Ἐφραὶμ ἀδελφοῦ Μανασσῆ, Σουταλαὰμ, καὶ Ταάμ· υἱοὶ δὲ Σουταλαὰμ, Ἐδώμ.
2204	ΕΞΟΔΟΣ 13:20	Ὀθὼμ	Yes	No	No	οθομ	1.00	Yes	No	Yes	\vs{20}Ἐξάραντες δὲ οἱ υἱοὶ Ἰσραὴλ ἐκ Σοκχὼθ, ἐστρατοπέδευσαν ἐν Ὀθὼμ παρὰ τὴν ἔρημον.
3396	ΛΕΥΙΤΙΚΟΝ 10:4	Μισαδάη	Yes	No	No	μισαδαι	1.00	Yes	No	Yes	\vs{4}Καὶ ἐκάλεσε Μωυσῆς τὸν Μισαδάη, καὶ τὸν Ἐλισαφὰν, υἱοὺς Ὀζιὴλ, υἱοὺς τοῦ ἀδελφοῦ τοῦ πατρὸς Ἀαρὼν, καὶ εἶπεν αὐτοῖς, προσέλθατε καὶ ἄρατε τοὺς ἀδελφοὺς ὑμῶν ἐκ προσώπου τῶν ἁγίων ἔξω τῆς παρεμβολῆς.
3483	ΛΕΥΙΤΙΚΟΝ 13:5	τοδεύτερον	No	No	No	τὸ δεύτερον	1.00	Yes	No	Yes	\vs{5}Καὶ ὄψεται ὁ ἱερεὺς τὴν ἁφὴν τῇ ἡμέρᾳ τῇ ἑβδόμῃ· καὶ ἰδοὺ ἡ ἁφὴ μένει ἐναντίον αὐτοῦ, οὐ μετέπεσεν ἡ ἁφὴ ἐν τῷ δέρματι, καὶ ἀφοριεῖ αὐτὸν ὁ ἱερεὺς ἑπτὰ ἡμέρας τοδεύτερον.
3484	ΛΕΥΙΤΙΚΟΝ 13:6	τοδεύτερον	No	No	No	τὸ δεύτερον	1.00	Yes	No	Yes	\vs{6}Καὶ ὄψεται ὁ ἱερεὺς αὐτὸν τῇ ἡμέρᾳ τῇ ἑβδόμῃ τοδεύτερον· καὶ ἰδοὺ ἀμαυρὰ ἡ ἁφή, οὐ μετέπεσεν ἡ ἁφὴ ἐν τῷ δέρματι· καὶ καθαριεῖ αὐτὸν ὁ ἱερεύς, σημασία γάρ ἐστι· καὶ πλυνάμενος τὰ ἱμάτια αὐτοῦ, καθαρὸς ἔσται.
3485	ΛΕΥΙΤΙΚΟΝ 13:7	τοδεύτερον	No	No	No	τὸ δεύτερον	1.00	Yes	No	Yes	\vs{7}Ἐὰν δὲ μεταβαλοῦσα μεταπέσῃ ἡ σημασία ἐν τῷ δέρματι, μετὰ τὸ ἰδεῖν αὐτὸν τὸν ἱερέα τοῦ καθαρίσαι αὐτόν, καὶ ὀφθήσεται τοδεύτερον τῷ ἱερεῖ.
3539	ΛΕΥΙΤΙΚΟΝ 13:54	τοδέυτερον	No	No	No	τὸ δεύτερον	1.00	Yes	No	Yes	\vs{54}Καὶ συντάξει ὁ ἱερεύς, καὶ πλυνεῖ ἐφʼ οὗ ἐὰν ᾖ ἐπʼ αὐτοῦ ἡ ἁφὴ, καὶ ἀφοριεῖ ὁ ἱερεὺς τὴν ἁφὴν ἑπτὰ ἡμέρας τοδέυτερον.
3898	ΛΕΥΙΤΙΚΟΝ 23:19	πρωτογεννήματος	No	No	No	πρωτογενήματος	1.00	Yes	No	Yes	\vs{19}Καὶ ποιήσουσι χίμαρον ἐξ αἰγῶν ἕνα περὶ ἁμαρτίας, καὶ δύο ἀμνοὺς ἐνιαυσίους εἰς θυσίαν σωτηρίου μετὰ τῶν ἄρτων τοῦ πρωτογεννήματος.
3899	ΛΕΥΙΤΙΚΟΝ 23:20	πρωτογεννήματος	No	No	No	πρωτογενήματος	1.00	Yes	No	Yes	\vs{20}Καὶ ἐπιθήσει αὐτὰ ὁ ἱερεὺς μετὰ τῶν ἄρτων τοῦ πρωτογεννήματος ἐπίθεμα ἐναντίον Κυρίου μετὰ τῶν δύο ἀμνῶν, ἅγια ἔσονται τῷ Κυρίῳ· τῷ ἱερεῖ τῷ προσφέροντι αὐτὰ αὐτῷ ἔσται.
4034	ΛΕΥΙΤΙΚΟΝ 26:16	διακενῆς	No	No	No	διὰ κενῆς	1.00	Yes	No	Yes	\vs{16}καὶ ἐγὼ ποιήσω οὕτως ὑμῖν· καὶ ἐπιστήσω ἐφʼ ὑμᾶς τὴν ἀπορίαν, τήν τε ψώραν, καὶ τὸν ἴκτερα σφακελίζοντα τοὺς ὀφθαλμοὺς ὑμῶν, καὶ τὴν ψυχὴν ὑμῶν ἐκτήκουσαν· καὶ σπερεῖτε διακενῆς τὰ σπέρματα ὑμῶν, καὶ ἔδονται οἱ ὑπεναντίοι ὑμῶν.
4830	ΑΡΙΘΜΟΙ 16:1	Ἰσαὰρ	Yes	No	No	ισσααρ	1.00	Yes	No	Yes	Καὶ ἐλάλησε Κορὲ υἱὸς Ἰσαὰρ υἱοῦ Καὰθ υἱοῦ Λευί, καὶ Δαθὰν καὶ Ἀβειρὼν υἱοὶ Ἐλιάβ, καὶ Αὒν υἱὸς Φαλὲθ υἱοῦ Ῥουβήν·
4852	ΑΡΙΘΜΟΙ 16:21	εἰσάπαξ	No	No	No	εἰς ἅπαξ	1.00	Yes	No	Yes	\vs{21}ἀποσχίσθητε ἐκ μέσου τῆς συναγωγῆς ταύτης, καὶ ἐξαναλώσω αὐτοὺς εἰσάπαξ.
4882	ΑΡΙΘΜΟΙ 17:10	εἰσάπαξ	No	No	No	εἰς ἅπαξ	1.00	Yes	No	Yes	\vs{10}ἐκχωρήσατε ἐκ μέσου τῆς συναγωγῆς ταύτης, καὶ ἐξαναλώσω αὐτοὺς εἰσάπαξ· καὶ ἔπεσον ἐπὶ πρόσωπον αὐτῶν.
5024	ΑΡΙΘΜΟΙ 21:14	χιμάῤῥους	No	No	No	χειμάρρους	1.00	Yes	No	Yes	\vs{14}Διὰ τοῦτο λέγεται ἐν βιβλίῳ, πόλεμος τοῦ Κυρίου τὴν Ζωὸβ ἐφλόγισε, καὶ τοὺς χιμάῤῥους Ἀρνῶν.
5025	ΑΡΙΘΜΟΙ 21:15	χιμάῤῥους	No	No	No	χειμάρρους	1.00	Yes	No	Yes	\vs{15}Καὶ τοὺς χιμάῤῥους κατέστησε κατοικίσαι Ἤρ· καὶ πρόσκειται τοῖς ὁρίοις Μωάβ.
5161	ΑΡΙΘΜΟΙ 24:24	χειρῶς	No	No	No	χειρὸς	1.00	Yes	No	Yes	\vs{24}Καὶ ἐξελεύσεται ἐκ χειρῶς Κιτιαίων, καὶ κακώσουσιν Ἀσσοὺρ, καὶ κακώσουσιν Ἐβραίους, καὶ αὐτοὶ ὁμοθυμαδὸν ἀπολοῦνται.
5240	ΑΡΙΘΜΟΙ 26:42	Βαλί	Yes	No	No	βαλεϊ	1.00	Yes	No	Yes	\vs{42}Υἱοὶ Βενιαμὶν κατὰ δήμους αὐτῶν· τῷ Βαλὲ, δῆμος ὁ Βαλί· τῷ Ἀσυβὴρ, δῆμος ὁ Ἀσυβηρί· τῷ Ἰαχιρὰν, δῆμος ὁ Ἰαχιρανί.
5465	ΑΡΙΘΜΟΙ 31:50	ψέλλιον	No	No	No	ψέλιον	1.00	Yes	No	Yes	\vs{50}Καὶ προσενηνόχαμεν τὸ δῶρον Κυρίῳ, ἀνὴρ ὃ εὗρε σκεῦος χρυσοῦν καὶ χλιδῶνα καὶ ψέλλιον καὶ δακτύλιον καὶ περιδέξιον καὶ ἐμπλοκιον, ἐξιλάσασθαι περὶ ἡμῶν ἔναντι Κυρίου.
5513	ΑΡΙΘΜΟΙ 32:35	Σοφὰρ	Yes	No	No	σωφαρ	1.00	Yes	No	Yes	\vs{35}καὶ τὴν Σοφὰρ, καὶ τὴν Ἰαζὴρ, καὶ ὕψωσαν αὐτὰς,
5554	ΑΡΙΘΜΟΙ 33:30	Μασουρούθ	Yes	No	No	μασσουρουθ	1.00	Yes	No	Yes	\vs{30}Καὶ ἀπῇραν ἐκ Σελμωνᾶ, καὶ παρενέβαλον εἰς Μασουρούθ.
5555	ΑΡΙΘΜΟΙ 33:31	Μασουροὺθ	Yes	No	No	μασσουρουθ	1.00	Yes	No	Yes	\vs{31}Καὶ ἀπῇραν ἐκ Μασουροὺθ, καὶ παρενέβαλον εἰς Βαναία.
5639	ΑΡΙΘΜΟΙ 35:15	Φυγαδεῖον	Yes	No	No	φυγάδιον	1.00	Yes	No	Yes	\vs{15}Φυγαδεῖον ἔσται τοῖς υἱοῖς Ἰσραήλ, καὶ τῷ προσηλύτῳ, καὶ τῷ παροίκῳ τῷ ἐν ὑμῖν· ἔσονται αἱ πόλεις αὗται εἰς φυγαδευτήριον, φυγεῖν ἐκεῖ παντὶ πατάξαντι ψυχὴν ἀκουσίως.
5787	ΔΕΥΤΕΡΟΝΟΜΙΟΝ 3:1	Ἑδραΐμ	Yes	No	No	ἐδράειμ	1.00	Yes	No	Yes	Καὶ ἐπιστραφέντες, ἀνέβημεν ὁδὸν τὴν εἰς Βασάν· καὶ ἐξῆλθεν Ὤγ βασιλεὺς τῆς Βασὰν εἰς συνάντησιν ἡμῖν, αὐτὸς καὶ πᾶς ὁ λαὸς αὐτου εἰς πόλεμον εἰς Ἑδραΐμ.
5798	ΔΕΥΤΕΡΟΝΟΜΙΟΝ 3:10	Ἑδραῒμ	Yes	No	No	ἐδράειμ	1.00	Yes	No	Yes	\vs{10}Πᾶσαι πόλεις Μισὼρ, καὶ πᾶσα Γαλαάδ, καὶ πᾶσα Βασὰν ἕως Ἑλχᾶ καὶ Ἑδραῒμ, πόλεις βασιλείας τοῦ Ὢγ ἐν τῇ Βασάν·
6092	ΔΕΥΤΕΡΟΝΟΜΙΟΝ 11:14	πρώϊμον	No	No	No	πρόιμον	1.00	Yes	No	Yes	\vs{14}καὶ δώσει τὸν ὑετὸν τῇ γῇ σου καθʼ ὥραν πρώϊμον καὶ ὄψιμον, καὶ εἰσοίσεις τὸν σῖτόν σου, καὶ τὸν οἶνόν σου, καὶ τὸ ἔλαιόν σου,
6173	ΔΕΥΤΕΡΟΝΟΜΙΟΝ 13:18	δώσῃ	No	No	No	δώσει	1.00	Yes	No	Yes	\vs{18}Καὶ οὐ προσκολληθήσεται οὐδὲν ἀπὸ τοῦ ἀναθέματος ἐν τῇ χειρί σου, ἵνα ἀποστραφῇ Κύριος ἀπὸ θυμοῦ τῆς ὀργῆς αὐτοῦ, καὶ δώσῃ σοι ἔλεος, καὶ ἐλεήσῇ σε, καὶ πληθύνῃ σε, ὃν τρόπον ὤμοσε τοῖς πατράσι σου,
6216	ΔΕΥΤΕΡΟΝΟΜΙΟΝ 15:6	δανειῇ	No	No	No	δανιῇ	1.00	Yes	No	Yes	\vs{6}ὅτι Κύριος ὁ Θεός σου εὐλόγησέ σε ὃν τρόπον ἐλάλησέ σοι· καὶ δανειεῖς ἔθνεσι πολλοῖς, σὺ δὲ οὐ δανειῇ· καὶ ἄρξεις ἐθνῶν πολλῶν, σοῦ δὲ οὐκ ἄρξουσιν.
6218	ΔΕΥΤΕΡΟΝΟΜΙΟΝ 15:7	συσφίγξεις	No	No	No	συσφίγξῃς	1.00	Yes	No	Yes	\vs{7}Ἐὰν δὲ γένηται ἐν σοὶ ἐνδεὴς ἐκ τῶν ἀδελφῶν σου ἐν μιᾷ τῶν πόλεών σου ἐν τῇ γῇ, ᾗ Κύριος ὁ Θεός σου δίδωσί σοι, οὐκ ἀποστέρξεις τὴν καρδίαν σου, οὐδʼ οὐ μὴ συσφίγξεις τὴν χεῖρά σου ἀπὸ τοῦ ἀδελφοῦ σου τοῦ ἐπιδεομένου.
6231	ΔΕΥΤΕΡΟΝΟΜΙΟΝ 15:18	ἐπέτειον	No	No	No	ἐφέτιον	1.00	Yes	No	Yes	\vs{18}Οὐ σκληρὸν ἔσται ἐναντίον σου ἐξαποστελλομένων αὐτῶν ἐλευθέρων ἀπὸ σου, ὅτι ἐπέτειον μισθὸν τοῦ μισθωτοῦ ἐδούλευσέ σοι ἓξ ἔτη· καὶ εὐλογήσει σε Κύριος ὁ Θεός σου ἐν πᾶσιν οἷς ἐὰν ποιῇς.
6372	ΔΕΥΤΕΡΟΝΟΜΙΟΝ 20:19	κατάληψιν	No	No	No	κατάλημψιν	1.00	Yes	No	Yes	\vs{19}Ἐὰν δὲ περικαθίσῃς περὶ πόλιν μίαν ἡμέρας πλείους ἐκπολεμῆσαι αὐτὴν εἰς κατάληψιν αὐτῆς, οὐκ ἐξολεθρεύσεις τὰ δένδρα αὐτῆς, ἐπιβαλεῖν ἐπʼ αὐτὰ σίδηρον, ἀλλʼ ἢ ἀπʼ αὐτοῦ φαγῇ, αὐτὸ δὲ οὐκ ἐκκόψεις· μὴ ἄνθρωπος τὸ ξύλον τὸ ἐν τῷ ἀγρῷ, εἰσελθεῖν ἀπὸ προσώπου σου εἰς τὸν χάρακα;
6386	ΔΕΥΤΕΡΟΝΟΜΙΟΝ 21:10	προνομεύσῃς	No	No	No	προνομεύσεις	1.00	Yes	No	Yes	\vs{10}Ἐὰν δὲ ἐξελθὼν εἰς πόλεμον ἐπὶ τοὺς ἐχθρούς σου, καὶ παραδῷ σοι Κύριος ὁ Θεός σου εἰς τὰς χεῖράς σου, καὶ προνομεύσῃς τὴν προνομὴν αὐτῶν,
6388	ΔΕΥΤΕΡΟΝΟΜΙΟΝ 21:12	εἰσάξῃς	No	No	No	εἰσάξεις	1.00	Yes	No	Yes	\vs{12}καὶ εἰσάξῃς αὐτὴν ἔνδον εἰς τὴν οἰκίαν σου, καὶ ξυρήσεις τὴν κεφαλὴν αὐτῆς, καὶ περιονυχιεῖς αὐτὴν,
6451	ΔΕΥΤΕΡΟΝΟΜΙΟΝ 23:9	γεννηθῶσιν	No	No	No	γενηθῶσιν	1.00	Yes	No	Yes	\vs{9}Υἱοὶ ἐὰν γεννηθῶσιν αὐτοῖς, γενεᾷ τρίτῃ εἰσελεύσονται εἰς ἐκκλησίαν Κυρίου.
6472	ΔΕΥΤΕΡΟΝΟΜΙΟΝ 23:25	συλλέξῃς	No	No	No	συλλέξεις	1.00	Yes	No	Yes	\vs{25}Ἐὰν δὲ εἰσέλθῃς εἰς ἀμητὸν τοῦ πλησίον σου, καὶ συλλέξῃς ἐν ταῖς χερσί σου στάχυς, καὶ δρέπανον οὐ μὴ ἐπιβάλῃς ἐπʼ ἀμητὸν τοῦ πλησίον σου.
6477	ΔΕΥΤΕΡΟΝΟΜΙΟΝ 24:3	γράψῃ	No	No	No	γράψει	1.00	Yes	No	Yes	\vs{3}καὶ μισήσῃ αὐτὴν ὁ ἀνὴρ ὁ ἔσχατος, καὶ γράψῃ αὐτῇ βιβλίον ἀποστασίου, καὶ δώσει εἰς τὰς χεῖρας αὐτῆς, καὶ ἐξαποστελεῖ αὐτὴν ἐκ τῆς οἰκίας αὐτοῦ, καὶ ἀποθάνῃ ὁ ἀνὴρ ὁ ἔσχατος, ὃς ἔλαβεν αὐτὴν ἐαυτῷ γυναῖκα,
6549	ΔΕΥΤΕΡΟΝΟΜΙΟΝ 26:18	φυλάττειν	No	No	No	φυλάσσειν	1.00	Yes	No	Yes	\vs{18}Καὶ Κύριος εἵλατό σε σήμερον γενέσθαι σε αὐτῷ λαὸν περιούσιον, καθάπερ εἶπε, φυλάττειν τὰς ἐντολὰς αὐτοῦ,
6597	ΔΕΥΤΕΡΟΝΟΜΙΟΝ 28:12	δανειῇ	No	No	No	δανιῇ	1.00	Yes	No	Yes	\vs{12}Ἀνοίξαι σοι Κύριος τὸν θησαυρὸν αὐτοῦ τὸν ἀγαθὸν, τὸν οὐρανὸν, δοῦναι τὸν ὑετὸν τῇ γῇ σου ἐπὶ καιροῦ· εὐλογῆσαι πάντα τὰ ἔργα τῶν χειρῶν σου· καὶ δανειεῖς ἔθνεσι πολλοῖς, σὺ δὲ οὐ δανειῇ. καὶ ἄρξεις σὺ ἐθνῶν πολλῶν, σοῦ δὲ οὐκ ἄρξουσι.
6635	ΔΕΥΤΕΡΟΝΟΜΙΟΝ 28:44	δανειεῖ	No	No	No	δανιεῖ	1.00	Yes	No	Yes	\vs{44}Οὗτος δανειεῖ σοι, σὺ δὲ τούτῳ οὐ δανειεῖς· οὗτος ἔσται κεφαλὴ, σὺ δὲ ἔσῃ οὐρά.
6744	ΔΕΥΤΕΡΟΝΟΜΙΟΝ 31:14	ἐγγίκασιν	No	No	No	ἠγγίκασιν	1.00	Yes	No	Yes	\vs{14}Καὶ εἶπε Κύριος πρὸς Μωυσῆν, ἰδοὺ ἐγγίκασιν αἱ ἡμέραι τοῦ θανάτου σου· κάλεσον Ἰησοῦν, καὶ στῆτε παρὰ τὰς θύρας τῆς σκηνῆς τοῦ μαρτυρίου, καὶ ἐντελοῦμαι αὐτῷ· καὶ ἐπορεύθη Μωυσῆς καὶ Ἰησοῦς εἰς τὴν σκηνὴν τοῦ μαρτυρίου, καὶ ἔστησαν παρὰ τὰς θύρας τῆς σκηνῆς τοῦ μαρτυρίου.
6793	ΔΕΥΤΕΡΟΝΟΜΙΟΝ 32:23	συμπολεμήσω	No	No	No	συνπολεμήσω	1.00	Yes	No	Yes	\vs{23}Συνάξω εἰς αὐτοὺς κακὰ, καὶ τὰ βέλη μου συμπολεμήσω εἰς αὐτούς.
6887	ΙΗΣΟΥΣ ΝΑΥΗ 1:2	θεράπωνμου	No	No	No	θεράπων μου	1.00	Yes	No	Yes	\vs{2}Μωυσῆς ὁ θεράπωνμου τετελεύτηκε. νῦν οὖν ἀναστὰς, διάβηθι τὸν Ἰορδάνην σὺ καὶ πᾶς ὁ λαὸς οὗτος εἰς τὴν γῆν, ἣν ἐγὼ δίδωμι αὐτοῖς.
6891	ΙΗΣΟΥΣ ΝΑΥΗ 1:6	πατράσινν	No	No	No	πατράσιν	1.00	Yes	No	Yes	\vs{6}Ἴσχυε καὶ ἀνδρίζου· σὺ γὰρ ἀποδιεῖς τῷ λαῷ τούτῳ τὴν γῆν, ἣν ὤμοσα τοῖς πατράσινν ὑμῶν δοῦναι αὐτοῖς.
6912	ΙΗΣΟΥΣ ΝΑΥΗ 2:5	καταλήψεσθε	No	No	No	καταλήμψεσθε	1.00	Yes	No	Yes	\vs{5}ὡς δὲ ἡ πύλη ἐκλείετο ἐν τῷ σκότει, καὶ οἱ ἄνδρες ἐξῆλθον· οὐκ ἐπίσταμαι ποῦ πεπόρευνται· καταδιώξατε ὀπίσω αὐτῶν, εἰ καταλήψεσθε αὐτούς.
7061	ΙΗΣΟΥΣ ΝΑΥΗ 7:13	εἰσαύριον	No	No	No	εἰς αὔριον	1.00	Yes	No	Yes	\vs{13}Ἀναστὰς ἁγίασον τὸν λαὸν, καὶ εἶπον ἁγιασθῆναι εἰσαύριον· τάδε λέγει Κύριος ὁ Θεὸς Ἰσραὴλ, τὸ ἀνάθεμά ἐστιν ἐν ὑμῖν· οὐ δυνήσεσθε ἀντιστῆναι ἀπέναντι τῶν ἐχθρῶν ὑμῶν, ἕως ἂν ἐξάρητε τὸ ἀνάθεμα ἐξ ὑμῶν.
7212	ΙΗΣΟΥΣ ΝΑΥΗ 10:42	εἰσάπαξ	No	No	No	εἰς ἅπαξ	1.00	Yes	No	Yes	\vs{42}Καὶ πάντας τοὺς βασιλεῖς αὐτῶν, καὶ τὴν γῆν αὐτῶν ἐπάταξεν Ἰησοῦς εἰσάπαξ· ὅτι Κύριος ὁ Θεὸς Ἰσραὴλ συνεπολέμει τῷ Ἰσραήλ.
7250	ΙΗΣΟΥΣ ΝΑΥΗ 12:5	Γεργεσὶ	Yes	No	No	γεργεσεὶ	1.00	Yes	No	Yes	\vs{5}ἄρχων ἀπὸ ὄρους Ἀερμὼν καὶ ἀπὸ Σεκχαὶ, καὶ πᾶσαν τὴν Βασὰν ἕως ὁρίων Γεργεσὶ, καὶ τὴν Μαχὶ, καὶ τὸ ἥμισυ Γαλαδ ὁρίων Σηὼν βασιλέως Ἐσεβών.
7250	ΙΗΣΟΥΣ ΝΑΥΗ 12:5	Μαχὶ	Yes	No	No	μαχεὶ	1.00	Yes	No	Yes	\vs{5}ἄρχων ἀπὸ ὄρους Ἀερμὼν καὶ ἀπὸ Σεκχαὶ, καὶ πᾶσαν τὴν Βασὰν ἕως ὁρίων Γεργεσὶ, καὶ τὴν Μαχὶ, καὶ τὸ ἥμισυ Γαλαδ ὁρίων Σηὼν βασιλέως Ἐσεβών.
7270	ΙΗΣΟΥΣ ΝΑΥΗ 12:23	Γεῒ	Yes	No	No	γεεὶ	1.00	Yes	No	Yes	\vs{23}βασιλέα Ὀδολλὰμ τοῦ Φεννεαδὼρ, βασιλέα Γεῒ τῆς Γαλιλαίας,
7306	ΙΗΣΟΥΣ ΝΑΥΗ 13:27	Ὀθαργαῒ	Yes	No	No	ὀθαργαεὶ	1.00	Yes	No	Yes	\vs{27}καὶ Ἐναδὼμ καὶ Ὀθαργαῒ καὶ Βαινθαναβρὰ καὶ Σοκχωθὰ καὶ Σαφὰν καὶ τὴν λοιπὴν βασιλείαν Σηὼν βασιλέως Ἐσεβών· καὶ ὁ Ἰορδάνης ὁριεῖ ἕως μέρους τῆς θαλάσσης Χενερὲθ πέραν τοῦ Ἰορδάνου ἀπʼ ἀνατολῶν.
7321	ΙΗΣΟΥΣ ΝΑΥΗ 14:6	Ἰεφονὴ	Yes	No	No	ιεφοννη	1.00	Yes	No	Yes	\vs{6}Καὶ προσήλθοσαν οἱ υἱοῖ Ἰούδα πρὸς Ἰησοῦν ἐν Γαλγάλ· καὶ εἶπε πρὸς αὐτὸν Χάλεβ ὁ τοῦ Ἰεφονὴ ὁ Κενεζαῖος, σὺ ἐπίστῃ τὸ ῥῆμα, ὃ ἐλάλησε Κύριος πρὸς Μωυσῆν ἄνθρωπον τοῦ Θεοῦ περὶ ἐμοῦ καὶ σοῦ ἐν Κάδης Βαρνῆ.
7329	ΙΗΣΟΥΣ ΝΑΥΗ 14:13	Ἰεφονῆ	Yes	No	No	ιεφοννη	1.00	Yes	No	Yes	\vs{13}Καὶ εὐλόγησεν αὐτὸν Ἰησοῦς, καὶ ἔδωκε Χεβρὼν τῷ Χάλεβ υἱῷ Ἰεφονῆ υἱῷ Κενὲζ ἐν κλήρῳ.
7330	ΙΗΣΟΥΣ ΝΑΥΗ 14:14	Ἰεφονῆ	Yes	No	No	ιεφοννη	1.00	Yes	No	Yes	\vs{14}Διὰ τοῦτο ἐγενήθη ἡ Χεβρὼν τῷ Χάλεβ τῷ τοῦ Ἰεφονῆ τοῦ Κενεζαίου ἐν κλήρῳ ἕως τῆς ἡμέρας ταύτης, διὰ τὸ αὐτὸν ἐπακολουθῆσαι τῷ προστάγματι Κυρίου Θεοῦ Ἰσραήλ.
7337	ΙΗΣΟΥΣ ΝΑΥΗ 15:3	Σενὰ	Yes	No	No	σεννα	1.00	Yes	No	Yes	\vs{3}Καὶ διαπορεύεται ἀπέναντι τῆς προσαναβάσεως Ἀκραβίν· καὶ ἐκπεριπορεύεται Σενὰ, καὶ ἀναβαίνει ἀπὸ Λιβὸς ἐπὶ Κάδης Βαρνῆ· καὶ ἐκπορεύεται Ἀσωρὼν, καὶ προσαναβαίνει εἰς Σάραδα· καὶ ἐκπορεύεται τὴν κατὰ δυσμὰς Κάδης,
7349	ΙΗΣΟΥΣ ΝΑΥΗ 15:13	Ἰεφονῆ	Yes	No	No	ιεφοννη	1.00	Yes	No	Yes	\vs{13}Καὶ τῷ Χάλεβ υἱῷ Ἰεφονῆ ἔδωκε μερίδα ἐν μέσῳ υἱῶν Ἰούδα διὰ προστάγματος τοῦ Θεοῦ· καὶ ἔδωκεν αὐτῷ Ἰησοῦς τὴν πόλιν Ἀρβὸκ μητρόπολιν Ἐνάκ· αὕτη ἐστὶ Χεβρών.
7350	ΙΗΣΟΥΣ ΝΑΥΗ 15:14	Ἰεφονὴ	Yes	No	No	ιεφοννη	1.00	Yes	No	Yes	\vs{14}Καὶ ἐξωλόθρευσεν ἐκεῖθεν Χάλεβ υἱὸς Ἰεφονὴ τοὺς τρεῖς υἱοὺς Ἐνὰκ, τὸν Σουσὶ καὶ Θολαμὶ καὶ τὸν Ἀχιμᾶ.
7413	ΙΗΣΟΥΣ ΝΑΥΗ 16:5	Ἐρὼκ	Yes	No	No	εροκ	1.00	Yes	No	Yes	\vs{5}Καὶ ἐγενήθη ὅρια υἱῶν Ἐφραῒμ κατὰ δήμους αὐτῶν· καὶ ἐγενήθη τὰ ὅρια τῆς κληρονομίας αὐτῶν ἀπʼ ἀνατολῶν Ἀταρὼθ, καὶ Ἐρὼκ ἕως Βαιθωρὼν τὴν ἄνω, καὶ Γαζαρά.
7423	ΙΗΣΟΥΣ ΝΑΥΗ 17:2	Ἰεζὶ	Yes	No	No	ἰέζει	1.00	Yes	No	Yes	\vs{2}Καὶ ἐγενήθη τοῖς υἱοῖς Μανασσῆ τοῖς λοιποῖς κατὰ δήμους αὐτῶν· τοῖς υἱοῖς Ἰεζὶ, καὶ τοῖς υἱοῖς Κελὲζ, καὶ τοῖς υἱοῖς Ἰεζιὴλ, καὶ τοῖς υἱοῖς Συχὲμ, καὶ τοῖς υἱοῖς Συμαρὶμ, καὶ τοῖς υἱοῖς Ὀφέρ· οὗτοι ἄρσενες κατὰ δήμους αὐτῶν.
7450	ΙΗΣΟΥΣ ΝΑΥΗ 18:4	διέλθοσαν	No	No	No	διήλθοσαν	1.00	Yes	No	Yes	\vs{4}Δότε ἐξ ὑμῶν ἄνδρας τρεῖς ἐκ φυλῆς, καὶ ἀναστάντες διελθέτωσαν τὴν γῆν, καὶ διαγραψάτωσαν αὐτὴν ἐναντίον μου, καθὰ δεήσει διελεῖν αὐτήν. Καὶ διέλθοσαν πρὸς αὐτόν·
7461	ΙΗΣΟΥΣ ΝΑΥΗ 18:12	Μαβδαρίτις	Yes	No	No	μαβδαρεῖτις	1.00	Yes	No	Yes	\vs{12}Καὶ ἐγενήθη αὐτῶν τὰ ὅρια ἀπὸ Βοῤῥᾶ· ἀπὸ τοῦ Ἱορδάνου προσαναβήσεται τὰ ὅρια κατὰ νὼτου Ἱεριχὼ ἀπὸ Βοῤῥᾶ, καὶ ἀναβήσεται ἐπὶ τὸ ὄρος ἐπὶ τὴν θάλασσαν, καὶ ἔσται αὐτοῦ ἡ διέξοδος ἡ Μαβδαρίτις Βαιθών.
7481	ΙΗΣΟΥΣ ΝΑΥΗ 18:28	Ἰηβοῦς	Yes	No	No	ιεβους	1.00	Yes	No	Yes	\vs{28}καὶ Ἰηβοῦς· αὕτη ἐστὶν Ἱερουσαλήμ· καὶ Γαβαὼθ, Ἰαρὶμ, πόλεις δεκατρεῖς, καὶ αἱ κῶμαι αὐτῶν· αὕτη ἡ κληρονομία υἱῶν Βενιαμὶν κατὰ δήμους αὐτῶν.
7511	ΙΗΣΟΥΣ ΝΑΥΗ 19:25	Ἐξελεκὲθ	Yes	No	No	ἐξ ελεκεθ	1.00	Yes	No	Yes	\vs{25}Καὶ ἐγενήθη τὰ ὅρια αὐτῶν Ἐξελεκὲθ, καὶ Ἀλὲφ, καὶ Βαιθὸκ, καὶ Κεὰφ,
7513	ΙΗΣΟΥΣ ΝΑΥΗ 19:27	Ἐκγαῖ	Yes	No	No	ἐκ γαι	1.00	Yes	No	Yes	\vs{27}Καὶ ἐπιστρέψει ἀπὸ ἀνατολῶν ἡλίου καὶ Βαιθεγενὲθ, καὶ συνάψει τῷ Ζαβουλὼν καὶ Ἐκγαῖ, καὶ Φθαιὴλ κατὰ Βοῤῥᾶν, καὶ εἰσελεύσεται ὅρια Σαφθαιβαιθμὲ, καὶ Ἰναὴλ, καὶ διελεύσεται εἰς Χωβαμασομὲλ,
7515	ΙΗΣΟΥΣ ΝΑΥΗ 19:29	Ἀπολὲβ	Yes	No	No	ἀπὸ λεβ	1.00	Yes	No	Yes	\vs{29}Καὶ ἀναστρέψει τὰ ὅρια εἰς Ῥαμὰ, καὶ ἕως πηγῆς Μασφασσὰτ, καὶ τῶν Τυρίων· καὶ ἀναστρέψει τὰ ὅρια ἐπὶ Ἰασὶφ, καὶ ἔσται ἡ διέξοδος αὐτοῦ ἡ θάλασσα, καὶ Ἀπολὲβ, καὶ Ἐχοζὸβ,
7516	ΙΗΣΟΥΣ ΝΑΥΗ 19:30	Ἀρχὸβ	Yes	No	No	αρχωβ	1.00	Yes	No	Yes	\vs{30}καὶ Ἀρχὸβ, καὶ Ἀφὲκ, καὶ Ῥααύ.
7520	ΙΗΣΟΥΣ ΝΑΥΗ 19:33	Ναβὸκ	Yes	No	No	ναβωκ	1.00	Yes	No	Yes	\vs{33}Καὶ ἐγενήθη τὰ ὅρια αὐτῶν Μοολὰμ, καὶ Μωλὰ, καὶ Βεσεμιῒν, καὶ Ἀρμὲ, καὶ Ναβὸκ, καὶ Ἰεφθαμαὶ, ἕως Δωδάμ· καὶ ἐγενήθησαν αἱ διέξοδοι αὐτοῦ Ἰορδάνης.
7523	ΙΗΣΟΥΣ ΝΑΥΗ 19:35	Ὠμαθαδακὲθ	Yes	No	No	ωμαθα δακεθ	1.00	Yes	No	Yes	\vs{35}Καὶ αἱ πόλεις τειχήρεις τῶν Τυρίων, Τυρὸς, καὶ Ὠμαθαδακὲθ, καὶ Κενερέθ,
7526	ΙΗΣΟΥΣ ΝΑΥΗ 19:38	Μεγαλααρὶμ	Yes	No	No	μεγαλα αριμ	1.00	Yes	No	Yes	\vs{38}καὶ Κερωὲ, καὶ Μεγαλααρὶμ, καὶ Βαιθθαμὲ, καὶ Θεσσαμύς.
7532	ΙΗΣΟΥΣ ΝΑΥΗ 19:43	Ἐλὼν	Yes	No	No	αιλων	1.00	Yes	No	Yes	\vs{43}καὶ Ἐλὼν, καὶ Θαμναθὰ, καὶ Ἀκκαρὼν,
7604	ΙΗΣΟΥΣ ΝΑΥΗ 21:36	Μισὼ	Yes	No	No	μεισὼ	1.00	Yes	No	Yes	\vs{36}Καὶ πέραν τοῦ Ἰορδάνου τοῦ κατὰ Ἰεριχὼ ἐκ τῆς φυλῆς Ῥουβὴν, τὴν πόλιν τὸ φυγαδευτήριον τοῦ φονεύσαντος, τὴν Βοσὸρ ἐν τῇ ἐρήμῳ· τὴν Μισὼ, καὶ τὰ περισπόρια αὐτῆς· καὶ τὴν Ἰαζὴρ, καὶ τὰ περισπόρια αὐτῆς·
7775	ΚΡΙΤΑΙ 1:26	Χεττίν	Yes	No	No	χεττείν	1.00	Yes	No	Yes	\vs{26}Καὶ ἐπορεύθη ὁ ἀνὴρ εἰς γῆν Χεττίν· καὶ ᾠκοδόμησεν ἐκεῖ πόλιν, καὶ ἐκάλεσε τὸ ὄνομα αὐτῆς Λουζά· τοῦτο ὄνομα αὐτῆς ἕως τῆς ἡμέρας ταύτης.
7864	ΚΡΙΤΑΙ 4:3	κατακράτος	No	No	No	κατὰ κράτος	1.00	Yes	No	Yes	\vs{3}Καὶ ἐκέκραξαν οἱ υἱοὶ Ἰσραὴλ πρὸς Κύριον, ὅτι ἐννακόσια ἅρματα σιδηρᾶ ἦν αὐτῷ· καὶ αὐτὸς ἔθλιψε τὸν Ἰσραὴλ κατακράτος εἴκοσι ἔτη.
7972	ΚΡΙΤΑΙ 6:28	ὠλόθρευτο	No	No	No	ὠλέθρευτο	1.00	Yes	No	Yes	\vs{28}Καὶ ὤρθρισαν οἱ ἄνδρες τῆς πόλεως τοπρωΐ· καὶ ἰδοὺ καθῄρητο τὸ θυσιαστήριον τοῦ Βάαλ, καὶ τὸ ἄλσος τὸ ἐπʼ αὐτῷ ὠλόθρευτο· καὶ εἶδον τὸν μόσχον τὸν δεύτερον, ὃν ἀνήνεγκεν ἐπὶ τὸ θυσιαστήριον τὸ ᾠκοδομημένον.
7978	ΚΡΙΤΑΙ 6:33	τοαυτὸ	No	No	No	τὸ αὐτὸ	1.00	Yes	No	Yes	\vs{33}Καὶ πᾶσα Μαδιὰμ, καὶ Ἀμαλὴκ, καὶ υἱοὶ ἀνατολῶν συνήχθησαν ἐπὶ τοαυτὸ, καὶ παρενέβαλον ἐν τῇ κοιλάδι Ἰεζραέλ.
8153	ΚΡΙΤΑΙ 10:12	Ἀμαλὲκ	Yes	No	No	αμαληκ	1.00	Yes	No	Yes	\vs{12}καὶ Σιδωνίων, καὶ Ἀμαλὲκ, καὶ Μαδιὰμ, οἳ ἔθλιψαν ὑμᾶς; καὶ ἐβοήσατε πρὸς μὲ, καὶ ἔσωσα ὑμᾶς ἐκ χειρὸς αὐτῶν;
8170	ΚΡΙΤΑΙ 11:6	παραταξόμεθα	No	No	No	παραταξώμεθα	1.00	Yes	No	Yes	\vs{6}καὶ εἶπαν τῷ Ἰεφθάε, δεῦρο καὶ ἔσῃ ἡμῖν εἰς ἀρχηγὸν, καὶ παραταξόμεθα πρὸς υἱοὺς Ἀμμών.
8225	ΚΡΙΤΑΙ 12:8	Ἀβαισσὰν	Yes	No	No	αβαισαν	1.00	Yes	No	Yes	\vs{8}Καὶ ἔκρινε μετʼ αὐτὸν τὸν Ἰσραὴλ Ἀβαισσὰν ἀπὸ Βηθλεέμ.
8227	ΚΡΙΤΑΙ 12:10	Ἀβαισσὰν	Yes	No	No	αβαισαν	1.00	Yes	No	Yes	\vs{10}Καὶ ἀπέθανεν Ἀβαισσὰν, καὶ ἐτάφη ἐν Βηθλεέμ.
8314	ΚΡΙΤΑΙ 15:13	παραδώσωμέν	No	No	No	παραδώσομέν	1.00	Yes	No	Yes	\vs{13}Καὶ εἶπον αὐτῷ, λέγοντες, οὐχὶ, ὅτι ἀλλʼ ἢ δεσμῷ δήσομέν σε, καὶ παραδώσωμέν σε ἐν χειρὶ αὐτῶν, καὶ θανάτῳ οὐ θανατώσωμέν σε· καὶ ἔδησαν αὐτὸν ἐν δυσὶ καλωδίοις καινοῖς, καὶ ἀνήνεγκαν αὐτὸν ἀπὸ τῆς πέτρας ἐκείνης.
8314	ΚΡΙΤΑΙ 15:13	θανατώσωμέν	No	No	No	θανατώσομέν	1.00	Yes	No	Yes	\vs{13}Καὶ εἶπον αὐτῷ, λέγοντες, οὐχὶ, ὅτι ἀλλʼ ἢ δεσμῷ δήσομέν σε, καὶ παραδώσωμέν σε ἐν χειρὶ αὐτῶν, καὶ θανάτῳ οὐ θανατώσωμέν σε· καὶ ἔδησαν αὐτὸν ἐν δυσὶ καλωδίοις καινοῖς, καὶ ἀνήνεγκαν αὐτὸν ἀπὸ τῆς πέτρας ἐκείνης.
8828	ΒΑΣΙΛΕΙΩΝ Α 4:21	Οὐαιβαρχαβώθ	Yes	No	No	οὐαὶ βαρχαβωθ	1.00	Yes	No	Yes	\vs{21}Καὶ ἐκάλεσε τὸ παιδάριον Οὐαιβαρχαβώθ ὑπὲρ τῆς κιβωτοῦ τοῦ Θεοῦ, καὶ ὑπὲρ τοῦ πενθεροῦ αὐτῆς, καὶ ὑπὲρ τοῦ ἀνδρὸς αὐτῆς.
8829	ΒΑΣΙΛΕΙΩΝ Α 4:22	ληφθῆναι	No	No	No	λημφθῆναι	1.00	Yes	No	Yes	\vs{22}Καὶ εἶπαν, ἀπῴκισται δόξα Ἰσραὴλ ἐν τῷ ληφθῆναι τὴν κιβωτὸν Κυρίου.
9131	ΒΑΣΙΛΕΙΩΝ Α 14:36	ὑπολείπωμεν	No	No	No	ὑπολίπωμεν	1.00	Yes	No	Yes	\vs{36}Καὶ εἶπε Σαούλ, καταβῶμεν ὀπίσω τῶν ἀλλοφύλων τὴν νύκτα, καὶ διαρπάσωμεν ἐν αὐτοῖς ἕως διαφαύσῃ ἡμέρα, καὶ μὴ ὑπολείπωμεν ἐν αὐτοῖς ἄνδρα· καὶ εἶπαν, πᾶν τὸ ἀγαθὸν ἐνώπιόν σου ποίει· καὶ εἶπεν ὁ ἱερεὺς, προσελθωμεν ἐνταῦθα πρὸς τὸν Θεόν.
9140	ΒΑΣΙΛΕΙΩΝ Α 14:42	βάλλετε	No	No	No	βάλετε	1.00	Yes	No	Yes	\vs{42}Καὶ εἶπε Σαοὺλ, βάλλετε ἀναμέσον ἐμοῦ καὶ ἀναμέσον Ἰωνάθαν τοῦ υἱοῦ μου· ὃν ἂν κατακληρώσηται Κύριος, ἀποθανέτω· καὶ εἶπεν ὁ λαὸς πρὸς Σαοὺλ, οὐκ ἔστι τὸ ῥῆμα τοῦτο· καὶ κατεκράτησε Σαοὺλ τοῦ λαοῦ, καὶ βάλλουσιν ἀναμέσον αὐτοῦ καὶ ἀναμέσον Ἰωνάθαν τοῦ υἱοῦ αὐτοῦ, καὶ κατακληροῦται Ἰωνάθαν.
9180	ΒΑΣΙΛΕΙΩΝ Α 15:21	ἐξολοθρεύματος	No	No	No	ἐξολεθρεύματος	1.00	Yes	No	Yes	\vs{21}Καὶ ἔλαβεν ὁ λαὸς τῶν σκύλων ποίμνια καὶ βουκόλια τὰ πρῶτα τοῦ ἐξολοθρεύματος, θύσαι ἐνώπιον Κυρίου Θεοῦ ἡμῶν ἐν Γαλγάλοις.
9399	ΒΑΣΙΛΕΙΩΝ Α 21:15	ἐπίληπτον	No	No	No	ἐπίλημπτον	1.00	Yes	No	Yes	\vs{15}Καὶ εἶπεν Ἀγχοῦς πρὸς τοὺς παῖδας αὐτοῦ, ἰδοὺ ἴδετε ἄνδρα ἐπίληπτον, ἱνατί εἰσηγάγετε αὐτὸν πρὸς μέ;
9400	ΒΑΣΙΛΕΙΩΝ Α 21:16	ἐπιλήπτων	No	No	No	ἐπιλήμπτων	1.00	Yes	No	Yes	\vs{16}Μὴ ἐλαττοῦμαι ἐπιλήπτων ἐγὼ, ὅτι εἰσαγηόχατε αὐτὸν ἐπιληπτεύεσθαι πρὸς μέ; οὗτος οὐκ εἰσελεύσεται εἰς οἰκίαν.
9400	ΒΑΣΙΛΕΙΩΝ Α 21:16	εἰσαγηόχατε	No	No	No	εἰσαγειόχατε	1.00	Yes	No	Yes	\vs{16}Μὴ ἐλαττοῦμαι ἐπιλήπτων ἐγὼ, ὅτι εἰσαγηόχατε αὐτὸν ἐπιληπτεύεσθαι πρὸς μέ; οὗτος οὐκ εἰσελεύσεται εἰς οἰκίαν.
9400	ΒΑΣΙΛΕΙΩΝ Α 21:16	ἐπιληπτεύεσθαι	No	No	No	ἐπιλημπτεύεσθαι	1.00	Yes	No	Yes	\vs{16}Μὴ ἐλαττοῦμαι ἐπιλήπτων ἐγὼ, ὅτι εἰσαγηόχατε αὐτὸν ἐπιληπτεύεσθαι πρὸς μέ; οὗτος οὐκ εἰσελεύσεται εἰς οἰκίαν.
9408	ΒΑΣΙΛΕΙΩΝ Α 22:5	Σαρίκ	Yes	No	No	σαρείκ	1.00	Yes	No	Yes	\vs{5}Καὶ εἶπε Γὰδ ὁ προφήτης πρὸς Δαυὶδ, μὴ κάθου ἐν τῇ περιοχῇ· πορεύου, καὶ ἥξεις εἰς γῆν Ἰούδα· καὶ ἐπορεύθη Δαυὶδ, καὶ ἦλθε καὶ ἐκάθισεν ἐν πόλει Σαρίκ.
9554	ΒΑΣΙΛΕΙΩΝ Α 25:44	Ἀμὶς	Yes	No	No	ἀμεὶς	1.00	Yes	No	Yes	\vs{44}Καὶ Σαοὺλ ἔδωκε Μελχὸλ τὴν θυγατέρα αὐτοῦ τὴν γυναῖκα Δαυὶδ τῷ Φαλτὶ υἱῷ Ἀμὶς τῷ ἐκ Ῥομμᾶ.
9569	ΒΑΣΙΛΕΙΩΝ Α 26:11	προσκεφαλῆς	No	No	No	πρὸς κεφαλῆς	1.00	Yes	No	Yes	\vs{11}Μηδαμῶς μοι παρὰ Κυρίου ἐπενεγκεῖν χεῖρά μου ἐπὶ χριστὸν Κυρίου· καὶ νῦν λάβε δὴ τὸ δόρυ ἀπὸ προσκεφαλῆς αὐτοῦ, καὶ τὸν φακὸν τοῦ ὕδατος, καὶ ἀπέλθωμεν ἡμεῖς καθʼ ἑαυτούς.
9570	ΒΑΣΙΛΕΙΩΝ Α 26:12	προσκεφαλῆς	No	No	No	πρὸς κεφαλῆς	1.00	Yes	No	Yes	\vs{12}Καὶ ἔλαβε Δαυὶδ τὸ δόρυ, καὶ τὸν φακὸν τοῦ ὕδατος ἀπὸ προσκεφαλῆς αὐτοῦ, καὶ ἀπῆλθον καθʼ ἑαυτούς· καὶ οὐκ ἦν ὁ βλέπων, καὶ οὐκ ἦν ὁ γινώσκων, καὶ οὐκ ἦν ὁ ἐξεγειρόμενος, πάντες ὑπνοῦντες, ὅτι θάμβος Κυρίου ἐπέπεσεν ἐπʼ αὐτούς.
9690	ΒΑΣΙΛΕΙΩΝ Α 30:28a	Θημὰθ	Yes	No	No	θιμαθ	1.00	Yes	No	Yes	\vs{28a}καὶ τοὶς ἐν Γὲθ, καὶ τοῖς ἐν Κιμὰθ, καὶ τοῖς ἐν Σαφὲκ, καὶ τοῖς ἐν Θημὰθ,
9692	ΒΑΣΙΛΕΙΩΝ Α 30:30	Βηρσαβεὶ	Yes	No	No	βηρσαβεε	1.00	Yes	No	Yes	\vs{30}καὶ τοῖς ἐν Ἱεριμοὺθ, καὶ τοῖς ἐν Βηρσαβεὶ, καὶ τοῖς ἐν Νομβὲ,
9730	ΒΑΣΙΛΕΙΩΝ Β 1:10	χλιδόνα	No	No	No	χλιδῶνα	1.00	Yes	No	Yes	\vs{10}Καὶ ἐπέστην ἐπʼ αὐτὸν καὶ ἐθανάτωσα αὐτὸν, ὅτι ᾔδειν ὅτι οὐ ζήσεται μετὰ τὸ πεσεῖν αὐτόν· καὶ ἔλαβον τὸ βασίλειον τὸ ἐπὶ τὴν κεφαλὴν αὐτοῦ, καὶ τὸν χλιδόνα τὸν ἐπὶ τοῦ βραχίονος αὐτοῦ, καὶ ἐνήνοχα αὐτὰ τῷ κυρίῳ μου ὧδε.
9799	ΒΑΣΙΛΕΙΩΝ Β 3:3	Γεσσὶρ	Yes	No	No	γεσιρ	1.00	Yes	No	Yes	\vs{3}Καὶ ὁ δεύτερος αὐτοῦ Δαλουΐα τῆς Ἀβιγαίας τῆς Καρμηλίας, καὶ ὁ τρίος, Ἀβεσσαλὼμ υἱὸς Μααχὰ θυγατρὸς Θολμὶ βασιλέως Γεσσὶρ,
9831	ΒΑΣΙΛΕΙΩΝ Β 3:29	ἐκλείποι	No	No	No	ἐκλίποι	1.00	Yes	No	Yes	\vs{29}Καταντησάτωσαν ἐπὶ κεφαλὴν Ἰωὰβ καὶ ἐπὶ πάντα τὸν οἶκον τοῦ πατρὸς αὐτοῦ, καὶ μὴ ἐκλείποι ἐκ τοῦ οἴκου Ἰωὰβ γονοῤῥυὴς, καὶ λεπρὸς, καὶ κρατῶν σκυτάλης, καὶ πίπτων ἐν ῥομφαίᾳ, καὶ ἐλασσούμενος ἄρτοις.
10109	ΒΑΣΙΛΕΙΩΝ Β 12:31	πλινθίου	No	No	No	πλινθείου	1.00	Yes	No	Yes	\vs{31}Καὶ τὸν λαὸν τὸν ὄντα ἐν αὐτῇ ἐξήγαγε, καὶ ἔθηκεν ἐν τῷ πρίονι, καὶ ἐν τοῖς τριβόλοις τοῖς σιδηροῖς, καὶ ὑποτομεῦσι σιδηροῖς, καὶ διήγαγεν αὐτοὺς διὰ τοῦ πλινθίου· καὶ οὕτως ἐποίησε πάσαις ταῖς πόλεσιν υἱῶν Ἀμμών· καὶ ἐπέστρεψε Δαυὶδ καὶ πᾶς ὁ λαὸς εἰς Ἰερουσαλήμ.
10221	ΒΑΣΙΛΕΙΩΝ Β 15:13	ἀπαγγέλων	No	No	No	ἀπαγγέλλων	1.00	Yes	No	Yes	\vs{13}Καὶ παρεγένετο ἀπαγγέλων πρὸς Δαυὶδ, λέγων, ἐγενήθη ἡ καρδία ἀνδρῶν Ἰσραὴλ ὀπίσω Ἀβεσσαλώμ.
10247	ΒΑΣΙΛΕΙΩΝ Β 15:32	ἀρχιεταῖρος	No	No	No	αρχι ἑταῖρος	1.00	Yes	No	Yes	\vs{32}Καὶ ἦν Δαυὶδ ἐρχόμενος ἕως τοῦ Ῥὼς, οὗ προσεκύνησεν ἐκεῖ τῷ Θεῷ· καὶ ἰδοὺ εἰς ἀπαντὴν αὐτῷ Χουσὶ ὁ ἀρχιεταῖρος Δαυίδ διεῤῥηχὼς τὸν χιτῶνα αὐτοῦ, καὶ γῆ ἐπὶ τῆς κεφαλῆς αὐτοῦ.
10274	ΒΑΣΙΛΕΙΩΝ Β 16:16	ἀρχιεταῖρος	No	No	No	αρχι ἑταῖρος	1.00	Yes	No	Yes	\vs{16}Καὶ ἐγενήθη ἡνίκα ἦλθε Χουσὶ ὁ ἀρχιεταῖρος Δαυὶδ πρὸς Ἀβεσσαλὼμ, καὶ εἶπε Χουσὶ πρὸς Ἀβεσσαλὼμ, ζήτω ὁ βασιλεύς.
10366	ΒΑΣΙΛΕΙΩΝ Β 19:1	Ἀβεσαλώμ	Yes	No	No	αβεσσαλωμ	1.00	Yes	No	Yes	\ch{19}Καὶ ἐταράχθη ὁ βασιλεὺς, καὶ ἀνέβη εἰς τὸ ὑπερῷον τῆς πύλης, καὶ ἔκλαυσε· καὶ οὕτως εἶπεν ἐν τῷ πορεύεσθαι αὐτὸν, υἱέ μου Ἀβεσσαλὼμ, υἱέ μου, υἱέ μου Ἀβεσαλώμ· τίς δῴη τὸν θάνατόν μου ἀντὶ σοῦ; ἐγὼ ἀντὶ σοῦ Ἀβεσσαλὼμ, υἱέ μου, υἱέ μου.
10393	ΒΑΣΙΛΕΙΩΝ Β 19:22	Ἀβεσσαὲ	Yes	No	No	αβεσσα	1.00	Yes	No	Yes	\vs{22}Καὶ ἀπεκρίθη Ἀβεσσαὲ υἱὸς Σαρουίας, καὶ εἶπε, μὴ ἀντὶ τούτου οὐ θανατωθήσεται Σεμεῒ, ὅτι κατηράσατο τὸν χριστὸν Κυρίου;
10470	ΒΑΣΙΛΕΙΩΝ Β 21:8	Ἐρμωνοῒ	Yes	No	No	ἐρμωνοεὶ	1.00	Yes	No	Yes	\vs{8}Καὶ ἔλαβεν ὁ βασιλεὺς τοὺς δύο υἱοὺς Ῥεσφὰ θυγατρὸς Ἁϊᾶ, οὓς ἔτεκε τῷ Σαοὺλ, τὸν Ἐρμωνοῒ καὶ τὸν Μεμφιβοσθὲ, καὶ τοὺς πέντε υἱοὺς τῆς Μιχὸλ θυγατρὸς Σαοὺλ, οὓς ἔτεκε τῷ Ἐσδριὴλ υἱῷ Βερζελλὶ τῷ Μωουλαθί·
10470	ΒΑΣΙΛΕΙΩΝ Β 21:8	Μωουλαθί	Yes	No	No	μοουλαθι	1.00	Yes	No	Yes	\vs{8}Καὶ ἔλαβεν ὁ βασιλεὺς τοὺς δύο υἱοὺς Ῥεσφὰ θυγατρὸς Ἁϊᾶ, οὓς ἔτεκε τῷ Σαοὺλ, τὸν Ἐρμωνοῒ καὶ τὸν Μεμφιβοσθὲ, καὶ τοὺς πέντε υἱοὺς τῆς Μιχὸλ θυγατρὸς Σαοὺλ, οὓς ἔτεκε τῷ Ἐσδριὴλ υἱῷ Βερζελλὶ τῷ Μωουλαθί·
10562	ΒΑΣΙΛΕΙΩΝ Β 23:6	ληφθήσονται	No	No	No	λημφθήσονται	1.00	Yes	No	Yes	\vs{6}Ὥσπερ ἄκανθα ἐξωσμένη πάντες οὗτοι, ὅτι οὐ χειρὶ ληφθήσονται,
10565	ΒΑΣΙΛΕΙΩΝ Β 23:8	εἰσάπαξ	No	No	No	εἰς ἅπαξ	1.00	Yes	No	Yes	\vs{8}Ταῦτα τὰ ὀνόματα τῶν δυνατῶν Δαυίδ· Ἰεβοσθὲ ὁ Χαναναῖος ἄρχων τοῦ τρίτου ἐστίν· Ἀδινὼν ὁ Ἀσωναῖος, οὗτος ἐσπάσατο τὴν ῥομφαίαν αὐτοῦ ἐπὶ ὀκτακοσίους στρατιώτας εἰσάπαξ.
10573	ΒΑΣΙΛΕΙΩΝ Β 23:14	ὑπόστεμα	No	No	No	ὑπόστημα	1.00	Yes	No	Yes	\vs{14}Καὶ Δαυὶδ τότε ἐν τῇ περιοχῇ, καὶ τὸ ὑπόστεμα τῶν ἀλλοφύλων τότε ἐν Βηθλεέμ.
10589	ΒΑΣΙΛΕΙΩΝ Β 23:26	Κελωθί	Yes	No	No	κελωθεί	1.00	Yes	No	Yes	\vs{26}Σελλὴς ὁ Κελωθί· Ἴρας υἱὸς Ἴσκα ὁ Θεκωΐτης·
10589	ΒΑΣΙΛΕΙΩΝ Β 23:26	Ἴσκα	Yes	No	No	εἰσκὰ	1.00	Yes	No	Yes	\vs{26}Σελλὴς ὁ Κελωθί· Ἴρας υἱὸς Ἴσκα ὁ Θεκωΐτης·
10590	ΒΑΣΙΛΕΙΩΝ Β 23:27	Ἀνωθίτης	Yes	No	No	ἀνωθείτης	1.00	Yes	No	Yes	\vs{27}Ἀβιέζερ ὁ Ἀνωθίτης, ἐκ τῶν υἱῶν τοῦ Ἀνωθίτου·
10590	ΒΑΣΙΛΕΙΩΝ Β 23:27	Ἀνωθίτου	Yes	No	No	ἀνωθείτου	1.00	Yes	No	Yes	\vs{27}Ἀβιέζερ ὁ Ἀνωθίτης, ἐκ τῶν υἱῶν τοῦ Ἀνωθίτου·
10592	ΒΑΣΙΛΕΙΩΝ Β 23:29	Ἐσθαὶ	Yes	No	No	ἐσθαεὶ	1.00	Yes	No	Yes	\vs{29}Ἐσθαὶ υἱὸς Ῥιβὰ ἐκ Γαβαὲθ υἱὸς Βενιαμὶν τοῦ Ἐφραθαίου· Ἀσμὼθ ὁ Βαρδιαμίτης·
10592	ΒΑΣΙΛΕΙΩΝ Β 23:29	Βαρδιαμίτης	Yes	No	No	βαρδιαμείτης	1.00	No	Yes	Yes	\vs{29}Ἐσθαὶ υἱὸς Ῥιβὰ ἐκ Γαβαὲθ υἱὸς Βενιαμὶν τοῦ Ἐφραθαίου· Ἀσμὼθ ὁ Βαρδιαμίτης·
10594	ΒΑΣΙΛΕΙΩΝ Β 23:33	Σαραουρίτης	Yes	No	No	σαραουρείτης	1.00	Yes	No	Yes	\vs{33}Σαμνὰν ὁ Ἁρωδίτης· Ἀμνὰν υἱὸς Ἀραῒ Σαραουρίτης·
10596	ΒΑΣΙΛΕΙΩΝ Β 23:35	Οὐραιοερχί	Yes	No	No	οὐραιοερχεί	1.00	Yes	No	Yes	\vs{35}Ἀσαραῒ ὁ Καρμήλιος τοῦ Οὐραιοερχί·
10597	ΒΑΣΙΛΕΙΩΝ Β 23:36	Γαλααδδί	Yes	No	No	γαλααδδεί	1.00	Yes	No	Yes	\vs{36}Γάαλ υἱὸς Ναθανά· πολυδυνάμεως υἱὸς Γαλααδδί·
10652	ΒΑΣΙΛΕΙΩΝ Γ 1:9	Ζωελεθὶ	Yes	No	No	ζωελεθεὶ	1.00	Yes	No	Yes	\vs{9}Καὶ ἐθυσίασεν Ἀδωνίας πρόβατα καὶ μόσχους καὶ ἄρνας μετὰ αἰθῆ τοῦ Ζωελεθὶ, ὃς ἦν ἐχόμενα τῆς Ῥωγήλ· καὶ ἐκάλεσε πάντας τοὺς ἀδελφοὺς αὐτοῦ, καὶ πάντας τοὺς ἁδροὺς Ἰούδα παῖδας τοῦ βασιλέως.
10730	ΒΑΣΙΛΕΙΩΝ Γ 2:21	Ἀβισὰ	Yes	No	No	ἀβεισὰ	1.00	Yes	No	Yes	\vs{21}Καὶ εἶπε, δοθήτω δὴ Ἀβισὰ ἡ Σωμανίτις τῷ Αδωνίᾳ τῷ ἀδελφῷ σου εἰς γυναῖκα.
10742	ΒΑΣΙΛΕΙΩΝ Γ 2:30	ἐκπορεύωμαι	No	No	No	ἐκπορεύομαι	1.00	Yes	No	Yes	\vs{30}Καὶ ἦλθε Βαναίας υἱὸς Ἰωδαὲ πρὸς Ἰωὰβ εἰς τὴν σκηνὴν τοῦ Κυρίου, καὶ εἶπεν αὐτῷ τάδε λέγει ὁ βασιλεὺς, ἔξελθε· καὶ εἶπεν Ἰωὰβ, οὐκ ἐκπορεύωμαι, ὅτι ὧδε ἀποθανοῦμαι· καὶ ἐπέστρεψε Βαναίας υἱὸς Ἰωδαὲ, καὶ εἶπε τῷ βασιλεῖ, λέγων, τάδε λελάληκεν Ἰωὰβ, καὶ τάδε ἀποκέκριταί μοι.
10789	ΒΑΣΙΛΕΙΩΝ Γ 2:46h	πλινθίου	No	No	No	πλινθείου	1.00	Yes	No	Yes	\vs{46h}Καὶ οὗτοι οἱ ἄρχοντες τοῦ Σαλωμών. Ἀζαρίου υἱὸς Σαδὼκ τοῦ ἱερέως, καὶ Ὀρνίου υἱὸς Νάθαν ἄρχων τῶν ἐφεστηκότων· καὶ ἔδραμεν ἐπὶ τὸν οἶκον αὐτοῦ· καὶ Σουβὰ γραμματεὺς, καὶ Βασὰ υἱὸς Ἀχιθαλὰμ ἀναμιμνήσκων, καὶ Ἀβὶ υἱὸς Ἰωὰβ ἀρχιστράτηγος, καὶ Ἀχιρὲ υἱὸς Ἐδραῒ ἐπὶ τὰς ἄρσεις, καὶ Βαναίας υἱὸς Ἰωδαὲ ἐπὶ τῆς αὐλαρχίας καὶ ἐπὶ τοῦ πλινθίου, καὶ Καχοὺρ υἱὸς Νάθαν ὁ σύμβουλος.
10831	ΒΑΣΙΛΕΙΩΝ Γ 4:3	Σηβὰ	Yes	No	No	σαβα	1.00	Yes	No	Yes	\vs{3}Ἐλιὰφ καὶ Ἀχιὰ υἱὸς Σηβὰ γραμματεῖς· καὶ Ἰωσαφὰτ υἱὸς Ἀχιλοὺδ ἀναμιμνήσκων·
10838	ΒΑΣΙΛΕΙΩΝ Γ 4:9	Ἐλὼν	Yes	No	No	αιλων	1.00	Yes	No	Yes	\vs{9}Υἱὸς Δακὰρ ἐν Μακὲς, καὶ ἐν Σαλαβὶν, καὶ Βαιθσαμὺς, καὶ Ἐλὼν ἕως Βηθανὰν εἷς.
11269	ΒΑΣΙΛΕΙΩΝ Γ 13:4	ἐδυνήθη	No	No	No	ἠδυνήθη	1.00	Yes	No	Yes	\vs{4}Καὶ ἐγένετο ὡς ἤκουσεν ὁ βασιλεὺς Ἱεροβοὰμ τῶν λόγων τοῦ ἀνθρώπου τοῦ Θεοῦ τοῦ ἐπικαλεσαμένου ἐπὶ τὸ θυσιαστήριον τὸ ἐν Βαιθὴλ, καὶ ἐξέτεινεν ὁ βασιλεὺς τὴν χεῖρα αὐτοῦ ἀπὸ τοῦ θυσιαστηρίου, λέγων, συλλάβετε αὐτόν· καὶ ἰδοὺ ἐξηράνθη ἡ χεὶρ αὐτοῦ, ἣν ἐξέτεινεν ἐπʼ αὐτὸν, καὶ οὐκ ἐδυνήθη ἐπιστρέψαι αὐτὴν πρὸς αὐτόν.
11278	ΒΑΣΙΛΕΙΩΝ Γ 13:11	κατῴκη	No	No	No	κατῴκει	1.00	Yes	No	Yes	\vs{11}Καὶ προφήτης εἷς πρεσβύτης κατῴκη ἐν Βαιθὴλ, καὶ ἔρχονται οἱ υἱοὶ αὐτοῦ καὶ διηγήσαντο αὐτῷ πάντα τὰ ἔργα ἃ ἐποίησεν ὁ ἄνθρωπος τοῦ Θεοῦ ἐν τῇ ἡμέρᾳ ἐκείνῃ ἐν Βαιθὴλ, καὶ τοὺς λόγους οὓς ἐλάλησε τῷ βασιλεῖ, καὶ ἐπέστρεψαν τὸ πρόσωπον τοῦ πατρὸς αὐτῶν.
11387	ΒΑΣΙΛΕΙΩΝ Γ 16:18	προκατείληπται	No	No	No	προκατείλημπται	1.00	Yes	No	Yes	\vs{18}Καὶ ἐγενήθη ὡς εἶδε Ζαμβρὶ ὅτι προκατείληπται αὐτοῦ ἡ πόλις, καὶ πορεύεται εἰς ἄντρον τοῦ οἴκου τοῦ βασιλέως, καὶ ἐνεπύρισεν ἐπʼ αὐτὸν τὸν οἶκον τοῦ βασιλέως, καὶ ἀπέθανεν
11395	ΒΑΣΙΛΕΙΩΝ Γ 16:24	Σεμηρών	Yes	No	No	σεμερων	1.00	Yes	No	Yes	\vs{24}Καὶ ἐκτήσατο Ἀμβρὶ τὸ ὄρος τὸ Σεμερὼν παρὰ Σεμὴρ τοῦ κυρίου τοῦ ὄρους ἐν δύο ταλάντων ἀργυρίου· καὶ ᾠκοδόμησε τὸ ὄρος, καὶ ἐπεκάλεσαν τὸ ὄνομα τοῦ ὄρους οὗ ᾠκοδόμησαν ἐπὶε τῷ ὀνόματι Σεμὴρ τοῦ κυρίου τοῦ ὄρους, Σεμηρών.
11427	ΒΑΣΙΛΕΙΩΝ Γ 17:6	τοδείλης	No	No	No	τὸ δείλης	1.00	Yes	No	Yes	\vs{6}Καὶ οἱ κόρακες ἔφερον αὐτῷ ἄρτους τοπρωῒ, καὶ κρέα τοδείλης, καὶ ἐκ τοῦ χειμάῤῥου ἔπινεν ὕδωρ.
11463	ΒΑΣΙΛΕΙΩΝ Γ 18:11	ἀνάγγελε	No	No	No	ἀνάγγελλε	1.00	Yes	No	Yes	\vs{11}Καὶ νῦν σὺ λέγεις, πορεύου, ἀνάγγελε τῷ κυρίῳ σου, ἰδοὺ Ἠλιού.
11496	ΒΑΣΙΛΕΙΩΝ Γ 18:38	ἐξέλειξε	No	No	No	ἐξέλιξεν	1.00	Yes	No	Yes	\vs{38}Καὶ ἔπεσε πῦρ παρὰ Κυρίου ἐκ τοῦ οὐρανοῦ, καὶ κατέφαγε τὰ ὁλοκαυτώματα καὶ τὰς σχίδακας καὶ τὸ ὕδωρ τὸ ἐν τῇ θαλάσσῃ, καὶ τοὺς λίθους καὶ τὸν χοῦν ἐξέλειξε τὸ πῦρ.
11499	ΒΑΣΙΛΕΙΩΝ Γ 18:40	Κισσῶν	Yes	No	No	κισων	1.00	Yes	No	Yes	\vs{40}Καὶ εἶπεν Ἠλιοὺ πρὸς τὸν λαὸν, συλλάβετε τοὺς προφήτας τοῦ Βάαλ, μηδεὶς σωθήτω ἐξ αὐτῶν· καὶ συνελαβον αὐτοὺς, καὶ κατάγει αὐτοὺς Ἠλιοὺ εἰς τὸν χειμάῤῥουν Κισσῶν, καὶ ἔσφαξεν αὐτοὺς ἐκεῖ.
11601	ΒΑΣΙΛΕΙΩΝ Γ 21:23	κραταιώσωμεν	No	No	No	κραταιώσομεν	1.00	Yes	No	Yes	\vs{23}Καὶ οἱ παῖδες βασιλέως Συρίας· καὶ εἶπον, θεὸς ὀρέων Θεὸς Ἰσραὴλ καὶ οὐ θεὸς κοιλάδων, διὰ τοῦτο ἐκραταίωσεν ὑπὲρ ἡμᾶς· ἐὰν δὲ πολεμήσωμεν αὐτοὺς κατʼ εὐθὺ, εἰ μὴν κραταιώσωμεν ὑπὲρ αὐτούς.
11673	ΒΑΣΙΛΕΙΩΝ Γ 22:35	ἀπέχυνε	No	No	No	ἀπέχυννε	1.00	Yes	No	Yes	\vs{35}Καὶ ἐτροπώθη ὁ πόλεμος ἐν τῇ ἡμέρᾳ ἐκείνῃ, καὶ ὁ βασιλεὺς ἦν ἑστηκὼς ἐπὶ τοῦ ἅρματος ἐξεναντίας Συρίας ἀπὸ πρωῒ ἕως ἑσπέρας, καὶ ἀπέχυνε τὸ αἷμα ἀπὸ τῆς πληγῆς εἰς τὸν κόλπον τοῦ ἅρματος, καὶ ἀπέθανεν ἑσπέρας, καὶ ἐξεπορεύετο τὸ αἷμα τῆς τροπῆς ἕως τοῦ κόλπου τοῦ ἅρματος.
11737	ΒΑΣΙΛΕΙΩΝ Δ 2:9	ἀναληφθῆναί	No	No	No	ἀναλημφθῆναί	1.00	Yes	No	Yes	\vs{9}Καὶ ἐγένετο ἐν τῷ διαβῆναι αὐτοὺς, καὶ Ἠλιοὺ εἶπε πρὸς Ἑλισαιὲ, αἴτησαι τί ποιήσω σοι πρὶν ἢ ἀναληφθῆναί με ἀπὸ σοῦ· καὶ εἶπεν Ἑλισαιὲ, γενηθήτω δὴ διπλᾶ ἐν πνεύματί σου ἐπʼ ἐμέ.
11837	ΒΑΣΙΛΕΙΩΝ Δ 4:36	Σωμανίτην	Yes	No	No	σωμανῖτιν	1.00	Yes	No	Yes	\vs{36}Καὶ ἐξεβόησεν Ἑλισαιὲ πρὸς Γιεζὶ, καὶ εἶπε, κάλεσον τὴν Σωμανίτην ταύτην· καὶ ἐκάλεσε, καὶ εἰσῆλθε πρὸς αὐτόν· καὶ εἶπεν Ἑλισαιὲ, λάβε τὸν υἱόν σου.
11942	ΒΑΣΙΛΕΙΩΝ Δ 7:12	συλληψόμεθα	No	No	No	συλλημψόμεθα	1.00	Yes	No	Yes	\vs{12}Καὶ ἀνέστη ὁ βασιλεὺς νυκτὸς, καὶ εἶπε πρὸς τοὺς παῖδας αὐτοῦ, ἀναγγελῶ δὴ ὑμῖν ἃ ἐποίησεν ἡμῖν Συρία· ἔγνωσαν ὅτι πεινῶμεν ἡμεῖς, καὶ ἐξῆλθαν ἐκ τῆς παρεμβολῆς καὶ ἐκρύβησαν ἐν τῷ ἀγρῷ, λέγοντες, ὅτι ἐξελεύσονται ἐκ τῆς πόλεως, καὶ συλληψόμεθα αὐτοὺς ζῶντας, καὶ εἰς τὴν πόλιν εἰσελευσόμεθα.
12003	ΒΑΣΙΛΕΙΩΝ Δ 9:11	ἐπίληπτος	No	No	No	ἐπίλημπτος	1.00	Yes	No	Yes	\vs{11}Καὶ Ἰοὺ ἐξῆλθε πρὸς τοὺς παῖδας τοῦ κυρίου αὐτοῦ, καὶ εἶπαν αὐτῷ, εἰρήνη; τί ὅτι εἰσῆλθεν ὁ ἐπίληπτος οὗτος πρὸς σέ; καὶ εἶπεν αὐτοῖς, ὑμεῖς οἴδατε τὸν ἄνδρα καὶ τὴν ἀδολεσχίαν αὐτοῦ.
12064	ΒΑΣΙΛΕΙΩΝ Δ 10:21	ἀπολιπέσθω	No	No	No	ἀπολειπέσθω	1.00	Yes	No	Yes	\vs{21}Καὶ ἀπέστειλεν Ἰοὺ ἐν παντὶ Ἰσραὴλ, λέγων, καὶ νῦν πάντες οἱ δοῦλοι, καὶ πάντες οἱ ἱερεῖς αὐτοῦ, καὶ πάντες οἱ προθῆται αὐτοῦ, μηδεὶς ἀπολιπέσθω, ὅτι θυσίαν μεγάλην ποιῶ· ὃς ἂν ἀπολειφθῇ, οὐ ζήσεται· καὶ ἦλθον πάντες οἱ δοῦλοι τοῦ Βάαλ, καὶ πάντες οἱ ἱερεῖς αὐτοῦ, καὶ πάντες οἱ προφῆται αὐτοῦ· οὐ κατελείφθη ἀνὴρ ὃς οὐ παρεγένετο· καὶ εἰσῆλθον εἰς τὸν οἶκον τοῦ Βάαλ· καὶ ἐπλήσθη ὁ οἶκος τοῦ Βάαλ στόμα εἰς στόμα.
12176	ΒΑΣΙΛΕΙΩΝ Δ 14:2	Ἰωαδὶμ	Yes	No	No	ἰωαδεὶμ	1.00	Yes	No	Yes	\vs{2}Υἱὸς εἴκοσι καὶ πέντε ἐτῶν ἦν ἐν τῷ βασιλεύειν αὐτὸν, καὶ εἴκοσι καὶ ἐννέα ἔτη ἐβασίλευσεν ἐν Ἰερουσαλὴμ, καὶ ὄνομα τῆς μητρὸς αὐτοῦ Ἰωαδὶμ ἐξ Ἱερουσαλήμ.
12229	ΒΑΣΙΛΕΙΩΝ Δ 15:13	ἐννάτῳ	No	No	No	ἐνάτῳ	1.00	Yes	No	Yes	\vs{13}Καὶ Σελλοὺμ υἱὸς Ἰαβὶς ἐβασίλευσε· καὶ ἐν ἔτει τριακοστῷ καὶ ἐννάτῳ Ἀζαρίᾳ βασιλεῖ Ἰούδα ἐβασίλευσε Σελλοὺμ μῆνα ἡμερῶν ἐν Σαμαρείᾳ.
12235	ΒΑΣΙΛΕΙΩΝ Δ 15:17	ἐννάτῳ	No	No	No	ἐνάτῳ	1.00	Yes	No	Yes	\vs{17}Ἐν ἔτει τριακοστῷ καὶ ἐννάτῳ τῷ Ἀζαρίᾳ βασιλεῖ Ἰούδα ἐβασίλευσε Μαναὴμ υἱὸς Γαδδὶ ἐπὶ Ἰσραὴλ ἐν Σαμαρείᾳ δέκα ἔτη.
12296	ΒΑΣΙΛΕΙΩΝ Δ 17:6	ἐννάτῳ	No	No	No	ἐνάτῳ	1.00	Yes	No	Yes	\vs{6}Ἐν ἔτει ἐννάτῳ Ὠσῆε συνέλαβε βασιλεὺς Ἀσσυρίων τὴν Σαμάρειαν, καὶ ἀπῴκισεν Ἰσραὴλ εἰς Ἀσσυρίους, καὶ κατῴκισεν αὐτοὺς ἐν Ἀλαὲ καὶ ἐν Ἀβὼρ ποταμοῖς Γωζὰν, καὶ ὄρη Μήδων.
12301	ΒΑΣΙΛΕΙΩΝ Δ 17:11	ἀπῴκησε	No	No	No	ἀπῴκισεν	1.00	Yes	No	Yes	\vs{11}καὶ ἐθυμίασαν ἐκεῖ ἐν πᾶσιν ὑψηλοῖς, καθὼς τὰ ἔθνη ἃ ἀπῴκησε Κύριος ἐκ προσώπου αὐτῶν, καὶ ἐποίησαν κοινωνοὺς, καὶ ἐχάραξαν τοῦ παροργίσαι τὸν Κύριον,
12321	ΒΑΣΙΛΕΙΩΝ Δ 17:27	κατοικήτωσαν	No	No	No	κατοικείτωσαν	1.00	Yes	No	Yes	\vs{27}Καὶ ἐνετείλατο ὁ βασιλεὺς Ἀσσυρίων, λέγων, ἀπαγάγετε ἐκεῖθεν, καὶ πορευέσθωσαν, καὶ κατοικήτωσαν ἐκεῖ, καὶ φωτιοῦσιν αὐτοὺς τὸ κρίμα τοῦ Θεοῦ τῆς γῆς.
12362	ΒΑΣΙΛΕΙΩΝ Δ 18:18	Σωμνὰς	Yes	No	No	σομνας	1.00	Yes	No	Yes	\vs{18}Καὶ ἐβόησαν πρὸς Ἐζεκίαν· καὶ ἦλθον πρὸς αὐτὸν Ἑλιακὶμ υἱὸς Χελκίου ὁ οἰκονόμος, καὶ Σωμνὰς ὁ γραμματεὺς, καὶ Ἰωὰς ὁ νἱὸς Σαφὰτ ὁ ἀναμιμνήσκων.
12372	ΒΑΣΙΛΕΙΩΝ Δ 18:26	Σωμνὰς	Yes	No	No	σομνας	1.00	Yes	No	Yes	\vs{26}Καὶ εἶπεν Ἑλιακὶμ υἱὸς Χελκίου καὶ Σωμνὰς καὶ Ἰωὰς πρὸς Ῥαψάκην, λάλησον δὴ πρὸς τοὺς παῖδάς σου Συριστὶ, ὅτι ἀκούομεν ἡμεῖς· καὶ οὐ λαλήσεις μεθʼ ἡμῶν Ἰουδαϊστὶ· καὶ ἱνατί λαλεῖς ἐν τοῖς ὠσὶ τοῦ λαοῦ τοῦ ἐπὶ τοῦ τείχους;
12385	ΒΑΣΙΛΕΙΩΝ Δ 18:37	Σωμνὰς	Yes	No	No	σομνας	1.00	Yes	No	Yes	\vs{37}Καὶ εἰσῆλθεν Ἐλιακὶμ υἱὸς Χελκίου ὁ οἰκονόμος, καὶ Σωμνὰς ὁ γραμματεὺς, καὶ Ἰωὰς υἱὸς Σαφὰτ ὁ ἀναμιμνήσκων πρὸς Ἐζεκίαν, διεῤῥηχότες τὰ ἱμάτια, καὶ ἀνήγγειλαν αὐτῷ τοὺς λόγους Ῥαψάκου.
12389	ΒΑΣΙΛΕΙΩΝ Δ 19:2	Σωμνὰν	Yes	No	No	σομναν	1.00	Yes	No	Yes	\vs{2}Καὶ ἀπέστειλεν Ἑλιακὶμ τὸν οἰκονόμον, καὶ Σωμνὰν τὸν γραμματέα, καὶ τοὺς πρεσβυτέρους τῶν ἱερέων περιβεβλημένους σάκκους, πρὸς Ἡσαΐαν τὸν προφήτην υἱὸν Ἀμώς.
12456	ΒΑΣΙΛΕΙΩΝ Δ 20:17	ληφθήσεται	No	No	No	λημφθήσεται	1.00	Yes	No	Yes	\vs{17}ἰδοὺ ἡμέραι ἔρχονται, καὶ ληφθήσεται πάντα τὰ ἐν τῷ οἴκῳ σου, καὶ ὅσα ἐθησαύρισαν οἱ πατέρες σου ἕως τῆς ἡμέρας ταύτης, εἰς Βαβυλῶνα· καὶ οὐχ ὑπολειφθήσεται ῥῆμα ὃ εἶπε Κύριος.
12499	ΒΑΣΙΛΕΙΩΝ Δ 22:3	Σαπφὰν	Yes	No	No	σαφφαν	1.00	Yes	No	Yes	\vs{3}Καὶ ἐγενήθη ἐν τῷ ὀκτωκαιδεκάτῳ ἔτει τῷ βασιλεῖ Ἰωσείᾳ, ἐν τῷ μηνὶ τῷ ὀγδόῳ ἀπέστειλεν ὁ βασιλεὺς τὸν Σαπφὰν υἱὸν Ἐζελίου υἱοῦ Μεσολλὰμ τὸν γραμματέα οἴκου Κυρίου, λέγων,
12505	ΒΑΣΙΛΕΙΩΝ Δ 22:8	Σαπφὰν	Yes	No	No	σαφφαν	1.00	Yes	No	Yes	\vs{8}Καὶ εἶπε Χελκίας ὁ ἱερεὺς ὁ μέγας πρὸς Σαπφὰν τὸν γραμματέα, βιβλίον τοῦ νόμου εὗρον ἐν οἴκῳ Κυρίου· καὶ ἔδωκε Χελκίας τὸ βιβλίον πρὸς Σαπφὰν, καὶ ἀνέγνω αὐτό.
12505	ΒΑΣΙΛΕΙΩΝ Δ 22:8	Σαπφὰν	Yes	No	No	σαφφαν	1.00	Yes	No	Yes	\vs{8}Καὶ εἶπε Χελκίας ὁ ἱερεὺς ὁ μέγας πρὸς Σαπφὰν τὸν γραμματέα, βιβλίον τοῦ νόμου εὗρον ἐν οἴκῳ Κυρίου· καὶ ἔδωκε Χελκίας τὸ βιβλίον πρὸς Σαπφὰν, καὶ ἀνέγνω αὐτό.
12507	ΒΑΣΙΛΕΙΩΝ Δ 22:10	Σαπφὰν	Yes	No	No	σαφφαν	1.00	Yes	No	Yes	\vs{10}Καὶ εἶπε Σαπφὰν ὁ γραμματεὺς πρὸς τὸν βασιλέα, λέγων, βιβλίον ἔδωκέ μοι Χελκίας ὁ ἱερεύς· καὶ ἀνέγνω αὐτὸ Σαπφὰν ἐνώπιον τοῦ βασιλέως.
12507	ΒΑΣΙΛΕΙΩΝ Δ 22:10	Σαπφὰν	Yes	No	No	σαφφαν	1.00	Yes	No	Yes	\vs{10}Καὶ εἶπε Σαπφὰν ὁ γραμματεὺς πρὸς τὸν βασιλέα, λέγων, βιβλίον ἔδωκέ μοι Χελκίας ὁ ἱερεύς· καὶ ἀνέγνω αὐτὸ Σαπφὰν ἐνώπιον τοῦ βασιλέως.
12509	ΒΑΣΙΛΕΙΩΝ Δ 22:12	Σαπφὰν	Yes	No	No	σαφφαν	1.00	Yes	No	Yes	\vs{12}Καὶ ἐνετείλατο ὁ βασιλεὺς τῷ Χελκίᾳ τῷ ἱερεῖ, καὶ τῷ Ἀχικὰμ υἱῷ Σαπφὰν, καὶ τῷ Ἀχοβὼρ υἱῷ Μιχαίου, καὶ τῷ Σαπφὰν τῷ γραμματεῖ, καὶ τῷ Ἀσαΐᾳ δούλῳ τοῦ βασιλέως, λέγων,
12509	ΒΑΣΙΛΕΙΩΝ Δ 22:12	Σαπφὰν	Yes	No	No	σαφφαν	1.00	Yes	No	Yes	\vs{12}Καὶ ἐνετείλατο ὁ βασιλεὺς τῷ Χελκίᾳ τῷ ἱερεῖ, καὶ τῷ Ἀχικὰμ υἱῷ Σαπφὰν, καὶ τῷ Ἀχοβὼρ υἱῷ Μιχαίου, καὶ τῷ Σαπφὰν τῷ γραμματεῖ, καὶ τῷ Ἀσαΐᾳ δούλῳ τοῦ βασιλέως, λέγων,
12512	ΒΑΣΙΛΕΙΩΝ Δ 22:14	Σαπφὰν	Yes	No	No	σαφφαν	1.00	Yes	No	Yes	\vs{14}Καὶ ἐπορεύθη Χελκίας ὁ ἱερεὺς, καὶ Ἀχικὰμ, καὶ Ἀχοβὼρ, καὶ Σαπφὰν, καὶ Ἀσαΐας πρὸς Ὄλδαν τὴν προφῆτιν μητέρα Σελλὴμ υἱοῦ Θεκουαὺ υἱοῦ Ἀρὰς τοῦ ἱματιοφύλακος· καὶ αὕτη κατῴκει ἐν Ἰερουσαλὴμ ἐν τῇ Μασενᾷ· καὶ ἐλάλησαν πρὸς αὐτήν.
12597	ΒΑΣΙΛΕΙΩΝ Δ 25:1	ἐννάτῳ	No	No	No	ἐνάτῳ	1.00	Yes	No	Yes	Καὶ ἐγενήθη ἐν τῷ ἔτει τῷ ἐννάτῳ τῆς βασιλείας αὐτοῦ ἐν τῷ μηνὶ τῷ δεκάτῳ, ἦλθε Ναβουχοδονόσορ ὁ βασιλεὺς Βαβυλῶνος, καὶ πᾶσα ἡ δύναμις αὐτοῦ ἐπὶ Ἱερουσαλήμ· καὶ παρενέβαλεν ἐπʼ αὐτὴν, καὶ ᾠκοδόμησεν ἐπʼ αὐτὴν περίτειχος κύκλῳ.
12598	ΒΑΣΙΛΕΙΩΝ Δ 25:2	ἐννάτῃ	No	No	No	ἐνάτῃ	1.00	Yes	No	Yes	\vs{2}Καὶ ἦλθεν ἡ πόλις ἐν περιοχῇ ἕως τοῦ ἑνδεκάτου ἔτους τοῦ βασιλέως Σεδεκίου ἐννάτῃ τοῦ μηνός.
12629	ΒΑΣΙΛΕΙΩΝ Δ 25:27	Εὐιαλμαρωδὲκ	Yes	No	No	εὐειαλμαρωδὲκ	1.00	Yes	No	Yes	\vs{27}Καὶ ἐγενήθη ἐν τῷ τριακοστῷ καὶ ἑβδόμῳ ἔτει τῆς ἀποικίας τοῦ Ἰωαχὶμ βασιλέως Ἰούδα, ἐν τῷ δωδεκάτῳ μηνὶ, ἑβδόμῃ καὶ εἰκάδι τοῦ μηνὸς, ὕψωσεν Εὐιαλμαρωδὲκ βασιλεὺς Βαβυλῶνος ἐν τῷ ἐνιαυτῷ τῆς βασιλείας αὐτοῦ τὴν κεφαλὴν Ἰωαχὶμ τοῦ βασιλέως Ἰούδα, καὶ ἐξήγαγεν αὐτὸν ἐξ οἴκου φυλακῆς αὐτοῦ.
12688	ΠΑΡΑΛΕΙΠΟΜΕΝΩΝ Α 1:54	Ζαφωΐν	Yes	No	No	ζαφωείν	1.00	Yes	No	Yes	\vs{54}ἡγεμὼν Μαγεδιὴλ, ἡγεμὼν Ζαφωΐν· οὗτοι ἡγεμόνες Ἐδώμ.
12710	ΠΑΡΑΛΕΙΠΟΜΕΝΩΝ Α 2:16	Ἀβισὰ	Yes	No	No	ἀβεισὰ	1.00	Yes	No	Yes	\vs{16}Καὶ ἡ ἀδελφὴ αὐτῶν Σαρουία, καὶ Ἀβιγαία· καὶ υἱοὶ Σαρουία, Ἀβισὰ, καὶ Ἰωὰβ, καὶ Ἀσαὴλ, τρεῖς.
12725	ΠΑΡΑΛΕΙΠΟΜΕΝΩΝ Α 2:29	Ἀβιχαία	Yes	No	No	ἀβειχαία	1.00	Yes	No	Yes	\vs{29}Καὶ ὄνομα τῆς γυναικὸς Ἀβισοὺρ, Ἀβιχαία· καὶ ἔτεκεν αὐτῷ τὸν Ἀχαβὰρ, καὶ τὸν Μωήλ.
12728	ΠΑΡΑΛΕΙΠΟΜΕΝΩΝ Α 2:32	Ἀχισαμὰς	Yes	No	No	ἀχεισαμάς	1.00	Yes	No	Yes	\vs{32}Καὶ υἱοὶ Δαδαὶ, Ἀχισαμὰς, Ἰεθὲρ, Ἰωνάθαν· καὶ ἀπέθανεν Ἰεθὲρ οὐκ ἔχων τέκνα.
12744	ΠΑΡΑΛΕΙΠΟΜΕΝΩΝ Α 2:46	Μοσὰ	Yes	No	No	μωσα	1.00	Yes	No	Yes	\vs{46}Καὶ Γαιφὰ ἡ παλλακὴ Χαλὲβ ἐγέννησε τὸν Ἀρὰμ, καὶ τὸν Μοσὰ, καὶ τὸν Γεζουέ.
12751	ΠΑΡΑΛΕΙΠΟΜΕΝΩΝ Α 2:52	Αἰσὶ	Yes	No	No	εσι	1.00	Yes	No	Yes	\vs{52}Καὶ ἦσαν υἱοὶ τῷ Σωβὰλ πατρὶ Καριαθιαρὶμ Ἀραὰ, καὶ Αἰσὶ, καὶ Ἀμμανὶθ,
12753	ΠΑΡΑΛΕΙΠΟΜΕΝΩΝ Α 2:54	Μαλαθὶ	Yes	No	No	μαλαθεἰ	1.00	Yes	No	Yes	\vs{54}Υἱοὶ Σαλωμὼν Βαιθαλαὲμ, ὁ Νετωφατὶ, Ἀταρὼθ οἴκου Ἰωὰβ, καὶ ἥμισυ τῆς Μαλαθὶ, Ἠσαρὶ·
12753	ΠΑΡΑΛΕΙΠΟΜΕΝΩΝ Α 2:54	Ἠσαρὶ	Yes	No	No	ησαρεϊ	1.00	Yes	No	Yes	\vs{54}Υἱοὶ Σαλωμὼν Βαιθαλαὲμ, ὁ Νετωφατὶ, Ἀταρὼθ οἴκου Ἰωὰβ, καὶ ἥμισυ τῆς Μαλαθὶ, Ἠσαρὶ·
12762	ΠΑΡΑΛΕΙΠΟΜΕΝΩΝ Α 3:6	Ἐλιφαλὴθ	Yes	No	No	ἐλειφαλὴθ	1.00	Yes	No	Yes	\vs{6}Καὶ Ἐβαὰρ, καὶ Ἐλισὰ, καὶ Ἐλιφαλὴθ,
12777	ΠΑΡΑΛΕΙΠΟΜΕΝΩΝ Α 3:19	Σαλωμεθὶ	Yes	No	No	σαλωμεθεὶ	1.00	Yes	No	Yes	\vs{19}Καὶ υἱοὶ Φαδαΐας, Ζοροβάβελ, καὶ Σεμεΐ· καὶ υἱοὶ Ζοροβάβελ, Μοσολλὰμ, καὶ Ἀνανία, καὶ Σαλωμεθὶ ἀδελφὴ αὐτῶν,
12789	ΠΑΡΑΛΕΙΠΟΜΕΝΩΝ Α 4:2	Ἀραθί	Yes	No	No	ἀραθεί	1.00	Yes	No	Yes	\vs{2}καὶ Ῥάδα υἱὸς αὐτοῦ· καὶ Σουβὰλ ἐγέννησε τὸν Ἰέθ· καὶ Ἰὲθ ἐγέννησε τὸν Ἀχιμαῒ, καὶ τὸν Λαάδ· αὗται αἱ γενέσεις τοῦ Ἀραθί.
12808	ΠΑΡΑΛΕΙΠΟΜΕΝΩΝ Α 4:19	Ναχαῒμ	Yes	No	No	ναχεμ	1.00	Yes	No	Yes	\vs{19}Καὶ υἱοὶ γυναικὸς τῆς Ἰδουίας ἀδελφῆς Ναχαῒμ πατρὸς Κεϊλὰ, Γαρμὶ, καὶ Ἐσθαιμὼν Νωχαθί.
12808	ΠΑΡΑΛΕΙΠΟΜΕΝΩΝ Α 4:19	Νωχαθί	Yes	No	No	νωχαθεί	1.00	Yes	No	Yes	\vs{19}Καὶ υἱοὶ γυναικὸς τῆς Ἰδουίας ἀδελφῆς Ναχαῒμ πατρὸς Κεϊλὰ, Γαρμὶ, καὶ Ἐσθαιμὼν Νωχαθί.
12811	ΠΑΡΑΛΕΙΠΟΜΕΝΩΝ Α 4:21	Ἐφραθαβὰκ	Yes	No	No	εφραθ αβακ	1.00	Yes	No	Yes	\vs{21}Υἱοὶ Σηλὼμ υἱοῦ Ἰούδα, Ἢρ πατὴρ Ληχὰβ, καὶ Λααδὰ πατὴρ Μαρισά· καὶ γενέσεις οἰκείων Ἐφραθαβὰκ τῷ οἴκῳ Ἐσοβὰ,
12822	ΠΑΡΑΛΕΙΠΟΜΕΝΩΝ Α 4:31	Βαιθμαριμὼθ	Yes	No	No	βαιθμαρειμὼθ	1.00	Yes	No	Yes	\vs{31}καὶ ἐν Βαιθμαριμὼθ, καὶ Ἡμισουσεωσὶν, καὶ οἴκου Βαρουσεωρίμ· αὗται αἱ πόλεις αὐτῶν ἕως βασιλέως Δαυίδ.
12834	ΠΑΡΑΛΕΙΠΟΜΕΝΩΝ Α 4:42	Φαλαεττία	Yes	No	No	φαλαεττειὰ	1.00	Yes	No	Yes	\vs{42}Καὶ ἐξ αὐτῶν ἀπὸ τῶν υἱῶν Συμεὼν ἐπορεύθησαν εἰς ὄρος Σηὶρ ἄνδρες πεντακόσιοι, καὶ Φαλαεττία, καὶ Νωαδία, καὶ Ῥαφαΐα, καὶ Ὀζιὴλ υἱοὶ Ἰεσὶ ἄρχοντες αὐτῶν.
12851	ΠΑΡΑΛΕΙΠΟΜΕΝΩΝ Α 5:12	Ἰανὶν	Yes	No	No	ιανι	1.00	Yes	No	Yes	\vs{12}Ἰωὴλ πρωτότοκος, καὶ Σαφὰμ ὁ δεύτερος, καὶ Ἰανὶν ὁ γραμματεὺς ἐν Βασάν.
12853	ΠΑΡΑΛΕΙΠΟΜΕΝΩΝ Α 5:14	Ἀβιχαία	Yes	No	No	ἀβειχαιὰ	1.00	Yes	No	Yes	\vs{14}Οὗτοι υἱοὶ Ἀβιχαία υἱοῦ Οὐρὶ, υἱοῦ Ἰδαῒ, υἱοῦ Γαλαὰδ, υἱοῦ Μιχαὴλ, υἱοῦ Ἰεσαῒ, υἱοῦ Ἰεδδαῒ, υἱοῦ Βοὺζ ἀδελφοῦ
12896	ΠΑΡΑΛΕΙΠΟΜΕΝΩΝ Α 6:10	Ἀμεσσὶ	Yes	No	No	ἀμεσσεὶ	1.00	No	Yes	Yes	\vs{10}Καὶ υἱοὶ Ἑλκανὰ, Ἀμεσσὶ, καὶ Ἀχιμὼθ,
12897	ΠΑΡΑΛΕΙΠΟΜΕΝΩΝ Α 6:11	Καιναὰθ	Yes	No	No	καὶ νααθ	1.00	Yes	No	Yes	\vs{11}Ἑλκανὰ υἱὸς αὐτοῦ, Σουφὶ υἱὸς αὐτοῦ, Καιναὰθ υἱὸς αὐτοῦ,
12911	ΠΑΡΑΛΕΙΠΟΜΕΝΩΝ Α 6:23	Ἰσαὰρ	Yes	No	No	ισσααρ	1.00	Yes	No	Yes	\vs{23}υἱοῦ Ἰσαὰρ, υἱοῦ Καὰθ, υἱοῦ Λευὶ, υἱοῦ Ἰσραήλ.
12975	ΠΑΡΑΛΕΙΠΟΜΕΝΩΝ Α 7:11	καίδεκα	No	No	No	καὶ δέκα	1.00	Yes	No	Yes	\vs{11}Πάντες οὗτοι υἱοὶ ʼΙεδιὴλ, ἄρχοντες τῶν πατριῶν ἰσχυροὶ δυνάμει, ἑπτα καίδεκα χιλιάδες καὶ διακόσιοι, ἐκπορευόμενοι δυνάμει πολεμεῖν.
13005	ΠΑΡΑΛΕΙΠΟΜΕΝΩΝ Α 7:36	Βαρὶν	Yes	No	No	βαρι	1.00	Yes	No	Yes	\vs{36}Υἱοὶ Σωφὰς, Σουὲ, καὶ Ἁρναφὰρ, καὶ Σουδὰ, καὶ Βαρὶν, καὶ ʼΙμρὰν,
13008	ΠΑΡΑΛΕΙΠΟΜΕΝΩΝ Α 7:39	Ολὰ	Yes	No	No	ωλα	1.00	Yes	No	Yes	\vs{39}καὶ υἱοὶ ʼΟλὰ, Ὀρὲχ, Ἀνιὴλ, καὶ Ῥασιά.
13018	ΠΑΡΑΛΕΙΠΟΜΕΝΩΝ Α 8:6	Μαχαναθὶ	Yes	No	No	μαχαναθεί	1.00	Yes	No	Yes	\vs{6}Οὗτοι υἱοὶ Ἀὼδ, οὗτοί εἰσιν ἄρχοντες πατριῶν τοῖς κατοικοῦσι Γαβεέ· καὶ μετῴκισαν αὐτοὺς εἰς Μαχαναθὶ,
13026	ΠΑΡΑΛΕΙΠΟΜΕΝΩΝ Α 8:12	Λὼδ	Yes	No	No	λοδ	1.00	Yes	No	Yes	\vs{12}Καὶ υἱοὶ Ἀλφαὰλ, Ὠβὴδ, Μισαὰλ, Σεμμήρ· οὗτος ᾠκοδόμησε τὴν Ὠνὰν, καὶ τὴν Λὼδ καὶ τὰς κώμας αὐτῆς·
13035	ΠΑΡΑΛΕΙΠΟΜΕΝΩΝ Α 8:21	Σαμαΐθ	Yes	No	No	σαμαείθ	1.00	Yes	No	Yes	\vs{21}καὶ Ἀδαΐα, καὶ Βαραΐα, καὶ Σαμαρὰθ, υἱοὶ Σαμαΐθ.
13078	ΠΑΡΑΛΕΙΠΟΜΕΝΩΝ Α 9:16	Νωτεφατί	Yes	No	No	νωτεφατεί	1.00	Yes	No	Yes	\vs{16}Καὶ Ἀβδία υἱὸς Σαμία, υἱοῦ Γαλαὰλ, υἱοῦ Ἰδιθοὺν, καὶ Βαραχία υἱὸς Ὀσσὰ, υἱοῦ Ἑλκανὰ, ὁ κατοικῶν ἐν ταῖς κώμαις Νωτεφατί.
13154	ΠΑΡΑΛΕΙΠΟΜΕΝΩΝ Α 11:20	Ἀβισὰ	Yes	No	No	ἀβεισὰ	1.00	Yes	No	Yes	\vs{20}Καὶ Ἀβισὰ ἀδελφὸς Ἰωὰβ, οὗτος ἦν ἄρχων τῶν τριῶν· οὗτος ἐσπάσατο τὴν ῥομφαίαν αὐτοῦ ἐπὶ τριακοσίους τραυματίας ἐν καιρῷ ἑνὶ, καὶ οὗτος ἦν ὀνομαστὸς ἐν τοῖς τρισίν.
13165	ΠΑΡΑΛΕΙΠΟΜΕΝΩΝ Α 11:29	Ἀχωνὶ	Yes	No	No	ἀχωνεί	1.00	Yes	No	Yes	\vs{29}Σοβοχαὶ ὁ Οὐσαθὶ, Ἠλὶ ὁ Ἀχωνὶ,
13168	ΠΑΡΑΛΕΙΠΟΜΕΝΩΝ Α 11:32	Ναχαλὶ	Yes	No	No	ναχαλεὶ	1.00	Yes	No	Yes	\vs{32}Οὐρὶ ἐκ Ναχαλὶ Γάας, Ἀβιὴλ ὁ Γαραβαιθὶ,
13172	ΠΑΡΑΛΕΙΠΟΜΕΝΩΝ Α 11:36	Φελλωνὶ	Yes	No	No	φελωνι	1.00	Yes	No	Yes	\vs{36}ὁ Μεχωραθρὶ, Ἀχία ὁ Φελλωνὶ,
13173	ΠΑΡΑΛΕΙΠΟΜΕΝΩΝ Α 11:37	Ἀζοβαὶ	Yes	No	No	αζωβαι	1.00	Yes	No	Yes	\vs{37}ʼΗσερὲ ὁ Χαρμαδαῒ, Νααραὶ υἱὸς Ἀζοβαὶ,
13183	ΠΑΡΑΛΕΙΠΟΜΕΝΩΝ Α 11:47	Δαλιὴλ	Yes	No	No	δαλειὴλ	1.00	Yes	No	Yes	\vs{47}Δαλιὴλ, καὶ Ὠβὴθ, καὶ Ἰεσσειὴλ ὁ Μεσωβία.
13183	ΠΑΡΑΛΕΙΠΟΜΕΝΩΝ Α 11:47	Ἰεσσειὴλ	Yes	No	No	ιεσιηλ	1.00	Yes	No	Yes	\vs{47}Δαλιὴλ, καὶ Ὠβὴθ, καὶ Ἰεσσειὴλ ὁ Μεσωβία.
13259	ΠΑΡΑΛΕΙΠΟΜΕΝΩΝ Α 14:5	Ἐλιφαλὴθ	Yes	No	No	ἐλειφάλεθ	1.00	Yes	No	Yes	\vs{5}καὶ Βαὰρ, καὶ Ἐλισὰ, καὶ Ἐλιφαλὴθ,
13284	ΠΑΡΑΛΕΙΠΟΜΕΝΩΝ Α 15:8	Ἐλισαφὰτ	Yes	No	No	ἐλεισαφάτ	1.00	Yes	No	Yes	\vs{8}Τῶν υἱῶν Ἐλισαφὰτ, Σεμεῒ ὁ ἄρχων καὶ οἱ ἀδελφοὶ αὐτοῦ, διακόσιοι.
13296	ΠΑΡΑΛΕΙΠΟΜΕΝΩΝ Α 15:18	Ἐλιφενὰ	Yes	No	No	ἐλειφενὰ	1.00	Yes	No	Yes	\vs{18}Καὶ μετʼ αὐτῶν οἱ ἀδελφοὶ αὐτῶν οἱ δεύτεροι, Ζαχαρίας, καὶ Ὀζιὴλ, καὶ Σεμιραμὼθ, καὶ Ἰεϊὴλ, καὶ Ἐλιωὴλ, καὶ Ἐλιὰβ, καὶ Βαναία, καὶ Μαασαΐα, καὶ Ματθαθία, καὶ Ἐλιφενὰ, καὶ Μακελλία, καὶ Ἀβδεδὸμ, καὶ Ἰεϊὴλ, καὶ Ὀζίας, οἱ πυλωροί.·
13296	ΠΑΡΑΛΕΙΠΟΜΕΝΩΝ Α 15:18	Μακελλία	Yes	No	No	μακελλειὰ	1.00	Yes	No	Yes	\vs{18}Καὶ μετʼ αὐτῶν οἱ ἀδελφοὶ αὐτῶν οἱ δεύτεροι, Ζαχαρίας, καὶ Ὀζιὴλ, καὶ Σεμιραμὼθ, καὶ Ἰεϊὴλ, καὶ Ἐλιωὴλ, καὶ Ἐλιὰβ, καὶ Βαναία, καὶ Μαασαΐα, καὶ Ματθαθία, καὶ Ἐλιφενὰ, καὶ Μακελλία, καὶ Ἀβδεδὸμ, καὶ Ἰεϊὴλ, καὶ Ὀζίας, οἱ πυλωροί.·
13328	ΠΑΡΑΛΕΙΠΟΜΕΝΩΝ Α 16:15	Μνημονεύωμεν	Yes	No	No	μνημονεύομεν	1.00	Yes	No	Yes	\vs{15}Μνημονεύωμεν εἰς αἰῶνα διαθήκης αὐτοῦ, λόγον αὐτοῦ ὃν ἐνετείλατο εἰς χιλίας γενεὰς,
13412	ΠΑΡΑΛΕΙΠΟΜΕΝΩΝ Α 18:12	Ἀβεσὰ	Yes	No	No	αβεσσα	1.00	Yes	No	Yes	\vs{12}Καὶ Ἀβεσὰ υἱὸς Σαρουίας ἐπάταξε τὴν Ἰδουμαίαν ἐν κοιλάδι τῶν ἁλῶν, ὀκτὼκαὶδεκα χιλιάδας.
13509	ΠΑΡΑΛΕΙΠΟΜΕΝΩΝ Α 22:11	υἱέμου	No	No	No	υἱέ μου	1.00	Yes	No	Yes	\vs{11}Καὶ νῦν, υἱέμου, ἔσται μετὰ σοῦ Κύριος, καὶ εὐοδώσει, καὶ οἰκοδομήσεις οἶκον τῷ Κυρίῳ Θεῷ σου. ὡς ἐλάλησε περὶ σοῦ.
13528	ΠΑΡΑΛΕΙΠΟΜΕΝΩΝ Α 23:6	Μαραρί	Yes	No	No	μαραρεί	1.00	Yes	No	Yes	\vs{6}καὶ διεῖλεν αὐτοὺς Δαυὶδ ἐφημερίας τοῖς υἱοῖς Λευῖ, τῷ Γεδσών, Καάθ, καὶ Μαραρί·
13530	ΠΑΡΑΛΕΙΠΟΜΕΝΩΝ Α 23:8	Ζηθὸμ	Yes	No	No	ζεθομ	1.00	Yes	No	Yes	\vs{8}γἱοὶ τῷ Ἐδάν, ἄρχων Ἰεϊὴλ, καὶ Ζηθὸμ, καὶ Ἰωήλ, καὶ τρεῖς.
13535	ΠΑΡΑΛΕΙΠΟΜΕΝΩΝ Α 23:12	Ἰσαάρ	Yes	No	No	ισσααρ	1.00	Yes	No	Yes	\vs{12}γἱοὶ Καάθ, Ἀμβρὰμ, Ἰσαάρ, Χεβρών, Ὀζιὴλ, τέσσαρες.
13541	ΠΑΡΑΛΕΙΠΟΜΕΝΩΝ Α 23:18	Ἰσαάρ	Yes	No	No	ισσααρ	1.00	Yes	No	Yes	\vs{18}γἱοὶ Ἰσαάρ, Σαλωμὼθ ὁ ἄρχων.
13549	ΠΑΡΑΛΕΙΠΟΜΕΝΩΝ Α 23:24	λειτουργείας	No	No	No	λειτουργίας	1.00	Yes	No	Yes	\vs{24}Οὗτοι υἱοὶ Λευὶ κατʼ οἴκους πατριῶν αὐτῶν, ἄρχοντες τῶν πατριῶν αὐτῶν κατὰ τὴν ἐπίσκεψιν αὐτῶν, κατὰ τὸν ἀριθμὸν ὀνομάτων αὐτῶν, κατὰ κεφαλὴν αὐτῶν, ποιοῦντες τὰ ἔργα λειτουργείας οἴκου Κυρίου ἀπὸ εἰκοσαετοῦς καὶ ἐπάνω.
13553	ΠΑΡΑΛΕΙΠΟΜΕΝΩΝ Α 23:28	λειτουργείας	No	No	No	λειτουργίας	1.00	Yes	No	Yes	\vs{28}Ὅτι ἔστησεν αὐτοὺς ἐπὶ χειρὶ Ἀαρὼν, τοῦ λειτουργεῖν ἐν οἴκῳ Κυρίου ἐπὶ τὰς αὐλὰς, καὶ ἐπὶ τὰ παστοφόρια, καὶ ἐπὶ τὸν καθαρισμὸν τῶν πάντων ἁγίων, καὶ ἐπὶ τὰ ἔργα λειτουργείας οἴκου τοῦ Θεοῦ,
13571	ΠΑΡΑΛΕΙΠΟΜΕΝΩΝ Α 24:9	Μεϊαμὶν	Yes	No	No	μιαμιν	1.00	Yes	No	Yes	\vs{9}τῷ Μελχίᾳ ὁ πέμπτος, τῷ Μεϊαμὶν ὁ ἕκτος,
13576	ΠΑΡΑΛΕΙΠΟΜΕΝΩΝ Α 24:14	Χηζὶν	Yes	No	No	χηζεὶν	1.00	Yes	No	Yes	\vs{14}τῷ Ἐμμὴρ ὁ ἑκκαιδέκατος, τῷ Χηζὶν ὁ ἑπτακαιδέκατος,
13686	ΠΑΡΑΛΕΙΠΟΜΕΝΩΝ Α 27:12	ἐννάτῳ	No	No	No	ἐνάτῳ	1.00	Yes	No	Yes	\vs{12}Ὁ ἔννατος τῷ μηνὶ τῷ ἐννάτῳ Ἀβιέζερ ὁ ἐξ Ἀναθὼθ ὁ ἐκ γῆς Βενιαμὶν, καὶ ἐπὶ τῆς διαιρέσεως αὐτοῦ τέσσαρες καὶ εἴκοσι χιλιάδες.
13689	ΠΑΡΑΛΕΙΠΟΜΕΝΩΝ Α 27:15	Χολδία	Yes	No	No	χολδειὰ	1.00	Yes	No	Yes	\vs{15}Ὁ δωδέκατος εἰς τὸν μῆνα τὸν δωδέκατον Χολδία ὁ ἐκ Νετωφαθὶ τῷ Γοθονιὴλ, καὶ ἐπὶ τῆς διαιρέσεως αὐτοῦ εἴκοσι καὶ τέσσαρες χιλιάδες.
13702	ΠΑΡΑΛΕΙΠΟΜΕΝΩΝ Α 27:25	Ὀδιὴλ	Yes	No	No	ωδιηλ	1.00	Yes	No	Yes	\vs{25}Καὶ ἐπὶ τῶν θησαυρῶν τοῦ βασιλέως, Ἀσμὼθ ὁ τοῦ Ὀδιὴλ, καὶ ἐπὶ τῶν θησαυρῶν τῶν ἐν ἀγρῷ καὶ ἐν ταῖς κώμαις καὶ ἐν τοῖς ἐποικίοις καὶ ἐν τοῖς πύργοις, Ἰωνάθαν ὁ τοῦ Ὀζίου.
13710	ΠΑΡΑΛΕΙΠΟΜΕΝΩΝ Α 27:32	Ἀχαμὶ	Yes	No	No	ἁχαμεὶ	1.00	Yes	No	Yes	\vs{32}Καὶ Ἰωνάθαν ὁ πατράδελφος Δαυὶδ σύμβουλος, ἄνθρωπος συνετός· καὶ Ἰεὴλ ὁ τοῦ Ἀχαμὶ μετὰ τῶν υἱῶν τοῦ βασιλέως.
13745	ΠΑΡΑΛΕΙΠΟΜΕΝΩΝ Α 29:4	ἐξαλειφῆναι	No	No	No	ἐξαλιφῆναι	1.00	Yes	No	Yes	\vs{4}τρισχίλια τάλαντα χρυσίου τοῦ ἐκ Σουφὶρ, καὶ ἑπτακισχίλια τάλαντα ἀργυρίου δοκίμου, ἐξαλειφῆναι ἐν αὐτοῖς τοὺς τοίχους τοῦ ἱεροῦ,
13774	ΠΑΡΑΛΕΙΠΟΜΕΝΩΝ Α 29:27	τριακοντατρία	No	No	No	τριάκοντα τρία	1.00	Yes	No	Yes	\vs{27}ἔτη τεσσράκοντα, ἐν Χεβρὼν ἔτη ἑπτὰ, καὶ ἐν Ἱερουσαλὴμ ἔτη τριακοντατρία.
13811	ΠΑΡΑΛΕΙΠΟΜΕΝΩΝ Β 2:3	τοδείλης	No	No	No	τὸ δείλης	1.00	Yes	No	Yes	\vs{3}καὶ ἰδοὺ ἐγὼ ὁ υἱὸς αὐτοῦ οἰκοδομῶ οἶκον τῷ ὀνόματι Κυρίου Θεοῦ μου, ἁγιάσαι αὐτὸν αὐτῷ τοῦ θυμιᾷν ἀπέναντι αὐτοῦ θυμίαμα καὶ πρόθεσιν διαπαντὸς, καὶ τοῦ ἀναφέρειν ὁλοκαυτώματα διαπαντὸς τοπρωῒ καὶ τοδείλης, καὶ ἐν τοῖς σαββάτοις, καὶ ἐν ταῖς νουμηνίαις, καὶ ἐν ταῖς ἑορταῖς τοῦ Κυρίου Θεοῦ ἡμῶν· εἰς τὸν αἰῶνα τοῦτο ἐπὶ τὸν Ἰσραήλ.
13830	ΠΑΡΑΛΕΙΠΟΜΕΝΩΝ Β 3:1	Ἀμωρία	Yes	No	No	αμορια	1.00	Yes	No	Yes	Καὶ ἤρξατο Σαλωμὼν τοῦ οἰκοδομεῖν τὸν οἶκον Κυρίου ἐν Ἱερουσαλὴμ ἐν ὄρει τοῦ Ἀμωρία, οὗ ὤφθη Κύριος τῷ Δαυὶδ πατρὶ αὐτοῦ, ἐν τῷ τόπῳ ᾧ ἡτοίμασε Δαυὶδ ἐν ἅλῳ Ὀρνὰ τοῦ Ἰεβουσαίου.
13949	ΠΑΡΑΛΕΙΠΟΜΕΝΩΝ Β 6:39	ἁμαρτῶντί	No	No	No	ἁμαρτόντι	1.00	Yes	No	Yes	\vs{39}καὶ ἀκούσῃ ἐκ τοῦ οὐρανοῦ ἐξ ἑτοίμου κατοικητηρίου σου τῆς προσευχῆς αὐτῶν καὶ τῆς δεήσεως αὐτῶν, καὶ ποιήσεις κρίματα, καὶ ἵλεως ἔσῃ τῷ λαῷ τῷ ἁμαρτῶντί σοι.
13980	ΠΑΡΑΛΕΙΠΟΜΕΝΩΝ Β 7:19	ἐγκαταλείπητε	No	No	No	ἐγκαταλίπητε	1.00	Yes	No	Yes	\vs{19}Καὶ ἐὰν ἀποστρέψητε ὑμεῖς, καὶ ἐγκαταλείπητε τὰ προστάγματά μου καὶ τὰς ἐντολάς μου ἃς ἔδωκα ἐναντίον ὑμῶν, καὶ πορευθῆτε καὶ λατρεύσητε θεοῖς ἑτέροις καὶ προσκυνήσητε αὐτοῖς,
14100	ΠΑΡΑΛΕΙΠΟΜΕΝΩΝ Β 11:20	Ζηζὰ	Yes	No	No	ζιζα	1.00	Yes	No	Yes	\vs{20}Καὶ μετὰ ταῦτα ἔλαβεν ἑαυτῷ τὴν Μααχὰ θυγατέρα Ἀβεσσαλὼμ, καὶ ἔτεκεν αὐτῷ τὸν Ἀβιὰ, καὶ τὸν Ἰετθὶ, καὶ τὸν Ζηζὰ, καὶ τὸν Σαλημώθ.
14179	ΠΑΡΑΛΕΙΠΟΜΕΝΩΝ Β 15:2	ἐγκαταλείπητε	No	No	No	ἐγκαταλίπητε	1.00	Yes	No	Yes	\vs{2}Καὶ ἐξῆλθεν εἰς ἀπάντησιν Ἀσὰ καὶ παντὶ Ἰούδα καὶ Βενιαμὶν, καὶ εἶπεν, ἀκούσατέ μου Ἀσὰ, καὶ πᾶς Ἰούδα καὶ Βενιαμίν· Κύριος μεθʼ ὑμῶν ἐν τῷ εἶναι ὑμᾶς μετʼ αὐτοῦ, καὶ ἐὰν ἐκζητήσητε αὐτὸν εὑρεθήσεται ὑμῖν, καὶ ἐὰν ἐγκαταλείπητε αὐτὸν, ἐγκαταλείψει ὑμᾶς.
14219	ΠΑΡΑΛΕΙΠΟΜΕΝΩΝ Β 16:12	ἐννάτῳ	No	No	No	ἐνάτῳ	1.00	Yes	No	Yes	\vs{12}Καὶ ἐμαλακίσθη Ἀσὰ ἐν τῷ ἔτει τῷ ἐννάτῳ καὶ τριακοστῷ τῆς βασιλείας αὐτοῦ τοὺς πόδας, ἕως σφόδρα ἐμαλακίσθη· καὶ ἐν τῇ μαλακίᾳ αὐτοῦ οὐκ ἐζήτησε τὸν Κύριον, ἀλλὰ τοὺς ἰατρούς.
14242	ΠΑΡΑΛΕΙΠΟΜΕΝΩΝ Β 17:16	Ζαρὶ	Yes	No	No	ζαρεὶ	1.00	Yes	No	Yes	\vs{16}Καὶ μετʼ αὐτὸν Ἀμασίας ὁ τοῦ Ζαρὶ, ὁ προθυμούμενος τῷ κυρίῳ, καὶ μετʼ αὐτοῦ διακόσιαι χιλιάδες δυνατοὶ δυνάμεως.
14324	ΠΑΡΑΛΕΙΠΟΜΕΝΩΝ Β 20:16	Ἀσσεῖς	Yes	No	No	ασας	1.00	Yes	No	Yes	\vs{16}Αὔριον κατάβητε ἐπʼ αὐτούς· ἰδοὺ ἀναβαίνουσι κατὰ τὴν ἀνάβασιν Ἀσσεῖς, καὶ εὑρήσετε αὐτοὺς ἐπʼ ἄκρου ποταμοῦ τῆς ἐρήμου Ἰεριήλ.
14525	ΠΑΡΑΛΕΙΠΟΜΕΝΩΝ Β 26:21	ἀπφουσὼθ	No	No	No	αφφουσωθ	1.00	Yes	No	Yes	\vs{21}Καὶ Ὀζίας ὁ βασιλεὺς ἦν λεπρὸς ἕως ἡμέρας τῆς τελευτῆς αὐτοῦ, καὶ ἐν οἴκῳ ἀπφουσὼθ ἐκάθητο λεπρὸς, ὅτι ἀπεσχίσθη ἀπὸ οἴκου Κυρίου· καὶ Ἰωάθαν ὁ υἱὸς αὐτοῦ ἐπὶ τῆς βασιλείας αὐτοῦ κρίνων τὸν λαὸν τῆς γῆς.
14675	ΠΑΡΑΛΕΙΠΟΜΕΝΩΝ Β 31:14	Κορὴ	Yes	No	No	κωρη	1.00	Yes	No	Yes	\vs{14}Καὶ Κορὴ ὁ τοῦ Ἰεμνὰ ὁ Λευίτης ὁ πυλωρὸς κατὰ ἀνατολὰς ἐπὶ τῶν δομάτων, δοῦναι τὰς ἀπαρχὰς Κυρίου, καὶ τὰ ἅγια τῶν ἁγίων,
14819	ΠΑΡΑΛΕΙΠΟΜΕΝΩΝ Β 35:15	Ἰδιθὼμ	Yes	No	No	ἰδειθὼμ	1.00	Yes	No	Yes	\vs{15}Καὶ οἱ ψαλτῳδοὶ υἱοὶ Ἀσὰφ ἐπὶ τῆς στάσεως αὐτῶν κατὰ τὰς ἐντολὰς Δαυὶδ, καὶ Ἀσὰφ, καὶ Αἰμὰν, καὶ Ἰδιθὼμ οἱ προφῆται τοῦ βασιλέως· καὶ οἱ ἄρχοντες καὶ οἱ πυλωροὶ πύλης καὶ πύλης, οὐκ ἦν αὐτοῖς κινεῖσθαι ἀπὸ τῆς λειτουργίας τῶν ἁγίων, ὅτι οἱ ἀδελφοὶ αὐτῶν οἱ Λευῖται ἡτοίμασαν αὐτοῖς.
14825	ΠΑΡΑΛΕΙΠΟΜΕΝΩΝ Β 35:19a	καρησὶμ	No	No	No	καρασιμ	1.00	Yes	No	Yes	\vs{19a}καὶ τοὺς ἐγγαστριμύθους καὶ τοὺς γνώστας καὶ τὰ θεραφὶν καὶ τὰ εἴδωλα καὶ τὰ καρησὶμ ἃ ἦν ἐν γῇ Ἰούδα καὶ ἐν Ἱερουσαλὴμ, ἐνεπύρισεν ὁ βασιλεὺς Ἰωσίας, ἵνα στήσῃ τοὺς λόγους τοῦ νόμου τοὺς γεγραμμένους ἐπὶ τοῦ βιβλίου οὗ εὗρε Χελκίας ὁ ἱερεὺς ἐν τῷ οἴκῳ Κυρίου·
14890	ΕΣΔΡΑΣ 1:4	καταλιπόμενος	No	No	No	καταλειπόμενος	1.00	Yes	No	Yes	\vs{4}Καὶ πᾶς ὁ καταλιπόμενος ἀπὸ πάντων τῶν τόπων οὗ αὐτὸς παροικεῖ ἐκεῖ, καὶ λήψονται αὐτὸν ἄνδρες τοῦ τόπου αὐτοῦ ἐν ἀργυρίῳ, καὶ χρυσίῳ, καὶ ἀποσκευῇ, καὶ κτήνεσι μετὰ τοῦ ἑκουσίου εἰς οἶκον τοῦ Θεοῦ τὸν ἐν Ἱερουσαλήμ.
14933	ΕΣΔΡΑΣ 2:17	Βασσοῦ	Yes	No	No	βασου	1.00	Yes	No	Yes	\vs{17}Υἱοὶ Βασσοῦ, τριακόσιοι εἰκοσιτρεῖς.
14951	ΕΣΔΡΑΣ 2:26	εἰκοσιεῖς	No	No	No	εἴκοσι εἷς	1.00	Yes	No	Yes	\vs{26}Υἱοὶ τῆς Ῥαμὰ καὶ Γαβαὰ, ἑξακόσιοι εἰκοσιεῖς.
15037	ΕΣΔΡΑΣ 4:3	τοαυτὸ	No	No	No	τὸ αὐτὸ	1.00	Yes	No	Yes	\vs{3}Καὶ εἶπε πρὸς αὐτοὺς Ζοροβάβελ καὶ Ἰησοῦς καὶ οἱ κατάλοιποι τῶν ἀρχόντων τῶν πατριῶν τοῦ Ἰσραὴλ, οὐχ ἡμῖν καὶ ὑμῖν τοῦ οἰκοδομῆσαι οἶκον τῷ Θεῷ ἡμῶν, ὅτι ἡμεῖς ἐπὶ τοαυτὸ οἰκοδομήσομεν τῷ Κυρίω Θεῷ ἡμῶν, ὡς ἐνετείλατο ἡμῖν Κύρος ὁ βασιλεὺς Περσῶν.
15041	ΕΣΔΡΑΣ 4:6	Ἀσσουήρου	Yes	No	No	ασουηρου	1.00	Yes	No	Yes	\vs{6}Καὶ ἐν βασιλείᾳ Ἀσσουήρου, καὶ ἐν ἀρχῇ βασιλείας αὐτοῦ ἔγραψαν ἐπιστολὴν ἐπὶ οἰκοῦντας Ἰούδα καὶ Ἱερουσαλήμ.
15044	ΕΣΔΡΑΣ 4:9	Ταρφαλαῖοι	Yes	No	No	ταρφαλλαῖοι	1.00	Yes	No	Yes	\vs{9}Τάδε ἔκρινε Ῥεοὺμ βαλτὰμ καὶ Σαμψὰ ὁ γραμματεὺς καὶ οἱ κατάλοιποι σύνδουλοι ἡμῶν, Δειναῖοι, Ἀφαρσαθαχαῖοι, Ταρφαλαῖοι, Ἀφαρσαῖοι, Ἀρχυαῖοι, Βαβυλώνιοι, Σουσαναχαῖοι, Δαυαῖοι,
15078	ΕΣΔΡΑΣ 5:12	Ἀφότε	Yes	No	No	ἀφ ὅτε	1.00	Yes	No	Yes	\vs{12}Ἀφότε δὲ παρώργισαν οἱ πατέρες ἡμῶν τὸν Θεὸν τοῦ οὐρανοῦ, ἔδωκεν αὐτοὺς εἰς χεῖρας Ναβουχοδονόσορ βασιλέως Βαβυλῶνος τοῦ Χαλδαίου, καὶ τὸν οἴκον τοῦτον κατέλυσε, καὶ τὸν λαὸν ἀπῴκισεν εἰς Βαβυλῶνα.
15107	ΕΣΔΡΑΣ 6:17	χιμάῤῥους	No	No	No	χιμάρους	1.00	Yes	No	Yes	\vs{17}Καὶ προσήνεγκαν εἰς τὰ ἐγκαίνια τοῦ οἴκου τοῦ Θεοῦ μόσχους ἑκατὸν, κριοὺς διακοσίους, ἀμνοὺς τετρακοσίους, χιμάῤῥους αἰγῶν ὑπὲρ ἁμαρτίας ὑπὲρ παντὸς Ἰσραὴλ δώδεκα εἰς ἀριθμὸν φυλῶν Ἰσραήλ.
15132	ΕΣΔΡΑΣ 7:15	ἑκουσιάσθησαν	No	No	No	ἡκουσιάσθησαν	1.00	Yes	No	Yes	\vs{15}Καὶ εἰς οἶκον Κυρίου, ἀργύριον καὶ χρυσίον, ὃ ὁ βασιλεὺς καὶ οἱ σύμβουλοι ἑκουσιάσθησαν τῷ Θεῷ τοῦ Ἰσραὴλ τῷ ἐν Ἱερουσαλὴμ κατασκηνοῦντι.
15141	ΕΣΔΡΑΣ 7:23	μήτις	No	No	No	μή τις	1.00	Yes	No	Yes	\vs{23}Πᾶν ὅ ἐστιν ἐν γνώμῃ Θεοῦ τοῦ οὐρανοῦ, γινέσθω· προσέχετε μήτις ἐπιχειρήσῃ εἰς τὸν οἶκον Θεοῦ τοῦ οὐρανοῦ, μή ποτε γένηται ὀργὴ ἐπὶ τὴν βασιλείαν τοῦ βασιλέως καὶ τῶν υἱῶν αὐτοῦ.
15230	ΕΣΔΡΑΣ 10:15	Μεσουλλὰμ	Yes	No	No	μεσουλαμ	1.00	Yes	No	Yes	\vs{15}Πλὴν Ἰωνάθαν υἱὸς Ἀσὴλ, καὶ Ἰαζίας υἱὸς Θεκωὲ μετʼ ἐμοῦ περὶ τούτου· καὶ Μεσουλλὰμ, καὶ Σαββαθαῒ ὁ Λευίτης βοηθῶν αὐτοῖς.
15245	ΕΣΔΡΑΣ 10:28	Θαλί	Yes	No	No	θαλεί	1.00	Yes	No	Yes	\vs{28}Καὶ ἀπὸ υἱῶν Βαβεῒ, Ἰωανὰν, Ἀνανία, καὶ Ζαβοὺ, καὶ Θαλί.
15253	ΕΣΔΡΑΣ 10:36	Ἐλιασὶφ	Yes	No	No	ἐλειασείφ	1.00	Yes	No	Yes	\vs{36}Οὐουανία, Μαριμὼθ, Ἐλιασὶφ,
15319	ΝΕΕΜΙΑΣ 3:6	Ἰωϊδὰ	Yes	No	No	ιοϊδα	1.00	Yes	No	Yes	\vs{6}Καὶ τὴν πύλην ἰασαναῒ ἐκράτησαν Ἰωϊδὰ υἱὸς Φασὲκ, καὶ Μεσουλὰμ υἱὸς Βασωδία· αὐτοὶ ἐστέγασαν αὐτὴν, καὶ ἔστησαν θύρας αὐτῆς καὶ κλεῖθρα αὐτῆς καὶ μοχλοὺς αὐτῆς.
15323	ΝΕΕΜΙΑΣ 3:10	Ἀττοὺθ	Yes	No	No	ἁτοὺθ	1.00	Yes	No	Yes	\vs{10}Καὶ ἐπὶ χεῖρα αὐτῶν ἐκράτησεν Ἰεδαΐα υἱὸς Ἑρωμὰφ, καὶ κατέναντι οἰκίας αὐτοῦ· καὶ ἐπὶ χεῖρα αὐτοῦ ἐκράτησεν Ἀττοὺθ υἱὸς Ἀσαβανία.
15324	ΝΕΕΜΙΑΣ 3:11	θανουρίμ	No	No	No	θαννουριμ	1.00	Yes	No	Yes	\vs{11}Καὶ δεύτερος ἐκράτησε Μελχίας υἱὸς Ἡρὰμ, καὶ Ἀσοὺβ υἱὸς Φαὰτ Μωὰβ, καὶ ἕως πύργου τῶν θανουρίμ.
15325	ΝΕΕΜΙΑΣ 3:12	Σαλλοὺμ	Yes	No	No	σαλουμ	1.00	Yes	No	Yes	\vs{12}Καὶ ἐπὶ χεῖρα αὐτοῦ ἐκράτησε Σαλλοὺμ υἱὸς Ἀλλωῆς, ἄρχων ἡμίσους περιχώρου Ἱερουσαλὴμ, αὐτὸς καὶ αἱ θυγατέρες αὐτοῦ.
15334	ΝΕΕΜΙΑΣ 3:18	Βενεῒ	Yes	No	No	βενι	1.00	Yes	No	Yes	\vs{18}Καὶ μετʼ αὐτὸν ἐκράτησαν ἀδελφοὶ αὐτῶν Βενεῒ υἱὸς Ἠναδὰδ, ἄρχων ἡμίσους περιχώρου Κεϊλά.
15335	ΝΕΕΜΙΑΣ 3:19	Μασφαὶ	Yes	No	No	μασφε	1.00	Yes	No	Yes	\vs{19}Καὶ ἐκράτησεν ἐπὶ χεῖρα αὐτοῦ Ἀζοὺρ υἱὸς Ἰησοῦ, ἄρχων τοῦ Μασφαὶ, μέτρον δεύτερον πύργου ἀναβάσεως τῆς συναπτούσης τῆς γωνίας.
15495	ΝΕΕΜΙΑΣ 7:34	Ἠλαμαὰρ	Yes	No	No	ἠλὰμ ἀάρ	1.00	Yes	No	Yes	\vs{34}Ἄνδρες Ἠλαμαὰρ, χίλιοι διακόσιοι πεντηκονταδύο.
15501	ΝΕΕΜΙΑΣ 7:37	Λοδαδὶδ	Yes	No	No	λοδ αδιδ	1.00	Yes	No	Yes	\vs{37}γἱοὶ Λοδαδὶδ καὶ Ὠνὼ, ἑπτακόσιοι εἰκοσιεῖς.
15501	ΝΕΕΜΙΑΣ 7:37	εἰκοσιεῖς	No	No	No	εἴκοσι εἷς	1.00	Yes	No	Yes	\vs{37}γἱοὶ Λοδαδὶδ καὶ Ὠνὼ, ἑπτακόσιοι εἰκοσιεῖς.
15525	ΝΕΕΜΙΑΣ 7:52	Νεφωσασὶ	Yes	No	No	νεφωσασεί	1.00	Yes	No	Yes	\vs{52}υἱοὶ Βησὶ, υἱοὶ Μεϊνὼν, υἱοὶ Νεφωσασὶ,
15527	ΝΕΕΜΙΑΣ 7:54	Μιδὰ	Yes	No	No	μεϊδα	1.00	Yes	No	Yes	\vs{54}υἱοὶ Βασαλὼθ, υἱοὶ Μιδὰ, υἱοὶ Ἀδασὰν,
15532	ΝΕΕΜΙΑΣ 7:59	Ἐττὴλ	Yes	No	No	ετηλ	1.00	Yes	No	Yes	\vs{59}υἱοὶ Σαφατία, υἱοὶ Ἐττὴλ, υἱοὶ Φακαρὰθ, υἱοὶ Σαβαῒμ, υἱοὶ Ἠμίμ.
15594	ΝΕΕΜΙΑΣ 9:15	σιτοδοτίαν	No	No	No	σιτοδοτείαν	1.00	Yes	No	Yes	\vs{15}Καὶ ἄρτον ἐξ οὐρανοῦ ἔδωκας αὐτοῖς εἰς σιτοδοτίαν αὐτῶν, καὶ ὕδωρ ἐκ πέτρας ἐξήνεγκας αὐτοῖς εἰς δίψαν αὐτῶν· καὶ εἶπας αὐτοῖς εἰσελθεῖν κληρονομῆσαι τὴν γῆν ἐφʼ ἣν ἐξέτεινας τὴν χεῖρά σου δοῦναι αὐτοῖς.
15614	ΝΕΕΜΙΑΣ 9:30	ἐνωτίσαντο	No	No	No	ἠνωτίσαντο	1.00	Yes	No	Yes	\vs{30}Καὶ εἵλκυσας ἐπʼ αὐτοὺς ἔτη πολλὰ, καὶ ἐπεμαρτύρω αὐτοῖς ἐν πνεύματί σου ἐν χειρὶ προφητῶν σου, καὶ οὐκ ἐνωτίσαντο, καὶ ἔδωκας αὐτοὺς ἐν χειρὶ λαῶν τῆς γῆς.
15632	ΝΕΕΜΙΑΣ 10:7	Γανναθὼν	Yes	No	No	γαναθων	1.00	Yes	No	Yes	\vs{7}Δανιὴλ, Γανναθὼν, Βαροὺχ,
15638	ΝΕΕΜΙΑΣ 10:12	Φελία	Yes	No	No	φελεϊα	1.00	No	Yes	Yes	\vs{12}Φελία, Ανὰν, Μιχὰ, Ῥοὼβ,
15648	ΝΕΕΜΙΑΣ 10:21	Μεσουλλὰμ	Yes	No	No	μεσουλαμ	1.00	Yes	No	Yes	\vs{21}Μεγαφὴς, Μεσουλλὰμ, Ἠζὶρ,
15653	ΝΕΕΜΙΑΣ 10:26	Ἐσσαβανὰ	Yes	No	No	εσαβανα	1.00	Yes	No	Yes	\vs{26}Ῥεοὺμ, Ἐσσαβανὰ, Μαασία,
15681	ΝΕΕΜΙΑΣ 11:7	Ἐθιὴλ	Yes	No	No	αιθιηλ	1.00	Yes	No	Yes	\vs{7}Καὶ οὗτοι υἱοὶ Βενιαμὶν, Σηλὼ υἱὸς Μεσουλὰμ, υἱὸς Ἰωὰδ, υἱὸς Φαδαΐα, υἱὸς Κωλεΐα, υἱὸς Μαασίου, υἱὸς Ἐθιὴλ, υἱὸς Ἰεσία,
15682	ΝΕΕΜΙΑΣ 11:8	Γηβὲ	Yes	No	No	γηβή	1.00	Yes	No	Yes	\vs{8}καὶ ὀπίσω αὐτοῦ Γηβὲ, Σηλὶ, ἐννακόσιοι εἰκοσιοκτώ.
15724	ΝΕΕΜΙΑΣ 12:17	Σεμία	Yes	No	No	σεμεια	1.00	No	Yes	Yes	\vs{17}Τῷ Ἀβιὰ, Ζεχρί· τῷ Μιαμὶν, Μααδαί· τῷ Φελετὶ, τῷ βαλγὰς, Σαμουέ· τῷ Σεμία, Ἰωνάθαν·
15794	ΝΕΕΜΙΑΣ 13:27	ἀκουσώμεθα	No	No	No	ἀκουσόμεθα	1.00	Yes	No	Yes	\vs{27}Καὶ ὑμῶν μὴ ἀκουσώμεθα ποιῆσαι πᾶσαν πονηρίαν ταύτην, ἀσυνθετῆσαι ἐν τῷ Θεῷ ἡμῶν, καθίσαι γυναῖκας ἀλλοτρίας.
15882	ΕΣΘΗΡ 2:22	ἐνεφάνησε	No	No	No	ἐνεφάνισεν	1.00	Yes	No	Yes	\vs{22}Καὶ ἐδηλώθη Μαρδοχαίῳ ὁ λόγος, καὶ ἐσήμανεν Ἐσθήρ, καὶ αὐτὴ ἐνεφάνησε τῷ βασιλεῖ τὰ τῆς ἐπιβουλῆς.
15908	ΕΣΘΗΡ 3:13f	ὁλοριζὶ	No	No	No	ὁλορριζεὶ	1.00	Yes	No	Yes	\vs{13f}προστετάχαμεν οὖν τοὺς σημαινομένους ὑμῖν ἐν τοῖς γεγραμμένοις ὑπὸ Ἀμὰν τοῦ τεταγμένου ἐπὶ τῶν πραγμάτων, καὶ δευτέρου πατρὸς ἡμῶν, πάντας σὺν γυναιξὶ καὶ τέκνοις ἀπολέσαι ὁλοριζὶ, ταῖς τῶν ἐχθρῶν μαχαίραις, ἄνευ παντὸς οἴκτου καὶ φειδοῦς, τῇ τεσσαρεσκαιδεκάτῃ τοῦ δωδεκάτου μηνὸς Ἄδαρ, τοῦ ἐνεστῶτος ἔτους,
15938	ΕΣΘΗΡ 4:17d	ὑπερηφανείᾳ	No	No	No	ὑπερηφανίᾳ	1.00	Yes	No	Yes	\vs{17d}Σὺ πάντα γινώσκεις· σὺ οἶδας, Κύριε, ὅτι οὐκ ἐν ὕβρει, οὐδὲ ἐν ὑπερηφανείᾳ, οὐδὲ ἐν φιλοδοξίᾳ ἐποίησα τοῦτο, τὸ μὴ προσκυνεῖν τὸν ὑπερήφανον Ἀμάν. Ὅτι ηὐδόκουν φιλεῖν πέλματα ποδῶν αὐτοῦ πρὸς σωτηρίαν Ἰσραήλ.
15939	ΕΣΘΗΡ 4:17e	ὑπερηφανείᾳ	No	No	No	ὑπερηφανίᾳ	1.00	Yes	No	Yes	\vs{17e}Ἀλλʼ ἐποίησα τοῦτο, ἵνα μὴ θῶ δόξαν ἀνθρώπου ὑπεράνω δόξης Θεοῦ· καὶ οὐ προσκυνήσω οὐδένα, πλὴν σοῦ τοῦ κυρίου μου, καὶ οὐ ποιήσω αὐτὰ ἐν ὑπερηφανείᾳ.
15965	ΕΣΘΗΡ 5:1	περιεβάλλετο	No	No	No	περιεβάλετο	1.00	Yes	No	Yes	Καὶ ἐγενήθη ἐν τῇ ἡμέρᾳ τῇ τρίτῃ ὡς ἐπαύσατο προσευχομένη, ἐξεδύσατο τὰ ἱμάτια τῆς θεραπείας, καὶ περιεβάλλετο τὴν δόξαν αὐτῆς.
16170	ΙΩΒ 2:3	διακενῆς	No	No	No	διὰ κενῆς	1.00	Yes	No	Yes	\vs{3}Εἶπε δὲ ὁ Κύριος πρὸς τὸν διάβολον, προσέσχες οὖν τῷ θεράποντί μου Ἰὼβ, ὅτι οὐκ ἔστι κατʼ αὐτὸν τῶν ἐπὶ τῆς γῆς; ἄνθρωπος ἄκακος, ἀληθινὸς, ἄμεμπτος, θεοσεβὴς, ἀπεχόμενος ἀπὸ παντὸς κακοῦ, ἔτι δὲ ἔχεται ἀκακίας· σὺ δὲ εἶπας ὑπάρχοντα αὐτοῦ διακενῆς ἀπολέσαι.
16188	ΙΩΒ 2:11	Σαυχέων	Yes	No	No	σαυχαίων	1.00	Yes	No	Yes	\vs{11}Ἀκούσαντες δὲ οἱ τρεῖς φίλοι αὐτοῦ τὰ κακὰ πάντα τὰ ἐπελθόντα αὐτῷ, παρεγένοντο ἕκαστος ἐκ τῆς ἰδίας χώρας πρὸς αὐτόν· Ἐλιφὰζ ὁ Θαιμανῶν βασιλεὺς, Βαλδὰδ ὁ Σαυχέων τύραννος, Σωφὰρ Μιναίων βασιλεύς· καὶ παρεγένοντο πρὸς αὐτὸν ὁμοθυμαδὸν, τοῦ παρακαλέσαι καὶ ἐπισκέψασθαι αὐτόν.
16208	ΙΩΒ 3:14	ἐγαυριῶντο	No	No	No	ἠγαυριῶντο	1.00	Yes	No	Yes	\vs{14}Νῦν ἂν κοιμηθεὶς ἡσύχασα, ὑπνώσας δὲ ἀνεπαυσάμην μετὰ βασιλέων βουλευτῶν γῆς οἳ ἐγαυριῶντο ἐπὶ ξίφεσιν,
16288	ΙΩΒ 6:5	διακενῆς	No	No	No	διὰ κενῆς	1.00	Yes	No	Yes	\vs{5}Τί γάρ; μὴ διακενῆς κεκράξεται ὄνος ἄγριος, ἀλλʼ ἢ τὰ σῖτα ζητῶν; εἰ δὲ καὶ ῥήξει φωνὴν βοῦς ἐπὶ φάτνης ἔχων τὰ βρώματα;
16345	ΙΩΒ 8:2	πολυῤῥῆμον	No	No	No	πολυρῆμον	1.00	Yes	No	Yes	\vs{2}Μέχρι τίνος λαλήσεις ταῦτα, πνεῦμα πολυῤῥῆμον τοῦ στόματός σου;
16391	ΙΩΒ 9:17	διακενῆς	No	No	No	διὰ κενῆς	1.00	Yes	No	Yes	\vs{17}Μὴ γνόφῳ με ἐκτρίψῃ· πολλὰ δέ μου τὰ συντρίμματα πεποίηκε διακενῆς.
16553	ΙΩΒ 14:17	βαλαντίῳ	No	No	No	βαλλαντίῳ	1.00	Yes	No	Yes	\vs{17}Ἐσφράγισας δέ μου τὰς ἀνομίας ἐν βαλαντίῳ, ἐπεσημῄνω δὲ εἴτι ἄκων παρέβην.
16553	ΙΩΒ 14:17	εἴτι	No	No	No	εἴ τι	1.00	Yes	No	Yes	\vs{17}Ἐσφράγισας δέ μου τὰς ἀνομίας ἐν βαλαντίῳ, ἐπεσημῄνω δὲ εἴτι ἄκων παρέβην.
16639	ΙΩΒ 17:6	θρύλλημα	No	No	No	θρύλημα ἐν	1.00	Yes	No	Yes	\vs{6}Ἔθου δέ με θρύλλημα ἐν ἔθνεσι, γέλως δὲ αὐτοῖς ἀπέβην.
16664	ΙΩΒ 18:10	σύλληψις	No	No	No	σύλλημψις	1.00	Yes	No	Yes	\vs{10}Κέκρυπται ἐν τῇ γῇ σχοινίον αὐτοῦ, καὶ ἡ σύλληψις αὐτοῦ ἐπὶ τρίβον.
16707	ΙΩΒ 19:25	ἀένναός	No	No	No	ἀέναός	1.00	Yes	No	Yes	\vs{25}Οἶδα γὰρ ὅτι ἀένναός ἐστιν ὁ ἐκλύειν με μέλλων,
16772	ΙΩΒ 21:19	Ἐκλείποι	Yes	No	No	ἐκλίποι	1.00	Yes	No	Yes	\vs{19}Ἐκλείποι υἱοὺς τὰ ὑπάρχοντα αὐτοῦ, ἀνταποδώσει πρὸς αὐτὸν καὶ γνώσεται.
16799	ΙΩΒ 22:6	διακενῆς	No	No	No	διὰ κενῆς	1.00	Yes	No	Yes	\vs{6}Ἠνεχύραζες δὲ τοὺς ἀδελφούς σου διακενῆς, ἀμφίασιν δὲ γυμνῶν ἀφείλου.
16810	ΙΩΒ 22:16	συνελήφθησαν	No	No	No	συνελήμφθησαν	1.00	Yes	No	Yes	\vs{16}οἳ συνελήφθησαν ἄωροι; ποταμὸς ἐπιῤῥέων οἱ θεμέλιοι αὐτῶν,
16866	ΙΩΒ 24:12	ἐξεβάλοντο	No	No	No	ἐξεβάλλοντο	1.00	Yes	No	Yes	\vs{12}Οἳ ἐκ πόλεως καὶ οἴκων ἰδίων ἐξεβάλοντο, ψυχὴ δὲ νηπίων ἐστέναξε μέγα.
16870	ΙΩΒ 24:15	προνοήσει	No	No	No	προσνοήσει	1.00	Yes	No	Yes	\vs{15}Καὶ ὀφθαλμὸς μοιχοῦ ἐφύλαξε σκότος, λέγων, οὐ προνοήσει με ὀφθαλμὸς, καὶ ἀποκρυβὴν προσώπου ἔθετο.
17007	ΙΩΒ 30:4	ἐμασσῶντο	No	No	No	ἐμασῶντο	1.00	Yes	No	Yes	\vs{4}Οἱ περικυκλοῦντες ἄλιμα ἐπὶ ἠχοῦντι, οἵτινες ἄλιμα ἦν αὐτῶν τὰ σῖτα, ἄτιμοι δὲ καὶ πεφαυλισμένοι, ἐνδεεῖς παντὸς ἀγαθοῦ, οἳ καὶ ῥὶζας ξύλων ἐμασσῶντο ὑπὸ λιμοῦ μεγάλου.
17013	ΙΩΒ 30:9	θρύλλημα	No	No	No	θρύλημα	1.00	Yes	No	Yes	\vs{9}Νυνὶ δὲ κιθάρα ἐγώ εἰμι αὐτῶν, καὶ ἐμὲ θρύλλημα ἔχουσιν.
17081	ΙΩΒ 31:37	χρεωφειλέτου	No	No	No	χρεοφειλέτου	1.00	Yes	No	Yes	\vs{37}καὶ εἰ μὴ ῥῆξας αὐτὴν ἀπέδωκα, οὐθὲν λαβὼν παρὰ χρεωφειλέτου·
17195	ΙΩΒ 34:32	εἰργασάμην	No	No	No	ἠργασάμην	1.00	Yes	No	Yes	\vs{32}Ἄνευ ἐμαυτοῦ ὄψομαι· σὺ δεῖξόν μοι, εἰ ἀδικίαν εἰργασάμην, οὐ μὴ προσθήσω.
17360	ΙΩΒ 39:13	νεέλασσα	No	No	No	νεελασα	1.00	Yes	No	Yes	\vs{13}Πτέρυξ τερπομένων νεέλασσα, ἐὰν συλλάβῃ ἁσίδα καὶ νέσσα·
17411	ΙΩΒ 40:26	ψελλίῳ	No	No	No	ψελίῳ	1.00	Yes	No	Yes	\vs{26}Ἤ δήσεις κρίκον ἐν τῷ μυκτῆρι αὐτοῦ, ψελλίῳ δὲ τρυπήσεις τὸ χεῖλος αὐτοῦ;
17452	ΙΩΒ 42:3	ἐπιστάμην	No	No	No	ἠπιστάμην	1.00	Yes	No	Yes	\vs{3}Τίς γάρ ἐστιν ὁ κρύπτων σε βουλήν; φειδόμενος δὲ ῥημάτων, καὶ σὲ οἴεται κρύπτειν; τίς δὲ ἀναγγελεῖ μοι ἃ οὐκ ᾔδειν, μεγάλα καὶ θαυμαστὰ ἃ οὐκ ἐπιστάμην;
17664	ΨΑΛΜΟΙ 11:4	μεγαλοῤῥήμονα	No	No	No	μεγαλορήμονα	1.00	Yes	No	Yes	\vs{4}Ἐξολοθρεύσαι Κύριος πάντα τὰ χείλη τὰ δόλια, καὶ γλῶσσαν μεγαλοῤῥήμονα·
17730	ΨΑΛΜΟΙ 16:11	Ἐκβαλόντες	Yes	No	No	ἐκβάλλοντές	1.00	Yes	No	Yes	\vs{11}Ἐκβαλόντες με νυνὶ περιεκύκλωσάν με, τοὺς ὀφθαλμοὺς αὐτὼν ἔθεντο ἐκκλῖναι ἐν τῇ γῇ.
17780	ΨΑΛΜΟΙ 17:38	ἐκλείπωσιν	No	No	No	ἐκλίπωσιν	1.00	Yes	No	Yes	\vs{38}Καταδιώξω τοὺς ἐχθρούς μου, καὶ καταλήψομαι αὐτοὺς, καὶ οὐκ ἀποστραφήσομαι, ἕως ἂν ἐκλείπωσιν.
17912	ΨΑΛΜΟΙ 24:3	διακενῆς	No	No	No	διὰ κενῆς	1.00	Yes	No	Yes	\vs{3}καὶ γὰρ πάντες οἱ ὑπομένοντές σε οὐ μὴ καταισχυνθῶσιν· αἰσχυνθήτωσαν οἱ ἀνομοῦντες διακενῆς.
18023	ΨΑΛΜΟΙ 30:7	διακενῆς	No	No	No	διὰ κενῆς	1.00	Yes	No	Yes	\vs{7}Ἐμίσησας τοὺς διαφυλάσσοντας ματαιότητας διακενῆς· ἐγὼ δὲ ἐπὶ τῷ Κυρίῳ ἤλπισα.
18201	ΨΑΛΜΟΙ 36:24	καταῤῥαχθήσεται	No	No	No	καταραχθήσεται	1.00	Yes	No	Yes	\vs{24}Ὅταν πέσῃ οὐ καταῤῥαχθήσεται, ὅτι Κύριος ἀντιστηρίζει χεῖρα αὐτοῦ.
18213	ΨΑΛΜΟΙ 36:34	ἐξολοθρεύεσθαι	No	No	No	ἐξολεθρεύεσθαι	1.00	Yes	No	Yes	\vs{34}Ὑπόμεινον τὸν Κύριον, καὶ φύλαξον τὴν ὁδὸν αὐτοῦ, καὶ ὑψώσει σε τοῦ κατακληρονομῆσαι τὴν γῆν· ἐν τῷ ἐξολοθρεύεσθαι ἁμαρτωλοὺς, ὄψει.
18423	ΨΑΛΜΟΙ 47:3	Εὐρίζων	Yes	No	No	εὖ ῥιζῶν	1.00	Yes	No	Yes	\vs{3}Εὐρίζων, ἀγαλλιάματι πάσης τῆς γῆς, ὄρη Σιὼν τὰ πλευρὰ τοῦ βοῤῥᾶ, ἡ πόλις τοῦ βασιλέως τοῦ μεγάλου.
18504	ΨΑΛΜΟΙ 50:7	συνελήφθην	No	No	No	συνελήμφθην	1.00	Yes	No	Yes	\vs{7}Ἰδοὺ γὰρ ἐν ἀνομίαις συνελήφθην, καὶ ἐν ἁμαρτίαις ἐκίσσησέ με ἡ μήτηρ μου.
18658	ΨΑΛΜΟΙ 58:13	συλληφθήτωσαν	No	No	No	συλλημφθήτωσαν	1.00	Yes	No	Yes	\vs{13}Ἁμαρτίαν στόματος αὐτῶν, λόγον χειλέων αὐτῶν, καὶ συλληφθήτωσαν ἐν τῇ ὑπερηφανίᾳ αὐτῶν· καὶ ἐξ ἀρᾶς καὶ ψεύδους διαγγελήσονται
18687	ΨΑΛΜΟΙ 60:3	ὁδήγησάς	No	No	No	ὡδήγησάς	1.00	Yes	No	Yes	\vs{3}Ἀπὸ τῶν περάτων τῆς γῆς πρὸς σὲ ἐκέκραξα, ἐν τῷ ἀκηδιάσαι τὴν καρδίαν μου, ἐν πέτρᾳ ὕψωσάς με, ὁδήγησάς με,
18987	ΨΑΛΜΟΙ 73:1	ἀπόσω	No	No	No	ἀπώσω	1.00	Yes	No	Yes	Ἱνατί ἀπόσω ὁ Θεὸς εἰς τέλος; ὠργίσθη ὁ θυμός σου ἐπὶ πρόβατα νομῆς σου;
19510	ΨΑΛΜΟΙ 93:17	παραβραχὺ	No	No	No	παρὰ βραχὺ	1.00	Yes	No	Yes	\vs{17}Εἰ μὴ ὅτι Κύριος ἐβοήθησέ μοι, παραβραχὺ παρῴκησε τῷ ᾅδῃ ἡ ψυχή μου.
19610	ΨΑΛΜΟΙ 100:3	μοικαρδία	No	No	No	μοι καρδία	1.00	Yes	No	Yes	\vs{3}Οὐ προεθέμην πρὸ ὀφθαλμῶν μου πρᾶγμα παράνομον, ποιοῦντας παραβάσεις ἐμίσησα· οὐκ ἐκολλήθη μοικαρδία σκαμβὴ,
19666	ΨΑΛΜΟΙ 102:12	Καθόσον	Yes	No	No	καθ ὅσον	1.00	Yes	No	Yes	\vs{12}Καθόσον ἀπέχουσιν ἀνατολαὶ ἀπὸ δυσμῶν, ἐμάκρυνεν ἀφʼ ἡμῶν τὰς ἀνομίας ἡμῶν.
19722	ΨΑΛΜΟΙ 103:35	Ἐκλείποισαν	Yes	No	No	ἐκλίποισαν	1.00	Yes	No	Yes	\vs{35}Ἐκλείποισαν ἁμαρτωλοὶ ἀπὸ τῆς γῆς, καὶ ἄνομοι, ὥστε μὴ ὑπάρχειν αὐτούς· εὐλόγει, ἡ ψυχή μου τὸν Κύριον.
19976	ΨΑΛΜΟΙ 111:5	οἰκτείρων	No	No	No	οἰκτίρων	1.00	Yes	No	Yes	\vs{5}Χρηστὸς ἀνὴρ ὁ οἰκτείρων καὶ κιχρῶν, οἰκονομήσει τοὺς λόγους αὐτοῦ ἐν κρίσει,
20263	ΨΑΛΜΟΙ 118:143	ἀνάγκαι	No	No	No	ἀνάγκη	1.00	Yes	No	Yes	\vs{143}Θλίψεις καὶ ἀνάγκαι εὕροσάν με, ἐντολαί σου μελέτη μου.
20433	ΨΑΛΜΟΙ 131:7	Εἰσελευσώμεθα	Yes	No	No	εἰσελευσόμεθα	1.00	Yes	No	Yes	\vs{7}Εἰσελευσώμεθα εἰς τὰ σκηνώματα αὐτοῦ· προσκυνήσωμεν εἰς τὸν τόπον οὗ ἔστησαν οἱ πόδες αὐτοῦ.
20542	ΨΑΛΜΟΙ 137:6	ἀπομακρόθεν	No	No	No	ἀπὸ μακρόθεν	1.00	Yes	No	Yes	\vs{6}Ὅτι ὑψηλὸς Κύριος, καὶ τὰ ταπεινὰ ἐφορᾷ, καὶ τὰ ὑψηλὰ ἀπομακρόθεν γινώσκει.
20606	ΨΑΛΜΟΙ 140:10	καταμόνας	No	No	No	κατὰ μόνας	1.00	Yes	No	Yes	\vs{10}Πεσοῦνται ἐν ἀμφιβλήστρῳ αὐτοῦ ἁμαρτωλοὶ, καταμόνας εἰμὶ ἐγὼ ἕως οὗ ἂν παρέλθω.
20798	ΠΑΡΟΙΜΙΑΙ ΣΑΛΩΜΩΝΤΟΣ 1:14	βαλάντιον	No	No	No	βαλλάντιον	1.00	Yes	No	Yes	\vs{14}Τὸν δὲ σὸν κλῆρον βάλε ἐν ἡμῖν, κοινὸν δὲ βαλάντιον κτησώμεθα πάντες, καὶ μαρσίππιον ἓν γενηθήτω ἡμῖν·
20806	ΠΑΡΟΙΜΙΑΙ ΣΑΛΩΜΩΝΤΟΣ 1:22	ἔχονται	No	No	No	ἔχωνται	1.00	Yes	No	Yes	\vs{22}ὅσον ἂν χρόνον ἄκακοι ἔχονται τῆς δικαιοσύνης, οὐκ αἰσχυνθήσονται· οἱ δὲ ἄφρονες τῆς ὕβρεως ὄντες ἐπιθυμηταί, ἀσεβεῖς γενόμενοι ἐμίσησαν αἴσθησιν,
20841	ΠΑΡΟΙΜΙΑΙ ΣΑΛΩΜΩΝΤΟΣ 2:17	ἀπολιποῦσα	No	No	No	ἀπολείπουσα	1.00	Yes	No	Yes	\vs{17}Ἡ ἀπολιποῦσα διδασκαλίαν νεότητος, καὶ διαθήκην θείαν ἐπιλελησμένη.
20851	ΠΑΡΟΙΜΙΑΙ ΣΑΛΩΜΩΝΤΟΣ 3:3	ἐκλειπέτωσάν	No	No	No	ἐκλιπέτωσάν	1.00	Yes	No	Yes	\vs{3}Ἐλεημοσύναι καὶ πίστεις μὴ ἐκλειπέτωσάν σε· ἄφαψαι δὲ αὐτὰς ἐπὶ σῷ τραχήλῳ, καὶ εὑρήσεις χάριν·
21184	ΠΑΡΟΙΜΙΑΙ ΣΑΛΩΜΩΝΤΟΣ 11:26	ὑπολείποιτο	No	No	No	ὑπολίποιτο	1.00	Yes	No	Yes	\vs{26}Ὁ συνέχων σῖτον ὑπολείποιτο αὐτὸν τοῖς ἔθνεσιν· εὐλογία δὲ εἰς κεφαλὴν τοῦ μεταδιδόντος.
21338	ΠΑΡΟΙΜΙΑΙ ΣΑΛΩΜΩΝΤΟΣ 15:27	δωρολήπτης	No	No	No	δωρολήμπτης	1.00	Yes	No	Yes	\vs{27}Ἐξόλλυσιν ἑαυτὸν ὁ δωρολήπτης, ὁ δὲ μισῶν δώρων λήψεις σώζεται·
21338	ΠΑΡΟΙΜΙΑΙ ΣΑΛΩΜΩΝΤΟΣ 15:27	λήψεις	No	No	No	λήμψεις	1.00	Yes	No	Yes	\vs{27}Ἐξόλλυσιν ἑαυτὸν ὁ δωρολήπτης, ὁ δὲ μισῶν δώρων λήψεις σώζεται·
21344	ΠΑΡΟΙΜΙΑΙ ΣΑΛΩΜΩΝΤΟΣ 15:29a	λῆψις	No	No	No	λῆμψις	1.00	Yes	No	Yes	\vs{29a}κρείσσων ὀλίγη λῆψις μετὰ δικαιοσύνης, ἢ πολλὰ γεννήματα μετὰ ἀδικίας.
21553	ΠΑΡΟΙΜΙΑΙ ΣΑΛΩΜΩΝΤΟΣ 22:7	δανειοῦσιν	No	No	No	δανιοῦσιν	1.00	Yes	No	Yes	\vs{7}Πλούσιοι πτωχῶν ἄρξουσι, καὶ οἰκέται ἰδίοις δεσπόταις δανειοῦσιν.
21583	ΠΑΡΟΙΜΙΑΙ ΣΑΛΩΜΩΝΤΟΣ 22:27	ἀποτίσῃς	No	No	No	ἀποτείσῃς	1.00	Yes	No	Yes	\vs{27}Ἐὰν γὰρ μὴ ἔχῃ πόθεν ἀποτίσῃς, λήψονται τὸ στρῶμα τὸ ὑπὸ τὰς πλευράς σου.
21624	ΠΑΡΟΙΜΙΑΙ ΣΑΛΩΜΩΝΤΟΣ 23:29	διακενῆς	No	No	No	διὰ κενῆς	1.00	Yes	No	Yes	\vs{29}Τίνι οὐαί; τίνι θόρυβος; τίνι κρίσεις; τίνι δὲ ἀηδίαι καὶ λέσχαι; τίνι συντρίμματα διακενῆς; τίνος πελιδνοὶ οἱ ὀφθαλμοί;
21894	ΠΑΡΟΙΜΙΑΙ ΣΑΛΩΜΩΝΤΟΣ 29:13	χρεωφειλέτου	No	No	No	χρεοφιλέτου	1.00	Yes	No	Yes	\vs{13}Δανιστοῦ καὶ χρεωφειλέτου ἀλλήλοις συνελθόντων, ἐπισκοπὴν ἀμφοτέρων ποιεῖται ὁ Κύριος.
22089	ΕΚΚΛΗΣΙΑΣΤΗΣ 6:9	ὑπερπορευόμενον	No	No	No	ὑπὲρ πορευόμενον	1.00	Yes	No	Yes	\vs{9}Ἀγαθὸν ὅραμα ὀφθαλμῶν ὑπερπορευόμενον ψυχῇ· καί γε τοῦτο ματαιότης καὶ προαίρεσις πνεύματος.
22130	ΕΚΚΛΗΣΙΑΣΤΗΣ 7:26	συλληφθήσεται	No	No	No	συλλημφθήσεται	1.00	Yes	No	Yes	\vs{26}Καὶ εὑρίσκω ἐγὼ αὐτὴν, καὶ ἐρῶ πικρότερον ὑπὲρ θάνατον· σὺν τὴν γυναῖκα ἥτις ἐστι θήρευμα, καὶ σαγῆναι καρδία αὐτῆς, δεσμὸς εἰς χεῖρας αὐτῆς· ἀγαθὸς πρὸ προσώπου τοῦ Θεοῦ ἐξαιρεθήσεται ἀπʼ αὐτῆς, καὶ ἁμαρτάνων συλληφθήσεται ἐν αὐτῇ.
22360	ΑΣΜΑ 5:11	κεφὰζ	No	No	No	καὶ φαζ	1.00	Yes	No	Yes	\vs{11}Κεφαλὴ αὐτοῦ χρυσίον κεφὰζ, βόστρυχοι αὐτοῦ ἐλάται, μέλανες ὡς κόραξ.
22391	ΑΣΜΑ 7:3	θημωνία	No	No	No	θιμωνιὰ	1.00	Yes	No	Yes	\vs{3}Ὀμφαλός σου κρατὴρ τορευτὸς, μὴ ὑστερούμενος κράμα· κοιλία σου θημωνία σίτου πεφραγμένη ἐν κρίνοις.
22407	ΑΣΜΑ 8:2	Παραλήψομαί	Yes	No	No	παραλήμψομαί	1.00	Yes	No	Yes	\vs{2}Παραλήψομαί σε, εἰσάξω σε εἰς οἶκον μητρός μου καὶ εἰς ταμεῖον τῆς συλλαβούσης με· ποτιῶ σε ἀπὸ οἴνου τοῦ μυρεψικοῦ, ἀπὸ νάματος ῥοῶν μου.
22598	ΗΣΑΙΑΣ 7:1	Ῥασὶν	Yes	No	No	ῥασεὶν	1.00	Yes	No	Yes	Καὶ ἐγένετο ἐν ταῖς ἡμέραις Ἄχαζ τοῦ Ἰωάθαμ τοῦ υἱοῦ Ὀζίου βασιλέως Ἰούδα, ἀνέβη Ῥασὶν βασιλεὺς Ἀραμ, καὶ Φακεὲ υἱὸς Ῥομελίου βασιλεὺς Ἰσραὴλ ἐπὶ Ἱερουσαλὴμ πολεμῆσαι αὐτὴν, καὶ οὐκ ἠδυνήθησαν πολιορκῆσαι αὐτήν.
22625	ΗΣΑΙΑΣ 7:25	ἠροτριωμένον	No	No	No	ἀροτριώμενον	1.00	Yes	No	Yes	\vs{25}καὶ πᾶν ὄρος ἠροτριωμένον ἀροτριωθήσεται· οὐ μὴ ἐπέλθῃ ἐκεῖ φόβος· ἔσται γὰρ ἀπὸ τῆς χέρσου καὶ ἀκάνθης εἰς βόσκημα προβάτου, καὶ καταπάτημα βοός.
22719	ΗΣΑΙΑΣ 10:30	Γαλλεὶμ	Yes	No	No	γαλλιμ	1.00	Yes	No	Yes	\vs{30}ἡ θυγάτηρ Γαλλεὶμ, ἐπακούσεται Λαϊσα, ἐπακούσεται ἐν Ἀναθώθ.
22739	ΗΣΑΙΑΣ 11:11	Ἐλαμιτῶν	Yes	No	No	αιλαμιτῶν	1.00	Yes	No	Yes	\vs{11}Καὶ ἔσται τῇ ἡμέρᾳ ἐκείνῃ, προσθήσει ὁ Κύριος τοῦ δεῖξαι τὴν χεῖρα αὐτοῦ, τοῦ ζηλῶσαι τὸ καταλειφθὲν ὑπόλοιπον τοῦ λαοῦ, ὃ ἂν καταλειφθῇ ὑπὸ τῶν Ἀσσυρίων, καὶ ἀπὸ Αἰγύπτου, καὶ ἀπὸ Βαβυλωνίας, καὶ ἀπὸ Αἰθιοπίας, καὶ ἀπὸ Ἐλαμιτῶν, καὶ ἀπὸ ἡλίου ἀνατολῶν, καὶ ἐξ Ἀραβίας.
22783	ΗΣΑΙΑΣ 14:1	γειώρας	No	No	No	γιώρας	1.00	Yes	No	Yes	Καὶ ἐλεήσει Κύριος τὸν Ἰακὼβ, καὶ ἐκλέξεται ἔτι τὸν Ἰσραὴλ, καὶ ἀναπαύσονται ἐπὶ τῆς γῆς αὐτῶν, καὶ ὁ γειώρας προστεθήσεται πρὸς αὐτοὺς, καὶ προστεθήσεται πρὸς τὸν οἶκον Ἰακώβ·
22906	ΗΣΑΙΑΣ 19:18	Χαναανίτιδι	Yes	No	No	χαναανείτιδι	1.00	Yes	No	Yes	\vs{18}Τῇ ἡμέρᾳ ἐκείνῃ ἔσονται πέντε πόλεις ἐν Αἰγύπτῳ λαλοῦσαι τῇ γλώσσῃ τῇ Χαναανίτιδι, καὶ ὀμνῦντες τῷ ὀνόματι Κυρίου σαβαώθ· πόλις ἀσεδὲκ κληθήσεται ἡ μία πόλις.
22927	ΗΣΑΙΑΣ 21:2	Ἐλαμῖται	Yes	No	No	αιλαμῖται	1.00	Yes	No	Yes	\vs{2}τὸ ὅραμα, καὶ σκληρὸν ἀνηγγέλη μοι· ὁ ἀθετῶν ἀθετεῖ, ὁ ἀνομῶν ἀνομεῖ· ἐπʼ ἐμοὶ οἱ Ἐλαμῖται, καὶ οἱ πρέσβεις τῶν Περσῶν ἐπʼ ἐμὲ ἔρχονται· νῦν στενάξω καὶ παρακαλέσω ἐμαυτόν.
22963	ΗΣΑΙΑΣ 22:13	λέγονες	No	No	No	λέγοντες	1.00	Yes	No	Yes	\vs{13}αὐτοὶ δὲ ἐποιήσαντο εὐφροσύνην καὶ ἀγαλλίαμα, σφάζοντες μόσχους, καὶ θύοντες πρόβατα, ὥστε φαγεῖν κρέατα, καὶ πιεῖν οἶνον, λέγονες, φάγωμεν καὶ πίωμεν, αὔριον γὰρ ἀποθνήσκομεν.
23014	ΗΣΑΙΑΣ 24:11	Ὀλολύζεται	Yes	No	No	ὀλολύζετε	1.00	Yes	No	Yes	\vs{11}Ὀλολύζεται περὶ τοῦ οἴνου πανταχῇ, πέπαυται πᾶσα εὐφροσύνη τῆς γῆς, ἀπῆλθε πᾶσα εὐφροσύνη τῆς γῆς.
23210	ΗΣΑΙΑΣ 31:9	περιληφθήσονται	No	No	No	περιλημφθήσονται	1.00	Yes	No	Yes	\vs{9}πέτρᾳ γὰρ περιληφθήσονται ὡς χάρακι, καὶ ἡττηθήσονται, ὁ δὲ φεύγων ἁλώσεται· τάδε λέγει Κύριος, μακάριος ὃς ἔχει ἐν Σιὼν σπέρμα, καὶ οἰκείους ἐν Ἱερουσαλήμ.
23277	ΗΣΑΙΑΣ 34:7	συνπεσοῦνται	No	No	No	συμπεσοῦνται	1.00	Yes	No	Yes	\vs{7}Καὶ συνπεσοῦνται οἱ ἁδροὶ μετʼ αὐτῶν, καὶ οἱ κριοὶ καὶ οἱ ταῦροι, καὶ μεθυσθήσεται ἡ γῆ ἀπὸ τοῦ αἵματος, καὶ ἀπὸ τοῦ στέατος αὐτῶν ἐμπλησθήσεται.
23414	ΗΣΑΙΑΣ 39:6	καταλείπωσιν	No	No	No	καταλίπωσιν	1.00	Yes	No	Yes	\vs{6}Ἰδοὺ ἡμέραι ἔρχονται, καὶ λήψονται πάντα τὰ ἐν τῷ οἴκῳ σου, καὶ ὅσα συνήγαγον οἱ πατέρες σου ἕως τῆς ἡμέρας ταύτης, εἰς Βαβυλῶνα ἥξει, καὶ οὐδὲν οὐ μὴ καταλείπωσιν· εἶπε δὲ ὁ Θεὸς,
23486	ΗΣΑΙΑΣ 41:23	εὐποιήσατε	No	No	No	εὖ ποιήσατε	1.00	Yes	No	Yes	\vs{23}εἴπατε ἡμῖν, ἀναγγείλατε ἡμῖν τὰ ἐπερχόμενα ἐπʼ ἐσχάτου, καὶ γνωσόμεθα ὅτι θεοί ἐστε· εὐποιήσατε καὶ κακώσατε, καὶ θαυμασόμεθα, καὶ ὀψόμεθα ἅμα
23562	ΗΣΑΙΑΣ 43:28	ἀπωλέσαι	No	No	No	ἀπολέσαι	1.00	Yes	No	Yes	\vs{28}Καὶ ἐμίαναν οἱ ἄρχοντες τὰ ἅγιά μου· καὶ ἔδωκα ἀπωλέσαι Ἰακὼβ, καὶ Ἰσραὴλ εἰς ὀνειδισμόν.
23655	ΗΣΑΙΑΣ 47:2	ἀνάσυρε	No	No	No	ἀνάσυραι	1.00	Yes	No	Yes	\vs{2}Λάβε μύλον, ἄλεσον ἄλευρον, ἀποκὸλυψαι τὸ κατακάλυμμά σου, ἀνακάλυψαι τὰς πολιὰς, ἀνάσυρε τὰς κνήμας, διάβηθι ποταμούς.
23664	ΗΣΑΙΑΣ 47:8	ὀρφανίαν	No	No	No	ὀρφανείαν	1.00	Yes	No	Yes	\vs{8}Νῦν δὲ ἄκουε ταῦτα τρυφερὰ, ἡ καθημένη, ἡ πεποιθυῖα, ἡ λέγουσα ἐν καρδίᾳ αὐτῆς, ἐγώ εἰμι, καὶ οὐκ ἔστιν ἑτέρα, οὐ καθιῶ χήρα, οὐδὲ γνώσομαι ὀρφανίαν.
23915	ΗΣΑΙΑΣ 58:8	πρώϊμον	No	No	No	πρόιμον	1.00	Yes	No	Yes	\vs{8}Τότε ῥαγήσεται πρώϊμον τὸ φῶς σου, καὶ τὰ ἰάματά σου ταχὺ ἀνατελεῖ· καὶ προπορεύσεται ἔμπροσθέν σου ἡ δικαιοσύνη σου, καὶ ἡ δόξα τοῦ Θεοῦ περιστελεῖ σε.
23945	ΗΣΑΙΑΣ 59:16	ἀντιληψόμενος	No	No	No	ἀντιλημψόμενος	1.00	Yes	No	Yes	\vs{16}Καὶ εἶδε, καὶ οὐκ ἦν ἀνήρ, καὶ κατενοήσε, καὶ οὐκ ἦν ὁ ἀντιληψόμενος· καὶ ἠμύνατο αὐτοὺς τῷ βραχίονι αὐτοῦ, καὶ τῇ ἐλεημοσύνῃ ἐστηρίσατο.
23972	ΗΣΑΙΑΣ 60:15	ἐνκαταλελειμμένην	No	No	No	ἐνκαταλελιμμένην	1.00	Yes	No	Yes	\vs{15}Διὰ τὸ γεγενῆσθαί σε ἐνκαταλελειμμένην καὶ μεμισημένην, καὶ οὐκ ἦν ὁ βοηθῶν· καὶ θήσω σε ἀγαλλίαμα αἰώνιον, εὐφροσύνην γενεῶν γενεαῖς.
24121	ΗΣΑΙΑΣ 66:20	ἀνενέγκαισαν	No	No	No	ἂν ἐνέγκαισαν	1.00	Yes	No	Yes	\vs{20}καὶ ἄξουσι τοὺς ἀδελφοὺς ὑμῶν ἐκ πάντων τῶν ἐθνῶν δῶρον Κυρίῳ, μεθʼ ἵππων καὶ ἁρματων ἐν λαμπήναις ἡμιόνων μετὰ σκιαδίων εἰς τὴν ἁγίαν πόλιν Ἱερουσαλήμ, εἶπε Κύριος, ὡς ἀνενέγκαισαν οἱ υἱοὶ Ἰσραὴλ τὰς θυσίας αὐτῶν ἐμοὶ μετὰ ψαλμῶν εἰς τὸν οἶκον Κυρίου.
24154	ΙΕΡΕΜΙΑΣ 1:17	εἰπὸ	No	No	No	ἀπὸ	1.00	Yes	No	Yes	\vs{17}Καὶ σὺ περίζωσαι τὴν ὀσφύν σου, καὶ ἀνάστηθι, καὶ εἰπὸ πάντα ὅσα ἄν ἐντείλωμαί σοι· μὴ φοβηθῇς ἀπὸ προσώπου αὐτῶν, μηδὲ πτοηθῇς ἐναντίον αὐτῶν, ὅτι μετὰ σοῦ εἰμι, τοῦ ἐξαιρεῖσθαί σε, λέγει Κύριος.
24170	ΙΕΡΕΜΙΑΣ 2:11	ἀλλάξωνται	No	No	No	ἀλλάξονται	1.00	Yes	No	Yes	\vs{11}εἰ ἀλλάξωνται ἔθνη θεοὺς αὐτῶν, καὶ οὗτοι οὐκ εἰσὶ θεοί· ὁ δὲ λαός μου ἠλλάξατο τὴν δόξαν αὐτοῦ, ἐξ ἧς οὐκ ὠφεληθήσονται.
24216	ΙΕΡΕΜΙΑΣ 3:8	κατελήφθη	No	No	No	κατελήμφθη	1.00	Yes	No	Yes	\vs{8}Καὶ εἶδον, ὅτι περὶ πάντων ὧν κατελήφθη ἐν οἷς ἐμοιχᾶτο ἡ κατοικία Ἰσραὴλ, καὶ ἐξαπέστειλα αὐτὴν, καὶ ἔδωκα αὐτῇ βιβλίον ἀποστασίου εἰς τὰς χεῖρας αὐτῆς· καὶ οὐκ ἐφοβήθη ἡ ἀσύνθετος Ἰούδα, καὶ ἐπορεύθη, καὶ ἐπόρνευσε καὶ αὐτὴ,
24238	ΙΕΡΕΜΙΑΣ 3:24	κατηνάλωσε	No	No	No	κατανάλωσεν	1.00	Yes	No	Yes	\vs{24}Ἡ δὲ αἰσχύνη κατηνάλωσε τοὺς μόχθους τῶν πατέρων ἡμῶν, ἀπὸ νεότητος ἡμῶν, τὰ πρόβατα αὐτῶν καὶ τοὺς μόσχους αὐτῶν καὶ τοὺς υἱοὺς αὐτῶν καὶ τὰς θυγατέρας αὐτῶν.
24314	ΙΕΡΕΜΙΑΣ 5:24	πρώϊμον	No	No	No	πρόιμον	1.00	Yes	No	Yes	\vs{24}καὶ οὐκ εἶπον ἐν τῇ καρδίᾳ αὐτῶν, φοβηθῶμεν δὴ Κύριον τὸν Θεὸν ἡμῶν, τὸν διδόντα ἡμῖν ὑετὸν πρώϊμον καὶ ὄψιμον, κατὰ καιρὸν πληρώσεως προστάγματος θερισμοῦ, καὶ ἐφύλαξεν ἡμῖν.
24341	ΙΕΡΕΜΙΑΣ 6:11	συλληφθήσονται	No	No	No	συλλημφθήσονται	1.00	Yes	No	Yes	\vs{11}Καὶ τὸν θυμόν μου ἔπλησα, καὶ ἐπέσχον, καὶ οὐ συνετέλεσα αὐτούς· ἐκχεῶ ἐπὶ νήπια ἔξωθεν, καὶ ἐπὶ συναγωγὴν νεανίσκων ἅμα, ὅτι ἀνὴρ καὶ γυνὴ συλληφθήσονται, πρεσβύτερος μετὰ πλήρους ἡμερῶν.
24361	ΙΕΡΕΜΙΑΣ 6:26	κατάπασσε	No	No	No	κατάπασαι	1.00	Yes	No	Yes	\vs{26}Θύγατερ λαοῦ μου περίζωσαι σάκκον, κατάπασσε ἐν σποδῷ, πένθος ἀγαπητοῦ ποιήσαι σεαυτῇ κοπετὸν οἰκτρὸν, ὅτι ἐξαίφνης ἥξει ταλαιπωρία ἐφʼ ὑμᾶς.
24585	ΙΕΡΕΜΙΑΣ 13:23	εὐποιῆσαι	No	No	No	εὖ ποιῆσαι	1.00	Yes	No	Yes	\vs{23}Εἰ ἀλλάξεται Αἰθίοψ τὸ δέρμα αὐτοῦ, καὶ πάρδαλις τὰ ποικίλματα αὐτῆς, καὶ ὑμεῖς δυνήσεσθε εὐποιῆσαι μεμαθηκότες τὰ κακά.
24643	ΙΕΡΕΜΙΑΣ 15:17	καταμόνας	No	No	No	κατὰ μόνας	1.00	Yes	No	Yes	\vs{17}Οὐκ ἐκάθισα ἐν συνεδρίῳ αὐτῶν παιζόντων, ἀλλὰ εὐλαβούμην ἀπὸ προσώπου χειρός σου· καταμόνας ἐκαθήμην, ὅτι πικρίας ἐνεπλήσθην.
24740	ΙΕΡΕΜΙΑΣ 18:22	σύλληψίν	No	No	No	σύλλημψίν	1.00	Yes	No	Yes	\vs{22}Γενηθήτω κραυγὴ ἐν ταῖς οἰκίαις αὐτῶν· ἐπάξεις ἐπʼ αὐτοὺς λῃστὰς ἄφνω, ὅτι ἐνεχείρησαν λόγον εἰς σύλληψίν μου, καὶ παγίδας ἔκρυψαν ἐπʼ ἐμέ.
24746	ΙΕΡΕΜΙΑΣ 19:2	Χαρσείθ	Yes	No	No	χαρσιθ	1.00	Yes	No	Yes	\vs{2}καὶ ἐξελεύσῃ εἰς τὸ πολυάνδριον υἱῶν τῶν τέκνων αὐτῶν, ὅ ἐστιν ἐπὶ τῶν προθύρων πύλης τῆς Χαρσείθ· καὶ ἀνάγνωθι ἐκεῖ πάντας τοὺς λόγους τούτους, οὓς ἂν λαλήσω πρὸς σὲ,
24753	ΙΕΡΕΜΙΑΣ 19:6	Ἐννὼμ	Yes	No	No	εννομ	1.00	Yes	No	Yes	\vs{6}Διατοῦτο ἰδοὺ ἡμέραι ἔρχονται, λέγει Κύριος, καὶ οὐ κληθήσεται τῷ τόπῳ τούτῳ ἔτι Διάπτωσις καὶ Πολυάνδριον υἱοῦ Ἐννὼμ, ἀλλʼ ἢ Πολυάνδριον τῆς σφαγῆς.
24807	ΙΕΡΕΜΙΑΣ 21:13	πεδεινὴν	No	No	No	πεδινὴν	1.00	Yes	No	Yes	\vs{13}Ἰδοὺ ἐγὼ πρὸς σὲ τὸν κατοικοῦντα τὴν κοιλάδα σὸρ, τὴν πεδεινὴν, τοὺς λέγοντας, τίς πτοήσει ἡμᾶς; ἢ τίς εἰσελεύσεται πρὸς τὸ κατοικητήριον ἡμῶν;
24830	ΙΕΡΕΜΙΑΣ 22:15	βασιλεύσῃς	No	No	No	βασιλεύσεις	1.00	Yes	No	Yes	\vs{15}Μὴ βασιλεύσῃς, ὅτι σὺ παροξυνῇ ἐν Ἄχαζ τῷ πατρί σου; οὐ φάγονται, καὶ οὐ πίονται· βέλτιόν σε ποιεῖν κρίμα καὶ δικαιοσύνην.
24872	ΙΕΡΕΜΙΑΣ 23:18	ἠνωτίσατο	No	No	No	ἐνωτίσατο	1.00	Yes	No	Yes	\vs{18}Ὅτι τίς ἔστη ἐν ὑποστήματι Κυρίου, καὶ εἶδε τὸν λόγον αὐτοῦ; τίς ἠνωτίσατο, καὶ ἤκουσεν;
24892	ΙΕΡΕΜΙΑΣ 23:33	ἐρωτήσωσιν	No	No	No	ἐρωτήσωσί	1.00	Yes	No	Yes	\vs{33}Καὶ ἐὰν ἐρωτήσωσιν ὁ λαὸς οὗτος, ἢ ἱερεὺς, ἢ προφήτης, τί τὸ λῆμμα Κυρίου; καὶ ἐρεῖς αὐτοῖς, ὑμεῖς ἐστε τὸ λῆμμα, καὶ ῥάξω ὑμᾶς, λέγει Κύριος.
24906	ΙΕΡΕΜΙΑΣ 24:2	πρώϊμα	No	No	No	πρόιμα	1.00	Yes	No	Yes	\vs{2}Ὁ κάλαθος ὁ εἷς σύκων χρηστῶν σφόδρα, ὡς τὰ σύκα τὰ πρώϊμα· καὶ ὁ κάλαθος ὁ ἕτερος σύκων πονηρῶν σφόδρα, ἃ οὐ βρωθήσεται ἀπὸ πονηρίας αὐτῶν.
24917	ΙΕΡΕΜΙΑΣ 24:10	ἐκλείπωσιν	No	No	No	ἐκλίπωσιν	1.00	Yes	No	Yes	\vs{10}Καὶ ἀποστελῶ εἰς αὐτοὺς τὸν λιμὸν, καὶ τὸν θάνατον, καὶ τὴν μάχαιραν, ἕως ἂν ἐκλείπωσιν ἀπὸ τῆς γῆς ἧς ἔδωκα αὐτοῖς.
25018	ΙΕΡΕΜΙΑΣ 27:24	ἐλήφθης	No	No	No	ἐλήμφθης	1.00	Yes	No	Yes	\vs{24}Ἐπιβήσονταί σοι, καὶ οὐ γνώσῃ, ὡς Βαβυλὼν καὶ ἁλώσῃ· εὑρέθης, καὶ ἐλήφθης, ὅτι τῷ Κυρίῳ ἀντέστης.
25025	ΙΕΡΕΜΙΑΣ 27:29	παρεμβάλλετε	No	No	No	παρεμβάλετε	1.00	Yes	No	Yes	\vs{29}Παραγγείλατε ἐπὶ Βαβυλῶνα πολλοῖς, παντὶ ἐντείνοντι τόξον, παρεμβάλλετε ἐπʼ αὐτὴν κυκλόθεν· μὴ ἔστω αὐτῆς ἀνασωζόμενος· ἀνταπόδοτε αὐτῇ κατὰ τὰ ἔργα αὐτῆς, κατὰ πάντα ὅσα ἐποίησε, ποιήσατε αὐτῇ, ὅτι πρὸς Κύριον ἀντέστη Θεὸν ἅγιον τοῦ Ἰσραήλ.
25087	ΙΕΡΕΜΙΑΣ 28:32	ἐλήφθησαν	No	No	No	ἐλήμφθησαν	1.00	Yes	No	Yes	\vs{32}Ἀπʼ ἐσχάτου τῶν διαβάσεων αὐτοῦ ἐλήφθησαν, καὶ τὰ συστήματα αὐτῶν ἐνέπρησαν ἐν πυρὶ, καὶ ἄνδρες αὐτοῦ οἱ πολεμισταὶ ἐξέρχονται.
25159	ΙΕΡΕΜΙΑΣ 30:17	παραληψόμενος	No	No	No	παραλημψόμενος	1.00	Yes	No	Yes	\vs{17}ΤΟΙΣ ΥΙΟΙΣ ἈΜΜΩΝ οὕτως εἶπε Κύριος, μὴ υἱοὶ οὐκ εἰσὶν ἐν Ἰσραὴλ, ἢ παραληψόμενος οὐκ ἔστιν αὐτοῖς; διατί παρέλαβε Μελχὸλ τὴν Γαλαὰδ, καὶ ὁ λαὸς αὐτῶν ἐν πόλεσιν αὐτῶν ἐνοικήσει;
25209	ΙΕΡΕΜΙΑΣ 31:21	Χελὼν	Yes	No	No	χαιλων	1.00	Yes	No	Yes	\vs{21}καὶ κρίσις ἔρχεται εἰς τὴν γῆν Μεισὼρ ἐπὶ Χελὼν, καὶ Ῥεφὰς, καὶ Μωφὰς,
25225	ΙΕΡΕΜΙΑΣ 31:34	σαλασία	No	No	No	σαλασειά	1.00	Yes	No	Yes	\vs{34}αἱ δὲ ἀπὸ κραυγῆς Ἐσεβὼν ἕως Αἰτὰμ αἱ πόλεις αὐτῶν ἔδωκαν φωνὴν αὐτῶν, ἀπὸ Ζογὸρ ἕως Ὠρωναὶμ, καὶ ἀγγελίαν σαλασία, ὅτι καὶ τὸ ὕδωρ Νεβρεὶν εἰς κατάκαυμα ἔσται.
25237	ΙΕΡΕΜΙΑΣ 31:44	συλληφθήσεται	No	No	No	συλλημφθήσεται	1.00	Yes	No	Yes	\vs{44}Ὁ φεύγων ἀπὸ προσώπου τοῦ φόβου, ἐμπεσεῖται εἰς τὸν βόθυνον· καὶ ὁ ἀναβαίνων ἐκ τοῦ βοθύνου, καὶ συλληφθήσεται ἐν τῇ παγίδι· ὅτι ἐπάξω ταῦτα ἐπὶ Μωὰβ ἐν ἐνιαυτῷ ἐπισκέψεως αὐτῶν.
25369	ΙΕΡΕΜΙΑΣ 36:24	Αἰλαμίτην	Yes	No	No	αἰλαμείτην	1.00	Yes	No	Yes	\vs{24}Καὶ πρὸς Σαμαίαν τὸν Αἰλαμίτην ἐρεῖς,
25377	ΙΕΡΕΜΙΑΣ 36:31	Αἰλαμίτην	Yes	No	No	αἰλαμείτην	1.00	Yes	No	Yes	\vs{31}ἀπόστειλον πρὸς τὴν ἀποικίαν, λέγων, οὕτως εἶπε Κύριος ἐπὶ Σαμαίαν τὸν Αἰλαμίτην, ἐπειδὴ ἐπροφήτευσεν ὑμῖν Σαμαίας, καὶ ἐγὼ οὐκ ἀπέστειλα αὐτὸν, καὶ πεποιθέναι ἐποίησεν ὑμᾶς ἐπʼ ἀδίκοις,
25418	ΙΕΡΕΜΙΑΣ 38:8	τεκνοποιήσει	No	No	No	τεκνοποιήσῃ	1.00	Yes	No	Yes	\vs{8}Ἰδοὺ ἐγὼ ἄγω αὐτοὺς ἀπὸ Βοῤῥᾶ, καὶ συνάξω αὐτοὺς ἀπʼ ἐσχάτου τῆς γῆς ἐν ἑορτῇ φασέκ· καὶ τεκνοποιήσει ὄχλον πολὺν, καὶ ἀποστρέψουσιν ὧδε.
25429	ΙΕΡΕΜΙΑΣ 38:16	διαλειπέτω	No	No	No	διαλιπέτω	1.00	Yes	No	Yes	\vs{16}Οὕτως εἶπε Κύριος, διαλειπέτω ἡ φωνή σου ἀπὸ κλαυθμοῦ, καὶ οἱ ὀφθαλμοί σου ἀπὸ δακρύων σου, ὅτι ἔστι μισθὸς τοῖς σοῖς ἔργοις, καὶ ἐπιστρέψουσιν ἐκ γῆς ἐχθρῶν,
25602	ΙΕΡΕΜΙΑΣ 43:9	ἐννάτῳ	No	No	No	ἐνάτῳ	1.00	Yes	No	Yes	\vs{9}Καὶ ἐγενήθη ἐν τῷ ἔτει τῷ ὀγδόῳ τῷ βασιλεῖ Ἰωακεὶμ ἐν τῷ μηνὶ τῷ ἐννάτῳ, ἐξεκκλησίασαν νηστείαν κατὰ πρόσωπον Κυρίου πᾶς ὁ λαὸς ἐν Ἱερουσαλὴμ, καὶ οἴκος Ἰούδα.
25664	ΙΕΡΕΜΙΑΣ 45:2	εὕρημα	No	No	No	εὕρεμα	1.00	Yes	No	Yes	\vs{2}Οὕτως εἶπε Κύριος, ὁ κατοικῶν ἐν τῇ πόλει ταύτῃ, ἀποθανεῖται ἐν ῥομφαίᾳ, καὶ ἐν λιμῷ· καὶ ὁ ἐκπορευόμενος πρὸς τοὺς Χαλδαίους, ζήσεται, καὶ ἔσται ἡ ψυχὴ αὐτοῦ εἰς εὕρημα, καὶ ζήσεται.
25701	ΙΕΡΕΜΙΑΣ 46:1	ἐννάτῳ	No	No	No	ἐνάτῳ	1.00	Yes	No	Yes	Καὶ ἐγένετο τῷ μηνὶ τῷ ἐννάτῳ τοῦ Σεδεκία βασιλέως Ἰούδα, παρεγένετο Ναβουχοδονόσορ βασιλεὺς Βαβυλῶνος, καὶ πᾶσα ἡ δύναμις αὐτοῦ ἐπὶ Ἱερουσαλὴμ, καὶ ἐπολιόρκουν αὐτήν.
25702	ΙΕΡΕΜΙΑΣ 46:2	ἐννάτῃ	No	No	No	ἐνάτῃ	1.00	Yes	No	Yes	\vs{2}Καὶ ἐν τῷ ἑνδεκάτῳ ἔτει τοῦ Σεδεκία, ἐν τῷ μηνὶ τῷ τετάρτῳ, ἐννάτῃ τοῦ μηνὸς, ἐῤῥάγη ἡ πόλις,
25709	ΙΕΡΕΜΙΑΣ 46:18	εὕρημα	No	No	No	εὕρεμα	1.00	Yes	No	Yes	\vs{18}ὅτι σώζων σώσω σε, καὶ ἐν ῥομφαίᾳ οὐ μὴ πέσῃς· καὶ ἔσται ἡ ψυχή σου εἰς εὕρημα, ὅτι ἐπεποίθεις ἐπʼ ἐμοὶ, φησὶ Κύριος.
25730	ΙΕΡΕΜΙΑΣ 47:14	Βελεισσὰ	Yes	No	No	βελισα	1.00	Yes	No	Yes	\vs{14}καὶ εἶπον αὐτῷ, εἰ γνώσει γινώσκεις, ὅτι Βελεισσὰ βασιλεὺς υἱὸς Ἀμμὼν ἀπέστειλε πρὸς σὲ τὸν Ἰσμαὴλ πατάξαι σου ψυχήν; καὶ οὐκ ἐπίστευσεν αὐτοῖς Γοδολίας.
25804	ΙΕΡΕΜΙΑΣ 50:13	Ἡλιουπόλεως	Yes	No	No	ἡλίου πόλεως	1.00	Yes	No	Yes	\vs{13}καὶ συντρίψει τοὺς στύλους Ἡλιουπόλεως τοὺς ἐν Ὢν, καὶ τὰς οἰκίας αὐτῶν κατακαύσει ἐν πυρί.
25841	ΙΕΡΕΜΙΑΣ 51:27	ἐκλείπωσι	No	No	No	ἐκλίπωσιν	1.00	Yes	No	Yes	\vs{27}Ὅτι ἐγὼ ἐγρήγορα ἐπʼ αὐτοὺς, τοῦ κακῶσαι αὐτοὺς, καὶ οὐκ ἀγαθῶσαι· καὶ ἐκλείψουσι πᾶς Ἰούδα, οἱ κατοικοῦντες ἐν γῇ Αἰγύπτῳ, ἐν ῥομφαίᾳ καὶ ἐν λιμῷ, ἕως ἂν ἐκλείπωσι.
25852	ΙΕΡΕΜΙΑΣ 51:35	εὕρημα	No	No	No	εὕρεμα	1.00	Yes	No	Yes	\vs{35}Καὶ σὺ ζητήσεις σεαυτῷ μεγάλα; μὴ ζητήσῃς, ὅτι ἰδοὺ ἐγὼ ἐπάγω κακὰ ἐπὶ πᾶσαν σάρκα, λέγει Κύριος· καὶ δώσω τὴν ψυχήν σου εἰς εὕρημα ἐν παντὶ τόπῳ οὗ ἐὰν βαδίσῃς ἐκεῖ.
25857	ΙΕΡΕΜΙΑΣ 52:4	ἐννάτῳ	No	No	No	ἐνάτῳ	1.00	Yes	No	Yes	\vs{4}Καὶ ἐγένετο τῷ ἔτει τῷ ἐννάτῳ τῆς βασιλείας αὐτοῦ, ἐν μηνὶ τῷ ἐννάτῳ, δεκάτῃ τοῦ μηνὸς, ἦλθε Ναβουχοδονόσορ βασιλεὺς Βαβυλῶνος, καὶ πᾶσα ἡ δύναμις αὐτοῦ ἐπὶ Ἱερουσαλὴμ, καὶ περιεχαράκωσαν αὐτὴν, καὶ περιῳκοδόμησαν αὐτὴν τετραπέδοις λίθοις κύκλῳ.
25857	ΙΕΡΕΜΙΑΣ 52:4	ἐννάτῳ	No	No	No	ἐνάτῳ	1.00	Yes	No	Yes	\vs{4}Καὶ ἐγένετο τῷ ἔτει τῷ ἐννάτῳ τῆς βασιλείας αὐτοῦ, ἐν μηνὶ τῷ ἐννάτῳ, δεκάτῃ τοῦ μηνὸς, ἦλθε Ναβουχοδονόσορ βασιλεὺς Βαβυλῶνος, καὶ πᾶσα ἡ δύναμις αὐτοῦ ἐπὶ Ἱερουσαλὴμ, καὶ περιεχαράκωσαν αὐτὴν, καὶ περιῳκοδόμησαν αὐτὴν τετραπέδοις λίθοις κύκλῳ.
25860	ΙΕΡΕΜΙΑΣ 52:6	ἐννάτῃ	No	No	No	ἐνάτῃ	1.00	Yes	No	Yes	\vs{6}ἐν τῇ ἐννάτῃ τοῦ μηνὸς, καὶ ἐστερεώθη ὁ λιμὸς ἐν τῇ πόλει, καὶ οὐκ ἦσαν ἄρτοι τῷ λαῷ τῆς γῆς.
25922	ΘΡΗΝΟΙ ΙΕΡΕΜΙΟΥ 1:13	ὠδυνωμένην	No	No	No	ὀδυνωμένην	1.00	Yes	No	Yes	\vs{13}ΜΗΜ. Ἐξ ὕψους αὐτοῦ ἀπέστειλε πῦρ, ἐν τοῖς ὀστέοις μου κατήγαγεν αὐτό· διεπέτασε δίκτυον τοῖς ποσί μου, ἀπέστρεψέ με εἰς τὰ ὀπίσω· ἔδωκέ με ἠφανισμένην, ὅλην τὴν ἡμέραν ὠδυνωμένην.
26211	ΙΕΖΕΚΙΗΛ 3:8	νίκους	No	No	No	νείκους	1.00	Yes	No	Yes	\vs{8}Καὶ ἰδοὺ δέδωκα τὸ πρόσωπόν σου δυνατὸν κατέναντι τῶν προσώπων αὐτῶν, καὶ τὸ νῖκός σου κατισχύσω κατέναντι τοῦ νίκους αὐτῶν·
26375	ΙΕΖΕΚΙΗΛ 9:4	κατοδυνωμένων	No	No	No	κατωδυνωμένων	1.00	Yes	No	Yes	\vs{4}Καὶ ἐκάλεσε τὸν ἄνδρα τὸν ἐνδεδυκότα τὸν ποδήρη, ὃς εἶχεν ἐπὶ τῆς ὀσφύος αὐτοῦ τὴν ζώνην, καὶ εἶπε πρὸς αὐτὸν, δίελθε μέσην Ἱερουσαλὴμ, καὶ δὸς σημεῖον ἐπὶ τὰ μέτωπα τῶν ἀνδρῶν τῶν καταστεναζόντων καὶ τῶν κατοδυνωμένων ἐπὶ πάσαις ταῖς ἀνομίαις ταῖς γινομέναις ἐν μέσῳ αὐτῶν.
26459	ΙΕΖΕΚΙΗΛ 12:6	ἀναληφθήσῃ	No	No	No	ἀναλημφθήσῃ	1.00	Yes	No	Yes	\vs{6}ἐπʼ ὤμων ἀναληφθήσῃ, καὶ κεκρυμμένος ἐξελεύσῃ, τὸ πρόσωπόν σου συγκαλύψεις, καὶ οὐ μὴ ἴδῃς τὴν γῆν, διότι τέρας δέδωκά σε τῷ οἴκῳ Ἰσραήλ.
26461	ΙΕΖΕΚΙΗΛ 12:7	ἀνελήφθην	No	No	No	ἀνελήμφθην	1.00	Yes	No	Yes	\vs{7}Καὶ ἐποίησα οὕτως κατὰ πάντα ὅσα ἐνετείλατό μοι· καὶ σκεύη ἐξήνεγκα αἰχμαλωσίας ἡμέρας, καὶ ἑσπέρας διώρυξα ἐμαυτῷ τὸν τοῖχον, καὶ κεκρυμμένος ἐξῆλθον, ἐπʼ ὤμων ἀνελήφθην ἐνώπιον αὐτῶν.
26469	ΙΕΖΕΚΙΗΛ 12:13	συλληφθήσεται	No	No	No	συλλημφθήσεται	1.00	Yes	No	Yes	\vs{13}Καὶ ἐκπετάσω τὸ δίκτυόν μου ἐπʼ αὐτὸν, καὶ συλληφθήσεται ἐν τῇ περιοχῇ μου, καὶ ἄξω αὐτὸν εἰς Βαβυλῶνα εἰς γῆν Χαλδαίων, καὶ αὐτὴν οὐκ ὄψεται, καὶ ἐκεῖ τελευτήσει.
26665	ΙΕΖΕΚΙΗΛ 17:7	βόλῳ	No	No	No	βώλῳ	1.00	Yes	No	Yes	\vs{7}Καὶ ἐγένετο ἀετὸς ἕτερος μέγας, μεγαλοπτέρυγος πολὺς ὄνυξι· καὶ ἰδοὺ ἡ ἄμπελος αὕτη περιπεπλεγμένη πρὸς αὐτὸν, καὶ ῥίζαι αὐτῆς πρὸς αὐτὸν, καὶ τὰ κλήματα αὐτῆς ἐξαπέστειλεν αὐτῷ, τοῦ ποτίσαι αὐτὴν σὺν τῷ βόλῳ τῆς φυτείας αὐτῆς.
26669	ΙΕΖΕΚΙΗΛ 17:10	βόλῳ	No	No	No	βώλῳ	1.00	Yes	No	Yes	\vs{10}Καὶ ἰδοὺ πιαίνεται· μὴ κατευθυνεῖ; οὐχὶ ἅμα τῷ ἅψεσθαι αὐτῆς ἄνεμον τὸν καύσωνα ξηρανθήσεται; σὺν τῷ βόλῳ ἀνατολῆς αὐτῆς ξηρανθήσεται.
26672	ΙΕΖΕΚΙΗΛ 17:12	ἄξῃ	No	No	No	ἄξει	1.00	Yes	No	Yes	\vs{12}υἱὲ ἀνθρώπου, εἰπὸν δὴ πρὸς τὸν οἶκον τὸν παραπικραίνοντα, οὐκ ἐπίστασθε τί ἦν ταῦτα; εἰπὸν, ὅταν ἔλθῃ βασιλεὺς Βαβυλῶνος ἐπὶ Ἱερουσαλὴμ, καὶ λήψεται τὸν βασιλέα αὐτῆς καὶ τοὺς ἄρχοντας αὐτῆς, καὶ ἄξῃ αὐτοὺς πρὸς ἑαυτὸν εἰς Βαβυλῶνα.
26816	ΙΕΖΕΚΙΗΛ 21:2	Δαρὸμ	Yes	No	No	δαρωμ	1.00	Yes	No	Yes	\vs{2}υἱὲ ἀνθρώπου, στήρισον τὸ πρόσωπόν σου ἐπὶ θαιμὰν, καὶ ἐπίβλεψον ἐπὶ Δαρὸμ, καὶ προφήτευσον ἐπὶ δρυμὸν ἡγούμενον Ναγὲβ,
26968	ΙΕΖΕΚΙΗΛ 24:1	ἐννάτῳ	No	No	No	ἐνάτῳ	1.00	Yes	No	Yes	Καὶ ἐγένετο λόγος Κυρίου πρὸς μὲ, ἐν τῷ ἔτει τῷ ἐννάτῳ, ἐν τῷ μηνὶ τῷ δεκάτῳ, δεκάτῃ τοῦ μηνὸς, λέγων,
27066	ΙΕΖΕΚΙΗΛ 27:5	ἐλήφθησαν	No	No	No	ἐλήμφθησαν	1.00	Yes	No	Yes	\vs{5}Κέδρος ἐν Σενεὶρ ᾠκοδομήθη σοι, ταινίαι σανίδων κυπαρίσσου ἐκ τοῦ Λιβάνου ἐλήφθησαν, τοῦ ποιῆσαί σοι ἱστοὺς ἐλατίνους,
27081	ΙΕΖΕΚΙΗΛ 27:16	Ῥαμὸθ	Yes	No	No	ραμωθ	1.00	Yes	No	Yes	\vs{16}ἀνθρώπους ἐμπορίαν σου ἀπὸ πλήθους τοῦ συμμίκτου σου, στακτὴν καὶ ποικίλματα ἐκ Θαρσὶς, καὶ Ῥαμὸθ, καὶ Χορχὸρ ἔδωκαν τὴν ἀγοράν σου.
27101	ΙΕΖΕΚΙΗΛ 27:33	ἐπλούτησας	No	No	No	ἐπλούτισας	1.00	Yes	No	Yes	\vs{33}Πόσον τινὰ εὗρες μισθὸν ἀπὸ τῆς θαλάσσης; Ἐνέπλησας ἔθνη ἀπὸ τοῦ πλήθους σου, καὶ ἀπὸ τοῦ συμμίκτου σου ἐπλούτησας πάντας βασιλεῖς τῆς γῆς.
27195	ΙΕΖΕΚΙΗΛ 30:17	Ἡλιουπόλεως	Yes	No	No	ἡλίου πόλεως	1.00	Yes	No	Yes	\vs{17}Νεανίσκοι Ἡλιουπόλεως καὶ Βουβάστου ἐν μαχαίρᾳ πεσοῦνται, καὶ αἱ γυναῖκες ἐν αἰχμαλωσίᾳ πορεύσονται,
27385	ΙΕΖΕΚΙΗΛ 35:13	ἐμεγαλοῤῥημόνησας	No	No	No	ἐμεγαλορημόνησας	1.00	Yes	No	Yes	\vs{13}καὶ ἐμεγαλοῤῥημόνησας ἐπʼ ἐμὲ τῷ στόματί σου, ἐγὼ ἤκουσα.
27415	ΙΕΖΕΚΙΗΛ 36:21	ἐπεισάμην	No	No	No	ἐφεισάμην	1.00	Yes	No	Yes	\vs{21}Καὶ ἐπεισάμην αὐτῶν διὰ τὸ ὄνομά μου τὸ ἅγιον, ὃ ἐβεβήλωσαν οἶκος Ἰσραὴλ ἐν τοῖς ἔθνεσιν, οὗ εἰσήλθοσαν ἐκεῖ.
27462	ΙΕΖΕΚΙΗΛ 37:17	προσαλλήλας	No	No	No	πρὸς ἀλλήλας	1.00	Yes	No	Yes	\vs{17}Καὶ συνάψεις αὐτὰς προσαλλήλας σεαυτῷ, εἰς ῥάβδον μίαν τοῦ δῆσαι ἑαυτὰς, καὶ ἔσονται ἐν τῇ χειρί σου.
27808	ΙΕΖΕΚΙΗΛ 46:12	ἀνοίξεῃ	No	No	No	ἀνοίξει	1.00	Yes	No	Yes	\vs{12}Ἐὰν δὲ ποιήσῃ ὁ ἀφηγούμενος ὁμολογίαν ὁλοκαύτωμα σωτηρίου τῷ Κυρίῳ, καὶ ἀνοίξεῃ ἑαυτῷ τὴν πύλην τὴν βλέπουσαν κατὰ ἀνατολάς, καὶ ποιήσῃ τὸ ὁλοκαύτωμα αὐτοῦ, καὶ τὰ τοῦ σωτηρίου αὐτοῦ, ὃν τρόπον ποιεῖ ἐν τῇ ἡμέρᾳ τῶν σαββάτων· καὶ ἐξελεύσεται, καὶ κλείσει τὰς θύρας μετὰ τὸ ἐξελθεῖν αὐτόν·
27838	ΙΕΖΕΚΙΗΛ 47:10	Ἐναγαλλείμ	Yes	No	No	ἐναγαλείμ	1.00	Yes	No	Yes	\vs{10}Καὶ στήσονται ἐκεῖ ἁλιεῖς ἀπὸ Ἰνγαδεὶν ἕως Ἐναγαλλείμ· ψυγμὸς σαγηνῶν ἔσται, καθʼ ἑαυτὴν ἔσται· καὶ οἱ ἰχθύες αὐτῆς, ὡς οἱ ἰχθύες τῆς θαλάσσης τῆς μεγάλης, πλῆθος πολὺ σφόδρα.
27848	ΙΕΖΕΚΙΗΛ 47:18	Λωρανίτιδος	Yes	No	No	λωρανείτιδος	1.00	Yes	No	Yes	\vs{18}Καὶ τὰ πρὸς ἀνατολὰς ἀναμέσον τῆς Λωρανίτιδος, καὶ ἀναμέσον Δαμασκοῦ, καὶ ἀναμέσον τῆς Γαλααδίτιδος, καὶ ἀναμέσον τῆς γῆς τοῦ Ἰσραὴλ, ὁ Ἰορδάνης διορίζει ἐπὶ τὴν θάλασσαν, τὴν πρὸς ἀνατολὰς φοινικῶνος· ταῦτα τὰ πρὸς ἀνατολάς.
27892	ΙΕΖΕΚΙΗΛ 48:29	οἱδιαμερισμοὶ	No	No	No	οἱ διαμερισμοὶ	1.00	Yes	No	Yes	\vs{29}Αὕτη ἡ γῆ, ἣν βαλεῖτε ἐν κλήρῳ ταῖς φυλαῖς τοῦ Ἰσραήλ· καὶ οὗτοι οἱδιαμερισμοὶ αὐτῶν, λέγει Κύριος Θεός.
27920	ΔΑΝΙΗΛ 1:12	φαγώμεθα	No	No	No	φαγόμεθα	1.00	Yes	No	Yes	\vs{12}πείρασον δὴ τοὺς παῖδάς σου ἡμέρας δέκα, καὶ δότωσαν ἡμῖν ἀπὸ τῶν σπερμάτων, καὶ φαγώμεθα, καὶ ὕδωρ πιώμεθα,
27920	ΔΑΝΙΗΛ 1:12	πιώμεθα	No	No	No	πιόμεθα	1.00	Yes	No	Yes	\vs{12}πείρασον δὴ τοὺς παῖδάς σου ἡμέρας δέκα, καὶ δότωσαν ἡμῖν ἀπὸ τῶν σπερμάτων, καὶ φαγώμεθα, καὶ ὕδωρ πιώμεθα,
27977	ΔΑΝΙΗΛ 2:35	εἰσάπαξ	No	No	No	εἰς ἅπαξ	1.00	Yes	No	Yes	\vs{35}Τότε ἐλεπτύνθησαν εἰσάπαξ τὸ ὄστρακον, ὁ σίδηρος, ὁ χαλκὸς, ὁ ἄργυρος, ὁ χρυσός· καὶ ἐγένετο ὡσεὶ κονιορτὸς ἀπὸ ἅλωνος θερινῆς· καὶ ἐξῇρεν αὐτὰ τὸ πλῆθος τοῦ πνεύματος, καὶ τόπος οὐχ εὑρέθη αὐτοῖς· καὶ ὁ λίθος ὁ πατάξας τὴν εἰκόνα, ἐγενήθη ὄρος μέγα, καὶ ἐπλήρωσε πᾶσαν τὴν γῆν.
28043	ΔΑΝΙΗΛ 3:37	ταπεενοὶ	No	No	No	ταπεινοὶ	1.00	Yes	No	Yes	\vs{37}Ὅτι, δέσποτα, ἐσμικρύνθημεν παρὰ πάντα τὰ ἔθνη, καί ἐσμὲν ταπεενοὶ ἐν πάσῃ τῇ γῇ σήμερον, διὰ τὰς ἁμαρτίας ἡμῶν.
28571	ΩΣΗΕ 6:3	διώξωμεν	No	No	No	διώξομεν	1.00	Yes	No	Yes	\vs{3}καὶ ζησόμεθα ἐνώπιον αὐτοῦ, καὶ γνωσόμεθα· διώξωμεν τοῦ γνῶναι τὸν Κύριον· ὡς ὄρθρον ἕτοιμον εὑρήσομεν αὐτὸν, καὶ ἥξει ὡς ὑετὸς ἡμῖν πρώϊμος καὶ ὄψιμος γῇ.
28571	ΩΣΗΕ 6:3	πρώϊμος	No	No	No	πρόιμος	1.00	Yes	No	Yes	\vs{3}καὶ ζησόμεθα ἐνώπιον αὐτοῦ, καὶ γνωσόμεθα· διώξωμεν τοῦ γνῶναι τὸν Κύριον· ὡς ὄρθρον ἕτοιμον εὑρήσομεν αὐτὸν, καὶ ἥξει ὡς ὑετὸς ἡμῖν πρώϊμος καὶ ὄψιμος γῇ.
28635	ΩΣΗΕ 9:10	πρώϊμον	No	No	No	πρόιμον	1.00	Yes	No	Yes	\vs{10}Ὡς σταφυλὴν ἐν ἐρήμῳ εὗρον τὸν Ἰσραὴλ, καὶ ὡς σκοπὸν ἐν συκῇ πρώϊμον πατέρας αὐτῶν εἶδον· αὐτοὶ εἰσῆλθον πρὸς τὸν Βεελφεγὼρ, καὶ ἀπηλλοτριώθησαν εἰς αἰσχύνην, καὶ ἐγένοντο οἱ ἐβδελυγμένοι ὡς οἱ ἠγαπημένοι.
28675	ΩΣΗΕ 11:8	Σεβοείμ	Yes	No	No	σεβωιμ	1.00	Yes	No	Yes	\vs{8}Τί σε διαθῶμαι Ἐφραίμ; ὑπερασπιῶ σου Ἰσραήλ; τί σε διαθῶ; ὡς Ἀδάμα θήσομαί σε, καὶ ὡς Σεβοείμ· μετεστράφη ἡ καρδία μου ἐν τῷ αὐτῷ, συνεταράχθη ἡ μεταμέλειά μου·
28796	ΙΩΗΛ 2:23	πρώϊμον	No	No	No	πρόιμον	1.00	Yes	No	Yes	\vs{23}Καὶ τὰ τέκνα Σιὼν χαίρετε καὶ εὐφραίνεσθε ἐπὶ τῷ Κυρίῳ Θεῷ ὑμῶν, διότι ἔδωκεν ὑμῖν τὰ βρώματα εἰς δικαιοσύνην, καὶ βρέξει ὑμῖν ὑετὸν πρώϊμον καὶ ὄψιμον, καθὼς ἔμπροσθεν,
28920	ΑΜΩΣ 4:9	συκεῶνας	No	No	No	συκῶνας	1.00	Yes	No	Yes	\vs{9}Ἐπάταξα ὑμᾶς ἐν πυρώσει, καὶ ἐν ἰκτέρῳ· ἐπληθύνατε κήπους ὑμῶν, ἀμπελῶνας ὑμῶν, καὶ συκεῶνας ὑμῶν· καὶ ἐλαιῶνας ὑμῶν κατέφαγεν ἡ κάμπη· καὶ οὐδʼ ὡς ἐπεστρέψατε πρὸς μὲ, λέγει Κύριος.
29055	ΟΒΔΕΙΟΥ 1:1	Ὀβδίου	Yes	No	No	ὀβδειού	1.00	Yes	No	Yes	\lettrine[lines=2, loversize=0.2, nindent=0em, findent=.25em]{\textcolor{bookheadingcolor}{Ὅ}}{ΡΑΣΙΣ} Ὀβδίου. Τάδε λέγει Κύριος ὁ Θεὸς τῇ Ἰδουμαίᾳ, ἀκοὴν ἤκουσα παρὰ Κυρίου, καὶ περιοχὴν εἰς τὰ ἔθνη ἐξαπέστειλεν· ἀνάστητε, καὶ ἐξαναστῶμεν ἐπʼ αὐτὴν εἰς πόλεμον.
29062	ΟΒΔΕΙΟΥ 1:6	κατελήφθη	No	No	No	κατελήμφθη	1.00	Yes	No	Yes	\vs{6}Πῶς ἐξηρευνήθη Ἡσαῦ, καὶ κατελήφθη τὰ κεκρυμμένα αὐτοῦ;
29109	ΙΩΝΑΣ 1:16	ηὔξαντο	No	No	No	εὔξαντο	1.00	Yes	No	Yes	\vs{16}Καὶ ἐφοβήθησαν οἱ ἄνδρες φόβῳ μεγάλῳ τὸν Κύριον, καὶ ἔθυσαν θυσίαν τῷ Κυρίῳ, καὶ ηὔξαντο τὰς εὐχάς.
29192	ΜΙΧΑΙΑΣ 2:4	ληφθήσεται	No	No	No	λημφθήσεται	1.00	Yes	No	Yes	\vs{4}Ἐν τῇ ἡμέρᾳ ἐκείνῃ ληφθήσεται ἐφʼ ὑμᾶς παραβολὴ, καὶ θρηνηθήσεται θρῆνος ἐν μέλει, λέγων, ταλαιπωρίᾳ ἐταλαιπωρήσαμεν· μερὶς λὰοῦ μου κατεμετρήθη ἐν σχοινίῳ, καὶ οὐκ ἦν ὁ κωλύων αὐτὸν τοῦ ἀποστρέψαι· οἱ ἀγροὶ ὑμῶν διεμερίσθησαν.
29524	ΣΟΦΟΝΙΑΣ 3:6	τοπαράπαν	No	No	No	τὸ παράπαν	1.00	Yes	No	Yes	\vs{6}Ἐν διαφθορᾷ κατέσπασα ὑπερηφάνους, ἠφανίσθησαν γωνίαι αὐτῶν· ἐξερημώσω τὰς ὁδοὺς αὐτῶν τοπαράπαν, τοῦ μὴ διοδεύειν· ἐξέλιπον αἱ πόλεις αὐτῶν, παρὰ τὸ μηδένα ὑπάρχειν, μηδὲ κατοικεῖν.
29584	ΑΓΓΑΙΟΣ 2:10	ἐννάτου	No	No	No	ἐνάτου	1.00	Yes	No	Yes	\vs{10}Τετράδι καὶ εἰκάδι τοῦ ἐννάτου μηνὸς, ἔτους δευτέρου, ἐπὶ Δαρείου, ἐγένετο λόγος Κυρίου πρὸς Ἀγγαῖον τὸν προφήτην, λέγων,
29593	ΑΓΓΑΙΟΣ 2:18	ἐννάτου	No	No	No	ἐνάτου	1.00	Yes	No	Yes	\vs{18}Ὑποτάξατε δὴ τὰς καρδίας ὑμῶν ἀπὸ τῆς ἡμέρας ταύτης, καὶ ἐπέκεινα, ἀπὸ τῆς τετράδος καὶ εἰκάδος τοῦ ἐννάτου μηνὸς, καὶ ἀπὸ τῆς ἡμέρας ἧς τεθεμελίωται ὁ ναὸς Κυρίου· θέσθε ἐν ταῖς καρδίαις ὑμῶν,
29735	ΖΑΧΑΡΙΑΣ 7:1	ἐννάτου	No	No	No	ἐνάτου	1.00	Yes	No	Yes	Καὶ ἐγένετο ἐν τῷ τετάρτῳ ἔτει ἐπὶ Δαρείου τοῦ βασιλέως, ἐγένετο λόγος Κυρίου πρὸς Ζαχαρίαν τετράδι τοῦ μηνὸς τοῦ ἐννάτου, ὅς ἐστι Χασελεύ.
29812	ΖΑΧΑΡΙΑΣ 10:1	πρώϊμον	No	No	No	πρόιμον	1.00	Yes	No	Yes	Αἰτεῖσθε παρὰ Κυρίου ὑετὸν καθʼ ὥραν, πρώϊμον καὶ ὄψιμον· Κύριος ἐποίησε φαντασίας, καὶ ὑετὸν χειμερινὸν δώσει αὐτοῖς, ἑκάστῳ βοτάνην ἐν ἀγρῷ.
30193	ΕΣΔΡΑΣ Α 4:44	ληφθέντα	No	No	No	λημφθέντα	1.00	Yes	No	Yes	\vs{44}καὶ πάντα τὰ σκεύη τὰ ληφθέντα ἐξ Ἱερουσαλὴμ, καὶ ἐκπέμψαι ἃ ἐχώρισε Κύρος, ὅτε ηὔξατο ἐκκόψαι Βαβυλῶνα, καὶ ηὔξατο ἐξαποστεῖλαι ἐκεῖ.
30242	ΕΣΔΡΑΣ Α 5:16	Ἁννὶς	Yes	No	No	ἁννείς	1.00	Yes	No	Yes	\vs{16}Υἱοὶ Ἁννὶς, ἑκατὸν εἷς· υἱοὶ Ἀρὸμ, τριακονταδύο· υἱοὶ Βασσαὶ, τριακόσιοι εἰκοσιτρεῖς· υἱοὶ Ἀρσιφουρὶθ, ἑκατὸν δύο.
30242	ΕΣΔΡΑΣ Α 5:16	Ἀρσιφουρὶθ	Yes	No	No	ἀρσειφουρείθ	1.00	Yes	No	Yes	\vs{16}Υἱοὶ Ἁννὶς, ἑκατὸν εἷς· υἱοὶ Ἀρὸμ, τριακονταδύο· υἱοὶ Βασσαὶ, τριακόσιοι εἰκοσιτρεῖς· υἱοὶ Ἀρσιφουρὶθ, ἑκατὸν δύο.
30248	ΕΣΔΡΑΣ Α 5:19	Καφείρας	Yes	No	No	καπιρας	1.00	Yes	No	Yes	\vs{19}Οἱ ἐκ Καριαθιρὶ, εἰκοσιπέντε· οἱ ἐκ Καφείρας, καὶ Βηρὼγ, ἑπτακόσιοι τεσσαρακοντατρεῖς.
30248	ΕΣΔΡΑΣ Α 5:19	Βηρὼγ	Yes	No	No	βηρόγ	1.00	Yes	No	Yes	\vs{19}Οἱ ἐκ Καριαθιρὶ, εἰκοσιπέντε· οἱ ἐκ Καφείρας, καὶ Βηρὼγ, ἑπτακόσιοι τεσσαρακοντατρεῖς.
30252	ΕΣΔΡΑΣ Α 5:21	Βετολίῳ	Yes	No	No	βαιτολιω	1.00	Yes	No	Yes	\vs{21}Οἱ ἐκ Μακαλὼν, ἑκατὸν εἰκοσιδύο· οἱ ἐκ Βετολίῳ, πεντηκονταδύο· υἱοὶ Νιφὶς, ἑκατὸν πεντηκονταέξ.
30276	ΕΣΔΡΑΣ Α 5:33	Ἰειηλὶ	Yes	No	No	ἰειηλεί	1.00	Yes	No	Yes	\vs{33}Υἱοὶ παίδων Σαλωμὼν, υἱοὶ Ἀσσαπφιὼθ, υἱοὶ Φαριρὰ, υἱοὶ Ἰειηλὶ, υἱοὶ Λοζὼν, υἱοὶ Ἰσδαὴλ, υἱοὶ Σαφυῒ,
30276	ΕΣΔΡΑΣ Α 5:33	Σαφυῒ	Yes	No	No	σαφυεί	1.00	Yes	No	Yes	\vs{33}Υἱοὶ παίδων Σαλωμὼν, υἱοὶ Ἀσσαπφιὼθ, υἱοὶ Φαριρὰ, υἱοὶ Ἰειηλὶ, υἱοὶ Λοζὼν, υἱοὶ Ἰσδαὴλ, υἱοὶ Σαφυῒ,
30278	ΕΣΔΡΑΣ Α 5:34	Σαβιὴ	Yes	No	No	σαβειή	1.00	Yes	No	Yes	\vs{34}Υἱοὶ Ἁγιὰ, υἱοὶ Φακαρὲθ, υἱοὶ Σαβιὴ, υἱοὶ Σαρωθὶ, υἱοὶ Μισαίας, υἱοὶ Γὰς, υἱοὶ Ἀδδοὺς, υἱοὶ Σουβὰ, υἱοὶ Ἀφεῤῥὰ, υἱοὶ Βαρωδὶς, υἱοὶ Σαφὰγ, υἱοὶ Ἀλλώμ·
30278	ΕΣΔΡΑΣ Α 5:34	Σαρωθὶ	Yes	No	No	σαρωθεί	1.00	Yes	No	Yes	\vs{34}Υἱοὶ Ἁγιὰ, υἱοὶ Φακαρὲθ, υἱοὶ Σαβιὴ, υἱοὶ Σαρωθὶ, υἱοὶ Μισαίας, υἱοὶ Γὰς, υἱοὶ Ἀδδοὺς, υἱοὶ Σουβὰ, υἱοὶ Ἀφεῤῥὰ, υἱοὶ Βαρωδὶς, υἱοὶ Σαφὰγ, υἱοὶ Ἀλλώμ·
30278	ΕΣΔΡΑΣ Α 5:34	Μισαίας	Yes	No	No	μεισαιάς	1.00	Yes	No	Yes	\vs{34}Υἱοὶ Ἁγιὰ, υἱοὶ Φακαρὲθ, υἱοὶ Σαβιὴ, υἱοὶ Σαρωθὶ, υἱοὶ Μισαίας, υἱοὶ Γὰς, υἱοὶ Ἀδδοὺς, υἱοὶ Σουβὰ, υἱοὶ Ἀφεῤῥὰ, υἱοὶ Βαρωδὶς, υἱοὶ Σαφὰγ, υἱοὶ Ἀλλώμ·
30282	ΕΣΔΡΑΣ Α 5:36	Ἀλάρ	Yes	No	No	ἀλλάρ	1.00	Yes	No	Yes	\vs{36}Οὗτοι ἀναβάντες ἀπὸ Θερμελὲθ, καὶ Θελερσὰς, ἡγούμενος αὐτῶν Χαρααθαλὰν, καὶ Ἀλάρ.
30283	ΕΣΔΡΑΣ Α 5:37	πεντη	No	No	No	πέντε	1.00	No	Yes	Yes	\vs{37}Καὶ οὐκ ἠδύναντο ἀπαγγεῖλαι τὰς πατριὰς αὐτῶν καὶ γενεὰς, ὡς ἐκ τοῦ Ἰσραήλ εἰσιν· υἱοὶ Δαλὰν τοῦ υἱοῦ τοῦ Βαενὰν, υἱοὶ Νεκωδὰν, ἑξακόσιοι πεντη· κονταδύο.
30294	ΕΣΔΡΑΣ Α 5:44	ηὔξαντο	No	No	No	εὔξαντο	1.00	No	Yes	Yes	\vs{44}Καὶ ἐκ τῶν ἡγουμένων κατὰ τὰς πατριὰς ἐν τῷ παραγίνεσθαι αὐτούς εἰς τὸ ἱερὸν τοῦ Θεοῦ τὸ ἐν Ἱερουσαλὴμ, ηὔξαντο ἐγεῖραι τὸν οἶκον ἐπὶ τοὺ τοῦ τόπου αὐτοῦ κατὰ τὴν αὐτῶν δύναμιν,
30303	ΕΣΔΡΑΣ Α 5:51	ἐγάγοσαν	No	No	No	ἠγάγοσαν	1.00	No	Yes	Yes	\vs{51}Καὶ ἐγάγοσαν τὴν τῆς σκηνοπηγίας ἑορτὴν, ὡς ἐπιτέτακται ἐν τῷ νόμῳ, καὶ θυσίας καθʼ ἡμέραν, ὡς προσῆκον ἦν·
30306	ΕΣΔΡΑΣ Α 5:53	ηὔξαντο	No	No	No	εὔξαντο	1.00	No	Yes	Yes	\vs{53}Καὶ ὅσοι ηὔξαντο εὐχὴν τῷ Θεῷ ἀπὸ τῆς νουμηνίας τοῦ ἑβδόμου μηνὸς, ἤρξαντο προσφέρειν θυσίας τῷ Θεῷ, καὶ ὁ ναὸς τοῦ Θεοῦ οὔπω ᾠκοδόμητο.
30327	ΕΣΔΡΑΣ Α 5:68	συνοικοδομήσωμεν	No	No	No	συνοικοδομήσομεν	1.00	No	Yes	Yes	\vs{68}Καὶ προσελθόντες τῷ Ζοροβάβελ, καὶ Ἰησοῦ, καὶ τοῖς ἡγουμένοις τῶν πατριῶν, λέγουσιν αὐτοῖς, συνοικοδομήσωμεν ὑμῖν.
30375	ΕΣΔΡΑΣ Α 6:32	ληφθῆναι	No	No	No	λημφθῆναι	1.00	No	Yes	Yes	\vs{32}καὶ προστάξαι ἵνα ὅσοι ἐὰν παραβῶσί τὶ τῶν γεγραμμένων καὶ ἀκυρώσωσι, ληφθῆναι ξύλον ἐκ τῶν ἰδίων αὐτοῦ, καὶ ἐπʼ αὐτοῦ κρεμασθῆναι, καὶ τὰ ὑπάρχοντα αὐτοῦ εἶναι βασιλικά.
30402	ΕΣΔΡΑΣ Α 8:2	Ἀβισαῒ	Yes	No	No	ἀβεισαὶ	1.00	Yes	No	Yes	\vs{2}τοῦ Σαδδούκου, τοῦ Ἀχιτὼβ, τοῦ Ἀμαρίου, τοῦ Ὀζίου, τοῦ Βοκκὰ, τοῦ Ἀβισαῒ, τοῦ Φινεὲς, τοῦ Ἐλεάζαρ, τοῦ Ἀαρὼν, τοῦ ἱερέως τοῦ πρώτου·
30444	ΕΣΔΡΑΣ Α 8:36	Σαλιμὼθ	Yes	No	No	σαλειμὼθ	1.00	Yes	No	Yes	\vs{36}Ἐκ τῶν υἱῶν Βανίας, Σαλιμὼθ Ἰωσαφίου, καὶ μετʼ αὐτοῦ ἄνδρες ἑξήκοντα καὶ ἑκατόν·
30448	ΕΣΔΡΑΣ Α 8:40	Βαγὼ	Yes	No	No	βαγο	1.00	Yes	No	Yes	\vs{40}ἐκ τῶν υἱῶν Βαγὼ, Οὐθὶ ὁ τοῦ Ἱσταλκούρου, καὶ μετʼ αὐτοῦ ἄνδρες ἑβδομήκοντα.
30481	ΕΣΔΡΑΣ Α 8:66	ἐνενηκονταὲξ	No	No	No	ἐνενήκοντα ἕξ	1.00	No	Yes	Yes	\vs{66}κριοὺς ἐνενηκονταὲξ, ἄρνας ἑβδομηκονταδύο, τράγους ὑπὲρ σωτηρίου δώδεκα, ἅπαντα θυσίαν τῷ Κυρίῳ.
30539	ΕΣΔΡΑΣ Α 9:14	Θεωκανοῦ	Yes	No	No	θοκανου	1.00	Yes	No	Yes	\vs{14}Ἰωνάθας Ἀζαήλου, καὶ Ἐζεκίας Θεωκανοῦ ἐπεδέξαντο κατὰ ταῦτα· καὶ Μοσόλλαμος, καὶ Λευὶς, καὶ Σαββαταῖος συνεβράβευσαν αὐτοῖς.
30553	ΕΣΔΡΑΣ Α 9:25	Σαλοῦμος	Yes	No	No	σαλλουμος	1.00	Yes	No	Yes	\vs{25}Ἐκ τῶν θυρωρῶν, Σαλοῦμος, καὶ Τολβάνης.
30557	ΕΣΔΡΑΣ Α 9:28	Ζαμὼθ	Yes	No	No	ζαμοθ	1.00	Yes	No	Yes	\vs{28}Καὶ ἐκ τῶν υἱῶν Ζαμὼθ, Ἐλιαδὰς, Ἐλιάσιμος, Ὀθονίας, Ἰαριμὼθ, καὶ Σάβαθος, καὶ Ζεραλίας.
30560	ΕΣΔΡΑΣ Α 9:31	Μοοσίας	Yes	No	No	μοοσσιας	1.00	Yes	No	Yes	\vs{31}Καὶ ἐξ υἱῶν Ἀδδὶ, Νάαθος, καὶ Μοοσίας, Λακκοῦνος, καὶ Ναΐδος, Ματθανίας, καὶ Σεσθὴλ, καὶ Βαλνούος, καὶ Μανασσίας.
30563	ΕΣΔΡΑΣ Α 9:34	Ἐνάσιβος	Yes	No	No	ἐνάσειβος	1.00	Yes	No	Yes	\vs{34}Καὶ ἐκ τῶν υἱῶν Βαανὶ, Ἱερεμίας, Μομδίος, Ἰσμαῆρος, Ἰουὴλ, Μαβδαῒ, καὶ Πεδίας, καὶ Ἄνως, Ῥαβασίων, καὶ Ἐνάσιβος, καὶ Μαμνιτάναιμος, Ἐλίασις, Βαννοὺς, Ἐλιαλὶ, Σομεῒς, Σελεμίας, Ναθανίας· καὶ ἐκ τῶν υἱῶν Ἐζωρὰ, Σεσὶς, Ἐσρὶλ, Ἀζαῆλος, Σαματὸς, Ζαμβρὶ, Ἰώσηφος.
30563	ΕΣΔΡΑΣ Α 9:34	Σεσὶς	Yes	No	No	σεσείς	1.00	Yes	No	Yes	\vs{34}Καὶ ἐκ τῶν υἱῶν Βαανὶ, Ἱερεμίας, Μομδίος, Ἰσμαῆρος, Ἰουὴλ, Μαβδαῒ, καὶ Πεδίας, καὶ Ἄνως, Ῥαβασίων, καὶ Ἐνάσιβος, καὶ Μαμνιτάναιμος, Ἐλίασις, Βαννοὺς, Ἐλιαλὶ, Σομεῒς, Σελεμίας, Ναθανίας· καὶ ἐκ τῶν υἱῶν Ἐζωρὰ, Σεσὶς, Ἐσρὶλ, Ἀζαῆλος, Σαματὸς, Ζαμβρὶ, Ἰώσηφος.
30745	ΤΩΒΙΤ 6:12	ὑποστρέψομεν	No	No	No	ὑποστρέψωμεν	1.00	No	Yes	Yes	\vs{12}Καὶ τὸ κοράσιον καλὸν καὶ φρόνιμόν ἐστι· καὶ νῦν ἄκουσόν μου, καὶ λαλήσω τῷ πατρὶ αὐτῆς, καὶ ὅταν ὑποστρέψομεν ἐκ Ῥαγῶν, ποιήσομεν τὸν γάμον· διότι ἐπίσταμαι Ῥαγουὴλ ὅτι οὐ μὴ δῷ αὐτὴν ἀνδρὶ ἑτέρῳ κατὰ τὸν νόμον Μωυσῇ, ἢ ὀφειλήσει θάνατον, ὅτι τὴν κληρονομίαν σοι καθήκει λαβεῖν, ἢ πάντα ἄνθρωπον.
30861	ΤΩΒΙΤ 12:3	ἀγήοχέ	No	No	No	ἀγείοχεν	1.00	Yes	No	Yes	\vs{3}ὅτι με ἀγήοχέ σοι ὑγιῆ, καὶ τὴν γυναῖκά μου ἐθεράπευσε, καὶ τὸ ἀργύριόν μου ἤνεγκε, καὶ σὲ ὁμοίως ἐθεράπευσε.
30946	ΙΟΥΔΙΘ 1:6	Εἰριὼχ	Yes	No	No	αριωχ	1.00	Yes	No	Yes	\vs{6}Καὶ συνήντησαν πρὸς αὐτὸν πάντες οἱ κατοικοῦντες τὴν ὀρεινὴν, καὶ πάντες οἱ κατοικοῦντες τὸν Εὐφράτην, καὶ τὸν Τίγριν, καὶ τὸν Ὑδάσπην, καὶ πεδίῳ Εἰριὼχ ὁ βασιλεὺς Ἐλυμαίων· καὶ συνῆλθον ἔθνη πολλὰ σφόδρα εἰς παράταξιν υἱῶν Χελεούλ.
30950	ΙΟΥΔΙΘ 1:9	Χελλοὺς	Yes	No	No	χελους	1.00	Yes	No	Yes	\vs{9}καὶ πάντας τοὺς ἐν Σαμαρείᾳ καὶ ταῖς πόλεσιν αὐτῆς, καὶ πέραν τοῦ Ἰορδάνου ἕως Ἱερουσαλὴμ, καὶ Βετὰνη, καὶ Χελλοὺς, καὶ Κάδης, καὶ τοῦ ποταμοῦ Αἰγύπτου, καὶ Ταφνὰς, καὶ Ῥαμεσσὴ,
30988	ΙΟΥΔΙΘ 2:21	Βαικτιλαὶθ	Yes	No	No	βεκτιλεθ	1.00	Yes	No	Yes	\vs{21}Καὶ ἀπῆλθον ἐκ Νινευὴ ὁδὸν τριῶν ἡμερῶν ἐπὶ πρόσωπον τοῦ πεδίου Βαικτιλαὶθ, καὶ ἐπεστρατοπέδευσεν ἀπὸ Βαικτιλαὶθ πλησίον τοῦ ὄρους τοῦ ἐπʼ ἀριστερᾷ τῆς ἄνω Κιλικίας.
30988	ΙΟΥΔΙΘ 2:21	Βαικτιλαὶθ	Yes	No	No	βεκτιλεθ	1.00	Yes	No	Yes	\vs{21}Καὶ ἀπῆλθον ἐκ Νινευὴ ὁδὸν τριῶν ἡμερῶν ἐπὶ πρόσωπον τοῦ πεδίου Βαικτιλαὶθ, καὶ ἐπεστρατοπέδευσεν ἀπὸ Βαικτιλαὶθ πλησίον τοῦ ὄρους τοῦ ἐπʼ ἀριστερᾷ τῆς ἄνω Κιλικίας.
30990	ΙΟΥΔΙΘ 2:23	Χελλαίων	Yes	No	No	χελεων	1.00	Yes	No	Yes	\vs{23}Καὶ διέκοψε τὸ Φοὺδ καὶ Λοὺδ, καὶ ἐπρονόμευσαν πάντας υἱοὺς Ῥασσὶς, καὶ υἱοὺς Ἰσμαὴλ τοὺς κατὰ πρόσωπον τῆς ἐρήμου πρὸς Νότον τῆς Χελλαίων.
31020	ΙΟΥΔΙΘ 4:4	Βελμὲν	Yes	No	No	βαιλμάιν	1.00	Yes	No	Yes	\vs{4}καὶ ἀπέστειλαν εἰς πᾶν ὅριον Σαμαρείας, καὶ Κωνὰς, καὶ Βαιθωρὼν, καὶ Βελμὲν, καὶ Ἱεριχὼ, καὶ εἰς Χωβὰ, καὶ Αἰσωρὰ, καὶ τὸν αὐλῶνα Σαλὴμ,
31023	ΙΟΥΔΙΘ 4:6	Βετομεσθαὶμ	Yes	No	No	βαιτομαισθάιμ	1.00	Yes	No	Yes	\vs{6}Καὶ ἔγραψεν Ἰωακὶμ ὁ ἱερεὺς ὁ μέγας, ὃς ἦν ἐν ταῖς ἡμέραις ἐκείναις ἐν Ἱερουσαλὴμ, τοῖς κατοικοῦσι Βετυλούα, καὶ Βετομεσθαὶμ, ἥ ἐστιν ἀπέναντι Ἐσδρηλὼν, κατὰ πρόσωπον τοῦ πεδίου τοῦ πλησίον Δωθαῒμ,
31027	ΙΟΥΔΙΘ 4:9	ἐκτενίᾳ	No	No	No	ἐκτενείᾳ	1.00	Yes	No	Yes	\vs{9}Καὶ ἀνεβόησαν πᾶς ἀνὴρ Ἰσραὴλ πρὸς τὸν Θεὸν ἐν ἐκτενίᾳ μεγάλῃ, καὶ ἐταπεινοῦσαν τὰς ψυχὰς αὐτῶν ἐν ἐκτενίᾳ μεγάλῃ,
31027	ΙΟΥΔΙΘ 4:9	ἐκτενίᾳ	No	No	No	ἐκτενείᾳ	1.00	Yes	No	Yes	\vs{9}Καὶ ἀνεβόησαν πᾶς ἀνὴρ Ἰσραὴλ πρὸς τὸν Θεὸν ἐν ἐκτενίᾳ μεγάλῃ, καὶ ἐταπεινοῦσαν τὰς ψυχὰς αὐτῶν ἐν ἐκτενίᾳ μεγάλῃ,
31039	ΙΟΥΔΙΘ 5:1	ἀνηγγέλλη	No	No	No	ἀνηγγέλη	1.00	Yes	No	Yes	Καὶ ἀνηγγέλλη Ὀλοφέρνῃ ἀρχιστρατήγῳ δυνάμεως Ἀσσοὺρ, διότι οἱ υἱοὶ Ἰσραὴλ παρεσκευάσαντο εἰς πόλεμον, καὶ τὰς διόδους τῆς ὀρεινῆς συνέκλεισαν, καὶ ἐτείχισαν πᾶσαν κορυφὴν ὄρους ὑψηλοῦ, καὶ ἔθηκαν ἐν τοῖς πεδίοις σκάνδαλα.
31096	ΙΟΥΔΙΘ 6:19	ὑπερηφανείας	No	No	No	ὑπερηφανίας	1.00	Yes	No	Yes	\vs{19}κύριε ὁ Θεὸς τοῦ οὐρανοῦ, κάτιδε ἐπὶ τὰς ὑπερηφανείας αὐτῶν, καὶ ἐλέησον τὴν ταπείνωσιν τοῦ γένους ἡμῶν, καὶ ἐπίβλεψον ἐπὶ τὸ πρόσωπον τῶν ἡγιασμένων σοι ἐν τῇ ἡμέρᾳ ταύτῃ.
31127	ΙΟΥΔΙΘ 7:20	τριακοντατέσσαρας	No	No	No	τριάκοντα τέσσαρας	1.00	Yes	No	Yes	\vs{20}Καὶ ἔμεινε κύκλῳ αὐτῶν πᾶσα παρεμβολὴ Ἀσσοὺρ, οἱ πεζοὶ καὶ τὰ ἅρματα καὶ οἱ ἱππεῖς αὐτῶν, ἡμέρας τριακοντατέσσαρας· καὶ ἐξέλιπε πάντας τοὺς κατοικοῦντας Βετυλούα πάντα τὰ ἀγγεῖα αὐτῶν τῶν ὑδάτων.
31172	ΙΟΥΔΙΘ 8:21	ληφθῆναι	No	No	No	λημφθῆναι	1.00	Yes	No	Yes	\vs{21}Ὅτι ἐν τῷ ληφθῆναι ἡμᾶς, οὕτως καθήσεται πᾶσα ἡ Ἰουδαία, καὶ προνομευθήσεται τὰ ἅγια ἡμῶν, καὶ ζητήσει τὴν βεβήλωσιν αὐτῶν ἐκ τοῦ στόματος ἡμῶν,
31243	ΙΟΥΔΙΘ 10:21	κωνωπείῳ	No	No	No	κωνωπίῳ	1.00	Yes	No	Yes	\vs{21}Καὶ ἦν Ὀλοφέρνης ἀναπαυόμενος ἐπὶ τῆς κλίνης αὐτοῦ ἐν τῷ κωνωπείῳ, ὃ ἦν ἐκ πορφύρας καὶ χρυσίου καὶ σμαράγδου καὶ λίθων πολυτελῶν καθυφασμένων.
31284	ΙΟΥΔΙΘ 12:4	δαπανήσι	No	No	No	δαπανήσει	1.00	Yes	No	Yes	\vs{4}Καὶ εἶπεν Ἰουδὶθ πρὸς αὐτὸν, ζῇ ἡ ψυχη σου, κύριέ μου, ὅτι οὐ δαπανήσι ἡ δούλη σου τὰ ὄντα μετʼ ἐμοῦ, ἕως ἂν ποιήσῃ Κὺριος ἐν χειρί μου ἃ ἐβουλεύσατο.
31323	ΙΟΥΔΙΘ 13:9	κωνωπεῖον	No	No	No	κωνώπιον	1.00	Yes	No	Yes	\vs{9}καὶ ἀπεκύλισε τὸ σῶμα αὐτοῦ ἀπὸ τῆς στρωμνῆς, καὶ ἀφεῖλε τὸ κωνωπεῖον ἀπὸ τῶν στύλων· καὶ μετʼ ὀλίγον ἐξῆλθε, καὶ παρέδωκε τῇ ἅβρᾳ αὐτῆς τὴν κεφαλὴν Ὀλοφέρνου.
31332	ΙΟΥΔΙΘ 13:15	κωνωπεῖον	No	No	No	κωνώπιον	1.00	Yes	No	Yes	\vs{15}Καὶ προελοῦσα τὴν κεφαλὴν ἐκ τῆς πήρας, ἔδειξε, καὶ εἶπεν αὐτοῖς, ἰδοὺ ἡ κεφαλὴ Ὀλοφέρνου ἀρχιστρατήγου δυνάμεως Ἀσσοὺρ, καὶ ἰδοὺ τὸ κωνωπεῖον ἐν ᾧ κατέκειτο ἐν ταῖς μέθαις αὐτοῦ, καὶ ἐπάταξεν αὐτὸν ὁ Κύριος ἐν χειρὶ θηλείας.
31419	ΙΟΥΔΙΘ 16:19	κωνωπεῖον	No	No	No	κωνώπιον	1.00	Yes	No	Yes	\vs{19}Καὶ ἀνέθηκεν Ἰουδὶθ πάντα τὰ σκεύη Ὀλοφέρνου ὅσα ἔδωκεν ὁ λαὸς αὐτῇ, καὶ τὸ κωνωπεῖον ὃ ἔλαβεν αὕτς ἐκ τοῦ κοιτῶνος αὐτοῦ, εἰς ἀνάθημα τῷ Θεῷ ἔδωκε.
31459	ΣΟΦΙΑ ΣΑΛΩΜΩΝ 2:2	ἐγεννήθημεν	No	No	No	ἐγενήθημεν	1.00	Yes	No	Yes	\vs{2}Ὅτι αὐτοσχεδίως ἐγεννήθημεν, καὶ μετὰ τοῦτο ἐσόμεθα ὡς οὐχ ὑπάρξαντες, ὅτι καπνὸς ἡ πνοὴ ἐν ῥισὶν ἡμῶν, καὶ ὁ λόγος σπινθὴρ ἐν κινήσει καρδίας ἡμῶν,
31577	ΣΟΦΙΑ ΣΑΛΩΜΩΝ 6:2	γεγαυρομένοι	No	No	No	γεγαυρωμένοι	1.00	Yes	No	Yes	\vs{2}Ἐνωτίσασθε οἱ κρατοῦντες πλήθους, καὶ γεγαυρομένοι ἐπὶ ὄχλοις ἐθνῶν.
31653	ΣΟΦΙΑ ΣΑΛΩΜΩΝ 8:6	τεχνίτης	No	No	No	τεχνῖτις	1.00	Yes	No	Yes	\vs{6}Εἰ δὲ φρόνησις ἐργάζεται, τίς αὐτῆς τῶν ὄντων μᾶλλόν ἐστι τεχνίτης;
31732	ΣΟΦΙΑ ΣΑΛΩΜΩΝ 11:6	ἀεννάου	No	No	No	ἀενάου	1.00	Yes	No	Yes	\vs{6}Ἀντὶ μὲν πηγῆς ἀεννάου ποταμοῦ αἵματι λυθρώδει ταραχθέντες
31767	ΣΟΦΙΑ ΣΑΛΩΜΩΝ 12:8	καταβραχὺ	No	No	No	κατὰ βραχὺ	1.00	Yes	No	Yes	\vs{8}Ἀλλὰ καὶ τούτων ὡς ἀνθρώπων ἐφείσω, ἀπέστειλάς τε προδρόμους τοῦ στρατοπέδου σου σφῆκας, ἵνα αὐτοὺς καταβραχὺ ἐξολοθρεύσωσιν.
31769	ΣΟΦΙΑ ΣΑΛΩΜΩΝ 12:10	καταβραχὺ	No	No	No	κατὰ βραχὺ	1.00	Yes	No	Yes	\vs{10}κρίνων δὲ καταβραχὺ ἐδίδους τόπον μετανοίας, οὐκ ἀγνοῶν, ὅτι πονηρὰ ἡ γένεσις αὐτῶν, καὶ ἔμφυτος ἡ κακία αὐτῶν, καὶ ὅτι οὐ μὴ ἀλλαγῇ ὁ λογισμὸς αὐτῶν εἰς τὸν αἰῶνα·
31783	ΣΟΦΙΑ ΣΑΛΩΜΩΝ 12:22	προσδοκῶμει	No	No	No	προσδοκῶμεν	1.00	Yes	No	Yes	\vs{22}Ἡμᾶς οὖν παιδεύων, τοὺς ἐχθροὺς ἡμῶν ἐν μυριότητι μαστιγοῖς, ἵνα σου τὴν ἀγαθότητα μεριμνῶμεν κρίνοντες, κρινόμενοι δὲ προσδοκῶμει ἔλεος.
31792	ΣΟΦΙΑ ΣΑΛΩΜΩΝ 13:1	ὁρομένων	No	No	No	ὁρωμένων	1.00	Yes	No	Yes	Μάταιοι μὲν γὰρ πάντες ἄνθρωποι φύσει, οἷς παρῆν Θεοῦ ἀγνωσία, καὶ ἐκ τῶν ὁρομένων ἀγαθῶν οὐκ ἴσχυσαν εἰδέναι τὸν ὄντα, οὔτε τοῖς ἔργοις προσχόντες ἐπέγνωσαν τὸν τεχνίτην.
31817	ΣΟΦΙΑ ΣΑΛΩΜΩΝ 14:2	τεχνίτης	No	No	No	τεχνῖτις	1.00	Yes	No	Yes	\vs{2}Ἐκεῖνο μὲν γὰρ ὄρεξις πορισμῶν ἐπενόησε, τεχνίτης δὲ σοφίᾳ κατεσκεύασεν·
31825	ΣΟΦΙΑ ΣΑΛΩΜΩΝ 14:8	εἰργάζετο	No	No	No	ἠργάζετο	1.00	Yes	No	Yes	\vs{8}Τὸ χειροποίητον δέ ἐπικατάρατον αὐτὸ, καὶ ὁ ποιήσας αὐτὸ, ὅτι ὁ μὲν εἰργάζετο, τὸ δὲ φθαρτὸν θεὸς ὠνομάσθη.
31863	ΣΟΦΙΑ ΣΑΛΩΜΩΝ 15:8	γεννηθεὶς	No	No	No	γενηθεὶς	1.00	Yes	No	Yes	\vs{8}Καὶ κακόμοχθος θεὸν μάταιον ἐκ τοῦ αὐτοῦ πλάσσει πηλοῦ, ὃς πρὸ μικροῦ ἐκ γῆς γεννηθεὶς μετʼ ὀλίγον πορεύεται ἐξ ἧς ἐλήφθη, τὸ τῆς ψυχῆς ἀπαιτηθεὶς χρέος.
31868	ΣΟΦΙΑ ΣΑΛΩΜΩΝ 15:12	πανεγυρισμὸν	No	No	No	πανηγυρισμὸν	1.00	Yes	No	Yes	\vs{12}Ἀλλʼ ἐλογίσαντο παίγνιον εἶναι τὴν ζωὴν ἡμῶν, καὶ τὸν βίον πανεγυρισμὸν ἐπικερδῆ· δεῖν γάρ φησιν ὅθεν δὴ κᾂν ἐκ κακοῦ πορίζειν.
31879	ΣΟΦΙΑ ΣΑΛΩΜΩΝ 16:1	κνωδάλον	No	No	No	κνωδάλων	1.00	Yes	No	Yes	Διὰ τοῦτο διʼ ὁμοίων ἐκολάσθησαν ἀξίως, καὶ διὰ πλήθους κνωδάλον ἐβασανίσθησαν.
31894	ΣΟΦΙΑ ΣΑΛΩΜΩΝ 16:14	παραληφθεῖσαν	No	No	No	παραλημφθεῖσαν	1.00	Yes	No	Yes	\vs{14}Ἄνθρωπος δὲ ἀποκτέννει μὲν τῇ κακίᾳ αὐτοῦ, ἐξελθὸν δὲ πνεῦμα οὐκ ἀναστρέφει, οὐδὲ ἀναλύει ψυχὴν παραληφθεῖσαν.
31935	ΣΟΦΙΑ ΣΑΛΩΜΩΝ 17:16	δήποτ	No	No	No	δή ποτ	1.00	Yes	No	Yes	\vs{16}Εἶθʼ οὕτως, ὃς δήποτʼ οὖν ἦν ἐκεῖ καταπίπτων, ἐφρουρεῖτο εἰς τὴν ἀσίδηρον εἱρκτὴν κατακλεισθείς.
31936	ΣΟΦΙΑ ΣΑΛΩΜΩΝ 17:17	προληφθεὶς	No	No	No	προλημφθεὶς	1.00	Yes	No	Yes	\vs{17}Εἴτε γὰρ γεωργὸς ἦν τις, ἢ ποιμὴν, ἢ τῶν κατʼ ἐρημίαν ἐργάτης μόχθων, προληφθεὶς τὴν δυσάλυκτον ἔμενεν ἀνάγκην· μιᾷ γὰρ ἁλύσει σκότους πάντες ἐδέθησαν.
31960	ΣΟΦΙΑ ΣΑΛΩΜΩΝ 18:13	φαρμακίας	No	No	No	φαρμακείας	1.00	Yes	No	Yes	\vs{13}Πάντα γὰρ ἀπιστοῦντες διὰ τὰς φαρμακίας, ἐπὶ τῷ τῶν πρωτοτόκων ὀλέθρῳ, ὡμολόγησαν Θεοῦ υἱὸν λαὸν εἶναι.
31980	ΣΟΦΙΑ ΣΑΛΩΜΩΝ 19:4	προαναπληρώσωσιν	No	No	No	προσαναπληρώσωσιν	1.00	Yes	No	Yes	\vs{4}Εἷλκε γὰρ αὐτοὺς ἡ ἀξία ἐπὶ τοῦτο τὸ πέρας ἀνάγκη, καὶ τῶν συμβεβηκότων ἀμνηστίαν ἐνέβαλεν, ἵνα τὴν λείπουσαν ταῖς βασάνοις προαναπληρώσωσιν κόλασιν·
31985	ΣΟΦΙΑ ΣΑΛΩΜΩΝ 19:8	πανεθνὶ	No	No	No	πανεθνεὶ	1.00	Yes	No	Yes	\vs{8}διʼ οὗ πανεθνὶ διῆλθον οἱ τῇ σῇ σκεπαζόμενοι χειρί, θεωρήσαντες θαυμαστὰ τέρατα.
32107	ΣΟΦΙΑ ΣΕΙΡΑΧ 3:24	ὑπόληψις	No	No	No	ὑπόλημψις	1.00	Yes	No	Yes	\vs{24}Πολλοὺς γὰρ ἐπλάνησεν ἡ ὑπόληψις αὐτῶν, καὶ ὑπόνοια πονηρὰ ὠλίσθησε διανοίας αὐτῶν.
32364	ΣΟΦΙΑ ΣΕΙΡΑΧ 11:19	φάγωμαι	No	No	No	φάγομαι	1.00	Yes	No	Yes	\vs{19}Ἐν τῷ εἰπεῖν αὐτὸν, εὗρον ἀνάπαυσιν, καὶ νῦν φάγωμαι ἐκ τῶν ἀγαθῶν μου, καὶ οὐκ οἶδε τίς καιρὸς παρελεύσεται, καὶ καταλείψει αὐτὰ ἑτέροις, καὶ ἀποθανεῖται.
32374	ΣΟΦΙΑ ΣΕΙΡΑΧ 11:28	αὐτῶυ	No	No	No	αὐτοῦ	1.00	Yes	No	Yes	\vs{28}Πρὸ τελευτῆς μὴ μακάριζε μηδένα, καὶ ἐν τέκνοις αὐτῶυ γνωσθήσεται ἀνήρ.
32385	ΣΟΦΙΑ ΣΕΙΡΑΧ 12:2	Εὐποίησον	Yes	No	No	εὖ ποίησον	1.00	Yes	No	Yes	\vs{2}Εὐποίησον εὐσεβεῖ, καὶ εὑρήσεις ἀνταπόδομα, καὶ εἰ μὴ παρʼ αὐτοῦ, ἀλλὰ παρὰ ὑψίστου.
32388	ΣΟΦΙΑ ΣΕΙΡΑΧ 12:5	Εὐποίησον	Yes	No	No	εὖ ποίησον	1.00	Yes	No	Yes	\vs{5}Εὐποίησον τῷ ταπεινῷ, καὶ μὴ δῷς ἀσεβεῖ· ἐμπόδισον τοὺς ἄρτους αὐτοῦ, καὶ μὴ δῷς αὐτῷ ἵνα μὴ ἐν αὐτοῖς σε δυναστεύσῃ· διπλάσια γὰρ κακὰ εὑρήσεις ἐν πᾶσιν ἀγαθοῖς οἷς ἂν ποιήσῃς αὐτῷ.
32418	ΣΟΦΙΑ ΣΕΙΡΑΧ 13:11	εἰσηγορεῖσθαι	No	No	No	ἰσηγορεῖσθαι	1.00	Yes	No	Yes	\vs{11}Μὴ ἔπεχε εἰσηγορεῖσθαι μετʼ αὐτοῦ, καὶ μὴ πίστευε τοῖς πλείοσι λόγοις αὐτοῦ· ἐκ πολλῆς γὰρ λαλιᾶς πειράσει σε, καὶ ὡς προσγελῶν ἐξετάσει.
32445	ΣΟΦΙΑ ΣΕΙΡΑΧ 14:7	εὐποιῇ	No	No	No	εὖ ποιῇ	1.00	Yes	No	Yes	\vs{7}κᾂν εὐποιῇ, ἐν λήθῃ ποιεῖ, καὶ ἐπʼ ἐσχάτων ἐκφαίνει τὴν κακίαν αὐτοῦ.
32450	ΣΟΦΙΑ ΣΕΙΡΑΧ 14:11	εὐποίει	No	No	No	εὖ ποίει	1.00	Yes	No	Yes	\vs{11}Τέκνον, καθὼς ἐὰν ἔχεις εὐποίει σεαυτόν, καὶ προσφορὰς Κυρίῳ ἀξίως πρόσαγε.
32452	ΣΟΦΙΑ ΣΕΙΡΑΧ 14:13	εὐποίει	No	No	No	εὖ ποίει	1.00	Yes	No	Yes	\vs{13}Πρίν σε τελευτῆσαι εὐποίει φίλῳ, καὶ κατὰ τὴν ἰσχύν σου ἔκτεινον καὶ δὸς αὐτῷ.
32631	ΣΟΦΙΑ ΣΕΙΡΑΧ 19:27	Συγκύφων	Yes	No	No	συνκύφων	1.00	Yes	No	Yes	\vs{27}Συγκύφων πρόσωπον καὶ ἑτεροκωφῶν, ὅπου οὐκ ἐπεγνώσθη, προφθάσει σε.
32653	ΣΟΦΙΑ ΣΕΙΡΑΧ 20:15	δανειεῖ	No	No	No	δανιεῖ	1.00	Yes	No	Yes	\vs{15}Ὀλίγα δώσει καὶ πολλὰ ὀνειδίσει, καὶ ἀνοίξει τὸ στόμα αὐτοῦ ὡς κήρυξ· σήμερον δανειεῖ καὶ αὔριον ἀπαιτήσει· μισητὸς ἄνθρωπος ὁ τοιοῦτος.
32671	ΣΟΦΙΑ ΣΕΙΡΑΧ 20:28	θημωνίαν	No	No	No	θιμωνιὰν	1.00	Yes	No	Yes	\vs{28}Ὁ ἐργαζόμενος γῆν ἀνυψώσει θημωνίαν αὐτοῦ, καὶ ὁ ἀρέσκων μεγιστᾶσιν ἐξιλάσεται ἀδικίαν.
32732	ΣΟΦΙΑ ΣΕΙΡΑΧ 22:21	ἀπελπίσῃς	No	No	No	ἀφελπίσῃς	1.00	Yes	No	Yes	\vs{21}Ἐπὶ φίλον ἐὰν σπάσῃς ῥομφαίαν, μὴ ἀπελπίσῃς, ἔστι γὰρ ἐπάνοδος.
32756	ΣΟΦΙΑ ΣΕΙΡΑΧ 23:11	διακενῆς	No	No	No	διὰ κενῆς	1.00	Yes	No	Yes	\vs{11}Ἀνὴρ πολύορκος πλησθήσεται ἀνομίας, καὶ οὐκ ἀποστήσεται ἀπὸ τοῦ οἴκου αὐτοῦ μάστιξ· ἐὰν πλημμελήσῃ, ἁμαρτία αὐτοῦ ἐπʼ αὐτῷ, κᾄν ὑπερίδῃ, ἥμαρτε δισσῶς· καὶ εἰ διακενῆς ὤμοσεν, οὐ δικαιωθήσεται, πλησθήσεται γὰρ ἐπαγωγῶν ὁ οἶκος αὐτοῦ.
32819	ΣΟΦΙΑ ΣΕΙΡΑΧ 25:1	συπεριφερόμενοι	No	No	No	συμπεριφερόμενοι	1.00	Yes	No	Yes	Ἐν τρισὶν ὡραΐσθην, καὶ ἀνέστην ὡραία ἔναντι Κυρίου καὶ ἀνθρώπων· ὁμόνοια ἀδελφῶν, καὶ φιλία τῶν πλησίον, καὶ γυνὴ καὶ ἀνὴρ ἑαυτοῖς συπεριφερόμενοι.
32823	ΣΟΦΙΑ ΣΕΙΡΑΧ 25:3	συναγήοχας	No	No	No	συναγείοχας	1.00	Yes	No	Yes	\vs{3}Ἐν νεότητι οὐ συναγήοχας, καὶ πῶς ἂν εὕροις ἐν τῷ γήρᾳ σου;
32849	ΣΟΦΙΑ ΣΕΙΡΑΧ 25:25	πωνηρᾷ	No	No	No	πονηρᾷ	1.00	Yes	No	Yes	\vs{25}Μὴ δῷς ὕδατι διέξοδον, μηδὲ γυναικὶ πωνηρᾷ ἐξουσίαν.
32900	ΣΟΦΙΑ ΣΕΙΡΑΧ 27:21	ἀπήλπισε	No	No	No	ἀφήλπισεν	1.00	Yes	No	Yes	\vs{21}Ὅτι θραῦσμά ἐστι καταδῆσαι, καὶ λοιδορίας ἐστὶ διαλλαγή· ὁ δὲ ἀποκαλύψας μυστήρια ἀπήλπισε.
32922	ΣΟΦΙΑ ΣΕΙΡΑΧ 28:9	ἐμβάλλει	No	No	No	ἐμβαλεῖ	1.00	Yes	No	Yes	\vs{9}Καὶ ἀνὴρ ἁμαρτωλὸς ταράξει φίλους, καὶ ἀναμέσον εἰρηνευόντων ἐμβάλλει διαβολήν.
32945	ΣΟΦΙΑ ΣΕΙΡΑΧ 29:1	δανειεῖ	No	No	No	δανιεῖ	1.00	Yes	No	Yes	Ὁ ποιῶν ἔλεος δανειεῖ τῷ πλησιον, καὶ ὁ ἐπισχύων τῇ χειρὶ αὐτοῦ τηρεῖ ἐντολάς.
32973	ΣΟΦΙΑ ΣΕΙΡΑΧ 29:26	εἴτι	No	No	No	εἴ τι	1.00	Yes	No	Yes	\vs{26}πάρελθε πάροικε, κόσμησον τράπεζαν, καὶ εἴτι ἐν τῇ χειρί σου ψώμισόν με·
33077	ΣΟΦΙΑ ΣΕΙΡΑΧ 32:10	καθεύρεμα	No	No	No	καθ εὕρεμα	1.00	No	Yes	Yes	\vs{10}Δὸς ὑψίστῳ κατὰ τὴν δόσιν αὐτοῦ, καὶ ἐν ἀγαθῷ ὀφθαλμῷ καθεύρεμα χειρός.
33313	ΣΟΦΙΑ ΣΕΙΡΑΧ 39:17	θημωνία	No	No	No	θιμωνιὰ	1.00	Yes	No	Yes	\vs{17}Πάντα γὰρ ἐν καιρῷ αὐτοῦ ζητηθήσεται· ἐν λόγῳ αὐτοῦ ἔστη ὡς θημωνία ὕδωρ, καὶ ἐν ῥήματι στόματος αὐτοῦ ἀποδοχεῖα ὑδάτων.
33397	ΣΟΦΙΑ ΣΕΙΡΑΧ 41:19	λήψεως	No	No	No	λήμψεως	1.00	Yes	No	Yes	\vs{19}καὶ ἀπὸ ἀληθείας Θεοῦ καὶ διαθήκης, καὶ ἀπὸ πήξεως ἀγκῶνος ἐπʼ ἄρτοις· ἀπὸ σκορακισμοῦ λήψεως καὶ δόσεως,
33412	ΣΟΦΙΑ ΣΕΙΡΑΧ 42:7	λῆψις	No	No	No	λῆμψις	1.00	Yes	No	Yes	\vs{7}Ὃ ἐὰν παραδίδως, ἐν ἀριθμῷ καὶ σταθμῷ, καὶ δόσις καὶ λῆψις παντὶ ἐν γραφῇ.
33448	ΣΟΦΙΑ ΣΕΙΡΑΧ 43:12	ἐτάννυσαν	No	No	No	ἐτάνυσαν	1.00	Yes	No	Yes	\vs{12}Ἐγύρωσεν οὐρανὸν ἐν κυκλώσει δόξης, χεῖρες ὑψίστου ἐτάννυσαν αὐτό.
33470	ΣΟΦΙΑ ΣΕΙΡΑΧ 43:30	καθόσον	No	No	No	καθ ὅσον	1.00	Yes	No	Yes	\vs{30}Δοξάζοντες Κύριον ὑψώσατε καθόσον ἂν δύνησθε, ὑπερέξει γὰρ καὶ ἔτι· καὶ ὑψοῦντες αὐτὸν πληθύνατε ἐν ἰσχύϊ, μὴ κοπιᾶτε, οὐ γὰρ μὴ ἐφίκησθε.
33521	ΣΟΦΙΑ ΣΕΙΡΑΧ 45:14	καθημέραν	No	No	No	καθ ἡμέραν	1.00	Yes	No	Yes	\vs{14}Θυσίαι αὐτοῦ ὁλοκαρπωθήσονται καθημέραν ἐνδελεχῶς δίς.
33608	ΣΟΦΙΑ ΣΕΙΡΑΧ 48:9	ἀναληφθεὶς	No	No	No	ἀναλημφθεὶς	1.00	Yes	No	Yes	\vs{9}ὁ ἀναληφθεὶς ἐν λαίλαπι πυρὸς ἐν ἅρματι ἵππων πυρίνων·
33646	ΣΟΦΙΑ ΣΕΙΡΑΧ 49:14	ἀνελήφθη	No	No	No	ἀνελήμφθη	1.00	Yes	No	Yes	\vs{14}Οὐδὲ εἷς ἐκτίσθη οἷος Ἐνὼχ τοιοῦτος ἐπὶ τῆς γῆς, καὶ γὰρ αὐτὸς ἀνελήφθη ἀπὸ τῆς γῆς.
33691	ΣΟΦΙΑ ΣΕΙΡΑΧ 51:3	ἑτοίμων	No	No	No	ἕτοιμον	1.00	Yes	No	Yes	\vs{3}καὶ ἐλυτρώσω με, κατὰ τὸ πλῆθος ἐλέους καὶ ὀνόματός σου, ἐκ βρυγμῶν ἑτοίμων εἰς βρῶμα, ἐκ χειρὸς ζητούντων τὴν ψυχήν μου, ἐκ πλειόνων θλίψεων ὧν ἔσχον,
33921	ΒΑΡΟΥΧ 5:7	ἀεννάους	No	No	No	ἀενάους	1.00	Yes	No	Yes	\vs{7}Συνέταξε γὰρ ὁ Θεὸς ταπεινοῦσθαι πᾶν ὄρος ὑψηλὸν, καὶ θῖνας ἀεννάους, καὶ φάραγγας πληροῦσθαι εἰς ὁμαλισμὸν τῆς γῆς, ἵνα βαδίσῃ Ἰσραὴλ ἀσφαλῶς τῇ τοῦ Θεοῦ δόξῃ.
34142	ΒΗΛ ΚΑΙ ΔΡΑΚΩΝ 1:14	κατέσεισαν	No	No	No	κατέσησαν	1.00	Yes	No	Yes	\vs{14}Καὶ ἐγένετο ὡς ἐξήλθοσαν ἐκεῖνοι, καὶ ὁ βασιλεὺς παρέθηκε τὰ βρώματα τῷ Βήλ· καὶ ἐπέταξε Δανιὴλ τοῖς παιδαρίοις αὐτοῦ, καὶ ἤνεγκαν τέφραν· καὶ κατέσεισαν ὅλον τὸν ναὸν ἐνώπιον τοῦ βασιλέως μόνου· καὶ ἐξελθόντες ἔκλεισαν τὴν θύραν, καὶ ἐσφραγίσαντο ἐν τῷ δακτυλίῳ τοῦ βασιλέως, καὶ ἀπῆλθον.
34187	ΜΑΚΚΑΒΑΙΩΝ Α 1:1	Χεττειεὶμ	Yes	No	No	χεττιιμ	1.00	Yes	No	Yes	\lettrine[lines=2, loversize=0.2, nindent=0em, findent=.25em]{\textcolor{bookheadingcolor}{Κ}}{ΑΙ} ἐγένετο μετὰ τὸ πατάξαι Ἀλέξανδρον τὸν Φιλίππου τὸν Μακεδόνα, ὃς ἐξῆλθεν ἐκ τῆς γῆς Χεττειεὶμ, καὶ ἐπάταξε τὸν Δαρεῖον βασιλέα Περσῶν καὶ Μήδων, καὶ ἐβασίλευσεν ἀντʼ αὐτοῦ πρότερος ἐπὶ τὴν Ἑλλάδα.
34213	ΜΑΚΚΑΒΑΙΩΝ Α 1:21	ὑπερηφανείᾳ	No	No	No	ὑπερηφανίᾳ	1.00	Yes	No	Yes	\vs{21}Καὶ εἰσῆλθεν εἰς τὸ ἁγίασμα ἐν ὑπερηφανείᾳ, καὶ ἔλαβε τὸ θυσιαστήριον τὸ χρυσοῦν, καὶ τὴν λυχνίαν τοῦ φωτὸς, καὶ πάντα τὰ σκεύη αὐτῆς,
34217	ΜΑΚΚΑΒΑΙΩΝ Α 1:24	ὑπερηφανείαν	No	No	No	ὑπερηφανίαν	1.00	Yes	No	Yes	\vs{24}Καὶ λαβὼν πάντα ἀπῆλθεν εἰς τὴν γῆν αὐτοῦ· καὶ ἐποίησε φονοκτονίαν, καὶ ἐλάλησεν ὑπερηφανείαν μεγάλην.
34245	ΜΑΚΚΑΒΑΙΩΝ Α 1:47	εἰδωλεῖα	No	No	No	εἰδώλια	1.00	Yes	No	Yes	\vs{47}οἰκοδομῆσαι βωμοὺς, καὶ τεμένη, καὶ εἰδωλεῖα, καὶ θύειν ὕεια, καὶ κτήνη κοινὰ,
34281	ΜΑΚΚΑΒΑΙΩΝ Α 2:11	ἐλευθήρας	No	No	No	ἐλευθέρας	1.00	Yes	No	Yes	\vs{11}Πᾶς ὁ κόσμος αὐτῆς ἀφῃρέθη, ἀντὶ ἐλευθήρας ἐγένετο εἰς δούλην.
34344	ΜΑΚΚΑΒΑΙΩΝ Α 2:58	ἀνελήφθη	No	No	No	ἀνελήμφθη	1.00	Yes	No	Yes	\vs{58}Ἡλίας ἐν τῷ ζηλῶσαι ζῆλον νόμου, ἀνελήφθη ἕως εἰς τὸν οὐρανόν.
34398	ΜΑΚΚΑΒΑΙΩΝ Α 3:30	δαψιλεῖ	No	No	No	δαψιλῇ	1.00	Yes	No	Yes	\vs{30}Καὶ εὐλαβήθη μὴ οὐκ ἔχῃ ὡς ἅπαξ καὶ δὶς εἰς τὰς δαπάνας καὶ τὰ δόματα ἃ ἐδίδου ἔμπροσθεν δαψιλεῖ χειρὶ, καὶ ἐπερίσσευσεν ὑπέρ τοὺς βασιλεῖς τοὺς ἔμπροσθεν.
34474	ΜΑΚΚΑΒΑΙΩΝ Α 4:27	γεγόνει	No	No	No	γέγονεν	1.00	Yes	No	Yes	\vs{27}Ὁ δὲ ἀκούσας συνεχύθη καὶ ἠθύμει, ὅτι οὐχ οἷα ἤθελε, τοιαῦτα γεγόνει τῷ Ἰσραὴλ, καὶ οὐχ οἷα ἐνετείλατο αὐτῷ ὁ βασιλεὺς, τοιαῦτα ἐξέβη.
34484	ΜΑΚΚΑΒΑΙΩΝ Α 4:34	συνέβαλον	No	No	No	συνέβαλλον	1.00	Yes	No	Yes	\vs{34}Καὶ συνέβαλον ἀλλήλοις, καὶ ἔπεσον ἐκ τῆς παρεμβολῆς Λυσίου εἰς πεντακισχιλίους ἄνδρας, καὶ ἔπεσον ἐξ ἐναντίας αὐτῶν.
34508	ΜΑΚΚΑΒΑΙΩΝ Α 4:52	ἐννάτου	No	No	No	ἐνάτου	1.00	Yes	No	Yes	\vs{52}Καὶ ὤρθρισαν τοπρωῒ τῇ πέμπτῃ καὶ εἰκάδι τοῦ μηνὸς τοῦ ἐννάτου· οὗτος ὁ μὴν Χασελεῦ τοῦ ὀγδόου καὶ τεσσαρακοστοῦ καὶ ἑκατοστοῦ ἔτους.
34627	ΜΑΚΚΑΒΑΙΩΝ Α 6:12	διακενῆς	No	No	No	διὰ κενῆς	1.00	Yes	No	Yes	\vs{12}Νῦν δὲ μιμνήσκομαι τῶν κακῶν ὧν ἐποίησα ἐν Ἱερουσαλὴμ, καὶ ἔλαβον πάντα τὰ σκεύη τὰ χρυσᾶ καὶ τὰ ἀργυγᾶ τὰ ἐν αὐτῇ, καὶ ἐξαπέστειλα ἐξᾶραι τοὺς κατοικοῦντας Ἰούδα διακενῆς.
34632	ΜΑΚΚΑΒΑΙΩΝ Α 6:16	ἐννάτου	No	No	No	ἐνάτου	1.00	Yes	No	Yes	\vs{16}Καὶ ἀπέθανεν ἐκεῖ Ἀντίοχος ὁ βασιλεὺς ἔτους ἐννάτου καὶ τεσσαρακοστοῦ καὶ ἑκατοστοῦ.
34836	ΜΑΚΚΑΒΑΙΩΝ Α 9:26	ἐξεδίκει	No	No	No	ἐξεδίκα	1.00	Yes	No	Yes	\vs{26}Καὶ ἐξεζήτουν καὶ ἐξηρεύνων τοὺς φίλους Ἰούδα, καὶ ἦγον αὐτοὺς πρὸς Βακχίδην· καὶ ἐξεδίκει ἐν αὐτοῖς, καὶ ἐνέπαιζεν αὐτοῖς.
34933	ΜΑΚΚΑΒΑΙΩΝ Α 10:30	Σαμαρείτιδος	Yes	No	No	σαμαρίτιδος	1.00	Yes	No	Yes	\vs{30}καὶ ἀντὶ τοῦ τρίτου τῆς σπορᾶς, καὶ ἀντὶ τοῦ ἡμίσους τοῦ καρποῦ τοῦ ξυλίνου τοῦ ἐπιβάλλοντός μοι λαβεῖν ἀφίημι ἀπὸ τῆς σήμερον καὶ ἐπέκεινα τοῦ λαβεῖν ἀπὸ τῆς γῆς Ἰούδα, καὶ ἀπὸ τῶν τριῶν νομῶν τῶν προστιθεμένων αὐτῇ ἀπὸ τῆς Σαμαρείτιδος καὶ Γαλιλαίας, καὶ ἀπὸ τῆς σήμερον ἡμέρας καὶ εἰς τὸν αἰῶνα χρόνον.
35007	ΜΑΚΚΑΒΑΙΩΝ Α 10:83	εἰδωλεῖον	No	No	No	εἰδώλιον	1.00	Yes	No	Yes	\vs{83}Καὶ ἡ ἵππος ἐσκορπίσθη ἐν τῷ πεδίῳ, καὶ ἔφυγον εἰς Ἄζωτον, καὶ εἰσῆλθον εἰς Βηθδαγὼν τὸ εἰδωλεῖον αὐτῶν, τοῦ σωθῆναι
35023	ΜΑΚΚΑΒΑΙΩΝ Α 11:5	ψογῆσαι	No	No	No	ψογίσαι	1.00	Yes	No	Yes	\vs{5}Καὶ διηγήσαντο τῷ βασιλεῖ ἃ ἐποίησεν Ἰωνάθαν, εἰς τὸ ψογῆσαι αὐτόν· καὶ ἐσίγησεν ὁ βασιλεύς.
35031	ΜΑΚΚΑΒΑΙΩΝ Α 11:11	ἐψόγησεν	No	No	No	ἐψόγισεν	1.00	Yes	No	Yes	\vs{11}Καὶ ἐψόγησεν αὐτὸν χάριν τοῦ ἐπιθυμῆσαι αὐτὸν τῆς βασιλείας αὐτοῦ·
35056	ΜΑΚΚΑΒΑΙΩΝ Α 11:28	Σαμαρεῖτιν	Yes	No	No	σαμαρῖτιν	1.00	Yes	No	Yes	\vs{28}Καὶ ἠξίωσεν Ἰωνάθαν τὸν βασιλέα ποιῆσαι τὴν Ἰουδαίαν ἀφορολόγητον, καὶ τὰς τρεῖς τοπαρχίας, καὶ τὴν Σαμαρεῖτιν, καὶ ἐπηγγείλατο αὐτῷ τάλαντα τριακόσια.
35064	ΜΑΚΚΑΒΑΙΩΝ Α 11:34	Σαμαρείτιδος	Yes	No	No	σαμαρίτιδος	1.00	Yes	No	Yes	\vs{34}Ἑστάκαμεν οὖν αὐτοῖς τὰ τε ὅρια τῆς Ἰουδαίας, καὶ τοὺς τρεῖς νομοὺς, Ἀφαίρεμα, καὶ Λύδδαν, καὶ Ῥαμαθὲμ, αἵτινες προσετέθησαν τῇ Ἰουδαίᾳ ἀπὸ τῆς Σαμαρείτιδος, καὶ πάντα τὰ συγκυροῦντα αὐτοῖς πᾶσι τοῖς θυσιάζουσιν εἰς Ἱεροσόλυμα, ἀντὶ τῶν βασιλικῶν ὧν ἐλάμβανεν ὁ βασιλεὺς παρʼ αὐτῶν τοπρότερον κατʼ ἐνιαυτὸν ἀπὸ τῶν γεννημάτων τῆς γῆς, καὶ ἀπὸ τῶν ἀκροδρύων.
35169	ΜΑΚΚΑΒΑΙΩΝ Α 12:33	πλησίων	No	No	No	πλησίον	1.00	Yes	No	Yes	\vs{33}Καὶ Σίμων ἐξῆλθε, καὶ διώδευσεν ἕως Ἀσκάλωνος, καὶ τῶν πλησίων ὀχυρωμάτων, καὶ ἐξέκλινεν εἰς Ἰόππην, καὶ προκατελάβετο αὐτήν.
35316	ΜΑΚΚΑΒΑΙΩΝ Α 14:32	ὡπλοδότησε	No	No	No	ὁπλοδότησεν	1.00	Yes	No	Yes	\vs{32}τότε ἀνέστη Σίμων, καὶ ἐπολέμησε περὶ τοῦ ἔθνους αὐτοῦ, καὶ ἐδαπάνησε χρήματα πολλὰ τῶν ἑαυτοῦ, καὶ ὡπλοδότησε τοὺς ἄνδρας τῆς δυνάμεως τοῦ ἔθνους αὐτοῦ, καὶ ἔδωκεν αὐτοῖς ὀψώνια,
35331	ΜΑΚΚΑΒΑΙΩΝ Α 14:43	περιβάληται	No	No	No	περιβάλληται	1.00	Yes	No	Yes	\vs{43}καὶ ὅπως μέλοι αὐτῷ περὶ τῶν ἁγίων, καὶ ὅπως ἀκούηται ὑπὸ πάντων, καὶ ὅπως γράφωνται ἐπὶ τῷ ὀνόματι αὐτοῦ πᾶσαι συγγραφαὶ ἐν τῇ χώρᾳ, καὶ ὅπως περιβάληται πορφύραν, καὶ χρυσοφορῇ.
35491	ΜΑΚΚΑΒΑΙΩΝ Β 1:36	Νεφθαεί	Yes	No	No	νεφθαι	1.00	Yes	No	Yes	\vs{36}Προσηγόρευσαν δὲ οἱ περὶ τὸν Νεεμίαν τοῦτο Νέφθαρ, ὃ διερμηνεύεται Καθαρισμός· καλεῖται δὲ παρὰ τοῖς πολλοῖς Νεφθαεί.
35510	ΜΑΚΚΑΒΑΙΩΝ Β 2:13	ἀναθημάτων	No	No	No	ἀναθεμάτων	1.00	Yes	No	Yes	\vs{13}Ἐξηγοῦντο δὲ καὶ ἐν ταῖς ἀναγραφαῖς, καὶ ἐν τοῖς ὑπομνηματισμοῖς τοῖς κατὰ τὸν Νεεμίαν τὰ αὐτά, καὶ ὡς καταβαλλόμενος βιβλιοθήκην, ἐπισυνήγαγε τὰ περὶ τῶν βασιλέων καὶ προφητῶν, καὶ τὰ τοῦ Δαυεὶδ, καὶ ἐπιστολὰς βασιλέων περὶ ἀναθημάτων.
35531	ΜΑΚΚΑΒΑΙΩΝ Β 2:30	καταμέρος	No	No	No	κατὰ μέρος	1.00	Yes	No	Yes	\vs{30}Τὸ μὲν ἐμβατεύειν, καὶ περί πάντων ποιεῖσθαι λόγον καὶ πολυπραγμονεῖν ἐν τοῖς καταμέρος, τῷ τῆς ἱστορίας ἀρχηγέτῃ καθήκει·
35553	ΜΑΚΚΑΒΑΙΩΝ Β 3:13	ἀναληπτέα	No	No	No	ἀναλημπτέα	1.00	Yes	No	Yes	\vs{13}Ὁ δὲ Ἡλιόδωρος διʼ ἃς εἶχε βασιλικὰς ἐντολὰς, πάντως ἔλεγεν εἰς τὸ βασιλικὸν ἀναληπτέα ταῦτα εἶναι.
35572	ΜΑΚΚΑΒΑΙΩΝ Β 3:26	προεφάνησαν	No	No	No	προσεφάνησαν	1.00	Yes	No	Yes	\vs{26}Ἕτεροι δὲ δύο προεφάνησαν αὐτῷ νεανίαι, τῇ ῥώμῃ μὲν ἐκπρεπεῖς, κάλλιστοι δὲ τῇ δόξῃ, διαπρεπεῖς δὲ τὴν περιβολήν· οἳ καὶ παρασταντες ἐξ ἑκατέρου μέρους, ἐμαστίγουν αὐτὸν ἀδιαλείπτως, πολλὰς ἐπιῤῥιπτοῦντες αὐτῷ πληγάς.
35580	ΜΑΚΚΑΒΑΙΩΝ Β 3:32	διάληψιν	No	No	No	διάλημψιν	1.00	Yes	No	Yes	\vs{32}Ὕποπτος δὲ γενόμενος ὁ ἀρχιερεῦς, μήποτε διάληψιν ὁ βασιλεὺς σχῇ, κακουργίαν τινὰ περὶ τὸν Ἡλιόδωρον ὑπὸ τῶν Ἰουδαίων συντετελέσθαι, προσήγαγε θυσίαν ὑπὲρ τῆς τοῦ ἀνδρὸς σωτηρίας.
35583	ΜΑΚΚΑΒΑΙΩΝ Β 3:34	διάγγελε	No	No	No	διάγγελλε	1.00	Yes	No	Yes	\vs{34}Σὺ δὲ ὑπʼ αὐτοῦ μεμαστιγωμένος διάγγελε πᾶσι τὸ μεγαλεῖον τοῦ Θεοῦ κράτος· ταῦτα δὲ εἰπόντες ἀφανεῖς ἐγένοντο.
35601	ΜΑΚΚΑΒΑΙΩΝ Β 4:6	ληψόμενον	No	No	No	λημψόμενον	1.00	Yes	No	Yes	\vs{6}Ἑώρα γὰρ ἄνευ βασιλικῆς προνοίας ἀδύνατον εἶναι τυχεῖν εἰρήνης ἔτι τὰ πράγματα, καὶ τὸν Σίμωνα παῦλαν οὐ ληψόμενον τῆς ἀνοίας.
35612	ΜΑΚΚΑΒΑΙΩΝ Β 4:14	πρόκλησιν	No	No	No	πρόσκλησιν	1.00	Yes	No	Yes	\vs{14}ὥστε μηκέτι περὶ τὰς τοῦ θυσιαστηρίου λειτουργίας προθύμους εἶναι τοὺς ἱερεῖς, ἀλλὰ τοῦ μὲν ναοῦ καταφρονοῦντες, καὶ τῶν θυσιῶν ἀμελοῦντες ἔσπευδον μετέχειν τῆς ἐν παλαίστρᾳ παρανόμου χορηγίας, μετὰ τὴν τοῦ δίσκου πρόκλησιν.
35620	ΜΑΚΚΑΒΑΙΩΝ Β 4:20	τριήρων	No	No	No	τριηρέων	1.00	Yes	No	Yes	\vs{20}Ἔπεμψεν οὖν ταῦτα, διὰ μὲν τὸν ἀποστείλαντα εἰς τὴν τοῦ Ἡρακλέους θυσίαν, ἕνεκεν δὲ τῶν παρακομιζόντων, εἰς τὰς τῶν τριήρων κατασκευάς.
35651	ΜΑΚΚΑΒΑΙΩΝ Β 4:41	Συνιδότες	Yes	No	No	συνειδότες	1.00	Yes	No	Yes	\vs{41}Συνιδότες δὲ καὶ τὴν ἐπίθεσιν τοῦ Λυσιμάχου, συναρπάσαντες οἱ μὲν πέτρους, οἱ δὲ ξύλων πάχη, τινὲς δὲ ἐκ τῆς παρακειμένης σποδοῦ δρασσόμενοι, φύρδην ἐνετίνασσον εἰς τοὺς περὶ τὸν Λυσίμαχον.
35688	ΜΑΚΚΑΒΑΙΩΝ Β 5:18	προενέχεσθαι	No	No	No	προσενέχεσθαι	1.00	Yes	No	Yes	\vs{18}Εἰ δὲ μὴ συνέβαινε προενέχεσθαι πολλοῖς ἁμαρτήμασι, καθάπερ ὁ Ἡλιόδωρος ὁ πεμφθεὶς ὑπὸ Σελεύκου τοῦ βασιλέως ἐπὶ τὴν ἐπίσκεψιν τοῦ γαζοφυλακίου, οὗτος προαχθεὶς παραχρῆμα μαστιγωθεὶς ἀνετράπη τοῦ θράσους.
35738	ΜΑΚΚΑΒΑΙΩΝ Β 6:24	ἐννενηκονταετῆ	No	No	No	ἐνενηκονταετῆ	1.00	Yes	No	Yes	\vs{24}Οὐ γὰρ τῆς ἡμετέρας ἡλικίας ἄξιόν ἐστιν ὑποκριθῆναι, ἵνα πολλοὶ τῶν νέων ὑπολαβόντες Ἐλεάζαρον τὸν ἐννενηκονταετῆ μεταβεβηκέναι εἰς ἀλλοφυλισμόν,
35739	ΜΑΚΚΑΒΑΙΩΝ Β 6:25	κατακτήσομαι	No	No	No	κατακτήσωμαι	1.00	Yes	No	Yes	\vs{25}καὶ αὐτοὶ διὰ τὴν ἐμὴν ὑπόκρισιν, καὶ διὰ τὸ μικρὸν καὶ ἀκαριαῖον ζῇν πλανηθῶσι διʼ ἐμέ, καὶ μῦσος καὶ κηλίδα τοῦ γήρως κατακτήσομαι.
35750	ΜΑΚΚΑΒΑΙΩΝ Β 7:1	συλληφθέντας	No	No	No	συλλημφθέντας	1.00	Yes	No	Yes	Συνέβη δὲ καὶ ἑπτὰ ἀδελφοὺς μετὰ τῆς μητρὸν συλληφθέντας ἀναγκάζεσθαι ὑπὸ τοῦ βασιλέως ἀπὸ τῶν ἀθεμίτων ὑείων κρεῶν ἐφάπτεσθαι, μάστιξι καὶ νευραῖς αἰκιζομένους.
35755	ΜΑΚΚΑΒΑΙΩΝ Β 7:4	μετρὸς	No	No	No	μητρὸς	1.00	Yes	No	Yes	\vs{4}Τῶν δὲ ἐκπυρωθέντων, παραχρῆμα τὸν γενόμενον αὐτῶν προήγορον προσέταξε γλωσσοτομεῖν, καὶ περισκυθίσαντας ἀκρωτηριάζειν, τῶν λοιπῶν ἀδελφῶν, καὶ τῆς μετρὸς, συνορώντων.
35770	ΜΑΚΚΑΒΑΙΩΝ Β 7:14	γεννόμενος	No	No	No	γενόμενος	1.00	Yes	No	Yes	\vs{14}Καὶ γεννόμενος πρὸς τὸ τελευτᾷν, οὕτως ἔφη, αἱρετὸν μεταλλάσσοντας ὑπʼ ἀνθρώπων τὰς ὑπὸ τοῦ Θεοῦ προσδοκᾷν ἐλπίδας, πάλιν ἀναστήσεσθαι ὑπʼ αὐτοῦ· σοὶ μὲν γὰρ ἀνάστασις εἰς ζωὴν οὐκ ἔσται.
35793	ΜΑΚΚΑΒΑΙΩΝ Β 7:30	καταλεγούσης	No	No	No	καταληγούσης	1.00	Yes	No	Yes	\vs{30}Ἔτι δὲ ταύτης καταλεγούσης ὁ νεανίας εἶπε, τίνα μένετε; οὐχ ὑπακούω τοῦ προστάγματος τοῦ βασιλέως· τοῦ δὲ προστάγματος ἀκούω τοῦ νόμου τοῦ δοθέντος τοῖς πατράσιν ἡμῶν διὰ Μωυσέως.
35801	ΜΑΚΚΑΒΑΙΩΝ Β 7:36	ἀεννάου	No	No	No	ἀενάου	1.00	Yes	No	Yes	\vs{36}Οἱ μὲν γὰρ νῦν ἡμέτεροι ἀδελφοὶ βραχὺν ὑπενέγκαντες πόνον, ἀεννάου ζωῆς ὑπὸ διαθήκην Θεοῦ πεπτώκασι· σὺ δὲ τῇ τοῦ Θεοῦ κρίσει δίκαια τὰ πρόστιμα τῆς ὑπετηφανίας ἀποίσῃ.
35836	ΜΑΚΚΑΒΑΙΩΝ Β 8:16	πολυπληθίαν	No	No	No	πολυπλήθειαν	1.00	Yes	No	Yes	\vs{16}Συναγαγὼν δὲ ὁ Μακκαβαῖος τοὺς περὶ αὐτὸν ὄντας τὸν ἀριθμὸν ἑξακισχιλίους, παρεκάλει μὴ καταπλαγῆναι τοὺς πολεμίους, μηδὲ εὐλαβεῖσθαι τὴν τῶν ἀδίκως παραγινομένων ἐπʼ αὐτοὺς ἐθνῶν πολυπληθίαν, ἀγωνίσασθαι δὲ γενναίως,
35928	ΜΑΚΚΑΒΑΙΩΝ Β 10:13	παρέκαστα	No	No	No	παρ ἕκαστα	1.00	Yes	No	Yes	\vs{13}Ὅθεν κατηγορούμενος ὑπὸ τῶν φίλων πρὸς τὸν Εὐπάτορα, καὶ προδότης παρέκαστα ἀκούων, διὰ τὸ τὴν Κύπρον ἐμπιστευθέντα ὑπὸ τοῦ Φιλομήτορος ἐκλιπεῖν, καὶ πρὸς Ἀντίοχον τὸν Ἐπιφανῆ ἀναχωρῆσαι, μήτʼ εὐγενῆ τὴν ἐξουσίαν ἔχων, ὑπʼ ἀθυμίας φαρμακεύσας ἑαυτὸν ἐξέλιπε τὸν βίον.
35930	ΜΑΚΚΑΒΑΙΩΝ Β 10:14	παρέκαστα	No	No	No	παρ ἕκαστα	1.00	Yes	No	Yes	\vs{14}Γοργίας δὲ γενόμενος στρατηγὸς τῶν τόπων, ἐξενοτρόφει, καὶ παρέκαστα πρὸς τοὺς Ἰουδαίους ἐπολεμοτρόφει,
35944	ΜΑΚΚΑΒΑΙΩΝ Β 10:24	ληψόμενος	No	No	No	λημψόμενος	1.00	Yes	No	Yes	\vs{24}Τιμόθεος δὲ ὁ πρότερον ἡττηθεὶς ὑπὸ τῶν Ἰουδαίων, συναγαγὼν ξένας δυνάμεις παμπληθεῖς, καὶ τοὺς τῆς Ἀσίας γενομένους ἵππους συναθροίσας οὐκ ὀλίγους, παρῆν ὡς δοριάλωτον ληψόμενος τὴν Ἰουδαίαν.
35983	ΜΑΚΚΑΒΑΙΩΝ Β 11:13	ἐλάσσωμα	No	No	No	ἐλάττωμα	1.00	Yes	No	Yes	\vs{13}Οὐκ ἄνους δὲ ὑπάρχων, πρὸς ἑαυτὸν ἀντιβάλλων τὸ γεγονὸς περὶ ἐαυτὸν ἐλάσσωμα, καὶ συννοήσας ἀνικήτους εἶναι τοὺς Ἑβραίους, τοῦ πάντα δυναμένου Θεοῦ συμμαχοῦντος αὐτοῖς,
35992	ΜΑΚΚΑΒΑΙΩΝ Β 11:21	Διοσκορινθίου	Yes	No	No	διὸς κορινθίου	1.00	Yes	No	Yes	\vs{21}Ἔῤῥωσθε· ἔτους ἑκατοστοῦ τεσσαρακοστοῦ ὀγδόου, Διοσκορινθίου εἰκοστῇ τετάρτῃ.
36033	ΜΑΚΚΑΒΑΙΩΝ Β 12:13	παμμιγέσιν	No	No	No	παμμειγέσιν	1.00	Yes	No	Yes	\vs{13}Ἐπέβαλε δὲ καὶ ἐπί τινα πόλιν γεφυροῦν ὀχυρὰν καὶ τείχεσι περιπεφραγμένην, καὶ παμμιγέσιν ἔθνεσι κατοικουμένην, ὄνομα δὲ Κάσπιν.
36038	ΜΑΚΚΑΒΑΙΩΝ Β 12:17	Τουβιήνους	Yes	No	No	τουβιανοὺς	1.00	Yes	No	Yes	\vs{17}Ἐκεῖθεν δὲ ἀποσπάσαντες σταδίους ἑπτακοσίους πεντήκοντα διήνυσαν εἰς τὸν Χάρακα, πρὸς τοὺς λεγομένους Τουβιήνους Ἰουδαίους.
36080	ΜΑΚΚΑΒΑΙΩΝ Β 13:1	ἐννάτῳ	No	No	No	ἐνάτῳ	1.00	Yes	No	Yes	Τῷ δὲ ἐννάτῳ καὶ τεσσαρακοστῷ καὶ ἑκατοστῷ ἔτει προσέπεσε τοῖς περὶ τὸν Ἰούδαν, Ἀντίοχον τὸν Εὐπάτορα παραγενέσθαι σὺν πλήθεσιν ἐπὶ τὴν Ἰουδαίαν,
36108	ΜΑΚΚΑΒΑΙΩΝ Β 13:21	κατελήφθη	No	No	No	κατελήμφθη	1.00	Yes	No	Yes	\vs{21}Προσήγγειλε δὲ τὰ μυστήρια τοῖς πολεμίοις Ῥόδοκος ἐκ τῆς Ἰουδαϊκῆς τάξεως· ἀνεζητήθη δὲ, καὶ κατελήφθη, καὶ κατεκλείσθη.
36173	ΜΑΚΚΑΒΑΙΩΝ Β 14:41	περικατάληπτος	No	No	No	περικατάλημπτος	1.00	Yes	No	Yes	\vs{41}Τῶν δὲ πληθῶν μελλόντων τὸν πύργον καταλαβέσθαι, καὶ τὴν αὐλαίαν θύραν βιαζομένων, καὶ κελευόντων πῦρ προσάγειν καὶ τὰς θύρας ὑφάπτειν, περικατάληπτος γενόμενος ὑπέθηκεν ἑαυτῷ ξίφος,
36175	ΜΑΚΚΑΒΑΙΩΝ Β 14:43	εἰσβαλόντων	No	No	No	εἰσβαλλόντων	1.00	Yes	No	Yes	\vs{43}Τῇ δὲ πληγῇ μὴ κατευθικτήσας διὰ τὴν τοῦ ἀγῶνος σπουδὴν, καὶ τῶν ὄχλων εἴσω τῶν θυρωμάτων εἰσβαλόντων, ἀναδραμὼν γενναίως ἐπὶ τὸ τεῖχος, κατεκρήμνισεν ἑαυτὸν ἀνδρείως εἰς τοὺς ὄχλους.
36235	ΜΑΚΚΑΒΑΙΩΝ Β 15:39	καταμόνας	No	No	No	κατὰ μόνας	1.00	Yes	No	Yes	\vs{39}Καθάπερ γὰρ οἶνον καταμόνας πίνειν, ὡσαύτως δὲ καὶ ὕδωρ πάλιν, πολέμιον· ὃν δὲ τρόπον οἶνος ὕδατι συγκερασθεὶς ἡδὺς, καὶ ἐπιτερπῆ τὴν χάριν ἀποτελεῖ, οὕτω καὶ τὸ τῆς κατασκευῆς τοῦ λόγου τέρπει τὰς ἀκοὰς τῶν ἐντυγχανόντων τῇ συντάξει· ἐνταῦθα δὲ ἔσται ἡ τελευτή.
36248	ΜΑΚΚΑΒΑΙΩΝ Γ 1:5	συλληφθῆναι	No	No	No	συλλημφθῆναι	1.00	Yes	No	Yes	\vs{5}Καὶ οὕτω συνέβη τοὺς ἀντιπάλους ἐν χειρονομίαις διαφθαρῆναι, πολλοὺς δὲ καὶ δορυαλώτους συλληφθῆναι
36264	ΜΑΚΚΑΒΑΙΩΝ Γ 1:16	προπεσόντων	No	No	No	προσπεσόντων	1.00	Yes	No	Yes	\vs{16}Τῶν δὲ ἱερέων ἐν ταῖς ἁγίαις ἐσθήσεσι προπεσόντων, καὶ δεομένων τοῦ μεγίστου Θεοῦ βοηθεῖν τῇ ἐνεστώσῃ ἀνάγκῃ, καί τὴν ὁρμὴν τοῦ κακῶς ἐπιβαλλομένου μεταθεῖναι, κραυγῆς τε μετὰ δακρύων τὸ ἱερὸν ἐμπλησάνων,
36264	ΜΑΚΚΑΒΑΙΩΝ Γ 1:16	ἐνεστώσῃ	No	No	No	ἐνεστῶσιν	1.00	Yes	No	Yes	\vs{16}Τῶν δὲ ἱερέων ἐν ταῖς ἁγίαις ἐσθήσεσι προπεσόντων, καὶ δεομένων τοῦ μεγίστου Θεοῦ βοηθεῖν τῇ ἐνεστώσῃ ἀνάγκῃ, καί τὴν ὁρμὴν τοῦ κακῶς ἐπιβαλλομένου μεταθεῖναι, κραυγῆς τε μετὰ δακρύων τὸ ἱερὸν ἐμπλησάνων,
36265	ΜΑΚΚΑΒΑΙΩΝ Γ 1:17	ἀπολιπόμενοι	No	No	No	ἀπολειπόμενοι	1.00	Yes	No	Yes	\vs{17}οἱ κατὰ τὴν πόλιν ἀπολιπόμενοι, ταραχθέντες ἐξεπήδησαν, ἄδηλον τιθέμενοι τὸ γινόμενον.
36269	ΜΑΚΚΑΒΑΙΩΝ Γ 1:20	παραλιποῦσαι	No	No	No	παραλείπουσαι	1.00	Yes	No	Yes	\vs{20}Τὰ δὲ νεογνὰ τῶν τέκνων, αἵ τε πρὸς τούτοις μητέρες καὶ τιθηνοὶ παραλιποῦσαι ἄλλως καὶ ἄλλως, αἱ μὲν κατʼ οἴκους, αἱ δὲ κατὰ τὰς ἀγυιὰς ἀνεπιτρέπτως εἰς τὸ πανυπέρτατον ἱερὸν ἠθροίζοντο.
36339	ΜΑΚΚΑΒΑΙΩΝ Γ 3:6	θρυλλουμένην	No	No	No	θρυλουμένην	1.00	Yes	No	Yes	\vs{6}Τὴν μὲν οὖν περὶ τοῦ γένους ἐν πᾶσι θρυλλουμένην εὐπραξίαν οἱ ἀλλόφυλοι οὐδαμῶς διηριθμήσαντο.
36340	ΜΑΚΚΑΒΑΙΩΝ Γ 3:7	ἐθρύλλουν	No	No	No	ἐθρύλουν	1.00	Yes	No	Yes	\vs{7}Τὴν δὲ περὶ τῶν προσκυνήσεων καὶ τροφῶν διάστασιν ἐθρύλλουν, φάσκοντες μήτε τῷ βασιλεῖ μήτε ταῖς δυνάμεσιν ὁμοσπόνδους τοὺς ἀνθρώπους γενέσθαι, δυσμενεῖς δὲ εἶναι καὶ μέγα τι τοῖς πράγμασιν ἐναντιουμένους· καὶ οὐ τῷ τυχόντι περιήψαν ψόγῳ.
36343	ΜΑΚΚΑΒΑΙΩΝ Γ 3:9	ἠγνοηκώς	No	No	No	ἠγνοηκός	1.00	Yes	No	Yes	\vs{9}Μὴ γὰρ οὕτως παροραθήσεται τηλικοῦτο σύστεημα μηδὲν ἠγνοηκώς.
36362	ΜΑΚΚΑΒΑΙΩΝ Γ 3:23	παρέκαστα	No	No	No	παρ ἕκαστα	1.00	Yes	No	Yes	\vs{23}οὐ μόνον ἀπεστρέψαντο τὴν ἀτίμητον πολιτείαν, ἀλλὰ καὶ βδελύσσονται λόγῳ τε καὶ σιγῇ τοὺς ἐν αὐτοῖς ὀλίγους πρὸς ἡμᾶς γνησίως διακειμένους, παρέκαστα ὑφορώμενοι διὰ τῆς δυσκλεεστάτης ἐμβιώσεως διὰ τάχους ἡμᾶς καταστρέψαι τὰ κατορθώματα.
36375	ΜΑΚΚΑΒΑΙΩΝ Γ 4:1	προκατεσκιῤῥωμένης	No	No	No	προκατεσκιρωμένης	1.00	Yes	No	Yes	Παντῇ δὲ ὅπου προσέπιπτε τοῦτο τὸ πρόσταγμα, δημοτελὴς συνίστατο τοῖς ἔθνεσιν εὐωχία μετὰ ἀλαλαγμῶν καὶ χαρᾶς, ὡς ἄν τῆς προκατεσκιῤῥωμένης αὐτοῖς πάλαι κατὰ διάνοιαν, μετὰ παῤῥησίας συνεκφαινομένης ἀπεχθείας.
36411	ΜΑΚΚΑΒΑΙΩΝ Γ 5:5	λήψεσθαι	No	No	No	λήμψεσθαι	1.00	Yes	No	Yes	\vs{5}Οἵ τε πρὸς τούτοις λειτουργοὶ κατὰ τὴν ἑσπέραν ἐξιόντες τὰς τῶν ταλαιπώρων ἐδέσμευον χεῖρας, τήν τε λοιπὴν ἐμηχανῶντο περὶ αὐτοὺς ἀσφάλειαν, ἔννυχον δόξαντες ὁμοῦ λήψεσθαι τὸ φῦλον πέρας τῆς ὀλεθρίας.
36430	ΜΑΚΚΑΒΑΙΩΝ Γ 5:20	ἐπιτέλλουσαν	No	No	No	ἐπιτελοῦσαν	1.00	Yes	No	Yes	\vs{20}τὴν ὠμότητα χείρονα Φαλάριδος ἐσχηκὼς ἔφη, τῷ τῆς σήμερον ὕπνῳ χάριν ἔχειν αὐτούς· ἀνυπερθέτως δὲ εἰς τὴν ἐπιτέλλουσαν ἡμέραν κατὰ τὸ ὅμοιον ἑτοίμασον τοὺς ἐλέφαντας ἐπὶ τὸν τῶν ἀθεμίτων Ἰουδαίων ἀφανισμόν.
36435	ΜΑΚΚΑΒΑΙΩΝ Γ 5:23	ἐκεκράγει	No	No	No	ἐκέκραγεν	1.00	Yes	No	Yes	\vs{23}Ἄρτι δὲ ἀλεκτρυὼν ἐκεκράγει ὄρθριος, καὶ τὰ θηρία καθωπλικὼς ὁ Ἕρμων ἐν τῷ μεγάλῳ περιστύλῳ διεκίνει.
36464	ΜΑΚΚΑΒΑΙΩΝ Γ 5:45	κατάστημα	No	No	No	κατάστεμα	1.00	Yes	No	Yes	\vs{45}Ὁ δὲ ἐλεφαντάρχης, τὰ θηρία σχεδὸν εἰπεῖν εἰς κατάστημα μανιῶδες ἀγηοχὼς, εὐωδεστάτοις πόμασιν οἴνῳ λελιβανωμένου φοβεραῖς κατεσκευασμένα σκευαῖς.
36464	ΜΑΚΚΑΒΑΙΩΝ Γ 5:45	ἀγηοχὼς	No	No	No	ἀγειοχὼς	1.00	Yes	No	Yes	\vs{45}Ὁ δὲ ἐλεφαντάρχης, τὰ θηρία σχεδὸν εἰπεῖν εἰς κατάστημα μανιῶδες ἀγηοχὼς, εὐωδεστάτοις πόμασιν οἴνῳ λελιβανωμένου φοβεραῖς κατεσκευασμένα σκευαῖς.
36508	ΜΑΚΚΑΒΑΙΩΝ Γ 6:26	ἐξαρχῆς	No	No	No	ἐξ ἀρχῆς	1.00	Yes	No	Yes	\vs{26}Τίς τοὺς ἐξαρχῆς εὐνοίᾳ πρὸς ἡμᾶς κατὰ πάντα διαφέροντας πάντων ἐθνῶν, καὶ τοὺς χειρίστους πλεονάκις ἀνθρώπων ἐπιδεδεγμένους κινδύνους, οὕτως ἀθέσμοις περιέβαλεν αἰκίαις;
36520	ΜΑΚΚΑΒΑΙΩΝ Γ 6:34	περιβαλλόμενοι	No	No	No	περιβαλόμενοι	1.00	Yes	No	Yes	\vs{34}Οἵ τε πρὶν εἰς ὄλεθρον καὶ οἰωνοβρώτους αὐτοὺς ἔσεσθαι τιθέμενοι, μετὰ χαρᾶς ἀπογραψάμενοι, κατεστέναξαν, αἰσχύνην ἐφʼ ἑαυτοῖς περιβαλλόμενοι, καὶ τὴν πυρίπνουν τόλμαν ἀκλεῶς ἐσβεσμένοι.
36537	ΜΑΚΚΑΒΑΙΩΝ Γ 7:4	προσφερόμενοι	No	No	No	προφερόμενοι	1.00	Yes	No	Yes	\vs{4}προσφερόμενοι μήποτε εὐσταθήσειν τὰ πράγματα ἡμῶν, διʼ ἣν ἔχουσιν οὗτοι πρὸς πάντα τὰ ἔθνη δυσμένειαν, μέχρις ἂν συντελεσθῇ τοῦτο.
36726	ΜΑΚΚΑΒΑΙΩΝ Δ 5:13	γεινομένῃ	No	No	No	γινομένῃ	1.00	Yes	No	Yes	\vs{13}καὶ γὰρ ἐνθυμήθητι, ὡς εἰ καί τις ἐστιν τῆσδε τῆς θρησκείας ἐποπτικὴ δύναμις, συγνωμονήσειν σοι ἐπὶ πᾶσιν διʼ ἀνάγκην παρανομίᾳ γεινομένῃ.
36760	ΜΑΚΚΑΒΑΙΩΝ Δ 6:2	γηραιὸν	No	No	No	γεραιὸν	1.00	Yes	No	Yes	\vs{2}Καὶ πρῶτον μὲν περιέδυσαν τὸν γηραιὸν ἐκκεκοσμημένον περὶ τὴν εὐσέβειαν εὐσχημοσύνην.
36769	ΜΑΚΚΑΒΑΙΩΝ Δ 6:9	ὑπέμενεν	No	No	No	ὑπέμενε	1.00	Yes	No	Yes	\vs{9}Ὁ δὲ ὑπέμενεν τοὺς πόνους, καὶ περιεφρόνει τῆς ἀνάγκης, καὶ διεκαρτέρει τοὺς αἰκισμοὺς,
36782	ΜΑΚΚΑΒΑΙΩΝ Δ 6:20	ἐπιβιώσωμεν	No	No	No	ἐπιβιώσομεν	1.00	Yes	No	Yes	\vs{20}Αἰσχρὸν γὰρ εἰ ἐπιβιώσωμεν ἀλίγον χρόνον,
36818	ΜΑΚΚΑΒΑΙΩΝ Δ 7:11	Ἀαρὸν	Yes	No	No	ααρων	1.00	Yes	No	Yes	\vs{11}Ὥσπερ γὰρ ὁ πατὴρ Ἀαρὸν τῷ θυμιατηρίῳ κατθωπλισμένος, διὰ τοῦ ἐθνοπλήθου ἐπιτρέχων τὸν ἐμπυριστὴν ἐνίκησεν ἄγγελον.
36839	ΜΑΚΚΑΒΑΙΩΝ Δ 8:2	γηραιᾶς	No	No	No	γεραιᾶς	1.00	No	Yes	Yes	\vs{2}Ταῦτα διαδεξαμένου τοῦ τυράννου, παρῆσαν ἀγόμενοι μετὰ γηραιᾶς μητρὸς ἑπτὰ ἀδελφοὶ, καλοί τε καὶ αἰδήμονες καὶ γενναῖοι καὶ ἐν παντὶ χαριέντες.
36852	ΜΑΚΚΑΒΑΙΩΝ Δ 8:12	προέθησαν	No	No	No	προέθεσαν	1.00	No	Yes	Yes	\vs{12}Ὡς δὲ τροχούς τε καὶ ἀρθενβόλους στρεβλωτήρια, καὶ τροχαντῆρας καὶ καταπέλτας καὶ λέβητας, τήγανά τε καὶ δακτυλήθρας, καὶ χεῖρας σιδηρᾶς καὶ σφῆνας, καὶ τὰ ζώπυρα τοῦ πυρὸς οἱ δορυφόροι προέθησαν, ὑπολαβὼν δὲ ὁ τύραννος, ἔφη, μειράκια φοβήθητε,
36866	ΜΑΚΚΑΒΑΙΩΝ Δ 8:25	θανατεφόρος	No	No	No	θανατηφόρος	1.00	No	Yes	Yes	\vs{25}Πόθεν ἡμῖν ἡ τοσαύτη ἐντέηκεν φιλονεικία, καὶ ἡ θανατεφόρος ἀρέσκει καρτερία, παρὸν μετὰ ἀταραξίας χρὴ τῷ βασιλεῖ πεισθέντας;
36890	ΜΑΚΚΑΒΑΙΩΝ Δ 9:15	μιαιρώτατε	No	No	No	μιερώτατε	1.00	Yes	No	Yes	\vs{15}Τύραννε μιαιρώτατε, καὶ τῆς οὐρανίου δίκης ἐχθρὲ, καὶ ὠμόφρον, οὐκ ἀνδροφονήσαντά με τοῦτον καταικίζεις τὸν τρόπον, οὐδὲ ἀσεβήσαντα, ἀλλα θείου νόμου προασπίζοντα.
36892	ΜΑΚΚΑΒΑΙΩΝ Δ 9:17	μιαιροὶ	No	No	No	μιεροὶ	1.00	Yes	No	Yes	\vs{17}ὁ δὲ εἶπεν, οὐχ οὕτως ἰσχυρὸς ὑμῶν ἐστιν ὁ τρόπος, ὦ μιαιροὶ διὰκονοι, ὥστε μου τὸν λογισμὸν ἄξαι· τέμνετέ μου μέλη, καὶ πυροῦτε τὰς σάρκας, καὶ στρεβλοῦτε τὰ ἄρθρα.
36906	ΜΑΚΚΑΒΑΙΩΝ Δ 9:28	παρδάλειοι	No	No	No	παρδάλεοι	1.00	Yes	No	Yes	\vs{28}ἀπὸ τῶν τενόντων ταῖς σιδηραῖς χερσὶν ἐπισπασάμενοι, μέχρι γε τῶν γενείων τὴν σάρκα πᾶσαν καὶ τὴν τῆς κεφαλῆς δορὰν οἱ παρδάλειοι θῆρες ἀπέσυραν· ὁ δὲ ταύτην βαρέως τὴν ἀλγηδόνα καρτερῶν, ἔλεγεν,
36911	ΜΑΚΚΑΒΑΙΩΝ Δ 9:32	μιαιρότατε	No	No	No	μιερώτατε	1.00	Yes	No	Yes	\vs{32}Σὺ δὲ ἐν ταῖς τῆς ἀσεβείας ἀπειλαῖς βασανίζῃ· οὐκ ἐκφεύξῃ δὲ, μιαιρότατε τύραννε, τὰς τῆς θείας ὀργῆς δίκας.
36924	ΜΑΚΚΑΒΑΙΩΝ Δ 10:10	μιαιρώτατε	No	No	No	μιερώτατε	1.00	Yes	No	Yes	\vs{10}ἔφη, ἡμεῖς μὲν ὦ μιαιρώτατε τύραννε, διὰ παιδείαν καί ἀρετὴν Θεοῦ ταῦτα πάσχομεν.
36933	ΜΑΚΚΑΒΑΙΩΝ Δ 10:17	πανμιαιρώτατος	No	No	No	πανμιερώτατος	1.00	Yes	No	Yes	\vs{17}Ταῦτα ἀκούσας ὁ αἱμοβόρος καὶ φονώδης καὶ πανμιαιρώτατος Ἀντίοχος, ἐκέλευσεν τὴν γλῶτταν αὐτοῦ ἐκτεμεῖν.
36971	ΜΑΚΚΑΒΑΙΩΝ Δ 11:25	μιαιροφαγίαν	No	No	No	μιεροφαγίαν	1.00	Yes	No	Yes	\vs{25}Τὸ γὰρ μὴ δυνηθῆναί σε μεταπεῖσαι τὸν λογισμὸν ἡμῶν, μήτε βιάσασθαι πρὸς τὴν μιαιροφαγίαν, οὐ κατάλυσίς ἐστιν σοῦ;
36983	ΜΑΚΚΑΒΑΙΩΝ Δ 12:6	στερηθῖσαν	No	No	No	στερηθεῖσαν	1.00	Yes	No	Yes	\vs{6}Καὶ ταῦτα παρακαλῶν, τὴν μητέρα τοῦ παιδὸς μετεπέμψατο, ὄπως αὐτὴν ἐμεήσαν υἱῶν στερηθῖσαν παρορμήσειεν ἐπὶ τὴν μσωτηρίαν, εὐπειθῆ τὸν περιλειπόμενον.
37022	ΜΑΚΚΑΒΑΙΩΝ Δ 13:16	παθοκρατείᾳ	No	No	No	παθοκρατίᾳ	1.00	Yes	No	Yes	\vs{16}Καθοπλισώμεθα τοιγαροῦν τῇ τοῦ θείου λογισμοῦ παθοκρατείᾳ.
37094	ΜΑΚΚΑΒΑΙΩΝ Δ 15:22	καυτερίοις	No	No	No	καυτηρίοις	1.00	Yes	No	Yes	\vs{22}Πηλίκαις καὶ πόσαις τότε ἡ μήτηρ, τῶν υἱῶν βασανιζομένων τροχοῖς τε καὶ καυτερίοις ἐβασανίζετο βασάνοις;
37109	ΜΑΚΚΑΒΑΙΩΝ Δ 16:1	γηραιὰ	No	No	No	γεραιὰ	1.00	Yes	No	Yes	Εἰ δὲ τοίνυν καὶ γυνὴ, καὶ γηραιὰ, καὶ ἑπτὰ παὶδων μήτηρ ὑπέμεινε τὰς μέχρι θανάτου βασάνους ὁρῶσα τῶν τέκνων· ὁμολογουμένως αὐτοκράτωρ ἐστὶν τῶν παθῶν ὁ εὐσεβὴς λογισμός.
37128	ΜΑΚΚΑΒΑΙΩΝ Δ 16:15	συνελήφθης	No	No	No	συνελήμφθης	1.00	Yes	No	Yes	\vs{15}Καὶ γὰν ὃτε συνελήφθης μετὰ τῶν παίδων, εἱστήκεις τὸν Ἐλεάζαρον ὁρῶσα βασανιζόμενον, καὶ ἔλεγες τοῖς παισὶν ἐν τῇ Ἑβοαΐδι φωνῇ,
