Line Number	Verse Reference	Unaccented Words	Sequence Length	Reason	Context Before	Context After	Full Line
133	ΓΕΝΕΣΙΣ 2:12	ἐστιν ὁ	2	consecutive enclitics	ἐκεῖ	ἄνθραξ	\vs{12}Τὸ δὲ χρυσίον τῆς γῆς ἐκείνης καλόν· καὶ ἐκεῖ ἐστιν ὁ ἄνθραξ, καὶ ὁ λίθος ὁ πράσινος.
152	ΓΕΝΕΣΙΣ 3:3	ἐστιν ἐν	2	consecutive enclitics	ὅ	μέσῳ	\vs{3}Ἀπὸ δὲ τοῦ καρποῦ τοῦ ξύλου, ὅ ἐστιν ἐν μέσῳ τοῦ παραδείσου, εἶπεν ὁ Θεός, οὐ φάγεσθε ἀπʼ αὐτοῦ, οὐδὲ μὴ ἅψησθε αὐτοῦ, ἵνα μὴ ἀποθάνητε.
166	ΓΕΝΕΣΙΣ 3:16	σου ἐν	2	consecutive enclitics	στεναγμόν	λύπαις	\vs{16}Καὶ τῇ γυναικὶ εἶπε· πληθύνων πληθυνῶ τὰς λύπας σου, καὶ τὸν στεναγμόν σου· ἐν λύπαις τέξῃ τέκνα, καὶ πρὸς τὸν ἄνδρα σου ἡ ἀποστροφή σου· καὶ αὐτός σου κυριεύσει.
166	ΓΕΝΕΣΙΣ 3:16	σου ἡ	2	consecutive enclitics	ἄνδρα	ἀποστροφή	\vs{16}Καὶ τῇ γυναικὶ εἶπε· πληθύνων πληθυνῶ τὰς λύπας σου, καὶ τὸν στεναγμόν σου· ἐν λύπαις τέξῃ τέκνα, καὶ πρὸς τὸν ἄνδρα σου ἡ ἀποστροφή σου· καὶ αὐτός σου κυριεύσει.
167	ΓΕΝΕΣΙΣ 3:17	σου ἐν	2	consecutive enclitics	ἔργοις	λύπαις	\vs{17}Τῷ δὲ Ἀδὰμ εἶπεν· ὅτι ἤκουσας τῆς φωνῆς τῆς γυναικός σου, καὶ ἔφαγες ἀπὸ τοῦ ξύλου, οὗ ἐνετειλάμην σοι τούτου μόνου μὴ φαγεῖν, ἀπʼ αὐτοῦ ἔφαγες, ἐπικατάρατος ἡ γῆ ἐν τοῖς ἔργοις σου· ἐν λύπαις φάγῃ αὐτὴν πάσας τὰς ἡμέρας τῆς ζωῆς σου.
169	ΓΕΝΕΣΙΣ 3:19	σε εἰς	2	consecutive enclitics	ἀποστρέψαι	τὴν	\vs{19}Ἐν ἱδρῶτι τοῦ προσώπου σου φαγῃ τὸν ἄρτον σου, ἕως τοῦ ἀποστρέψαι σε εἰς τὴν γῆν ἐξ ἧς ἐλήμφθης· ὅτι γῆ εἶ, καὶ εἰς γῆν ἀπελεύσῃ.
188	ΓΕΝΕΣΙΣ 4:10	με ἐκ	2	consecutive enclitics	πρός	τῆς	\vs{10}Καὶ εἶπε Κύριος, τί πεποίηκας; φωνὴ αἵματος τοῦ ἀδελφοῦ σου βοᾷ πρός με ἐκ τῆς γῆς.
189	ΓΕΝΕΣΙΣ 4:11	σου ἐκ	2	consecutive enclitics	ἀδελφοῦ	τῆς	\vs{11}Καὶ νῦν ἐπικατάρατος σὺ ἀπὸ τῆς γῆς, ἣ ἔχανε τὸ στόμα αὐτῆς δέξασθαι τὸ αἷμα τοῦ ἀδελφοῦ σου ἐκ τῆς χειρός σου.
206	ΓΕΝΕΣΙΣ 4:25	μοι ὁ	2	consecutive enclitics	γάρ	Θεὸς	\vs{25}Ἔγνω δὲ Ἀδὰμ Εὔαν τὴν γυναῖκα αὐτοῦ· καὶ συλλαβοῦσα ἔτεκεν υἱόν· καὶ ἐπωνόμασε τὸ ὄνομα αὐτοῦ Σὴθ, λέγουσα, ἐξανέστησε γάρ μοι ὁ Θεὸς σπέρμα ἕτερον ἀντὶ Ἄβελ, ὃν ἀπέκτεινε Κάϊν.
247	ΓΕΝΕΣΙΣ 6:3	μου ἐν	2	consecutive enclitics	πνεῦμά	τοῖς	\vs{3}Καὶ εἶπε Κύριος ὁ Θεὸς, οὐ μὴ καταμείνῃ τὸ πνεῦμά μου ἐν τοῖς ἀνθρώποις τούτοις εἰς τὸν αἰῶνα, διὰ τὸ εἶναι αὐτοὺς σάρκας· ἔσονται δὲ αἱ ἡμέραι αὐτῶν, ἑκατὸν εἴκοσιν ἔτη.
248	ΓΕΝΕΣΙΣ 6:4	οἱ ἀπ	2	consecutive enclitics	γίγαντες	αἰῶνος	\vs{4}Οἱ δὲ γίγαντες ἦσαν ἐπὶ τῆς γῆς ἐν ταῖς ἡμέραις ἐκείναις, καὶ μετʼ ἐκεῖνο, ὡς ἂν εἰσεπορεύοντο οἱ υἱοὶ τοῦ Θεοῦ πρὸς τὰς θυγατέρας τῶν ἀνθρώπων, καὶ ἐγεννῶσαν αὐτοῖς· ἐκεῖνοι ἦσαν οἱ γίγαντες οἱ ἀπʼ αἰῶνος, οἱ ἄνθρωποι οἱ ὀνομαστοί.
273	ΓΕΝΕΣΙΣ 7:1	σου εἰς	2	consecutive enclitics	οἶκός	τὴν	Καὶ εἶπε Κύριος ὁ Θεὸς πρὸς Νῶε, εἴσελθε σὺ καὶ πᾶς ὁ οἶκός σου εἰς τὴν κιβωτὸν, ὅτι σὲ εἶδον δίκαιον ἐναντίον μου ἐν τῇ γενεᾷ ταύτῃ.
273	ΓΕΝΕΣΙΣ 7:1	μου ἐν	2	consecutive enclitics	ἐναντίον	τῇ	Καὶ εἶπε Κύριος ὁ Θεὸς πρὸς Νῶε, εἴσελθε σὺ καὶ πᾶς ὁ οἶκός σου εἰς τὴν κιβωτὸν, ὅτι σὲ εἶδον δίκαιον ἐναντίον μου ἐν τῇ γενεᾷ ταύτῃ.
296	ΓΕΝΕΣΙΣ 7:23	οἱ μετ	2	consecutive enclitics	καὶ	αὐτοῦ	\vs{23}Καὶ ἐξήλειψε πᾶν τὸ ἀνάστημα, ὃ ἦν ἐπὶ προσώπου τῆς γῆς, ἀπὸ ἀνθρώπου ἕως κτήνους, καὶ ἑρπετῶν, καὶ τῶν πετεινῶν τοῦ οὐρανοῦ· καὶ ἐξηλείφησαν ἀπὸ τῆς γῆς· καὶ κατελείφθη μόνος Νῶε, καὶ οἱ μετʼ αὐτοῦ ἐν τῇ κιβωτῷ.
338	ΓΕΝΕΣΙΣ 9:12	ἐστι μεθ	2	consecutive enclitics	ἥ	ὑμῶν	\vs{12}Καὶ εἶπε Κύριος ὁ Θεὸς πρὸς Νῶε· τοῦτο τὸ σημεῖον τῆς διαθήκης, ὃ ἐγὼ δίδωμι ἀνὰ μέσον ἐμοῦ καὶ ὑμῶν, καὶ ἀνὰ μέσον πάσης ψυχῆς ζώσης, ἥ ἐστι μεθʼ ὑμῶν εἰς γενεὰς αἰωνίους.
342	ΓΕΝΕΣΙΣ 9:16	μου ἐν	2	consecutive enclitics	τόξον	τῇ	\vs{16}Καὶ ἔσται τὸ τόξον μου ἐν τῇ νεφέλῃ· καὶ ὄψομαι τοῦ μνησθῆναι διαθήκην αἰώνιον ἀνὰ μέσον ἐμοῦ καὶ τῆς γῆς, καὶ ἀνὰ μέσον ψυχῆς ζώσης ἐν πάσῃ σαρκὶ, ἥ ἐστιν ἐπὶ τῆς γῆς.
434	ΓΕΝΕΣΙΣ 12:2	σε εἰς	2	consecutive enclitics	ποιήσω	ἔθνος	\vs{2}Καὶ ποιήσω σε εἰς ἔθνος μέγα, καὶ εὐλογήσω σε, καὶ μεγαλυνῶ τὸ ὄνομά σου, καὶ ἔσῃ εὐλογημένος.
445	ΓΕΝΕΣΙΣ 12:12	σε οἱ	2	consecutive enclitics	ἴδωσί	Αἰγύπτιοι	\vs{12}Ἔσται οὖν ὡς ἂν ἴδωσί σε οἱ Αἰγύπτιοι, ἐροῦσιν ὅτι γυνὴ αὐτοῦ ἐστιν αὐτὴ, καὶ ἀποκτενοῦσί με, σὲ δὲ περιποιήσονται.
465	ΓΕΝΕΣΙΣ 13:10	ὡς ὁ	2	consecutive enclitics	Γόμοῤῥα	παράδεισος	\vs{10}Καὶ ἐπάρας Λὼτ τοὺς ὀφθαλμοὺς αὐτοῦ, ἐπεῖδε πᾶσαν τὴν περίχωρον τοῦ Ἰορδάνου, ὅτι πᾶσα ἦν ποτιζομένη, πρὸ τοῦ καταστρέψαι τὸν Θεὸν Σόδομα καὶ Γόμοῤῥα, ὡς ὁ παράδεισος τοῦ Θεοῦ, καὶ ὡς ἡ γῆ Αἰγύπτου, ἕως ἐλθεῖν εἰς Ζόγορα.
465	ΓΕΝΕΣΙΣ 13:10	ὡς ἡ	2	consecutive enclitics	καὶ	γῆ	\vs{10}Καὶ ἐπάρας Λὼτ τοὺς ὀφθαλμοὺς αὐτοῦ, ἐπεῖδε πᾶσαν τὴν περίχωρον τοῦ Ἰορδάνου, ὅτι πᾶσα ἦν ποτιζομένη, πρὸ τοῦ καταστρέψαι τὸν Θεὸν Σόδομα καὶ Γόμοῤῥα, ὡς ὁ παράδεισος τοῦ Θεοῦ, καὶ ὡς ἡ γῆ Αἰγύπτου, ἕως ἐλθεῖν εἰς Ζόγορα.
468	ΓΕΝΕΣΙΣ 13:13	οἱ ἐν	2	consecutive enclitics	ἄνθρωποι	Σοδόμοις	\vs{13}Οἱ δὲ ἄνθρωποι οἱ ἐν Σοδόμοις πονηροὶ καὶ ἁμαρτωλοὶ ἐναντίον τοῦ Θεοῦ σφόδρα.
471	ΓΕΝΕΣΙΣ 13:16	σου ὡς	2	consecutive enclitics	σπέρμα	τὴν	\vs{16}Καὶ ποιήσω τὸ σπέρμα σου, ὡς τὴν ἄμμον τῆς γῆς· εἰ δύναταί τις ἐξαριθμῆσαι τὴν ἄμμον τῆς γῆς, καὶ τὸ σπέρμα σου ἐξαριθμηθήσεται.
472	ΓΕΝΕΣΙΣ 13:17	σου εἰς	2	consecutive enclitics	σπέρματί	τὸν	\vs{17}Ἀναστὰς διόδευσον τὴν γῆν εἴς τε τὸ μῆκος αὐτῆς καὶ εἰς τὸ πλάτος· ὅτι σοι δώσω αὐτὴν καὶ τῷ σπέρματί σου εἰς τὸν αἰῶνα.
481	ΓΕΝΕΣΙΣ 14:6	ἐστιν ἐν	2	consecutive enclitics	ἥ	τῇ	\vs{6}Καὶ τοὺς Χοῤῥαίους τοὺς ἐν τοῖς ὄρεσι Σηεὶρ, ἕως τῆς τερεβίνθου τῆς Φαρὰν, ἥ ἐστιν ἐν τῇ ἐρήμῳ.
491	ΓΕΝΕΣΙΣ 14:15	ἐστιν ἐν	2	consecutive enclitics	ἥ	ἀριστερᾷ	\vs{15}Καὶ ἐπέπεσεν ἐπʼ αὐτοὺς τὴν νύκτα αὐτὸς, καὶ οἱ παῖδες αὐτοῦ, καὶ ἐπάταξεν αὐτοὺς, καὶ κατεδίωξεν αὐτοὺς ἕως Χοβὰ, ἥ ἐστιν ἐν ἀριστερᾷ Δαμασκοῦ.
504	ΓΕΝΕΣΙΣ 15:1	σου ὁ	2	consecutive enclitics	ὑπερασπίζω	μισθός	Μετὰ δὲ τὰ ῥήματα ταῦτα ἐγενήθη ῥῆμα Κυρίου πρὸς Ἅβραμ ἐν ὁράματι, λέγων, μὴ φοβοῦ Ἅβραμ· ἐγὼ ὑπερασπίζω σου· ὁ μισθός σου πολὺς ἔσται σφόδρα.
510	ΓΕΝΕΣΙΣ 15:7	σε ἐκ	2	consecutive enclitics	ἐξαγαγών	χώρας	\vs{7}Εἶπε δὲ πρὸς αὐτὸν, ἐγὼ ὁ Θεὸς ὁ ἐξαγαγών σε ἐκ χώρας Χαλδαίων, ὥστε δοῦναί σοι τὴν γῆν ταύτην κληρονομῆσαι.
516	ΓΕΝΕΣΙΣ 15:13	σου ἐν	2	consecutive enclitics	σπέρμα	γῇ	\vs{13}Καὶ ἐῤῥέθη πρὸς Ἅβραμ· γινώσκων γνώσῃ ὅτι πάροικον ἔσται τὸ σπέρμα σου ἐν γῇ οὐκ ἰδίᾳ, καὶ δουλώσουσιν αὐτοὺς, καὶ κακώσουσιν αὐτοὺς, καὶ ταπεινώσουσιν αὐτοὺς, τετρακόσια ἔτη.
518	ΓΕΝΕΣΙΣ 15:15	σου ἐν	2	consecutive enclitics	πατέρας	εἰρήνῃ	\vs{15}Σὺ δὲ ἀπελεύσῃ πρὸς τοὺς πατέρας σου ἐν εἰρήνῃ, τραφεὶς ἐν γήρᾳ καλῷ.
531	ΓΕΝΕΣΙΣ 16:5	μου εἰς	2	consecutive enclitics	παιδίσκην	τὸν	\vs{5}Εἶπε δὲ Σάρα πρὸς Ἅβραμ, ἀδικοῦμαι ἐκ σοῦ· ἐγὼ δέδωκα τὴν παιδίσκην μου εἰς τὸν κόλπον σου, ἰδοῦσα δὲ ὅτι ἐν γαστρὶ ἔχει, ἠτιμάσθην ἐναντίον αὐτῆς. κρίναι ὁ Θεὸς ἀνὰ μέσον ἐμοῦ καὶ σου.
532	ΓΕΝΕΣΙΣ 16:6	σου ἐν	2	consecutive enclitics	παιδίσκη	ταῖς	\vs{6}Εἶπε δὲ Ἅβραμ πρὸς Σάραν, ἰδοὺ ἡ παιδίσκη σου ἐν ταῖς χερσί σου, χρῶ αὐτῇ ὡς ἄν σοι ἀρεστὸν ᾖ. καὶ ἐκάκωσεν αὐτὴν Σάρα, καὶ ἀπέδρα ἀπὸ προσώπου αὐτῆς.
546	ΓΕΝΕΣΙΣ 17:1	εἰμι ὁ	2	consecutive enclitics	ἐγώ	Θεός	Ἐγένετο δὲ Ἅβραμ ἐτῶν ἐννενηκονταεννέα. Καὶ ὤφθη Κύριος τῷ Ἅβραμ, καὶ εἶπεν αὐτῷ, ἐγώ εἰμι ὁ Θεός σου· εὐαρέστει ἐνώπιον ἐμοῦ, καὶ γίνου ἄμεμπτος.
551	ΓΕΝΕΣΙΣ 17:6	σε εἰς	2	consecutive enclitics	θήσω	ἔθνη	\vs{6}Καὶ αὐξανῶ σε σφόδρα σφόδρα, καὶ θήσω σε εἰς ἔθνη· καὶ βασιλεῖς ἐκ σοῦ ἐξελεύσονται.
560	ΓΕΝΕΣΙΣ 17:15	σου οὐ	2	consecutive enclitics	γυνή	κληθήσεται	\vs{15}Καὶ εἶπεν ὁ Θεὸς τῷ Ἁβραὰμ, Σάρα ἡ γυνή σου, οὐ κληθήσεται τὸ ὄνομα αὐτῆς Σάρα, Σάῤῥα ἔσται τὸ ὄνομα αὐτῆς.
561	ΓΕΝΕΣΙΣ 17:16	σοι ἐξ	2	consecutive enclitics	δώσω	αὐτῆς	\vs{16}Εὐλογήσω δὲ αὐτὴν, καὶ δώσω σοι ἐξ αὐτῆς τέκνον, καὶ εὐλογήσω αὐτὸ, καὶ ἔσται εἰς ἔθνη, καὶ βασιλεῖς ἐθνῶν ἐξ αὐτοῦ ἔσονται.
562	ΓΕΝΕΣΙΣ 17:17	εἰ ἡ	2	consecutive enclitics	καὶ	Σάῤῥα	\vs{17}Καὶ ἔπεσεν Ἁβραὰμ ἐπὶ πρόσωπον αὐτοῦ, καὶ ἐγέλασε· καὶ εἶπεν ἐν τῇ διανοίᾳ αὐτοῦ, λέγων, εἰ τῷ ἑκατονταετεῖ γενήσεται υἱός; καὶ εἰ ἡ Σάῤῥα ἐννενήκοντα ἐτῶν τέξεται;
585	ΓΕΝΕΣΙΣ 18:9	σου ὁ	2	consecutive enclitics	γυνή	δὲ	\vs{9}Εἶπε δὲ πρὸς αὐτὸν, ποῦ Σάῤῥα ἡ γυνή σου; ὁ δὲ ἀποκριθεὶς εἶπεν, ἰδοὺ ἐν τῇ σκηνῇ.
600	ΓΕΝΕΣΙΣ 18:23	ὡς ὁ	2	consecutive enclitics	δίκαιος	ἀσεβής	\vs{23}Καὶ ἐγγίσας Ἁβραὰμ, εἶπε, μὴ συναπολέσῃς δίκαιον μετὰ ἀσεβοῦς· καὶ ἔσται ὁ δίκαιος ὡς ὁ ἀσεβής.
602	ΓΕΝΕΣΙΣ 18:25	ὡς ὁ	2	consecutive enclitics	δίκαιος	ἀσεβής	\vs{25}Μηδαμῶς σὺ ποιήσεις ὡς τὸ ῥῆμα τοῦτο, τοῦ ἀποκτεῖναι δίκαιον μετὰ ἀσεβοῦς, καὶ ἔσται ὁ δίκαιος ὡς ὁ ἀσεβής· μηδαμῶς· ὁ κρίνων πᾶσαν τὴν γῆν, οὐ ποιήσεις κρίσιν;
614	ΓΕΝΕΣΙΣ 19:2	ἀλλ ἐν	2	consecutive enclitics	οὐχὶ	τῇ	\vs{2}Καὶ εἶπεν, ἰδοὺ, Κύριοι, ἐκκλίνατε εἰς τὸν οἶκον τοῦ παιδὸς ὑμῶν, καὶ καταλύσατε, καὶ νίψασθε τοὺς πόδας ὑμῶν, καὶ ὀρθρίσαντες ἀπελεύσεσθε εἰς τὴν ὁδὸν ὑμῶν. Καὶ εἶπαν, οὐχὶ, ἀλλʼ ἐν τῇ πλατείᾳ καταλύσομεν.
617	ΓΕΝΕΣΙΣ 19:5	εἰσιν οἱ	2	consecutive enclitics	ποῦ	ἄνδρες	\vs{5}Καὶ ἐξεκαλοῦντο τὸν Λὼτ, καὶ ἔλεγον πρὸς αὐτὸν, ποῦ εἰσιν οἱ ἄνδρες οἱ εἰσελθόντες πρὸς σὲ τὴν νύκτα; ἐξάγαγε αὐτοὺς πρὸς ἡμᾶς, ἵνα συγγενώμεθα αὐτοῖς.
660	ΓΕΝΕΣΙΣ 20:6	σε εἰς	2	consecutive enclitics	ἁμαρτεῖν	ἐμέ	\vs{6}Εἶπε δὲ αὐτῷ ὁ Θεὸς καθʼ ὕπνον, κᾀγὼ ἔγνων ὅτι ἐν καθαρᾷ καρδίᾳ ἐποίησας τοῦτο, καὶ ἐφεισάμην σου τοῦ μὴ ἁμαρτεῖν σε εἰς ἐμέ· ἕνεκα τούτου οὐκ ἀφῆκά σε ἅψασθαι αὐτῆς.
666	ΓΕΝΕΣΙΣ 20:12	μοι εἰς	2	consecutive enclitics	δέ	γυναῖκα	\vs{12}Καὶ γὰρ ἀληθῶς, ἀδελφή μου ἐστὶν ἐκ πατρὸς, ἀλλʼ οὐκ ἐκ μητρός· ἐγενήθη δέ μοι εἰς γυναῖκα.
667	ΓΕΝΕΣΙΣ 20:13	με ὁ	2	consecutive enclitics	ἐξήγαγέ	Θεὸς	\vs{13}Ἐγένετο δὲ ἡνίκα ἐξήγαγέ με ὁ Θεὸς ἐκ τοῦ οἴκου τοῦ πατρός μου, καὶ εἶπα αὐτῇ, ταύτην τὴν δικαιοσύνην ποιήσεις εἰς ἐμὲ, εἰς πάντα τόπον οὗ ἐὰν εἰσέλθωμεν ἐκεῖ, εἶπον ἐμὲ, ὅτι ἀδελφός μου ἐστίν.
670	ΓΕΝΕΣΙΣ 20:16	σοι εἰς	2	consecutive enclitics	ἔσται	τιμὴν	\vs{16}Τῇ δὲ Σάῤῥᾳ εἶπεν, ἰδοὺ δέδωκα χίλια δίδραγμα τῷ ἀδελφῷ σου· ταῦτα ἔσται σοι εἰς τιμὴν τοῦ προσώπου σου, καὶ πάσαις ταῖς μετὰ σοῦ· καὶ πάντα ἀλήθευσον.
704	ΓΕΝΕΣΙΣ 21:29	εἰσιν αἱ	2	consecutive enclitics	τί	ἑπτὰ	\vs{29}Καὶ εἶπεν Ἀβιμέλεχ τῷ Ἁβραὰμ, τί εἰσιν αἱ ἑπτὰ ἀμνάδες τῶν προβάτων τούτων, ἃς ἔστησας μόνας;
705	ΓΕΝΕΣΙΣ 21:30	μοι εἰς	2	consecutive enclitics	ὦσι	μαρτύριον	\vs{30}Καὶ εἶπεν Ἁβραὰμ, ὅτι τὰς ἑπτὰ ἀμνάδας λήψῃ παρʼ ἐμοῦ, ἵνα ὦσι μοι εἰς μαρτύριον, ὅτι ἐγὼ ὤρυξα τό φρέαρ τοῦτο.
729	ΓΕΝΕΣΙΣ 22:17	σου ὡς	2	consecutive enclitics	σπέρμα	τοὺς	\vs{17}Ἦ μὴν εὐλογῶν εὐλογήσω σε, καὶ πληθύνων πληθυνῶ τὸ σπέρμα σου, ὡς τοὺς ἀστέρας τοῦ οὐρανοῦ, καὶ ὡς τὴν ἄμμον τὴν παρὰ τὸ χεῖλος τῆς θαλάσσης· καὶ κληρονομήσει τὸ σπέρμα σου τὰς πόλεις τῶν ὑπεναντίων.
741	ΓΕΝΕΣΙΣ 23:2	ἐστιν ἐν	2	consecutive enclitics	ἥ	τῷ	\vs{2}Καὶ ἀπέθανε Σάῤῥα ἐν πόλει Ἀρβὸκ, ἥ ἐστιν ἐν τῷ κοιλώματι· αὕτη ἔστι Χεβρὼν ἐν τῇ γῇ Χαναάν ἦλθε δὲ Ἁβραὰμ κόψασθαι Σάῤῥαν, καὶ πενθῆσαι.
743	ΓΕΝΕΣΙΣ 23:4	εἰμι μεθ	2	consecutive enclitics	ἐγώ	ὑμῶν	\vs{4}Πάροικος καὶ παρεπίδημος ἐγώ εἰμι μεθʼ ὑμῶν· δότε μοι οὖν κτῆσιν τάφου μεθʼ ὑμῶν, καὶ θάψω τὸν νεκρόν μου ἀπʼ ἐμοῦ.
743	ΓΕΝΕΣΙΣ 23:4	μου ἀπ	2	consecutive enclitics	νεκρόν	ἐμοῦ	\vs{4}Πάροικος καὶ παρεπίδημος ἐγώ εἰμι μεθʼ ὑμῶν· δότε μοι οὖν κτῆσιν τάφου μεθʼ ὑμῶν, καὶ θάψω τὸν νεκρόν μου ἀπʼ ἐμοῦ.
756	ΓΕΝΕΣΙΣ 23:17	ἐστιν ἐν	2	consecutive enclitics	ὅ	τοῖς	\vs{17}Καὶ ἔστη ὁ ἀγρὸς Ἐφρών, ὃς ἦν ἐν τῷ διπλῷ σπηλαίῳ, ὅς ἐστι κατὰ πρόσωπον Μαμβρῆ, ὁ ἀγρὸς καὶ τὸ σπήλαιον, ὃ ἦν ἐν αὐτῷ, καὶ πᾶν δένδρον, ὃ ἦν ἐν τῷ ἀγρῷ, καὶ πᾶν ὅ ἐστιν ἐν τοῖς ὁρίοις αὐτοῦ κύκλῳ,
766	ΓΕΝΕΣΙΣ 24:5	ποτε οὐ	2	consecutive enclitics	μή	βούληται	\vs{5}Εἶπε δὲ πρὸς αὐτὸν ὁ παῖς, μή ποτε οὐ βούληται ἡ γυνὴ πορευθῆναι μετʼ ἐμοῦ ὀπίσω εἰς τὴν γῆν ταύτην, ἀποστρέψω τὸν υἱόν σου εἰς τὴν γῆν, ὅθεν ἐξῆλθες ἐκεῖθεν;
766	ΓΕΝΕΣΙΣ 24:5	σου εἰς	2	consecutive enclitics	υἱόν	τὴν	\vs{5}Εἶπε δὲ πρὸς αὐτὸν ὁ παῖς, μή ποτε οὐ βούληται ἡ γυνὴ πορευθῆναι μετʼ ἐμοῦ ὀπίσω εἰς τὴν γῆν ταύτην, ἀποστρέψω τὸν υἱόν σου εἰς τὴν γῆν, ὅθεν ἐξῆλθες ἐκεῖθεν;
768	ΓΕΝΕΣΙΣ 24:7	με ἐκ	2	consecutive enclitics	ἔλαβέ	τοῦ	\vs{7}Κύριος ὁ Θεὸς τοῦ οὐρανοῦ καὶ ὁ Θεὸς τῆς γῆς, ὃς ἔλαβέ με ἐκ τοῦ οἴκου τοῦ πατρός μου, καἰ ἐκ τῆς γῆς ἧς ἐγεννήθην, ὃς ἐλάλησέ μοι, καὶ ὃς ὤμοσέ μοι, λέγων, σοὶ δώσω τὴν γῆν ταύτην καὶ τῷ σπέρματί σου, αὐτὸς ἀποστελεῖ τὸν Ἄγγελον αὐτοῦ ἔμπροσθέν σου, καὶ λήψῃ γυναῖκα τῷ υἱῷ μου ἐκεῖθεν.
786	ΓΕΝΕΣΙΣ 24:23	μοι εἰ	2	consecutive enclitics	ἀνάγγειλόν	ἔστι	\vs{23}Καὶ ἐπηρώτησεν αὐτὴν, καὶ εἶπε, θυγάτηρ τίνος εἶ; ἀνάγγειλόν μοι, εἰ ἔστι παρὰ τῷ πατρί σου τόπος ἡμῖν του καταλῦσαι.
793	ΓΕΝΕΣΙΣ 24:30	μοι ὁ	2	consecutive enclitics	λελάληκέ	ἄνθρωπος	\vs{30}Καὶ ἐγένετο ἡνίκα εἶδε τὰ ἐνώτια, καὶ τὰ ψέλλια ἐν ταῖς χερσὶ τῆς ἀδελφῆς αὐτοῦ, καὶ ὅτε ἤκουσε τὰ ῥήματα Ῥεβέκκας τῆς ἀδελφῆς αὐτοῦ, λεγούσης, οὕτω λελάληκέ μοι ὁ ἄνθρωπος, καὶ ἦλθε πρὸς τὸν ἄνθρωπον, ἑστηκότος αὐτοῦ ἐπὶ τῶν καμήλων ἐπὶ τῆς πηγῆς.
801	ΓΕΝΕΣΙΣ 24:37	με ὁ	2	consecutive enclitics	ὥρκισέ	κύριός	\vs{37}Καὶ ὥρκισέ με ὁ κύριός μου, λέγων, οὐ λήμψῃ γυναῖκα τῷ υἱῷ μου ἀπὸ τῶν θυγατέρων τῶν Χαναναίων, ἐν οἷς ἐγὼ παροικῶ ἐν τῇ γῇ αὐτῶν.
802	ΓΕΝΕΣΙΣ 24:38	Ἀλλ εἰς	2	consecutive enclitics		τὸν	\vs{38}Ἀλλʼ εἰς τὸν οἶκον τοῦ πατρός μου πορεύσῃ, καὶ εἰς τὴν φυλήν μου, καὶ λήψῃ γυναῖκα τῷ υἱῷ μου ἐκεῖθεν.
804	ΓΕΝΕΣΙΣ 24:40	μου ἐκ	2	consecutive enclitics	υἱῷ	τῆς	\vs{40}Καὶ εἶπέ μοι, Κύριος ὁ Θεὸς ᾧ εὐηρέστησα ἐναντίον αὐτοῦ, αὐτὸς ἐξαποστελεῖ τὸν Ἀγγελον αὐτοῦ μετὰ σοῦ, καὶ εὐοδώσει τὴν ὁδόν σου· καὶ λήψῃ γυναῖκα τῷ υἱῷ μου ἐκ τῆς φυλῆς μου, καὶ ἐκ τοῦ οἴκου τοῦ πατρός μου.
806	ΓΕΝΕΣΙΣ 24:42	μου ἐν	2	consecutive enclitics	ὁδόν	ᾗ	\vs{42}Καὶ ἐλθὼν σήμερον ἐπὶ τὴν πηγὴν εἶπα, Κύριε ὁ Θεὸς τοῦ κυρίου μου Ἁβραὰμ, εἰ σὺ εὐοδοῖς τὴν ὁδόν μου, ἐν ᾗ νῦν ἐγὼ πορεύομαι ἐν αὐτῇ,
807	ΓΕΝΕΣΙΣ 24:43	με ἐκ	2	consecutive enclitics	πότισόν	τῆς	\vs{43}ἰδοὺ ἐγὼ ἐφέστηκα ἐπὶ τῆς πηγῆς τοῦ ὕδατος, καὶ αἱ θυγατέρες τῶν ἀνθρώπων τῆς πόλεως ἐκπορεύονται ἀντλῆσαι ὕδωρ· καὶ ἔσται ἡ παρθένος, ᾗ ἂν ἐγὼ εἴπω, πότισόν με ἐκ τῆς ὑδρίας σου μικρὸν ὕδωρ,
811	ΓΕΝΕΣΙΣ 24:47	μοι ἡ	2	consecutive enclitics	ἀναγγειλόν	δὲ	\vs{47}Καὶ ἠρώτησα αὐτὴν, καὶ εἶπα, θυγάτηρ τίνος εἶ, ἀναγγειλόν μοι· ἡ δὲ ἔφη, θυγάτηρ Βαθουὴλ εἰμὶ υἱοῦ τοῦ Ναχὼρ, ὃν ἔτεκεν αὐτῷ Μελχά· καὶ περιέθηκα αὐτῇ τὰ ἐνώτια, καὶ τὰ ψέλλια περὶ τὰς χεῖρας αὐτῆς.
812	ΓΕΝΕΣΙΣ 24:48	με ἐν	2	consecutive enclitics	εὐώδωσέ	ὁδῷ	\vs{48}Καὶ εὐδοκήσας προσεκύνησα τῷ Κυρίῳ, καὶ εὐλόγησα Κύριον τὸν Θεὸν τοῦ κυρίου μου Ἁβραὰμ, ὃς εὐώδωσέ με ἐν ὁδῷ ἀληθείας λαβεῖν τὴν θυγατέρα τοῦ ἀδελφοῦ τοῦ κυρίου μου τῷ υἱῷ αὐτοῦ.
813	ΓΕΝΕΣΙΣ 24:49	μου εἰ	2	consecutive enclitics	κύριόν	δὲ	\vs{49}Εἰ οὖν ποιεῖτε ὑμεῖς ἔλεος καὶ δικαιοσύνην πρὸς τὸν κύριόν μου· εἰ δὲ μὴ, ἀπαγγείλατέ μοι, ἵνα ἐπιστρέψω εἰς δεξιὰν ἤ ἀριστεράν.
819	ΓΕΝΕΣΙΣ 24:54	οἱ μετ	2	consecutive enclitics	ἄνδρες	αὐτοῦ	\vs{54}Καὶ ἔφαγον καὶ ἔπιον καὶ αὐτὸς καὶ οἱ ἄνδρες οἱ μετʼ αὐτοῦ ὄντες, καὶ ἐκοιμήθησαν· καὶ ἀναστὰς τὸ πρωῒ εἶπεν, ἐκπέμψατέ με, ἵνα ἀπέλθω πρὸς τὸν κύριόν μου.
821	ΓΕΝΕΣΙΣ 24:56	μου ἐν	2	consecutive enclitics	ὁδόν	ἐμοί	\vs{56}Ὁ δὲ εἶπε πρὸς αὐτοὺς, μὴ κατέχετέ με· καὶ Κύριος εὐώδωσε τὴν ὁδόν μου ἐν ἐμοί· ἐκπέμψατέ με, ἵνα ἀπέλθω πρὸς τὸν κύριόν μου.
831	ΓΕΝΕΣΙΣ 24:65	ἐστιν ὁ	2	consecutive enclitics	τίς	ἄνθρωπος	\vs{65}Καὶ εἶπε τῷ παιδὶ, τίς ἐστιν ὁ ἄνθρωπος ἐκεῖνος ὁ πορευόμενος ἐν τῷ πεδίῳ εἰς συνάντησιν ἡμῖν; εἶπε δὲ ὁ παῖς, οὗτός ἐστιν ὁ κύριός μου· ἡ δὲ λαβοῦσα τὸ θέριστρον, περιεβάλετο.
831	ΓΕΝΕΣΙΣ 24:65	ἐστιν ὁ	2	consecutive enclitics	οὗτός	κύριός	\vs{65}Καὶ εἶπε τῷ παιδὶ, τίς ἐστιν ὁ ἄνθρωπος ἐκεῖνος ὁ πορευόμενος ἐν τῷ πεδίῳ εἰς συνάντησιν ἡμῖν; εἶπε δὲ ὁ παῖς, οὗτός ἐστιν ὁ κύριός μου· ἡ δὲ λαβοῦσα τὸ θέριστρον, περιεβάλετο.
831	ΓΕΝΕΣΙΣ 24:65	μου ἡ	2	consecutive enclitics	κύριός	δὲ	\vs{65}Καὶ εἶπε τῷ παιδὶ, τίς ἐστιν ὁ ἄνθρωπος ἐκεῖνος ὁ πορευόμενος ἐν τῷ πεδίῳ εἰς συνάντησιν ἡμῖν; εἶπε δὲ ὁ παῖς, οὗτός ἐστιν ὁ κύριός μου· ἡ δὲ λαβοῦσα τὸ θέριστρον, περιεβάλετο.
851	ΓΕΝΕΣΙΣ 25:16	εἰσιν οἱ	2	consecutive enclitics	οὗτοί	υἱοὶ	\vs{16}οὗτοί εἰσιν οἱ υἱοὶ Ἰσμαὴλ, καὶ ταῦτα τὰ ὀνόματα αὐτῶν ἐν ταῖς σκηναῖς αὐτῶν, καὶ ἐν ταῖς ἐπαύλεσιν αὐτῶν· δώδεκα ἄρχοντες κατὰ ἔθνη αὐτῶν.
877	ΓΕΝΕΣΙΣ 26:4	σου ὡς	2	consecutive enclitics	σπέρμα	τοὺς	\vs{4}Καὶ πληθυνῶ τὸ σπέρμα σου, ὡς τοὺς ἀστέρας τοῦ οὐρανοῦ· καὶ δώσω τῷ σπέρματί σου πᾶσαν τὴν γῆν ταύτην· καὶ εὐλογηθήσονται ἐν τῷ σπέρματί σου πάντα τὰ ἔθνη τῆς γῆς.
883	ΓΕΝΕΣΙΣ 26:10	τις ἐκ	2	consecutive enclitics	ἐκοιμήθη	τοῦ	\vs{10}Εἶπε δὲ αὐτῷ Ἀβιμέλεχ, τί τοῦτο ἐποίησας ἡμῖν; μικροῦ ἐκοιμήθη τις ἐκ τοῦ γένους μου μετὰ τῆς γυναικός σου, καὶ ἐπήγαγες ἂν ἐφʼ ἡμᾶς ἄγνοιαν.
899	ΓΕΝΕΣΙΣ 26:24	εἰμι ὁ	2	consecutive enclitics	ἐγώ	Θεὸς	\vs{24}Καὶ ὤφθη αὐτῷ Κύριος ἐν τῇ νυκτὶ ἐκείνῃ, καὶ εἶπεν, ἐγώ εἰμι ὁ Θεὸς Ἁβραὰμ τοῦ πατρός σου· μὴ φοβοῦ, μετὰ σοῦ γάρ εἰμι, καὶ εὐλογήσω σε, καὶ πληθυνῶ τὸ σπέρμα σου διʼ Ἁβραὰμ τὸν πατέρα σου.
899	ΓΕΝΕΣΙΣ 26:24	σου δι	2	consecutive enclitics	σπέρμα	Ἁβραὰμ	\vs{24}Καὶ ὤφθη αὐτῷ Κύριος ἐν τῇ νυκτὶ ἐκείνῃ, καὶ εἶπεν, ἐγώ εἰμι ὁ Θεὸς Ἁβραὰμ τοῦ πατρός σου· μὴ φοβοῦ, μετὰ σοῦ γάρ εἰμι, καὶ εὐλογήσω σε, καὶ πληθυνῶ τὸ σπέρμα σου διʼ Ἁβραὰμ τὸν πατέρα σου.
902	ΓΕΝΕΣΙΣ 26:27	με ἀφ	2	consecutive enclitics	ἐξαπεστείλατέ	ὑμῶν	\vs{27}Καὶ εἶπεν αὐτοῖς Ἰσαὰκ, ἵνα τί ἤλθετε πρός με; ὑμεῖς δὲ ἐμισήσατέ με, καὶ ἐξαπεστείλατέ με ἀφʼ ὑμῶν.
904	ΓΕΝΕΣΙΣ 26:29	σε μετ	2	consecutive enclitics	ἐξαπεστείλαμέν	εἰρήνης	\vs{29}Μὴ ποιήσαι μεθʼ ἡμῶν κακὸν, καθότι οὐκ ἐβδελυξάμεθά σε ἡμεῖς, καὶ ὃν τρόπον ἐχρησάμεθά σοι καλῶς, καὶ ἐξαπεστείλαμέν σε μετʼ εἰρήνης· καὶ νῦν εὐλογημένος σὺ ὑπὸ Κυρίου.
917	ΓΕΝΕΣΙΣ 27:4	σε ἡ	2	consecutive enclitics	εὐλογήσῃ	ψυχή	\vs{4}Καὶ ποίησόν μοι ἐδέσματα, ὡς φιλῶ ἐγὼ, καὶ ἔνεγκέ μοι, ἵνα φάγω, ὅπως εὐλογήσῃ σε ἡ ψυχή μου πρὶν ἀποθανεῖν με.
922	ΓΕΝΕΣΙΣ 27:9	σου ὡς	2	consecutive enclitics	πατρί	φιλεῖ	\vs{9}Καὶ πορευθεὶς εἰς τὰ πρόβατα, λάβε μοι ἐκεῖθεν δύο ἐρίφους ἁπαλοὺς καὶ καλοὺς, καὶ ποιήσω αὐτοὺς ἐδέσματα τῷ πατρί σου, ὡς φιλεῖ.
923	ΓΕΝΕΣΙΣ 27:10	σε ὁ	2	consecutive enclitics	εὐλογήσῃ	πατήρ	\vs{10}Καὶ εἰσοίσεις τῷ πατρί σου, καὶ φάγεται, ὅπως εὐλογήσῃ σε ὁ πατήρ σου πρὸ τοῦ ἀποθανεῖν αὐτόν.
925	ΓΕΝΕΣΙΣ 27:12	με ὁ	2	consecutive enclitics	ψηλαφήσῃ	πατὴρ	\vs{12}Μή ποτε ψηλαφήσῃ με ὁ πατὴρ, καὶ ἔσομαι ἐναντίον αὐτοῦ ὡς καταφρονῶν, καὶ ἐπάξω ἐπʼ ἐμαυτὸν κατάραν, καὶ οὐκ εὐλογίαν.
933	ΓΕΝΕΣΙΣ 27:19	με ἡ	2	consecutive enclitics	εὐλογήσῃ	ψυχή	\vs{19}Καὶ εἶπεν Ἰακὼβ τῷ πατρὶ, ἐγὼ Ἡσαῦ ὁ πρωτότοκός σου πεποίηκα καθὰ ἐλάλησάς μοι· ἀναστὰς κάθισον, καὶ φάγε ἀπὸ τῆς θήρας μου, ὅπως εὐλογήσῃ με ἡ ψυχή σου.
937	ΓΕΝΕΣΙΣ 27:23	ὡς αἱ	2	consecutive enclitics	αὐτοῦ	χεῖρες	\vs{23}Καὶ οὐκ ἐπέγνω αὐτὸν, ἦσαν γὰρ αἱ χεῖρες αὐτοῦ, ὡς αἱ χεῖρες Ἡσαῦ τοῦ ἀδελφοῦ αὐτοῦ, δασεῖαι· καὶ εὐλόγησεν αὐτὸν,
939	ΓΕΝΕΣΙΣ 27:25	σε ἡ	2	consecutive enclitics	εὐλογήσῃ	ψυχή	\vs{25}Καὶ εἶπε, προσάγαγέ μοι, καὶ φάγομαι ἀπὸ τῆς θήρας σου, τέκνον, ἵνα εὐλογήσῃ σε ἡ ψυχή μου· καὶ προσήνεγκεν αὐτῷ, καὶ ἔφαγε· καὶ εἰσήνεγκεν αὐτῷ οἶνον, καὶ ἔπιε.
941	ΓΕΝΕΣΙΣ 27:27	μου ὡς	2	consecutive enclitics	υἱοῦ	ὀσμὴ	\vs{27}Καὶ ἐγγίσας ἐφίλησεν αὐτόν· καὶ ὠσφράνθη τὴν ὀσμὴν τῶν ἱματίων αὐτοῦ, καὶ εὐλόγησεν αὐτὸν, καὶ εἶπεν, ἰδοὺ ὀσμὴ τοῦ υἱοῦ μου, ὡς ὀσμὴ ἀγροῦ πλήρους, ὃν εὐλόγησε Κύριος.
942	ΓΕΝΕΣΙΣ 27:28	σοι ὁ	2	consecutive enclitics	δῴη	Θεὸς	\vs{28}Καὶ δῴη σοι ὁ Θεὸς ἀπὸ τῆς δρόσου τοῦ οὐρανοῦ, καὶ ἀπὸ τῆς πιότητος τῆς γῆς, καὶ πλῆθος σίτου καὶ οἴνου.
943	ΓΕΝΕΣΙΣ 27:29	σοι οἱ	2	consecutive enclitics	προσκυνήσουσί	υἱοὶ	\vs{29}Καὶ δουλευσάτωσάν σοι ἔθνη, καὶ προσκυνησάτωσάν σοι ἄρχοντες· καὶ γίνου κύριος τοῦ ἀδελφοῦ σου, καὶ προσκυνήσουσί σοι οἱ υἱοὶ τοῦ πατρός σου· ὁ καταρώμενός σε, ἐπικατάρατος· ὁ δὲ εὐλογῶν σε, εὐλογημένος.
943	ΓΕΝΕΣΙΣ 27:29	σου ὁ	2	consecutive enclitics	πατρός	καταρώμενός	\vs{29}Καὶ δουλευσάτωσάν σοι ἔθνη, καὶ προσκυνησάτωσάν σοι ἄρχοντες· καὶ γίνου κύριος τοῦ ἀδελφοῦ σου, καὶ προσκυνήσουσί σοι οἱ υἱοὶ τοῦ πατρός σου· ὁ καταρώμενός σε, ἐπικατάρατος· ὁ δὲ εὐλογῶν σε, εὐλογημένος.
946	ΓΕΝΕΣΙΣ 27:31	με ἡ	2	consecutive enclitics	εὐλογήσῃ	ψυχή	\vs{31}Καὶ ἐποίησε καὶ αὐτὸς ἐδέσματα, καὶ προσήνεγκε τῷ πατρὶ αὐτοῦ· καὶ εἶπε τῷ πατρὶ, ἀναστήτω ὁ πατήρ μου, καὶ φαγέτω ἀπὸ τῆς θήρας τοῦ υἱοῦ αὐτοῦ, ὅπως εὐλογήσῃ με ἡ ψυχή σου.
947	ΓΕΝΕΣΙΣ 27:32	εἰμι ὁ	2	consecutive enclitics	ἐγώ	υἱός	\vs{32}Καὶ εἶπεν αὐτῷ Ἰσαὰκ ὁ πατὴρ αὐτοῦ, τίς εἶ σύ; ὁ δὲ εἶπεν, ἐγώ εἰμι ὁ υἱός σου ὁ πρωτότοκος Ἡσαῦ.
947	ΓΕΝΕΣΙΣ 27:32	σου ὁ	2	consecutive enclitics	υἱός	πρωτότοκος	\vs{32}Καὶ εἶπεν αὐτῷ Ἰσαὰκ ὁ πατὴρ αὐτοῦ, τίς εἶ σύ; ὁ δὲ εἶπεν, ἐγώ εἰμι ὁ υἱός σου ὁ πρωτότοκος Ἡσαῦ.
959	ΓΕΝΕΣΙΣ 27:43	μου εἰς	2	consecutive enclitics	ἀδελφόν	Χαῤῥάν	\vs{43}Νῦν οὖν, τέκνον, ἄκουσόν μου τῆς φωνῆς, καὶ ἀναστὰς ἀπόδραθι εἰς τὴν Μεσοποταμίαν πρὸς Λάβαν τὸν ἀδελφόν μου εἰς Χαῤῥάν.
973	ΓΕΝΕΣΙΣ 28:8	εἰσιν αἱ	2	consecutive enclitics	πονηραί	θυγατέρες	\vs{8}Ἰδὼν δὲ καὶ Ἡσαῦ ὅτι πονηραί εἰσιν αἱ θυγατέρες Χαναὰν ἐναντίον Ἰσαὰκ τοῦ πατρὸς αὐτοῦ,
979	ΓΕΝΕΣΙΣ 28:13	εἰμι ὁ	2	consecutive enclitics	ἐγώ	Θεὸς	\vs{13}Ὁ δὲ Κύριος ἐπεστήρικτο ἐπʼ αὐτῆς· καὶ εἶπεν, ἐγώ εἰμι ὁ Θεὸς Ἁβραὰμ τοῦ πατρός σου, καὶ ὁ Θεὸς Ἰσαάκ· μὴ φοβοῦ· ἡ γῆ ἐφʼ ἧς σὺ καθεύδεις ἐπʼ αὐτῆς, σοὶ δώσω αὐτὴν, καὶ τῷ σπέρματί σου.
981	ΓΕΝΕΣΙΣ 28:15	σε ἐν	2	consecutive enclitics	διαφυλάσσων	τῇ	\vs{15}Καὶ ἰδοὺ ἐγώ εἰμι μετὰ σοῦ, διαφυλάσσων σε ἐν τῇ ὁδῷ πάσῃ, οὗ ἂν πορευθῇς· καὶ ἀποστρέψω σε εἰς τὴν γῆν ταύτην· ὅτι οὐ μή σε ἐγκαταλίπω, ἕως τοῦ ποιῆσαί με πάντα ὅσα ἐλάλησά σοι.
981	ΓΕΝΕΣΙΣ 28:15	σε εἰς	2	consecutive enclitics	ἀποστρέψω	τὴν	\vs{15}Καὶ ἰδοὺ ἐγώ εἰμι μετὰ σοῦ, διαφυλάσσων σε ἐν τῇ ὁδῷ πάσῃ, οὗ ἂν πορευθῇς· καὶ ἀποστρέψω σε εἰς τὴν γῆν ταύτην· ὅτι οὐ μή σε ἐγκαταλίπω, ἕως τοῦ ποιῆσαί με πάντα ὅσα ἐλάλησά σοι.
986	ΓΕΝΕΣΙΣ 28:20	με ἐν	2	consecutive enclitics	διαφυλάξῃ	τῇ	\vs{20}Καὶ ηὔξατο Ἰακὼβ εὐχὴν, λέγων, ἐὰν ᾖ Κύριος ὁ Θεὸς μετʼ ἐμοῦ, καὶ διαφυλάξῃ με ἐν τῇ ὁδῷ ταύτῃ, ᾗ ἐγὼ πορεύομαι, καὶ δῷ μοι ἄρτον φαγεῖν, καὶ ἱμάτιον περιβαλέσθαι,
987	ΓΕΝΕΣΙΣ 28:21	μοι εἰς	2	consecutive enclitics	Κύριός	Θεόν	\vs{21}καὶ ἀποστρέψῃ με μετὰ σωτηρίας εἰς τὸν οἶκον τοῦ πατρός μου, καὶ ἔσται Κύριός μοι εἰς Θεόν.
1016	ΓΕΝΕΣΙΣ 29:25	μοι οὐ	2	consecutive enclitics	ἐποίησάς	περὶ	\vs{25}Ἐγένετο δὲ πρωῒ, καὶ ἰδοὺ ἦν Λεία· εἶπε δὲ Ἰακὼβ τῷ Λάβαν, τί τοῦτο ἐποίησάς μοι; οὐ περὶ Ῥαχὴλ ἐδούλευσα παρὰ σοι; καὶ ἱνατί παρελογίσω με;
1024	ΓΕΝΕΣΙΣ 29:32	με ὁ	2	consecutive enclitics	ἀγαπήσει	ἀνήρ	\vs{32}Καὶ συνέλαβε Λεία, καὶ ἔτεκεν υἱὸν τῷ Ἰακώβ· ἐκάλεσε δὲ τὸ ὄνομα αὐτοῦ Ῥουβὴν, λέγουσα, διότι εἶδέ μου Κύριος τὴν ταπείνωσιν, καὶ ἔδωκέ μοι υἱόν· νῦν οὖν ἀγαπήσει με ὁ ἀνήρ μου.
1035	ΓΕΝΕΣΙΣ 30:6	μοι ὁ	2	consecutive enclitics	ἔκρινέ	Θεὸς	\vs{6}Καὶ εἶπε Ῥαχὴλ, ἔκρινέ μοι ὁ Θεὸς, καὶ ἐπήκουσε τῆς φωνῆς μου, καὶ ἔδωκε μοι υἱόν· διὰ τοῦτο ἐκάλεσε τὸ ὄνομα αὐτοῦ, Δάν.
1037	ΓΕΝΕΣΙΣ 30:8	μου ὁ	2	consecutive enclitics	συναντελάβετό	Θεὸς	\vs{8}Καὶ εἶπε Ῥαχὴλ, συναντελάβετό μου ὁ Θεὸς, καὶ συνανεστράφην τῇ ἀδελφῇ μου, καὶ ἠδυνάσθην· καὶ ἐκάλεσε τὸ ὄνομα αὐτοῦ, Νεφθαλεί.
1042	ΓΕΝΕΣΙΣ 30:13	με αἱ	2	consecutive enclitics	μακαριοῦσί	γυναῖκες	\vs{13}Καὶ εἶπε Λεία, μακαρία ἐγὼ, ὅτι μακαριοῦσί με αἱ γυναῖκες· καὶ ἐκάλεσε τὸ ὄνομα αὐτοῦ, Ἀσήρ.
1047	ΓΕΝΕΣΙΣ 30:18	μοι ὁ	2	consecutive enclitics	δέδωκέ	Θεὸς	\vs{18}Καὶ εἶπε Λεία, δέδωκέ μοι ὁ Θεὸς τὸν μισθόν μου, ἀνθʼ οὗ ἔδωκα τὴν παιδίσκην μου τῷ ἀνδρί μου· καὶ ἐκάλεσε τὸ ὄνομα αὐτοῦ, Ἰσσάχαρ, ὅ ἐστι μισθός.
1047	ΓΕΝΕΣΙΣ 30:18	μου ἀνθ	2	consecutive enclitics	μισθόν	οὗ	\vs{18}Καὶ εἶπε Λεία, δέδωκέ μοι ὁ Θεὸς τὸν μισθόν μου, ἀνθʼ οὗ ἔδωκα τὴν παιδίσκην μου τῷ ἀνδρί μου· καὶ ἐκάλεσε τὸ ὄνομα αὐτοῦ, Ἰσσάχαρ, ὅ ἐστι μισθός.
1049	ΓΕΝΕΣΙΣ 30:20	με ὁ	2	consecutive enclitics	αἱρετιεῖ	ἀνήρ	\vs{20}Καὶ εἶπε Λεία, δεδώρηται ὁ Θεός μοι δῶρον καλὸν ἐν τῷ νῦν καιρῷ· αἱρετιεῖ με ὁ ἀνήρ μου, τέτοκα γὰρ αὐτῷ υἱοὺς ἕξ· καὶ ἐκάλεσε τὸ ὄνομα αὐτοῦ, Ζαβουλών.
1057	ΓΕΝΕΣΙΣ 30:27	με ὁ	2	consecutive enclitics	γάρ	Θεὸς	\vs{27}Εἶπε δὲ αὐτῷ Λάβαν, εἰ εὗρον χάριν ἐναντίον σου, οἰωνισάμην ἄν· εὐλόγησε γάρ με ὁ Θεὸς ἐπὶ τῇ σῇ εἰσόδῳ.
1059	ΓΕΝΕΣΙΣ 30:29	σου μετ	2	consecutive enclitics	κτήνη	ἐμοῦ	\vs{29}Εἶπε δὲ Ἰακὼβ, σὺ γινώσκεις ἃ δεδούλευκά σοι, καὶ ὅσα ἦν κτήνη σου μετʼ ἐμοῦ.
1063	ΓΕΝΕΣΙΣ 30:33	μοι ἡ	2	consecutive enclitics	ἐπακούσεταί	δικαιοσύνη	\vs{33}Καὶ ἐπακούσεταί μοι ἡ δικαιοσύνη μου ἐν τῇ ἡμέρᾳ τῇ ἐπαύριον, ὅτι ἐστὶν ὁ μισθός μου ἐνώπιόν σου· πᾶν ὃ ἐὰν μὴ ᾖ ῥαντὸν καὶ διάλευκον ἐν ταῖς αἰξὶ, καὶ φαιὸν ἐν τοῖς ἄρνασι, κεκλεμμένον ἔσται παρʼ ἐμοί.
1063	ΓΕΝΕΣΙΣ 30:33	μου ἐν	2	consecutive enclitics	δικαιοσύνη	τῇ	\vs{33}Καὶ ἐπακούσεταί μοι ἡ δικαιοσύνη μου ἐν τῇ ἡμέρᾳ τῇ ἐπαύριον, ὅτι ἐστὶν ὁ μισθός μου ἐνώπιόν σου· πᾶν ὃ ἐὰν μὴ ᾖ ῥαντὸν καὶ διάλευκον ἐν ταῖς αἰξὶ, καὶ φαιὸν ἐν τοῖς ἄρνασι, κεκλεμμένον ἔσται παρʼ ἐμοί.
1085	ΓΕΝΕΣΙΣ 31:10	μου ἐν	2	consecutive enclitics	ὀφθαλμοῖς	τῷ	\vs{10}Καὶ ἐγένετο ἡνίκα ἐνεκίσσων τὰ πρόβατα ἐν γαστρὶ λαμβάνοντα, καὶ εἶδον τοῖς ὀφθαλμοῖς μου ἐν τῷ ὕπνῳ· καὶ ἰδοὺ οἱ τράγοι καὶ οἱ κριοὶ ἀναβαίνοντες ἐπὶ τὰ πρόβατα καὶ τὰς αἶγας, διάλευκοι καὶ ποικίλοι καὶ σποδοειδεῖς ῥαντοί.
1086	ΓΕΝΕΣΙΣ 31:11	μοι ὁ	2	consecutive enclitics	εἶπέ	Ἄγγελος	\vs{11}Καὶ εἶπέ μοι ὁ Ἄγγελος τοῦ Θεοῦ καθʼ ὕπνον, Ἰακώβ· ἐγὼ δὲ εἶπα, τί ἐστι;
1088	ΓΕΝΕΣΙΣ 31:13	εἰμι ὁ	2	consecutive enclitics	Ἐγώ	Θεὸς	\vs{13}Ἐγώ εἰμι ὁ Θεὸς ὁ ὀφθείς σοι ἐν τόπῳ Θεοῦ, οὗ ἤλειψάς μοι ἐκεῖ στήλην, καὶ ηὔξω μοι ἐκεῖ εὐχήν· νῦν οὖν ἀνάστηθι, καὶ ἔξελθε ἐκ τῆς γῆς ταύτης, καὶ ἄπελθε εἰς τὴν γῆν τῆς γενέσεώς σου, καὶ ἔσομαι μετὰ σοῦ.
1088	ΓΕΝΕΣΙΣ 31:13	σοι ἐν	2	consecutive enclitics	ὀφθείς	τόπῳ	\vs{13}Ἐγώ εἰμι ὁ Θεὸς ὁ ὀφθείς σοι ἐν τόπῳ Θεοῦ, οὗ ἤλειψάς μοι ἐκεῖ στήλην, καὶ ηὔξω μοι ἐκεῖ εὐχήν· νῦν οὖν ἀνάστηθι, καὶ ἔξελθε ἐκ τῆς γῆς ταύτης, καὶ ἄπελθε εἰς τὴν γῆν τῆς γενέσεώς σου, καὶ ἔσομαι μετὰ σοῦ.
1101	ΓΕΝΕΣΙΣ 31:26	μου ὡς	2	consecutive enclitics	θυγατέρας	αἰχμαλώτιδας	\vs{26}Εἶπε δὲ Λάβαν τῷ Ἰακὼβ, τί ἐποίησας; ἱνατί κρυφῇ ἀπέδρας, καὶ ἐκλοποφόρησάς με, καὶ ἀπήγαγες τὰς θυγατέρας μου, ὡς αἰχμαλώτιδας μαχαίρᾳ;
1102	ΓΕΝΕΣΙΣ 31:27	σε μετ	2	consecutive enclitics	ἄν	εὐφροσύνης	\vs{27}Καὶ εἰ ἀνήγγειλάς μοι, ἐξαπέστειλα ἄν σε μετʼ εὐφροσύνης, καὶ μετὰ μουσικῶν, καὶ τυμπάνων, καὶ κιθάρας.
1104	ΓΕΝΕΣΙΣ 31:29	σε ὁ	2	consecutive enclitics	κακοποιῆσαί	δὲ	\vs{29}Καὶ νῦν ἰσχύει ἡ χείρ μου κακοποιῆσαί σε· ὁ δὲ Θεὸς τοῦ πατρός σου χθὲς εἶπε πρός με, λέγων, Φύλαξαι σεαυτὸν μή ποτε λαλήσῃς μετὰ Ἰακὼβ πονηρά.
1106	ΓΕΝΕΣΙΣ 31:31	σου ἀπ	2	consecutive enclitics	θυγατέρας	ἐμοῦ	\vs{31}Ἀποκριθεὶς δὲ Ἰακὼβ εἶπε τῷ Λάβαν, ὅτι ἐφοβήθην· εἶπα γὰρ, μή ποτε ἀφέλῃ τὰς θυγατέρας σου ἀπʼ ἐμοῦ, καὶ πάντα τὰ ἐμά.
1107	ΓΕΝΕΣΙΣ 31:32	σου οὐ	2	consecutive enclitics	θεούς	ζήσεται	\vs{32}Καὶ εἶπεν Ἰακὼβ, παρʼ ᾧ ἂν εὕρῃς τοὺς θεούς σου, οὐ ζήσεται ἐναντίον τῶν ἀδελφῶν ἡμῶν· ἐπίγνωθι τί ἐστι παρʼ ἐμοὶ τῶν σῶν, καὶ λάβε· καὶ οὐκ ἐπέγνω παρʼ αὐτῷ οὐθέν· οὐκ ᾔδει δὲ Ἰακὼβ, ὅτι Ῥαχὴλ ἡ γυνὴ αὐτοῦ ἔκλεψεν αὐτούς.
1107	ΓΕΝΕΣΙΣ 31:32	ἐστι παρ	2	consecutive enclitics	τί	ἐμοὶ	\vs{32}Καὶ εἶπεν Ἰακὼβ, παρʼ ᾧ ἂν εὕρῃς τοὺς θεούς σου, οὐ ζήσεται ἐναντίον τῶν ἀδελφῶν ἡμῶν· ἐπίγνωθι τί ἐστι παρʼ ἐμοὶ τῶν σῶν, καὶ λάβε· καὶ οὐκ ἐπέγνω παρʼ αὐτῷ οὐθέν· οὐκ ᾔδει δὲ Ἰακὼβ, ὅτι Ῥαχὴλ ἡ γυνὴ αὐτοῦ ἔκλεψεν αὐτούς.
1113	ΓΕΝΕΣΙΣ 31:38	σου οὐκ	2	consecutive enclitics	αἶγές	ἠτεκνώθησαν	\vs{38}Ταῦτά μοι εἴκοσι ἔτη ἐγώ εἰμι μετὰ σοῦ· τὰ πρόβατά σου καὶ αἱ αἶγές σου οὐκ ἠτεκνώθησαν· κριοὺς τῶν προβάτων σου οὐ κατέφαγον.
1113	ΓΕΝΕΣΙΣ 31:38	σου οὐ	2	consecutive enclitics	προβάτων	κατέφαγον	\vs{38}Ταῦτά μοι εἴκοσι ἔτη ἐγώ εἰμι μετὰ σοῦ· τὰ πρόβατά σου καὶ αἱ αἶγές σου οὐκ ἠτεκνώθησαν· κριοὺς τῶν προβάτων σου οὐ κατέφαγον.
1116	ΓΕΝΕΣΙΣ 31:41	εἰμι ἐν	2	consecutive enclitics	ἐγώ	τῇ	\vs{41}Ταῦτά μοι εἴκοσι ἔτη ἐγώ εἰμι ἐν τῇ οἰκίᾳ σου· ἐδούλευσά σοι δεκατέσσαρα ἔτη ἀντὶ τῶν δύο θυγατέρων σου, καὶ ἓξ ἔτη ἐν τοῖς προβάτοις σου, καὶ παρελογίσω τὸν μισθόν μου δέκα ἀμνάσιν.
1126	ΓΕΝΕΣΙΣ 31:50	μου εἰ	2	consecutive enclitics	θυγατέρας	λάβῃς	\vs{50}Εἰ ταπεινώσεις τὰς θυγατέρας μου, εἰ λάβῃς γυναῖκας πρὸς ταῖς θυγατράσι μου, ὅρα, οὐθεὶς μεθʼ ἡμῶν ἐστιν ὁρῶν· Θεὸς μάρτυς μεταξὺ ἐμοῦ καὶ μεταξὺ σοῦ.
1144	ΓΕΝΕΣΙΣ 32:11	σου ἐν	2	consecutive enclitics	παιδί	γὰρ	\vs{11}Ἱκανούσθω μοι ἀπὸ πάσης δικαιοσύνης, καὶ ἀπὸ πάσης ἀληθείας, ἧς ἐποίησας τῷ παιδί σου· ἐν γὰρ τῇ ῥάβδῳ μου ταύτῃ διέβην τὸν Ἰορδάνην τοῦτον· νυνὶ δὲ γέγονα εἰς δύο παρεμβολάς.
1145	ΓΕΝΕΣΙΣ 32:12	με ἐκ	2	consecutive enclitics	Ἐξελοῦ	χειρὸς	\vs{12}Ἐξελοῦ με ἐκ χειρὸς τοῦ ἀδελφοῦ μου, ἐκ χειρὸς Ἡσαῦ· ὅτι φοβοῦμαι ἐγὼ αὐτὸν, μή ποτε ἐλθὼν πατάξῃ με, καὶ μητέρα ἐπὶ τέκνοις.
1145	ΓΕΝΕΣΙΣ 32:12	μου ἐκ	2	consecutive enclitics	ἀδελφοῦ	χειρὸς	\vs{12}Ἐξελοῦ με ἐκ χειρὸς τοῦ ἀδελφοῦ μου, ἐκ χειρὸς Ἡσαῦ· ὅτι φοβοῦμαι ἐγὼ αὐτὸν, μή ποτε ἐλθὼν πατάξῃ με, καὶ μητέρα ἐπὶ τέκνοις.
1146	ΓΕΝΕΣΙΣ 32:13	σου ὡς	2	consecutive enclitics	σπέρμα	τὴν	\vs{13}Σὺ δὲ εἶπας, εὐ σε ποιήσω, καὶ θήσω τὸ σπέρμα σου ὡς τὴν ἄμμον τῆς θαλάσσης, ἣ οὐκ ἀριθμηθήσεται ὑπὸ τοῦ πλήθους.
1165	ΓΕΝΕΣΙΣ 32:31	μου ἡ	2	consecutive enclitics	ἐσώθη	ψυχή	\vs{31}Καὶ ἐκάλεσεν Ἰακὼβ τὸ ὄνομα τοῦ τόπου ἐκείνου, εἶδος Θεοῦ· εἶδον γὰρ Θεὸν πρόσωπον πρὸς πρόσωπον, καὶ ἐσώθη μου ἡ ψυχή.
1179	ΓΕΝΕΣΙΣ 33:10	σου ὡς	2	consecutive enclitics	πρόσωπόν	ἄν	\vs{10}Εἶπε δὲ Ἰακὼβ, εἰ εὕρον χάριν ἐναντίον σου, δέξαι τὰ δῶρα διὰ τῶν ἐμῶν χειρῶν· ἕνεκεν τούτου εἶδον τὸ πρόσωπόν σου, ὡς ἄν τις ἴδοι πρόσωπον Θεοῦ, καὶ εὐδοκήσεις με.
1180	ΓΕΝΕΣΙΣ 33:11	με ὁ	2	consecutive enclitics	ἠλέησέ	Θεὸς	\vs{11}Λάβε τὰς εὐλογίας μου, ἃς ἤνεγκά σοι, ὅτι ἠλέησέ με ὁ Θεὸς, καὶ ἔστι μοι πάντα· καὶ ἐβιάσατο αὐτὸν, καὶ ἔλαβε.
1183	ΓΕΝΕΣΙΣ 33:14	μου εἰς	2	consecutive enclitics	κύριόν	Σηείρ	\vs{14}Προελθέτω ὁ κύριός μου ἔμπροσθεν τοῦ παιδὸς αὐτοῦ· ἐγὼ δὲ ἐνισχύσω ἐν τῇ ὁδῷ κατὰ σχολὴν τῆς πορεύσεως τῆς ἐναντίον μου, καὶ κατὰ πόδα τῶν παιδαρίων, ἕως τοῦ ἐλθεῖν με πρὸς τὸν κύριόν μου εἰς Σηείρ.
1188	ΓΕΝΕΣΙΣ 33:18	ἐστιν ἐν	2	consecutive enclitics	ἥ	γῇ	\vs{18}Καὶ ἦλθεν Ἰακὼβ εἰς Σαλὴμ, πόλιν Σηκίμων, ἥ ἐστιν ἐν γῇ Χαναὰν, ὅτε ἐπανῆλθεν ἐκ τῆς Μεσοποταμίας Συρίας· καὶ παρενέλαβε κατὰ πρόσωπον τῆς πόλεως.
1214	ΓΕΝΕΣΙΣ 34:21	εἰσι μεθ	2	consecutive enclitics	εἰρήνικοί	ἡμῶν	\vs{21}Οἱ ἄνθρωποι οὗτοι εἰρήνικοί εἰσι, μεθʼ ἡμῶν οἰκείτωσαν επὶ τῆς γῆς, καὶ ἐμπορευέσθωσαν αὐτήν· ἡ δὲ γῆ ἰδοὺ πλατεῖα ἐναντίον αὐτῶν· τὰς θυγατέρας αὐτῶν ληψόμεθα ἡμῖν γυναῖκας, καὶ τὰς θυγατέρας ἡμῶν δώσομεν αὐτοῖς.
1224	ΓΕΝΕΣΙΣ 34:30	εἰμι ἐν	2	consecutive enclitics	ὀλιγοστός	ἀριθμῷ	\vs{30}Εἶπε δὲ Ἰακὼβ πρὸς Συμεὼν καὶ Λευὶ, μισητόν με πεποιήκατε, ὥστε πονηρόν με εἶναι πᾶσι τοῖς κατοικοῦσι τὴν γῆν, ἔν τε τοῖς Χαναναίοις, καὶ ἐν τοῖς Φερεζαίοις· ἐγὼ δὲ ὀλιγοστός εἰμι ἐν ἀριθμῷ· καὶ συναχθέντες ἐπʼ ἐμὲ συγκόψουσί με, καὶ ἐκτριβήσομαι ἐγὼ, καὶ ὁ οἶκός μου.
1228	ΓΕΝΕΣΙΣ 35:1	σοι ἐν	2	consecutive enclitics	ὀφθέντι	τῷ	Εἶπε δὲ ὁ Θεὸς πρὸς Ἰακὼβ, ἀναστὰς ἀνάβηθι εἰς τὸν τόπον Βαιθὴλ, καὶ οἴκει ἐκεῖ· καὶ ποίησον ἐκεῖ θυσιαστήριον τῷ Θεῷ τῷ ὀφθέντι σοι, ἐν τῷ ἀποδιδράσκειν σε ἀπὸ προσώπου Ἡσαῦ τοῦ ἀδελφοῦ σου.
1230	ΓΕΝΕΣΙΣ 35:3	μου ἐν	2	consecutive enclitics	ἐπακούσαντί	ἡμέρᾳ	\vs{3}Καὶ ἀναστάντες ἀναβῶμεν εἰς Βαιθὴλ, καὶ ποιήσωμεν ἐκεῖ θυσιαστήριον τῷ Θεῷ τῷ ἐπακούσαντί μου ἐν ἡμέρᾳ θλίψεως, ὃς ἦν μετʼ ἐμοῦ, καὶ διέσωσέ με ἐν τῇ ὁδῷ, ᾗ ἐπορεύθην.
1230	ΓΕΝΕΣΙΣ 35:3	με ἐν	2	consecutive enclitics	διέσωσέ	τῇ	\vs{3}Καὶ ἀναστάντες ἀναβῶμεν εἰς Βαιθὴλ, καὶ ποιήσωμεν ἐκεῖ θυσιαστήριον τῷ Θεῷ τῷ ἐπακούσαντί μου ἐν ἡμέρᾳ θλίψεως, ὃς ἦν μετʼ ἐμοῦ, καὶ διέσωσέ με ἐν τῇ ὁδῷ, ᾗ ἐπορεύθην.
1233	ΓΕΝΕΣΙΣ 35:6	ἐστιν ἐν	2	consecutive enclitics	ἥ	γῇ	\vs{6}Ἦλθε δὲ Ἰακὼβ εἰς Λουζὰ ἥ ἐστιν ἐν γῇ Χαναὰν, ἥ ἐστι Βαιθὴλ, αὐτὸς, καὶ πᾶς ὁ λαὸς, ὃς ἦν μετʼ αὐτοῦ.
1238	ΓΕΝΕΣΙΣ 35:10	σου οὐ	2	consecutive enclitics	ὄνομά	κληθήσεται	\vs{10}Καὶ εἶπεν αὐτῷ ὁ Θεὸς, τὸ ὄνομά σου οὐ κληθήσεται ἔτι Ἰακὼβ, ἀλλʼ Ἰσραὴλ ἔσται τὸ ὄνομά σου· καὶ ἐκάλεσε τὸ ὄνομα αὐτοῦ Ἰσραήλ.
1246	ΓΕΝΕΣΙΣ 35:18	μου ὁ	2	consecutive enclitics	ὀδύνης	δὲ	\vs{18}Ἐγένετο δὲ ἐν τῷ ἀφιέναι αὐτὴν τὴν ψυχὴν, ἀπέθνησκε γὰρ, ἐκάλεσε τὸ ὄνομα αὐτοῦ, υἱὸς ὀδύνης μου· ὁ δὲ πατὴρ ἐκάλεσεν τὸ ὄνομα αὐτοῦ, Βενιαμίν.
1361	ΓΕΝΕΣΙΣ 38:14	ἐστιν ἐν	2	consecutive enclitics	ἥ	παρόδῳ	\vs{14}Καὶ περιελομένη τὰ ἱμάτια τῆς χηρεύσεως ἀφʼ ἑαυτῆς, περιέβαλε τὸ θέριστρον, καὶ ἐκαλλωπίσατο, καὶ ἐκάθισε πρὸς ταῖς πύλαις Αἰνὰν, ἥ ἐστιν ἐν παρόδῳ Θαμνά· ἴδε γὰρ ὅτι μέγας γέγονε Σηλὼμ, αὐτὸς δὲ οὐκ ἔδωκεν αὐτὴν αὐτῷ γυναῖκα.
1363	ΓΕΝΕΣΙΣ 38:16	σε οὐ	2	consecutive enclitics	πρός	γὰρ	\vs{16}Ἐξέκλινε δὲ πρὸς αὐτὴν τὴν ὁδόν· καὶ εἶπεν αὐτῇ, ἔασόν με εἰσελθεῖν πρός σε· οὐ γὰρ ἔγνω, ὅτι νύμφη αὐτοῦ ἐστίν· ἡ δὲ εἶπε, τί μοι δώσεις, ἐὰν εἰσέλθῃς πρός με;
1364	ΓΕΝΕΣΙΣ 38:17	μου ἡ	2	consecutive enclitics	προβάτων	δὲ	\vs{17}Ὁ δὲ εἶπεν, ἐγώ σοι ἀποστελλῶ ἔριφον αἰγῶν ἐκ τῶν προβάτων μου· ἡ δὲ εἶπεν, ἐὰν δῷς μοι ἀῤῥαβῶνα, ἕως τοῦ ἀποστεῖλαί σε.
1368	ΓΕΝΕΣΙΣ 38:21	ἐστιν ἡ	2	consecutive enclitics	ποῦ	πόρνη	\vs{21}Ἐπηρώτησε δὲ τοὺς ἄνδρας τοὺς ἐκ τοῦ τόπου, ποῦ ἐστιν ἡ πόρνη ἡ γενομένη ἐν Αἰνὰν ἐπὶ τῆς ὁδοῦ; καὶ εἶπαν, οὐκ ἦν ἐνταῦθα πόρνη.
1369	ΓΕΝΕΣΙΣ 38:22	οἱ ἐκ	2	consecutive enclitics	ἄνθρωποι	τοῦ	\vs{22}Καὶ ἀπεστράφη πρὸς Ἰούδαν, καὶ εἶπεν, οὐχ εὗρον· καὶ οἱ ἄνθρωποι οἱ ἐκ τοῦ τόπου λέγουσι, μὴ εἶναι ὧδε πόρνην.
1387	ΓΕΝΕΣΙΣ 39:8	εἰ ὁ	2	consecutive enclitics	αὐτοῦ	κύριός	\vs{8}Ὁ δὲ οὐκ ἤθελεν· εἶπε δὲ τῇ γυναικὶ τοῦ κυρίου αὐτοῦ, εἰ ὁ κύριός μου οὐ γινώσκει διʼ ἐμὲ οὐδὲν ἐν τῷ οἴκῳ αὐτοῦ, καὶ πάντα ὅσα ἐστὶν αὐτῷ ἔδωκεν εἰς τὰς χεῖράς μου,
1387	ΓΕΝΕΣΙΣ 39:8	μου οὐ	2	consecutive enclitics	κύριός	γινώσκει	\vs{8}Ὁ δὲ οὐκ ἤθελεν· εἶπε δὲ τῇ γυναικὶ τοῦ κυρίου αὐτοῦ, εἰ ὁ κύριός μου οὐ γινώσκει διʼ ἐμὲ οὐδὲν ἐν τῷ οἴκῳ αὐτοῦ, καὶ πάντα ὅσα ἐστὶν αὐτῷ ἔδωκεν εἰς τὰς χεῖράς μου,
1396	ΓΕΝΕΣΙΣ 39:17	με ὁ	2	consecutive enclitics	πρός	παῖς	\vs{17}Καὶ ἐλάλησεν αὐτῷ κατὰ τὰ ῥήματα ταῦτα, λέγουσα, εἰσῆλθε πρός με ὁ παῖς ὁ Ἑβραῖος, ὃν εἰσήγαγες πρὸς ἡμᾶς, ἐμπαῖξαί μοι· καὶ εἶπέ μοι, κοιμηθήσομαι μετὰ σοῦ.
1398	ΓΕΝΕΣΙΣ 39:19	μοι ὁ	2	consecutive enclitics	ἐποίησέ	παῖς	\vs{19}Ἐγένετο δὲ, ὡς ἤκουσεν ὁ κύριος τὰ ῥήματα τῆς γυναικὸς αὐτοῦ, ὅσα ἐλάλησε πρὸς αὐτὸν, λέγουσα, οὕτως ἐποίησέ μοι ὁ παῖς σου, καὶ ἐθυμώθη ὀργῇ.
1419	ΓΕΝΕΣΙΣ 40:14	με ἐκ	2	consecutive enclitics	ἐξάξεις	τοῦ	\vs{14}Ἀλλὰ μνήσθητί μου διὰ σεαυτοῦ, ὅταν εὖ γενηταί σοι· καὶ ποιήσεις ἐν ἐμοὶ ἔλεος· καὶ μνησθήσῃ περὶ ἐμοῦ πρὸς Φαραὼ, καὶ ἐξάξεις με ἐκ τοῦ ὀχυρώματος τούτου.
1420	ΓΕΝΕΣΙΣ 40:15	με εἰς	2	consecutive enclitics	ἐνέβαλόν	τὸν	\vs{15}Ὅτι κλοπῇ ἐκλάπην ἐκ γῆς Ἑβραίων, καὶ ὧδε οὐκ ἐποίησα οὐδὲν, ἀλλʼ ἐνέβαλόν με εἰς τὸν λάκκον τοῦτον.
1485	ΓΕΝΕΣΙΣ 41:52	με ὁ	2	consecutive enclitics	ηὔξησέ	Θεὸς	\vs{52}Τὸ δὲ ὄνομα τοῦ δευτέρου ἐκάλεσεν, Ἐφραίμ· ὅτι ηὔξησέ με ὁ Θεὸς ἐν γῇ ταπεινώσεώς μου.
1506	ΓΕΝΕΣΙΣ 42:13	ἐσμεν οἱ	2	consecutive enclitics	δώδεκά	παῖδές	\vs{13}Οἱ δὲ εἶπαν, δώδεκά ἐσμεν οἱ παῖδές σου ἀδελφοὶ ἐν γῇ Χαναάν· καὶ ἰδοὺ ὁ νεώτερος μετὰ τοῦ πατρὸς ἡμῶν σήμερον· ὁ δὲ ἕτερος οὐχ ὑπάρχει.
1525	ΓΕΝΕΣΙΣ 42:31	ἐσμεν οὐκ	2	consecutive enclitics	εἰρήνικοί	ἐσμὲν	\vs{31}Εἴπαμεν δὲ αὐτῷ, εἰρήνικοί ἐσμεν, οὐκ ἐσμὲν κατάσκοποι.
1528	ΓΕΝΕΣΙΣ 42:34	ἐστε ἀλλ	2	consecutive enclitics	κατάσκοποί	ὅτι	\vs{34}Καὶ ἀγάγετε πρός με τὸν ἀδελφὸν ὑμῶν τὸν νεώτερον· καὶ γνώσομαι ὅτι οὐ κατάσκοποί ἐστε, ἀλλʼ ὅτι εἰρηνικοί ἐστε· καὶ τὸν ἀδελφὸν ὑμῶν ἀποδώσω ὑμῖν, καὶ τῇ γῇ ἐμπορεύσεσθε.
1532	ΓΕΝΕΣΙΣ 42:38	μου μεθ	2	consecutive enclitics	υἱός	ὑμῶν	\vs{38}Ὁ δὲ εἶπεν, οὐ καταβήσεται ὁ υἱός μου μεθʼ ὑμῶν, ὅτι ὁ ἀδελφὸς αὐτοῦ ἀπέθανε, καὶ αὐτὸς μόνος καταλέλειπται· καὶ συμβήσεται αὐτὸν μαλακισθῆναι ἐν τῇ ὁδῷ, ᾗ ἐὰν πορεύησθε, καὶ κατάξετέ μου τὸ γῆρας μετὰ λύπης εἰς ᾅδου.
1563	ΓΕΝΕΣΙΣ 43:28	σου ὁ	2	consecutive enclitics	παῖς	πατὴρ	\vs{28}Οἱ δὲ εἶπαν, ὑγιαίνει ὁ παῖς σου ὁ πατὴρ ἡμῶν, ἔτι ζῇ. Καὶ εἶπεν, εὐλογημένος ὁ ἄνθρωπος ἐκεῖνος τῷ Θεῷ· καὶ κύψαντες προσεκύνησαν αὐτῷ.
1577	ΓΕΝΕΣΙΣ 44:5	ἐστιν ἐν	2	consecutive enclitics	τοῦτό	ᾧ	\vs{5}Ἱνατί ἐκλέψατέ μου τὸ κόνδυ τὸ ἀργυροῦν; οὐ τοῦτό ἐστιν, ἐν ᾧ πίνει ὁ κύριός μου; αὐτὸς δὲ οἰωνισμῷ οἰωνίζεται ἐν αὐτῷ. πονηρὰ συντετελέκατε ἃ πεποιήκατε.
1599	ΓΕΝΕΣΙΣ 44:26	ἀλλ εἰ	2	consecutive enclitics	καταβῆναι	μὲν	\vs{26}Ἡμεῖς δὲ εἴπομεν, οὐ δυνησόμεθα καταβῆναι· ἀλλʼ εἰ μὲν ὁ ἀδελφὸς ἡμῶν ὁ νεώτερος καταβαίνει μεθʼ ἡμῶν, καταβησόμεθα· οὐ γὰρ δυνησόμεθα ἰδεῖν τὸ πρόσωπον τοῦ ἀνθρώπου, τοῦ ἀδελφοῦ ἡμῶν τοῦ νεωτέρου μὴ ὄντος μεθʼ ἡμῶν.
1600	ΓΕΝΕΣΙΣ 44:27	μοι ἡ	2	consecutive enclitics	ἔτεκέ	γυνὴ	\vs{27}Εἶπε δὲ ὁ παῖς σου πατὴρ ἡμῶν πρὸς ἡμᾶς, ὑμεῖς γινώσκετε ὅτι δύο ἔτεκέ μοι ἡ γυνὴ,
1614	ΓΕΝΕΣΙΣ 45:5	με ὁ	2	consecutive enclitics	ἀπέστειλέ	Θεὸς	\vs{5}Νῦν οὖν μὴ λυπεῖσθε, μηδὲ σκληρὸν ὑμῖν φανήτω, ὅτι ἀπέδοσθέ με ὧδε· εἰς γὰρ ζωὴν ἀπέστειλέ με ὁ Θεὸς ἔμπροσθεν ὑμῶν.
1616	ΓΕΝΕΣΙΣ 45:7	με ὁ	2	consecutive enclitics	γάρ	Θεὸς	\vs{7}Ἀπέστειλε γάρ με ὁ Θεὸς ἔμπροσθεν ὑμῶν, ὑπολείπεσθαι ὑμῶν κατάλειμμα ἐπὶ τῆς γῆς, καὶ ἐκθρέψαι ὑμῶν κατάλειψιν μεγάλην.
1617	ΓΕΝΕΣΙΣ 45:8	με ὡς	2	consecutive enclitics	ἐποίησέ	πατέρα	\vs{8}Νῦν οὖν οὐχ ὑμεῖς με ἀπεστάλκατε ὧδε, ἀλλὰ ὁ Θεός· καὶ ἐποίησέ με ὡς πατέρα Φαραὼ, καὶ κύριον παντὸς τοῦ οἴκου αὐτοῦ, καὶ ἄρχοντα πάσης γῆς Αἰγύπτου.
1618	ΓΕΝΕΣΙΣ 45:9	με ὁ	2	consecutive enclitics	ἐποίησέ	Θεὸς	\vs{9}Σπεύσαντες οὖν ἀνάβητε πρὸς τὸν πατέρα μου, καὶ εἴπατε αὐτῷ, τάδε λέγει ὁ υἱός σου Ἰωσήφ· ἐποίησέ με ὁ Θεὸς κύριον πάσης γῆς Αἰγύπτου· κατάβηθι οὖν πρός με, καὶ μὴ μείνῃς·
1643	ΓΕΝΕΣΙΣ 46:3	εἰμι ὁ	2	consecutive enclitics	ἐγώ	Θεὸς	\vs{3}Ὁ δὲ λέγει αὐτῷ, ἐγώ εἰμι ὁ Θεὸς τῶν πατέρων σου· μὴ φοβοῦ καταβῆναι εἰς Αἴγυπτον· εἰς γὰρ ἔθνος μέγα ποιήσω σε ἐκεῖ.
1644	ΓΕΝΕΣΙΣ 46:4	σε εἰς	2	consecutive enclitics	ἀναβιβάσω	τέλος	\vs{4}Καὶ ἐγὼ καταβήσομαι μετὰ σοῦ εἰς Αἴγυπτον, καὶ ἐγὼ ἀναβιβάσω σε εἰς τέλος· καὶ Ἰωσὴφ ἐπιβαλεῖ τὰς χεῖρας ἐπὶ τοὺς ὀφθαλμούς σου.
1675	ΓΕΝΕΣΙΣ 46:34	σου ἐκ	2	consecutive enclitics	παῖδές	παιδὸς	\vs{34}Ἐρεῖτε, ἄνδρες κτηνοτρόφοι ἐσμὲν οἱ παῖδές σου ἐκ παιδὸς ἕως τοῦ νῦν, καὶ ἡμεῖς, καὶ οἱ πατέρες ἡμῶν· ἵνα κατοικήσητε ἐν γῇ Γεσὲμ Ἀραβίας· βδέλυγμα γάρ ἐστιν Αἰγυπτίοις πᾶς ποιμὴν προβάτων.
1678	ΓΕΝΕΣΙΣ 47:1	εἰσιν ἐν	2	consecutive enclitics	ἰδού	γῇ	Ἐλθῶν δὲ Ἰωσὴφ ἀπήγγειλε τῷ Φαραῶ, λέγων, ὁ πατὴρ μου, καὶ οἱ ἀδελφοί μου, καὶ τὰ κτήνη, καὶ οἱ βόες αὐτῶν, καὶ πάντα τὰ αὐτῶν, ἦλθον ἐκ γῆς Χαναάν· καὶ ἰδού εἰσιν ἐν γῇ Γεσέμ.
1686	ΓΕΝΕΣΙΣ 47:9	μου οὐκ	2	consecutive enclitics	ζωῆς	ἀφίκοντο	\vs{9}Καὶ εἶπεν Ἰακὼβ τῷ Φαραῷ, αἱ ἡμέραι τῶν ἐτῶν τῆς ζωῆς μου, ἃς παροικῶ, ἑκατὸν τριάκοντα ἔτη· μικραὶ καὶ πονηραὶ γεγόνασιν αἱ ἡμέραι τῶν ἐτῶν τῆς ζωῆς μου· οὐκ ἀφίκοντο εἰς τὰς ἡμέρας τῶν ἐτῶν τῆς ζῶης τῶν πατέρων μου, ἃς ἡμέρας παρῴκησαν.
1710	ΓΕΝΕΣΙΣ 47:30	με ἐξ	2	consecutive enclitics	ἀρεῖς	Αἰγύπτου	\vs{30}Ἀλλὰ κοιμηθήσομαι μετὰ τῶν πατέρων μου· καὶ ἀρεῖς με ἐξ Αἰγύπτου, καὶ θάψεις με ἐν τῷ τάφῳ αὐτῶν· ὁ δὲ εἶπεν, ἐγὼ ποιήσω κατὰ τὸ ῥῆμά σου.
1710	ΓΕΝΕΣΙΣ 47:30	με ἐν	2	consecutive enclitics	θάψεις	τῷ	\vs{30}Ἀλλὰ κοιμηθήσομαι μετὰ τῶν πατέρων μου· καὶ ἀρεῖς με ἐξ Αἰγύπτου, καὶ θάψεις με ἐν τῷ τάφῳ αὐτῶν· ὁ δὲ εἶπεν, ἐγὼ ποιήσω κατὰ τὸ ῥῆμά σου.
1716	ΓΕΝΕΣΙΣ 48:3	μοι ἐν	2	consecutive enclitics	ὤφθη	Λουζᾷ	\vs{3}Καὶ εἶπεν Ἰακὼβ τῷ Ἰωσὴφ, ὁ Θεός μου ὤφθη μοι ἐν Λουζᾷ ἐν γῇ Χαναὰν, καὶ εὐλόγησέ με,
1717	ΓΕΝΕΣΙΣ 48:4	σε εἰς	2	consecutive enclitics	ποιήσω	συναγωγὰς	\vs{4}καὶ εἶπέ μοι, ἰδοὺ ἐγὼ αὐξανῶ σε, καὶ πληθυνῶ σε, καὶ ποιήσω σε εἰς συναγωγὰς ἐθνῶν· καὶ δώσω σοι τὴν γῆν ταύτην, καὶ τῷ σπέρματί σου μετὰ σὲ, εἰς κατάσχεσιν αἰώνιον.
1718	ΓΕΝΕΣΙΣ 48:5	σου οἱ	2	consecutive enclitics	υἱοί	γενόμενοί	\vs{5}Νῦν οὖν οἱ δύο υἱοί σου, οἱ γενόμενοί σοι ἐν γῇ Αἰγύπτῳ πρὸ τοῦ με ἐλθεῖν πρός σε εἰς Αἴγυπτον, ἐμοί εἰσιν, Ἐφραὶμ καὶ Μανασσῆ· ὡς Ῥουβὴν καὶ Συμεὼν ἔσονταί μοι.
1718	ΓΕΝΕΣΙΣ 48:5	σοι ἐν	2	consecutive enclitics	γενόμενοί	γῇ	\vs{5}Νῦν οὖν οἱ δύο υἱοί σου, οἱ γενόμενοί σοι ἐν γῇ Αἰγύπτῳ πρὸ τοῦ με ἐλθεῖν πρός σε εἰς Αἴγυπτον, ἐμοί εἰσιν, Ἐφραὶμ καὶ Μανασσῆ· ὡς Ῥουβὴν καὶ Συμεὼν ἔσονταί μοι.
1718	ΓΕΝΕΣΙΣ 48:5	σε εἰς	2	consecutive enclitics	πρός	Αἴγυπτον	\vs{5}Νῦν οὖν οἱ δύο υἱοί σου, οἱ γενόμενοί σοι ἐν γῇ Αἰγύπτῳ πρὸ τοῦ με ἐλθεῖν πρός σε εἰς Αἴγυπτον, ἐμοί εἰσιν, Ἐφραὶμ καὶ Μανασσῆ· ὡς Ῥουβὴν καὶ Συμεὼν ἔσονταί μοι.
1720	ΓΕΝΕΣΙΣ 48:7	σου ἐν	2	consecutive enclitics	μήτηρ	γῇ	\vs{7}Ἐγὼ δὲ ἡνίκα ἠρχόμην ἐκ Μεσοποταμίας τῆς Συρίας, ἀπέθανε Ῥαχὴλ ἡ μήτηρ σου ἐν γῇ Χαναὰν, ἐγγίζοντός μου κατὰ τὸν ἱππόδρομον Χαβραθὰ τῆς γῆς, τοῦ ἐλθεῖν Ἐφραθά· καὶ κατώρυξα αὐτὴν ἐν τῇ ὁδῷ τοῦ ἱπποδρόμου· αὕτη ἐστὶ Βηθλεέμ.
1723	ΓΕΝΕΣΙΣ 48:9	μοι ὁ	2	consecutive enclitics	ἔδωκε	Θεὸς	\vs{9}Εἶπε δὲ Ἰωσὴφ τῷ πατρὶ αὐτοῦ, υἱοί μου εἰσὶν, οὓς ἔδωκε μοι ὁ Θεὸς ἐνταῦθα. Καὶ εἶπεν Ἰακὼβ, προσάγαγέ μοι αὐτοὺς, ἵνα εὐλογήσω αὐτούς.
1725	ΓΕΝΕΣΙΣ 48:11	σου οὐκ	2	consecutive enclitics	προσώπου	ἐστερήθην	\vs{11}Καὶ εἶπεν Ἰσραὴλ πρὸς Ἰωσὴφ, ἰδοὺ τοῦ προσώπου σου οὐκ ἐστερήθην, καὶ ἰδοὺ ἔδειξέ μοι ὁ Θεὸς καὶ τὸ σπέρμα σου.
1725	ΓΕΝΕΣΙΣ 48:11	μοι ὁ	2	consecutive enclitics	ἔδειξέ	Θεὸς	\vs{11}Καὶ εἶπεν Ἰσραὴλ πρὸς Ἰωσὴφ, ἰδοὺ τοῦ προσώπου σου οὐκ ἐστερήθην, καὶ ἰδοὺ ἔδειξέ μοι ὁ Θεὸς καὶ τὸ σπέρμα σου.
1730	ΓΕΝΕΣΙΣ 48:15	με ἐκ	2	consecutive enclitics	τρέφων	νεότητος	\vs{15}Καὶ εὐλόγησεν αὐτοὺς, καὶ εἶπεν, ὁ Θεὸς, ᾧ εὐηρέστησαν οἱ πατέρες μου ἐνώπιον αὐτοῦ, Ἁβραὰμ καὶ Ἰσαὰκ, ὁ Θεὸς ὁ τρέφων με ἐκ νεότητος ἕως τῆς ἡμέρας ταύτης,
1731	ΓΕΝΕΣΙΣ 48:16	με ἐκ	2	consecutive enclitics	ῥυόμενός	πάντων	\vs{16}ὁ Ἄγγελος ὁ ῥυόμενός με ἐκ πάντων τῶν κακῶν, εὐλογήσαι τὰ παιδία ταῦτα· καὶ ἐπικληθήσεται ἐν αὐτοις τὸ ὄνομά μου, καὶ τὸ ὄνομα τῶν πατέρων μου Ἁβραὰμ καὶ Ἰσαάκ· καὶ πληθυνθείησαν εἰς πλῆθος πολὺ ἐπὶ τῆς γῆς.
1734	ΓΕΝΕΣΙΣ 48:19	ἀλλ ὁ	2	consecutive enclitics	ὑψωθήσεται	ἀδελφὸς	\vs{19}Καὶ οὐκ ἠθέλησεν, ἀλλʼ εἶπεν, οἶδα, τέκνον, οἶδα· καὶ οὗτος ἔσται εἰς λαὸν, καὶ οὗτος ὑψωθήσεται· ἀλλʼ ὁ ἀδελφὸς αὐτοῦ ὁ νεώτερος μείζον αὐτοῦ ἔσται, καὶ τὸ σπέρμα αὐτοῦ ἔσται εἰς πλῆθος ἐθνῶν.
1735	ΓΕΝΕΣΙΣ 48:20	σε ὁ	2	consecutive enclitics	ποιήσαι	Θεὸς	\vs{20}Καὶ εὐλόγησεν αὐτοὺς ἐν τῇ ἡμέρᾳ ἐκείνῃ, λέγων, ἐν ὑμῖν εὐλογηθήσεται Ἰσραὴλ, λέγοντες, ποιήσαι σε ὁ Θεὸς ὡς Ἐφραὶμ καὶ ὡς Μανασσῆ· καὶ ἔθηκε τὸν Ἐφραὶμ ἔμπροσθεν τοῦ Μανασσῆ.
1747	ΓΕΝΕΣΙΣ 49:8	σου αἱ	2	consecutive enclitics	ἀδελφοί	χεῖρές	\vs{8}Ἰούδα, σὲ αἰνέσαισαν οἱ ἀδελφοί σου· αἱ χεῖρές σου ἐπὶ νώτου τῶν ἐχθρῶν σου· προσκυνήσουσί σοι οἱ υἱοὶ τοῦ πατρός σου.
1747	ΓΕΝΕΣΙΣ 49:8	σοι οἱ	2	consecutive enclitics	προσκυνήσουσί	υἱοὶ	\vs{8}Ἰούδα, σὲ αἰνέσαισαν οἱ ἀδελφοί σου· αἱ χεῖρές σου ἐπὶ νώτου τῶν ἐχθρῶν σου· προσκυνήσουσί σοι οἱ υἱοὶ τοῦ πατρός σου.
1764	ΓΕΝΕΣΙΣ 49:25	σοι ὁ	2	consecutive enclitics	ἐβοήθησέ	Θεὸς	\vs{25}Καὶ ἐβοήθησέ σοι ὁ Θεὸς ὁ ἐμὸς, καὶ εὐλόγησέ σε εὐλογίαν οὐρανοῦ ἄνωθεν, καὶ εὐλογίαν γῆς ἐχούσης πάντα, εἵνεκεν εὐλογίας μαστῶν καὶ μήτρας,
1768	ΓΕΝΕΣΙΣ 49:29	μου ἐν	2	consecutive enclitics	πατέρων	τῷ	\vs{29}Καὶ εἶπεν αὐτοῖς, ἐγὼ προστίθεμαι πρὸς τὸν ἐμὸν λαόν· θάψατέ με μετὰ τῶν πατέρων μου ἐν τῷ σπηλαίῳ, ὅ ἐστιν ἐν τῷ ἀγρῷ Ἐφρὼν τοῦ Χετταίου,
1768	ΓΕΝΕΣΙΣ 49:29	ἐστιν ἐν	2	consecutive enclitics	ὅ	τῷ	\vs{29}Καὶ εἶπεν αὐτοῖς, ἐγὼ προστίθεμαι πρὸς τὸν ἐμὸν λαόν· θάψατέ με μετὰ τῶν πατέρων μου ἐν τῷ σπηλαίῳ, ὅ ἐστιν ἐν τῷ ἀγρῷ Ἐφρὼν τοῦ Χετταίου,
1827	ΕΞΟΔΟΣ 1:19	οὐχ ὡς	2	consecutive enclitics	Φαραῷ	γυναῖκες	\vs{19}Εἶπαν δὲ αἱ μαῖαι τῷ Φαραῷ, οὐχ ὡς γυναῖκες Αἰγύπτου αἱ Ἐβραῖαι· τίκτουσι γὰρ πρὶν ἢ εἰσελθεῖν πρὸς αὐτὰς τὰς μαίας· καὶ ἔτικτον.
1833	ΕΞΟΔΟΣ 2:1	τις ἐκ	2	consecutive enclitics	δέ	τῆς	Ἦν δέ τις ἐκ τῆς φυλῆς Λευὶ, ὃς ἔλαβεν τῶν θυγατέρων Λευί.
1856	ΕΞΟΔΟΣ 2:22	εἰμι ἐν	2	consecutive enclitics	παροικός	γῇ	\vs{22}Ἐν γαστρὶ δὲ λαβοῦσα ἡ γυνὴ ἔτεκεν υἱόν· καὶ ἐπωνόμασε Μωυσῆς τὸ ὄνομα αὐτοῦ Γηρσάμ, λέγων, ὅτι παροικός εἰμι ἐν γῇ ἀλλοτρίᾳ.
1866	ΕΞΟΔΟΣ 3:5	σου ὁ	2	consecutive enclitics	ποδῶν	γὰρ	\vs{5}Ὁ δὲ εἶπε, μὴ ἐγγίσῃς ὧδε· λύσαι τὸ ὑπόδημα ἐκ τῶν ποδῶν σου, ὁ γὰρ τόπος. ἐν ᾧ σὺ ἕστηκας, γῆ ἁγία ἐστί.
1867	ΕΞΟΔΟΣ 3:6	εἰμι ὁ	2	consecutive enclitics	ἐγώ	Θεὸς	\vs{6}Καὶ εἶπεν, ἐγώ εἰμι ὁ Θεὸς τοῦ πατρός σου, Θεὸς Ἁβραὰμ, καὶ Θεὸς Ἰσαὰκ, καὶ Θεὸς Ἰακώβ· ἀπέστρεψε δὲ Μωυσῆς τὸ πρόσωπον αὐτοῦ, εὐλαβεῖτο γὰρ κατεμβλέψαι ἐνώπιον τοῦ Θεοῦ.
1874	ΕΞΟΔΟΣ 3:12	μου ἐξ	2	consecutive enclitics	λαόν	Αἰγύπτου	\vs{12}Εἶπε δὲ ὁ Θεὸς Μωυσῇ, λέγων, ὅτι ἔσομαι μετὰ σοῦ· καὶ τοῦτό σοι τὸ σημεῖον ὅτι ἐγώ σε ἐξαποστελῶ, ἐν τῷ ἐξαγαγεῖν σε τὸν λαόν μου ἐξ Αἰγύπτου, καὶ λατρεύσετε τῷ Θεῷ ἐν τῷ ὄρει τοῦτῳ.
1876	ΕΞΟΔΟΣ 3:14	εἰμι ὁ	2	consecutive enclitics	ἐγώ	Ὤν	\vs{14}Καὶ εἶπεν ὁ Θεὸς πρὸς Μωυσῆν, λέγων, ἐγώ εἰμι ὁ Ὤν· καὶ εἶπεν, οὕτως ἐρεῖς τοῖς υἱοῖς Ἰσραὴλ, ὁ Ὢν ἀπέσταλκέ με πρὸς ὑμᾶς.
1887	ΕΞΟΔΟΣ 4:1	σοι ὁ	2	consecutive enclitics	ὦπταί	Θεὸς	Ἀπεκρίθη δὲ Μωυσῆς, καὶ εἶπεν, ἐὰν μὴ πιστεύσωσί μοι, μηδὲ εἰσακούσωσι τῆς φωνῆς μου, ἐροῦσι γὰρ, ὅτι οὐκ ὦπταί σοι ὁ Θεὸς, τί ἐρῶ πρὸς αὐτούς;
1888	ΕΞΟΔΟΣ 4:2	σου ὁ	2	consecutive enclitics	χειρί	δὲ	\vs{2}Εἶπε δὲ αὐτῳ Κύριος, τί τοῦτό ἐστι τὸ ἐν τῇ χειρί σου; ὁ δὲ εἶπε, ῥάβδος.
1891	ΕΞΟΔΟΣ 4:5	σοι ὁ	2	consecutive enclitics	ὦπταί	Θεὸς	\vs{5}Ἵνα πιστεύσωσί σοι, ὅτι ὦπταί σοι ὁ Θεὸς τῶν πατέρων αὐτῶν, Θεὸς Ἀβραὰμ, καὶ Θεὸς Ἰσαὰκ, καὶ Θεὸς Ἰακώβ.
1892	ΕΞΟΔΟΣ 4:6	σου εἰς	2	consecutive enclitics	χεῖρά	τὸν	\vs{6}Εἶπε δὲ αὐτῷ Κύριος πάλιν, εἰσένεγκον τὴν χεῖρά σου εἰς τὸν κόλπον σου· καὶ εἰσήνεγκε τὴν χεῖρα αὐτοῦ εἰς τὸν κόλπον αὐτοῦ· καὶ ἐξήνεγκεν τὴν χεῖρα αὐτοῦ ἐκ τοῦ κόλπου αὐτοῦ, καὶ ἐγενήθη ἡ χεὶρ αὐτοῦ ὡσεὶ χιών.
1893	ΕΞΟΔΟΣ 4:7	σου εἰς	2	consecutive enclitics	χεῖρά	τὸν	\vs{7}Καὶ εἶπεν πάλιν, εἰσένεγκον τὴν χεῖρά σου εἰς τὸν κόλπον σου· καὶ εἰσήνεγκε τὴν χεῖρα εἰς τὸν κόλπον αὐτοῦ· καὶ ἐξήνεγκεν αὐτὴν ἐκ τοῦ κόλπου αὐτοῦ, καὶ πάλιν ἀπεκατέστη εἰς τὴν χρόαν τῆς σαρκὸς αὐτῆς.
1900	ΕΞΟΔΟΣ 4:14	σου ὁ	2	consecutive enclitics	ἄδελφός	Λευίτης	\vs{14}Καὶ θυμωθεὶς ὀργῇ Κύριος ἐπὶ Μωυσῆν, εἶπεν, οὐκ ἰδοὺ Ἀαρὼν ὁ ἄδελφός σου ὁ Λευίτης; ἐπίσταμαι ὅτι λαλῶν λαλήσει αὐτός σοι· καὶ ἰδοὺ αὐτὸς ἐξελεύσεται εἰς συνάντησίν σοι, καὶ ἰδών σε χαρήσεται ἐν ἑαυτῷ.
1901	ΕΞΟΔΟΣ 4:15	μου εἰς	2	consecutive enclitics	ῥήματά	τὸ	\vs{15}Καὶ ἐρεῖς πρὸς αὐτὸν, καὶ δώσεις τὰ ῥήματά μου εἰς τὸ στόμα αὐτοῦ, καὶ ἐγὼ ἀνοίξω τὸ στόμα σου καὶ τὸ στόμα αὐτοῦ, καί συμβιβάσω ὑμᾶς ἃ ποιήσετε.
1903	ΕΞΟΔΟΣ 4:17	σου ἐν	2	consecutive enclitics	χειρί	ᾗ	\vs{17}Καὶ τὴν ῥάβδον ταύτην, τὴν στραφεῖσαν εἰς ὄφιν, λήψῃ ἐν τῇ χειρί σου, ἐν ᾗ ποιήσεις ἐν αὐτῇ τὰ σημεῖα.
1962	ΕΞΟΔΟΣ 6:15	ὁ ἐκ	2	consecutive enclitics	Σαοὺλ	τῆς	\vs{15}Καὶ υἱοὶ Συμεών· Ἰεμουὴλ, καὶ Ἰαμεὶμ, καὶ Ἀὼδ, καὶ Ἰαχεὶν, καὶ Σαὰρ, καὶ Σαοὺλ ὁ ἐκ τῆς Φοινίσσης· αὗται αἱ πατριαὶ τῶν υἱῶν Συμεών.
1974	ΕΞΟΔΟΣ 6:27	εἰσιν οἱ	2	consecutive enclitics	Οὗτοί	διαλεγόμενοι	\vs{27}Οὗτοί εἰσιν οἱ διαλεγόμενοι πρὸς Φαραὼ βασιλέα Αἰγύπτου· καὶ ἐξήγαγον τοὺς υἱοὺς Ἰσραὴλ ἐκ γῆς Αἰγύπτου αὐτὸς Ἀαρὼν καὶ Μωυσὴς,
1983	ΕΞΟΔΟΣ 7:4	μου ἐπ	2	consecutive enclitics	χεῖρά	Αἴγυπτον	\vs{4}Καὶ οὐκ εἰσακούσεται ὑμῶν Φαραώ· καὶ ἐπιβαλῶ τὴν χεῖρά μου ἐπʼ Αἴγυπτον, καὶ ἐξάξω σὺν δυνάμει μου τὸν λαόν μου τοὺς υἱοὺς Ἰσραὴλ ἐκ γῆς Αἰγύπτου σὺν ἐκδικήσει μεγάλῃ.
1984	ΕΞΟΔΟΣ 7:5	μου ἐπ	2	consecutive enclitics	χεῖρά	Αἴγυπτον	\vs{5}Καὶ γνώσονται πάντες οἱ Αἰγύπτιοι ὅτι ἐγώ εἰμι Κύριος, ἐκτείνων τὴν χεῖρά μου ἐπʼ Αἴγυπτον, καὶ ἐξάξω τοὺς υἱοὺς Ἰσραὴλ ἐκ μέσου αὐτῶν.
1998	ΕΞΟΔΟΣ 7:18	οἱ ἐν	2	consecutive enclitics	ἰχθύες	τῷ	\vs{18}Καὶ οἱ ἰχθύες οἱ ἐν τῷ ποταμῷ τελευτήσουσι· καὶ ἐποζέσει ὁ ποταμὸς, καὶ οὐ δυνήσονται οἱ Αἰγύπτιοι πιεῖν ὕδωρ ἀπὸ τοῦ ποταμοῦ.
1999	ΕΞΟΔΟΣ 7:19	σου ἐν	2	consecutive enclitics	ῥάβδον	τῇ	\vs{19}Εἶπε δὲ Κύριος πρὸς Μωυσῆν, εἶπον Ἀαρὼν τῷ ἀδελφῷ σου, λάβε τὴν ῥάβδον σου ἐν τῇ χειρί σου, καὶ ἔκτεινον τὴν χεῖρά σου ἐπὶ τὰ ὕδατα Αἰγύπτου, καὶ ἐπὶ τοὺς ποταμοὺς αὐτῶν, καὶ ἐπὶ τὰς διώρυγας αὐτῶν, καὶ ἐπὶ τὰ ἕλη αὐτῶν, καὶ ἐπὶ πᾶν συνεστηκὸς ὕδωρ αὐτῶν, καὶ ἔσται αἷμα· καὶ ἐγένετο αἷμα ἐν πάσῃ γῇ Αἰγύπτου, ἔν τε τοῖς ξύλοις καὶ ἐν τοῖς λίθοις.
2001	ΕΞΟΔΟΣ 7:21	οἱ ἐν	2	consecutive enclitics	ἰχθύες	τῷ	\vs{21}Καὶ οἱ ἰχθύες οἱ ἐν τῷ ποταμῷ ἐτελεύτησαν· καὶ ἐπώζεσεν ὁ ποταμὸς, καὶ οὐκ ἠδύναντο οἱ Αἰγύπτιοι πιεῖν ὕδωρ ἐκ τοῦ ποταμοῦ· καὶ ἦν τὸ αἷμα ἐν πάσῃ γῇ Αἰγύπτου.
2028	ΕΞΟΔΟΣ 8:17	εἰσιν ἐπ	2	consecutive enclitics	ἧς	αὐτῆς	\vs{17}Ἐὰν δὲ μὴ βούλει ἐξαποστεῖλαι τὸν λαόν μου, ἰδοὺ ἐγὼ ἐξαποστέλλω ἐπὶ σὲ, καὶ ἐπὶ τοὺς θεράποντάς σου, καὶ ἐπὶ τὸν λαόν σου, καὶ ἐπὶ τοὺς οἴκους ὑμῶν, κυνόμυιαν· καὶ πλησθήσονται αἱ οἰκίαι τῶν Αἰγυπτίων τῆς κυνομυίης, καὶ εἰς τὴν γῆν ἐφʼ ἧς εἰσιν ἐπʼ αὐτῆς.
2036	ΕΞΟΔΟΣ 8:24	ἀλλ οὐ	2	consecutive enclitics	ἐρήμῳ	μακρὰν	\vs{24}Καὶ εἶπε Φαραὼ, ἐγὼ ἀποστέλλω ὑμᾶς, καὶ θύσατε τῷ Θεῷ ὑμῶν ἐν τῇ ἐρήμῳ· ἀλλʼ οὐ μακρὰν ἀποτενεῖτε πορευθῆναι· εὔξασθε οὖν περὶ ἐμοῦ πρὸς Κύριον.
2056	ΕΞΟΔΟΣ 9:14	μου εἰς	2	consecutive enclitics	συναντήματά	τὴν	\vs{14}Ἐν τῷ γὰρ νῦν καιρῷ ἐγὼ ἐξαποστέλλω πάντα τὰ συναντήματά μου εἰς τὴν καρδίαν σου, καὶ τῶν θεραπόντων σου, καὶ τοῦ λαοῦ σου, ἵνα εἴδῃς ὅτι οὐκ ἔστιν, ὡς ἐγὼ, ἄλλος ἐν πάσῃ τῇ γῇ.
2058	ΕΞΟΔΟΣ 9:16	μου ἐν	2	consecutive enclitics	ὄνομά	πάσῃ	\vs{16}Καὶ ἕνεκεν τούτου διετηρήθης, ἵνα ἐνδείξωμαι ἐν σοὶ τὴν ἰσχύν μου, καὶ ὅπως διαγγελῇ τὸ ὄνομά μου ἐν πάσῃ τῇ γῇ.
2061	ΕΞΟΔΟΣ 9:19	ἐστιν ἐν	2	consecutive enclitics	σοί	τῷ	\vs{19}Νῦν οὖν κατάσπευσον συναγαγεῖν τὰ κτήνη σου, καὶ ὅσα σοι ἐστὶν ἐν τῷ πεδίῳ· πάντες γὰρ οἱ ἄνθρωποι, καὶ τὰ κτήνη, ὅσα σοί ἐστιν ἐν τῷ πεδίῳ· πάντες γὰρ οἱ ἄνθρωποι, καὶ τὰ κτήνη, ὅσα ἐὰν εὑρεθῇ ἐν τοῖς πεδίοις, καὶ μὴ εἰσέλθῃ εἰς οἰκίαν, πεσῇ δὲ ἐπʼ αὐτὰ ἡ χάλαζα, τελευτήσει.
2065	ΕΞΟΔΟΣ 9:22	σου εἰς	2	consecutive enclitics	χεῖρά	τὸν	\vs{22}Εἶπε δὲ Κύριος πρὸς Μωυσῆν, ἔκτεινον τὴν χεῖρά σου εἰς τὸν οὐρανὸν, καὶ ἔσται χάλαζα ἐπὶ πᾶσαν γῆν Αἰγύπτου, ἐπί τε τοὺς ἀνθρώπους, καὶ τὰ κτήνη, καὶ ἐπὶ πᾶσαν βοτάνην τὴν ἐπὶ τῆς γῆς.
2086	ΕΞΟΔΟΣ 10:6	σου αἱ	2	consecutive enclitics	πλησθήσονταί	οἰκίαι	\vs{6}Καὶ πλησθήσονταί σου αἱ οἰκίαι, καὶ αἱ οἰκίαι τῶν θεραπόντων σου, καὶ πᾶσαι αἱ οἰκίαι ἐν πάσῃ γῇ τῶν Αἰγυπτίων· ἃ οὐδέποτε ἑωράκασιν οἱ πατέρες σου, οὐδʼ οἱ πρόπαπποι αὐτῶν, ἀφʼ ἧς ἡμέρας γεγόνασιν ἐπὶ τῆς γῆς, ἔως τῆς ἡμέρας ταύτης· καὶ ἐκκλίνας Μωυσῆς ἐξῆλθεν ἀπὸ Φαραώ.
2088	ΕΞΟΔΟΣ 10:8	εἰσιν οἱ	2	consecutive enclitics	τίνες	πορευόμενοι	\vs{8}Καὶ ἀπέστρεψαν τόν τε Μωυσῆν καὶ Ἀαρὼν πρὸς Φαραὼ, καὶ εἶπεν αὐτοῖς, πορεύεσθε καὶ λατρεύσατε Κυρίῳ τῷ Θεῷ ὑμῶν· τίνες δὲ καὶ τίνες εἰσιν οἱ πορευόμενοι;
2102	ΕΞΟΔΟΣ 10:21	σου εἰς	2	consecutive enclitics	χεῖρά	τὸν	\vs{21}Εἶπε δὲ Κύριος πρὸς Μωυσῆν, ἔκτεινον τὴν χεῖρά σου εἰς τὸν οὐρανὸν, καὶ γενηθήτω σκότος ἐπὶ γῆς Αἰγύπτου, ψηλαφητὸν σκότος.
2110	ΕΞΟΔΟΣ 10:29	σοι εἰς	2	consecutive enclitics	ὀφθήσομαί	πρόσωπον	\vs{29}Λέγει δὲ Μωυσῆς, εἴρηκας· οὐκ ἔτι ὀφθήσομαί σοι εἰς πρόσωπον.
2186	ΕΞΟΔΟΣ 13:5	σου εἰς	2	consecutive enclitics	Θεός	τὴν	\vs{5}Καὶ ἔσται ἡνίκα ἐὰν εἰσαγάγῃ σε Κύριος ὁ Θεός σου εἰς τὴν γῆν τῶν Χαναναίων, καὶ Χετταίων, καὶ Ἀμοῤῥαίων, καὶ Εὐαίων, καὶ Ἰεβουσαίων, καὶ Γεργεσαίων, καὶ Φερεζαίων, ἣν ὤμοσε τοῖς πατράσι σου, δοῦναί σοι γῆν ῥέουσαν γάλα καὶ μέλι· καὶ ποιήσεις τὴν λατρείαν ταύτην ἐν τῷ μηνὶ τούτῳ.
2189	ΕΞΟΔΟΣ 13:8	σου ἐν	2	consecutive enclitics	υἱῷ	τῇ	\vs{8}Καὶ ἀναγγελεῖς τῷ υἱῷ σου ἐν τῇ ἡμέρᾳ ἐκείνῃ, λέγων, διὰ τοῦτο ἐποίησε Κύριος ὁ Θεός μοι, ὡς ἐξεπορευόμην ἐξ Αἰγύπτου.
2189	ΕΞΟΔΟΣ 13:8	μοι ὡς	2	consecutive enclitics	Θεός	ἐξεπορευόμην	\vs{8}Καὶ ἀναγγελεῖς τῷ υἱῷ σου ἐν τῇ ἡμέρᾳ ἐκείνῃ, λέγων, διὰ τοῦτο ἐποίησε Κύριος ὁ Θεός μοι, ὡς ἐξεπορευόμην ἐξ Αἰγύπτου.
2190	ΕΞΟΔΟΣ 13:9	σου ἐν	2	consecutive enclitics	στόματί	γὰρ	\vs{9}Καὶ ἔσται σοι σημεῖον ἐπὶ τῆς χειρός σου, καὶ μνημόσυνον πρὸ ὀφθαλμῶν σου, ὅπως ἂν γένηται ὁ νόμος Κυρίου ἐν τῷ στόματί σου· ἐν γὰρ χειρὶ κραταιᾷ ἐξήγαγέ σε Κύριος ὁ Θεὸς ἐξ Αἰγύπτου.
2193	ΕΞΟΔΟΣ 13:11	σου εἰς	2	consecutive enclitics	Θεός	τὴν	\vs{11}Καὶ ἔσται ὡς ἂν εἰσαγάγῃ σε Κύριος ὁ Θεός σου εἰς τὴν γῆν τῶν Χαναναίων, ὃν τρόπον ὤμοσε τοῖς πατράσι σου, καὶ δώσει σοι αὐτήν.
2196	ΕΞΟΔΟΣ 13:14	σε ὁ	2	consecutive enclitics	ἐρωτήσῃ	υἱός	\vs{14}Ἐὰν δὲ ἐρωτήσῃ σε ὁ υἱός σου μετὰ ταῦτα, λέγων, τί τοῦτο; καὶ ἐρεῖς αὐτῷ, ὅτι ἐν χειρὶ κραταιᾷ ἐξήγαγεν Κύριος ἡμᾶς ἐκ γῆς Αἰγύπτου, ἐξ οἴκου δουλείας.
2227	ΕΞΟΔΟΣ 14:18	μου ἐν	2	consecutive enclitics	ἐνδοξαζομένου	Φαραῷ	\vs{18}Καὶ γνώσονται πάντες οἱ Αἰγύπτιοι ὅτι ἐγώ εἰμὶ Κύριος, ἐνδοξαζομένου μου ἐν Φαραῷ, καὶ ἐν τοῖς ἅρμασι, καὶ ἵπποις αὐτοῦ.
2245	ΕΞΟΔΟΣ 15:2	μοι εἰς	2	consecutive enclitics	ἐγένετό	σωτηρίαν	\vs{2}Βοηθὸς καὶ σκεπαστὴς ἐγένετό μοι εἰς σωτηρίαν· οὗτός μου Θεὸς, καὶ δοξάσω αὐτόν· Θεὸς τοῦ πατρός μου, καὶ ὑψώσω αὐτόν.
2254	ΕΞΟΔΟΣ 15:11	σοι ἐν	2	consecutive enclitics	ὅμοιός	θεοῖς	\vs{11}Τίς ὅμοιός σοι ἐν θεοῖς, Κύριε; τίς ὅμοιός σοι; δεδοξασμένος ἐν ἁγίοις, θαυμαστὸς ἐν δόξαις, ποιῶν τέρατα.
2256	ΕΞΟΔΟΣ 15:13	σου εἰς	2	consecutive enclitics	ἰσχύϊ	κατάλυμα	\vs{13}Ὡδήγησας τῇ δικαιοσύνῃ σου τὸν λαόν σου τοῦτον, ὃν ἐλυτρώσω· παρεκάλεσας τῇ ἰσχύϊ σου εἰς κατάλυμα ἅγιόν σου.
2260	ΕΞΟΔΟΣ 15:17	σου εἰς	2	consecutive enclitics	κληρονομίας	ἕτοιμον	\vs{17}Εἰσαγαγὼν καταφύτευσον αὐτοὺς εἰς ὄρος κληρονομίας σου, εἰς ἕτοιμον κατοικητήριόν σου, ὃ κατηρτίσω, Κύριε, ἁγίασμα, Κύριε, ὃ ἡτοίμασαν αἱ χεῖρές σου.
2270	ΕΞΟΔΟΣ 15:26	σου ὁ	2	consecutive enclitics	Θεός	ἰώμενός	\vs{26}καὶ εἶπεν, ἐὰν ἀκοῇ ἀκούσῃς τῆς φωνῆς Κυρίου τοῦ Θεοῦ σου, καὶ τὰ ἀρεστὰ ἐναντίον αὐτοῦ ποιήσῃς, καὶ ἐνωτίσῃ ταῖς ἐντολαῖς αὐτοῦ, καὶ φυλάξῃς πάντα τὰ δικαιώματα αὐτοῦ, πᾶσαν νόσον, ἣν ἐπήγαγον τοῖς Αἰγυπτίοις, οὐκ ἐπάξω ἐπὶ σέ· ἐγὼ γάρ εἰμι Κύριος ὁ Θεός σου ὁ ἰώμενός σε.
2281	ΕΞΟΔΟΣ 16:8	ἐσμεν οὐ	2	consecutive enclitics	τί	γὰρ	\vs{8}Καὶ εἶπε Μωυσῆς, ἐν τῷ διδόναι Κύριον ὑμῖν ἑσπέρας κρέα φαγεῖν, καὶ ἄρτους τὸ πρωῒ εἰς πλησμονὴν, διὰ τὸ εἰσακοῦσαι Κύριον τὸν γογγυσμὸν ὑμῶν, ὃν ὑμεῖς διαγογγύζετε καθʼ ἡμῶν· ἡμεῖς δὲ τί ἐσμεν; οὐ γὰρ καθʼ ἡμῶν ἐστιν ὁ γογγυσμὸς ὑμῶν, ἀλλʼ ἢ κατὰ τοῦ Θεοῦ.
2281	ΕΞΟΔΟΣ 16:8	ἐστιν ὁ	2	consecutive enclitics	ἡμῶν	γογγυσμὸς	\vs{8}Καὶ εἶπε Μωυσῆς, ἐν τῷ διδόναι Κύριον ὑμῖν ἑσπέρας κρέα φαγεῖν, καὶ ἄρτους τὸ πρωῒ εἰς πλησμονὴν, διὰ τὸ εἰσακοῦσαι Κύριον τὸν γογγυσμὸν ὑμῶν, ὃν ὑμεῖς διαγογγύζετε καθʼ ἡμῶν· ἡμεῖς δὲ τί ἐσμεν; οὐ γὰρ καθʼ ἡμῶν ἐστιν ὁ γογγυσμὸς ὑμῶν, ἀλλʼ ἢ κατὰ τοῦ Θεοῦ.
2295	ΕΞΟΔΟΣ 16:20	τινες ἀπ	2	consecutive enclitics	κατέλιπόν	αὐτοῦ	\vs{20}Καὶ οὐκ εἰσήκουσαν Μωυσῆ, ἀλλὰ κατέλιπόν τινες ἀπʼ αὐτοῦ εἰς τὸ πρωΐ· καὶ ἐξέζεσε σκώληκας, καὶ ἐπώζεσε· καὶ ἐπικράνθη ἐπʼ αὐτοῖς Μωυσῆς.
2302	ΕΞΟΔΟΣ 16:27	τινες ἐκ	2	consecutive enclitics	ἐξήλθοσάν	τοῦ	\vs{27}Ἐγένετο δὲ ἐν τῇ ἡμέρᾳ τῇ ἑβδόμῃ ἐξήλθοσάν τινες ἐκ τοῦ λαοῦ συλλέξαι, καὶ οὐχ εὗρον.
2336	ΕΞΟΔΟΣ 18:4	με ἐκ	2	consecutive enclitics	ἐξείλατό	χειρὸς	\vs{4}καὶ τὸ ὄνομα τοῦ δευτέρου Ἐλίεζερ, λέγων, ὁ γὰρ Θεὸς τοῦ πατρός μου βοηθός μου, καὶ ἐξείλατό με ἐκ χειρὸς Φαραώ.
2338	ΕΞΟΔΟΣ 18:6	σου μετ	2	consecutive enclitics	υἱοί	αὐτοῦ	\vs{6}Ἀνηγγέλη δὲ Μωυσῇ, λέγοντες, ἰδοὺ ὁ γαμβρός σου Ἰοθὸρ παραγίνεται πρὸς σέ, καὶ ἡ γυνὴ καὶ οἱ δύο υἱοί σου μετʼ αὐτοῦ.
2348	ΕΞΟΔΟΣ 18:15	με ὁ	2	consecutive enclitics	πρός	λαὸς	\vs{15}Καὶ λέγει Μωυσῆς τῷ γαμβρῶ, Ὅτι παραγίνεται πρός με ὁ λαὸς ἐκζητῆσαι κρίσιν παρὰ τοῦ Θεοῦ.
2356	ΕΞΟΔΟΣ 18:23	σε ὁ	2	consecutive enclitics	κατισχύσει	Θεὸς	\vs{23}Ἐὰν τὸ ῥῆμα τοῦτο ποιήσῃς, κατισχύσει σε ὁ Θεὸς, καὶ δυνήσῃ παραστῆναι, καὶ πᾶς ὁ λαὸς οὗτος εἰς τὸν ἑαυτοῦ τόπον μετʼ εἰρήνης ἥξει.
2379	ΕΞΟΔΟΣ 19:16	ὁ ἐν	2	consecutive enclitics	λαὸς	τῇ	\vs{16}Ἐγένετο δὲ τῇ ἡμέρᾳ τῇ τρίτῃ γενηθέντος πρὸς ὄρθρον, καὶ ἐγένοντο φωναὶ καὶ ἀστραπαὶ καὶ νεφέλη γνοφώδης ἐπʼ ὄρους Σινά· φωνὴ τῆς σάλπιγγος ἤχει μέγα· καὶ ἐπτοήθη πᾶς ὁ λαὸς ὁ ἐν τῇ παρεμβολῇ.
2393	ΕΞΟΔΟΣ 20:2	σε ἐκ	2	consecutive enclitics	ἐξήγαγόν	γῆς	\vs{2}ἐγώ εἰμι Κύριος ὁ Θεός σου, ὅστις ἐξήγαγόν σε ἐκ γῆς Αἰγύπτου, ἐξ οἴκου δουλείας.
2401	ΕΞΟΔΟΣ 20:10	σου οὐ	2	consecutive enclitics	Θεῷ	ποιήσεις	\vs{10}Τῇ δὲ ἡμέρᾳ τῇ ἑβδόμῃ, σάββατα Κυρίῳ τῷ Θεῷ σου· οὐ ποιήσεις ἐν αὐτῇ πᾶν ἔργον σὺ, καὶ ὁ υἱός σου, καὶ ἡ θυγάτηρ σου, ὁ παῖς σου, καὶ ἡ παιδίσκη σου, ὁ βοῦς σου, καὶ τὸ ὑποζύγιόν σου, καὶ πᾶν κτῆνός σου, καὶ ὁ προσήλυτος ὁ παροικῶν ἐν σοί.
2401	ΕΞΟΔΟΣ 20:10	σου ὁ	2	consecutive enclitics	θυγάτηρ	παῖς	\vs{10}Τῇ δὲ ἡμέρᾳ τῇ ἑβδόμῃ, σάββατα Κυρίῳ τῷ Θεῷ σου· οὐ ποιήσεις ἐν αὐτῇ πᾶν ἔργον σὺ, καὶ ὁ υἱός σου, καὶ ἡ θυγάτηρ σου, ὁ παῖς σου, καὶ ἡ παιδίσκη σου, ὁ βοῦς σου, καὶ τὸ ὑποζύγιόν σου, καὶ πᾶν κτῆνός σου, καὶ ὁ προσήλυτος ὁ παροικῶν ἐν σοί.
2401	ΕΞΟΔΟΣ 20:10	σου ὁ	2	consecutive enclitics	παιδίσκη	βοῦς	\vs{10}Τῇ δὲ ἡμέρᾳ τῇ ἑβδόμῃ, σάββατα Κυρίῳ τῷ Θεῷ σου· οὐ ποιήσεις ἐν αὐτῇ πᾶν ἔργον σὺ, καὶ ὁ υἱός σου, καὶ ἡ θυγάτηρ σου, ὁ παῖς σου, καὶ ἡ παιδίσκη σου, ὁ βοῦς σου, καὶ τὸ ὑποζύγιόν σου, καὶ πᾶν κτῆνός σου, καὶ ὁ προσήλυτος ὁ παροικῶν ἐν σοί.
2408	ΕΞΟΔΟΣ 20:17	σου οὐκ	2	consecutive enclitics	πλησίον	ἐπιθυμήσεις	\vs{17}Οὐκ ἐπιθυμήσεις τὴν γυναῖκα τοῦ πλησίον σου· οὐκ ἐπιθυμήσεις τὴν οἰκίαν τοῦ πλησίον σου, οὔτε τὸν ἀγρὸν αὐτοῦ, οὔτε τὸν παῖδα αὐτοῦ, οὔτε τὴν παιδίσκην αὐτοῦ, οὔτε τοῦ βοὸς αὐτοῦ, οὔτε τοῦ ὑποζυγίου αὐτοῦ, οὔτε παντὸς κτήνους αὐτοῦ, οὔτε ὅσα τῷ πλησίον σου ἐστί.
2417	ΕΞΟΔΟΣ 20:25	μοι οὐκ	2	consecutive enclitics	ποιῇς	οἰκοδομήσεις	\vs{25}Ἐὰν δὲ θυσιαστήριον ἐκ λίθων ποιῇς μοι, οὐκ οἰκοδομήσεις αὐτοὺς τμητούς· τὸ γὰρ ἐγχειρίδιόν σου ἐπιβέβληκας ἐπʼ αὐτοὺς, καὶ μεμίανται.
2418	ΕΞΟΔΟΣ 20:26	σου ἐπ	2	consecutive enclitics	ἀσχημοσύνην	αὐτοῦ	\vs{26}Οὐκ ἀναβήσῃ ἐν ἀναβαθμίσιν ἐπὶ τὸ θυσιαστήριόν μου, ὅπως ἂν μὴ ἀποκαλύψῃς τὴν ἀσχημοσύνην σου ἐπʼ αὐτοῦ.
2490	ΕΞΟΔΟΣ 22:27	σου οὐ	2	consecutive enclitics	λαοῦ	κακῶς	\vs{27}Θεοὺς οὐ κακολογήσεις, καὶ ἄρχοντα τοῦ λαοῦ σου οὐ κακῶς ἐρεῖς.
2491	ΕΞΟΔΟΣ 22:28	σου οὐ	2	consecutive enclitics	ληνοῦ	καθυστερήσεις	\vs{28}Ἀπαρχὰς ἅλωνος καὶ ληνοῦ σου οὐ καθυστερήσεις· τὰ πρωτότοκα τῶν υἱῶν σου δώσεις ἐμοί.
2515	ΕΞΟΔΟΣ 23:18	σου οὐ	2	consecutive enclitics	ὅριά	θύσεις	\vs{18}Ὅταν γὰρ ἐκβάλω τὰ ἔθνη ἀπὸ προσώπου σου, καὶ ἐμπλατύνω τὰ ὅριά σου, οὐ θύσεις ἐπὶ ζύμῃ αἷμα θυμιάματός μου, οὐδὲ μὴ κοιμηθῇ στέαρ τῆς ἑορτῆς μου ἕως πρωΐ.
2516	ΕΞΟΔΟΣ 23:19	σου οὐχ	2	consecutive enclitics	Θεοῦ	ἑψήσεις	\vs{19}Τὰς ἀπαρχὰς τῶν πρωτογενημάτων τῆς γῆς σου εἰσοίσεις εἰς τὸν οἶκον Κυρίου τοῦ Θεοῦ σου· οὐχ ἑψήσεις ἄρνα ἐν γάλακτι μητρὸς αὐτοῦ.
2517	ΕΞΟΔΟΣ 23:20	σε ἐν	2	consecutive enclitics	φυλάξῃ	τῇ	\vs{20}Καὶ ἰδοὺ ἐγὼ ἀποστέλλω τὸν ἄγγελόν μου πρὸ προσώπου σου, ἵνα φυλάξῃ σε ἐν τῇ ὁδῷ, ὅπως εἰσαγάγῃ σε εἰς τὴν γῆν, ἣν ἡτοίμασά σοι.
2517	ΕΞΟΔΟΣ 23:20	σε εἰς	2	consecutive enclitics	εἰσαγάγῃ	τὴν	\vs{20}Καὶ ἰδοὺ ἐγὼ ἀποστέλλω τὸν ἄγγελόν μου πρὸ προσώπου σου, ἵνα φυλάξῃ σε ἐν τῇ ὁδῷ, ὅπως εἰσαγάγῃ σε εἰς τὴν γῆν, ἣν ἡτοίμασά σοι.
2545	ΕΞΟΔΟΣ 24:12	με εἰς	2	consecutive enclitics	πρὸς	τὸ	\vs{12}Καὶ εἶπε Κύριος πρὸς Μωυσῆν, ἀνάβηθι πρὸς με εἰς τὸ ὄρος, καὶ ἴσθι ἐκεῖ· καὶ δώσω σοι τὰ πυξία τὰ λίθινα, τὸν νόμον καὶ τὰς ἐντολας, ἃς ἔγραψα νομοθετῆσαι αὐτοῖς.
2595	ΕΞΟΔΟΣ 25:40	σοι ἐν	2	consecutive enclitics	δεδειγμένον	τῷ	\vs{40}Ὅρα, ποιήσεις κατὰ τὸν τύπον τὸν δεδειγμένον σοι ἐν τῷ ὄρει.
2629	ΕΞΟΔΟΣ 26:30	σοι ἐν	2	consecutive enclitics	δεδειγμένον	τῷ	\vs{30}Καὶ ἀναστήσεις τὴν σκηνὴν κατὰ τὸ εἶδος τὸ δεδειγμένον σοι ἐν τῷ ὄρει.
2647	ΕΞΟΔΟΣ 27:8	σοι ἐν	2	consecutive enclitics	παραδειχθέν	τῷ	\vs{8}Κοῖλον συνιδωτὸν ποιήσεις αὐτό· κατὰ τὸ παραδειχθέν σοι ἐν τῷ ὄρει, οὕτω ποιήσεις αὐτό.
2665	ΕΞΟΔΟΣ 28:2	σου εἰς	2	consecutive enclitics	ἀδελφῷ	τιμὴν	\vs{2}Καὶ ποιήσεις στολὴν ἁγίαν Ἀαρὼν τῷ ἀδελφῷ σου εἰς τιμὴν καὶ δόξαν.
2671	ΕΞΟΔΟΣ 28:8	ἐστιν ἐπ	2	consecutive enclitics	ὅ	αὐτῷ	\vs{8}Καὶ τὸ ὕφασμα τῶν ἐπωμίδων ὅ ἐστιν ἐπʼ αὐτῷ, κατὰ τὴν ποίησιν ἐξ αὐτοῦ ἔσται ἐκ χρυσίου καθαροῦ, καὶ ὑακίνθου, καὶ πορφύρας, καὶ κοκκίνου διανενησμένου, καὶ βύσσου κεκλωσμένης.
2714	ΕΞΟΔΟΣ 29:9	μοι εἰς	2	consecutive enclitics	ἱερατῖα	τὸν	\vs{9}Καὶ ζώσεις αὐτοὺς ταῖς ζωναῖς, καὶ περιθήσεις αὐτοῖς τὰς κιδάρεις· καὶ ἔσται αὐτοῖς ἱερατῖα μοι εἰς τὸν αἰῶνα· καὶ τελειώσεις Ἀαρὼν τὰς χεῖρας αὐτοῦ, καὶ τὰς χεῖρας τῶν υἱῶν αὐτοῦ.
2732	ΕΞΟΔΟΣ 29:26	σοι ἐν	2	consecutive enclitics	ἔσται	μερίδι	\vs{26}Καὶ λήψῃ τὸ στηθύνιον ἀπὸ τοῦ κριοῦ τῆς τελειώσεως, ὅ ἐστιν Ἀαρών· καὶ ἀφοριεῖς αὐτὸ ἀφόρισμα ἔναντι Κυρίου· καὶ ἔσται σοι ἐν μερίδι.
2737	ΕΞΟΔΟΣ 29:30	ὁ ἀντ	2	consecutive enclitics	ἱερεὺς	αὐτοῦ	\vs{30}Ἑπτὰ ἡμέρας ἐνδύσεται αὐτὰ ὁ ἱερεὺς ὁ ἀντʼ αὐτοῦ ἐκ τῶν υἱῶν αὐτοῦ, ὃς εἰσελεύσεται εἰς τὴν σκηνὴν τοῦ μαρτυρίου λειτουργεῖν ἐν τοῖς ἁγίοις.
2744	ΕΞΟΔΟΣ 29:36	σε ἐπ	2	consecutive enclitics	ἁγιάζειν	αὐτῷ	\vs{36}Καὶ τὸ μοσχάριον τῆς ἁμαρτίας ποιήσεις τῇ ἡμέρᾳ τοῦ καθαρισμοῦ· καὶ καθαριεῖς τὸ θυσιαστήριον ἐν τῷ ἁγιάζειν σε ἐπʼ αὐτῷ· καὶ χρίσεις αὐτὸ ὥστε ἁγιάσαι αὐτό.
2813	ΕΞΟΔΟΣ 31:13	ἐστι παρ	2	consecutive enclitics	σημεῖόν	ἐμοὶ	\vs{13}Καὶ σὺ σύνταξον τοῖς υἱοῖς Ἰσραὴλ, λέγων, Ὁρᾶτε, καὶ τὰ σάββατά μου φυλάξεσθε· σημεῖόν ἐστι παρʼ ἐμοὶ καὶ ἐν ὑμῖν εἰς τὰς γενεὰς ὑμῶν, ἵνα γνῶτε ὅτι ἐγὼ Κύριος ὁ ἁγιάζων ὑμᾶς.
2817	ΕΞΟΔΟΣ 31:17	ἐστιν ἐν	2	consecutive enclitics	σημεῖόν	ἐμοὶ	\vs{17}Διαθήκη αἰώνιος ἐν ἐμοὶ καὶ τοῖς υἱοῖς Ἰσραὴλ, σημεῖόν ἐστιν ἐν ἐμοὶ αἰώνιον· ὅτι ἓξ ἡμεραις ἐποίησε Κύριος τὸν οὐρανὸν καὶ τὴν γῆν, καὶ τῇ ἡμέρᾳ τῇ ἑβδόμῃ κατέπαυσε, καὶ ἐπαύσατο.
2824	ΕΞΟΔΟΣ 32:4	σε ἐκ	2	consecutive enclitics	ἀνεβίβασάν	γῆς	\vs{4}Καὶ ἐδέξατο ἐκ τῶν χειρῶν αὐτῶν, καὶ ἔπλασεν αὐτὰ ἐν τῇ γραφίδι· καὶ ἐποίησεν αὐτὰ μόσχον χωνευτὸν καὶ εἶπεν, Οὗτοι οἱ θεοί σου Ἰσραὴλ, οἵτινες ἀνεβίβασάν σε ἐκ γῆς Αἰγύπτου.
2829	ΕΞΟΔΟΣ 32:8	σε ἐκ	2	consecutive enclitics	ἀνεβίβασάν	γῆς	\vs{8}Παρέβησαν ταχὺ ἐκ τῆς ὁδοῦ, ἧς ἐνετείλω αὐτοῖς· ἐποίησαν ἑαυτοῖς μόσχον, καὶ προσκεκυνήκασιν αὐτῷ, καὶ τεθύκασιν αὐτῷ, καὶ εἶπαν, Οὗτοι οἱ θεοί σου Ἰσραὴλ, οἵτινες ἀνεβίβασάν σε ἐκ γῆς Αἰγύπτου.
2843	ΕΞΟΔΟΣ 32:21	σοι ὁ	2	consecutive enclitics	ἐποίησέ	λαὸς	\vs{21}καὶ εἶπε Μωυσῆς τῷ Ἀαρὼν, Τί ἐποίησέ σοι ὁ λαὸς οὗτος, ὅτι ἐπήγαγες ἐπʼ αὐτοὺς ἁμαρτίαν μεγάλην;
2855	ΕΞΟΔΟΣ 32:32	με ἐκ	2	consecutive enclitics	ἐξάλειψόν	τῆς	\vs{32}Καὶ νῦν εἰ μὲν ἀφεῖς αὐτοῖς τὴν ἁμαρτίαν αὐτῶν, ἄφες· εἰ δὲ μή, ἐξάλειψόν με ἐκ τῆς βίβλου σου, ἧς ἔγραψας.
2863	ΕΞΟΔΟΣ 33:3	σε εἰς	2	consecutive enclitics	εἰσάξω	γῆν	\vs{3}Καὶ εἰσάξω σε εἰς γῆν ῥέουσαν γάλα καὶ μέλι· οὐ γὰρ μὴ συναναβῶ μετὰ σου, διὰ τὸ λαὸν σκληροτράχηλόν σε εἶναι, ἵνα μὴ ἐξαναλώσω σε ἐν τῇ ὁδῷ.
2863	ΕΞΟΔΟΣ 33:3	σε ἐν	2	consecutive enclitics	ἐξαναλώσω	τῇ	\vs{3}Καὶ εἰσάξω σε εἰς γῆν ῥέουσαν γάλα καὶ μέλι· οὐ γὰρ μὴ συναναβῶ μετὰ σου, διὰ τὸ λαὸν σκληροτράχηλόν σε εἶναι, ἵνα μὴ ἐξαναλώσω σε ἐν τῇ ὁδῷ.
2869	ΕΞΟΔΟΣ 33:9	Ὡς δ	2	consecutive enclitics		ἂν	\vs{9}Ὡς δʼ ἂν εἰσῆλθε Μωσῆς εἰς τὴν σκηνήν, κατέβαινεν ὁ στύλος τῆς νεφέλης, καὶ ἵστατο ἐπὶ τὴν θύραν τῆς σκηνῆς, καὶ ἐλάλει Μωσῇ·
2877	ΕΞΟΔΟΣ 33:16	σου ἀλλ	2	consecutive enclitics	λαός	ἢ	\vs{16}Καὶ πῶς γνωστὸν ἔσται ἀληθῶς, ὅτι εὕρηκα χάριν παρὰ σοί ἐγώ τε καὶ ὁ λαός σου, ἀλλʼ ἢ συμπορευομένου σου μεθʼ ἡμῶν; καὶ ἐνδοξασθήσομαι ἐγώ τε καὶ ὁ λαός σου παρὰ πάντα τὰ ἔθνη, ὅσα ἐπὶ τῆς γῆς ἐστί.
2877	ΕΞΟΔΟΣ 33:16	σου μεθ	2	consecutive enclitics	συμπορευομένου	ἡμῶν	\vs{16}Καὶ πῶς γνωστὸν ἔσται ἀληθῶς, ὅτι εὕρηκα χάριν παρὰ σοί ἐγώ τε καὶ ὁ λαός σου, ἀλλʼ ἢ συμπορευομένου σου μεθʼ ἡμῶν; καὶ ἐνδοξασθήσομαι ἐγώ τε καὶ ὁ λαός σου παρὰ πάντα τὰ ἔθνη, ὅσα ἐπὶ τῆς γῆς ἐστί.
2881	ΕΞΟΔΟΣ 33:20	μου οὐ	2	consecutive enclitics	πρόσωπόν	γὰρ	\vs{20}Καὶ εἶπε, οὐ δυνήσῃ ἰδεῖν τὸ πρόσωπόν μου· οὐ γὰρ μὴ ἴδῃ ἄνθρωπος τὸ πρόσωπόν μου, καὶ ζήσεται.
2883	ΕΞΟΔΟΣ 33:22	σε εἰς	2	consecutive enclitics	θήσω	ὀπὴν	\vs{22}Ἡνίκα δʼ ἂν παρέλθῃ ᾑ δόξα μου, καί θήσω σε εἰς ὀπὴν τῆς πέτρας, καὶ σκεπάσω τῇ χειρί μου ἐπὶ σὲ, ἕως ἂν παρέλθω.
2884	ΕΞΟΔΟΣ 33:23	μου οὐκ	2	consecutive enclitics	πρόσωπόν	ὀφθήσεταί	\vs{23}Καὶ ἀφελῶ τὴν χεῖρα, καὶ τότε ὄψει τὰ ὀπίσω μου· τὸ δὲ πρόσωπόν μου οὐκ ὀφθήσεταί σοι.
2895	ΕΞΟΔΟΣ 34:9	μου μεθ	2	consecutive enclitics	Κύριός	ἡμῶν	\vs{9}καὶ εἶπεν, εἰ εὕρηκα χάριν ἐνώπιόν σου, συμπορευθήτω ὁ Κύριός μου μεθʼ ἡμῶν· ὁ λαὸς γὰρ σκληροτράχηλός ἐστι, καὶ ἀφελεῖς σὺ τὰς ἁμαρτίας ἡμῶν, καὶ τὰς ἀνομίας ἡμῶν, καὶ ἐσόμεθά σοι.
2905	ΕΞΟΔΟΣ 34:18	σοι εἰς	2	consecutive enclitics	ἐντέταλμαί	τὸν	\vs{18}Καὶ τὴν ἑορτὴν τῶν ἀζύμων φυλάξῃ· ἑπτὰ ἡμέρας φαγῃ ἄζυμα, καθάπερ ἐντέταλμαί σοι, εἰς τὸν καιρὸν ἐν μηνὶ τῶν νέων· ἐν γὰρ μηνὶ τῶν νέων ἐξῆλθες ἐξ Αἰγύπτου.
2912	ΕΞΟΔΟΣ 34:24	σου οὐκ	2	consecutive enclitics	ὅριά	ἐπιθυμήσει	\vs{24}Ὅταν γὰρ ἐκβάλω τὰ ἔθνη πρὸ προσώπου σου, καὶ πλατυνῶ τὰ ὅριά σου, οὐκ ἐπιθυμήσει οὐδεὶς τῆς γῆς σου, ἡνίκα ἂν ἀναβαίνῃς ὀφθῆναι ἐναντίον Κυρίου τοῦ Θεοῦ σου, τρεῖς καιροὺς τοῦ ἐνιαυτοῦ.
2914	ΕΞΟΔΟΣ 34:26	σου οὐχ	2	consecutive enclitics	Θεοῦ	ἑψήσεις	\vs{26}Τὰ πρωτογεννήματα τῆς γῆς σου θήσεις εἰς τὸν οἶκον Κυρίου τοῦ Θεοῦ σου· οὐχ ἑψήσεις ἄρνα ἐν γάλακτι μητρὸς αὐτοῦ.
3184	ΛΕΥΙΤΙΚΟΝ 4:2	τι ἀπ	2	consecutive enclitics	ἕν	αὐτῶν	\vs{2}Λάλησον πρὸς τοὺς υἱοὺς Ἰσραὴλ, λέγων, ψυχὴ ἐὰν ἁμάρτῃ ἔναντι Κυρίου ἀκουσίως ἀπὸ πάντων τῶν προσταγμάτων Κυρίου, ὧν οὐ δεῖ ποιεῖν, καὶ ποιήσῃ ἕν τι ἀπʼ αὐτῶν·
3189	ΛΕΥΙΤΙΚΟΝ 4:7	ἐστιν ἐν	2	consecutive enclitics	ὅ	τῇ	\vs{7}Καὶ ἐπιθήσει ὁ ἱερεὺς ἀπὸ τοῦ αἵματος τοῦ μόσχου ἐπὶ τὰ κέρατα τοῦ θυσιαστηρίου τοῦ θυμιάματος τῆς συνθέσεως τοῦ ἐναντίον Κυρίου, ὅ ἐστιν ἐν τῇ σκηνῇ τοῦ μαρτυρίου· καὶ πᾶν τὸ αἷμα τοῦ μόσχου ἐκχεεῖ παρὰ τὴν βάσιν τοῦ θυσιαστηρίου τῶν ὁλοκαυτωμάτων, ὅ ἐστι παρὰ τὰς θύρας τῆς σκηνῆς τοῦ μαρτυρίου.
3201	ΛΕΥΙΤΙΚΟΝ 4:18	ἐστιν ἐν	2	consecutive enclitics	ὅ	τῇ	\vs{18}Καὶ ἀπὸ τοῦ αἵματος ἐπιθήσει ὁ ἱερεὺς ἐπὶ τὰ κέρατα τοῦ θυσιαστηρίου τῶν θυμιαμάτων τῆς συνθέσεως, ὅ ἐστιν ἐνώπιον Κυρίου, ὅ ἐστιν ἐν τῇ σκηνῇ τοῦ μαρτυρίου· καὶ τὸ πᾶν αἷμα ἐκχεεῖ πρὸς τὴν βάσιν τοῦ θυσιαστηρίου τῶν καρπώσεων, τοῦ πρὸς τῇ θύρᾳ τῆς σκηνῆς τοῦ μαρτυρίου.
3270	ΛΕΥΙΤΙΚΟΝ 6:15	ὁ ἀντ	2	consecutive enclitics	χριστὸς	αὐτοῦ	\vs{15}Ὁ ἱερεὺς ὁ χριστὸς ὁ ἀντʼ αὐτοῦ ἐκ τῶν υἱῶν αὐτοῦ ποιήσει αὐτήν· νόμος αἰώνιος· ἅπαν ἐπιτελεσθήσεται.
3299	ΛΕΥΙΤΙΚΟΝ 7:18	ἐστιν ἡ	2	consecutive enclitics	μίασμά	δὲ	\vs{18}Ἐὰν δὲ φαγὼν φάγῃ ἀπὸ τῶν κρεῶν τῇ ἡμέρᾳ τῇ τρίτῃ, οὐ δεχθήσεται αὐτῷ τῷ προσφέροντι αὐτό· οὐ λογισθήσεται αὐτῷ, μίασμά ἐστιν· ἡ δὲ ψυχὴ ἥτις ἐὰν φάγῃ ἀπʼ αὐτοῦ, τὴν ἁμαρτίαν λήψεται.
3345	ΛΕΥΙΤΙΚΟΝ 8:20	ἐστιν εἰς	2	consecutive enclitics	ὁλοκαύτωμά	ὀσμὴν	\vs{20}Καὶ ἀνήνεγκε Μωυσῆς ὅλον τὸν κριὸν ἐπὶ τὸ θυσιαστήριον· ὁλοκαύτωμά ἐστιν εἰς ὀσμὴν εὐωδίας· κάρπωμά ἐστι τῷ Κυρίῳ, καθάπερ ἐνετείλατο Κύριος τῷ Μωυσῇ.
3514	ΛΕΥΙΤΙΚΟΝ 13:31	οὐχ ἡ	2	consecutive enclitics	ἰδοὺ	ὄψις	\vs{31}Καὶ ἐὰν ἴδῃ ὁ ἱερεὺς τὴν ἁφὴν τοῦ θραύσματος, καὶ ἰδοὺ οὐχ ἡ ὄψις ἐγκοιλοτέρα τοῦ δέρματος, καὶ θρὶξ ξανθίζουσα οὐκ ἔστιν ἐν αὐτῇ, καὶ ἀφοριεῖ ὁ ἱερεὺς τὴν ἁφὴν τοῦ θραύσματος ἑπτὰ ἡμέρας.
3528	ΛΕΥΙΤΙΚΟΝ 13:45	ἐστιν ἡ	2	consecutive enclitics	ᾧ	ἁφὴ	\vs{45}Καὶ ὁ λεπρὸς ἐν ᾧ ἐστιν ἡ ἁφὴ, τὰ ἱμάτια αὐτοῦ ἔστω παραλελυμένα, καὶ ἡ κεφαλὴ αὐτοῦ ἀκάλυπτος, καὶ περὶ τὸ στόμα αὐτοῦ περιβαλέσθω, καὶ ἀκάθαρτος κεκλήσεται.
3535	ΛΕΥΙΤΙΚΟΝ 13:51	ἐστιν ἡ	2	consecutive enclitics	ἔμμονός	ἁφὴ	\vs{51}Καὶ ὄψεται ὁ ἱερεὺς τὴν ἁφὴν τῇ ἡμέρᾳ τῇ ἑβδόμῃ· ἐὰν δὲ διαχέηται ἡ ἁφὴ ἐν τῷ ἱματίῳ, ἢ ἐν τῷ στήμονι, ἢ ἐν τῇ κρόκῃ, ἢ ἐν τῷ δέρματι, κατὰ πάντα ὅσα ἐὰν ποιηθῇ δέρματα ἐν τῇ ἐργασίᾳ, λέπρα ἔμμονός ἐστιν ἡ ἁφὴ, ἀκάθαρτός ἐστι.
3536	ΛΕΥΙΤΙΚΟΝ 13:52	ἐστιν ἐν	2	consecutive enclitics	ἔμμονός	πυρὶ	\vs{52}Κατακαύσει τὸ ἱμάτιον, ἢ τὸν στήμονα, ἢ τὴν κρόκην ἐν τοῖς ἐρέοις, ἢ ἐν τοῖς λινοῖς, ἢ ἐν παντὶ σκεύει δερματίνῳ, ἐν ᾧ ἂν ᾖ ἐν αὐτῷ ἡ ἁφὴ, ὅτι λέπρα ἔμμονός ἐστιν, ἐν πυρὶ κατακαυθήσεται.
3540	ΛΕΥΙΤΙΚΟΝ 13:55	ἐστιν ἐν	2	consecutive enclitics	ἀκάθαρτόν	πυρὶ	\vs{55}Καὶ ὄψεται ὁ ἱερεὺς μετὰ τὸ πλυθῆναι αὐτὸ τὴν ἁφὴν, καὶ ἥδε οὐ μὴ μετέβαλεν ἡ ἁφὴ τὴν ὄψιν, καὶ ἡ ἁφὴ οὐ διαχεῖται, ἀκάθαρτόν ἐστιν, ἐν πυρὶ κατακαυθήσεται· ἐστήρικται ἐν τῷ ἱματίῳ, ἢ ἐν τῷ στήμονι, ἢ ἐν τῇ κρόκη.
3542	ΛΕΥΙΤΙΚΟΝ 13:57	ἐστιν ἐν	2	consecutive enclitics	ἐξανθοῦσά	πυρὶ	\vs{57}Ἐὰν δὲ ὀφθῇ ἔτι ἐν τῷ ἱματίῳ, ἢ ἐν τῷ στήμονι, ἢ ἐν τῇ κρόκῃ, ἢ ἐν παντὶ σκεύει δερματίνῳ, λέπρα ἐξανθοῦσά ἐστιν ἐν πυρὶ κατακαυθήσεται ἐν ᾧ ἐστιν ἡ ἁφή.
3542	ΛΕΥΙΤΙΚΟΝ 13:57	ἐστιν ἡ	2	consecutive enclitics	ᾧ	ἁφή	\vs{57}Ἐὰν δὲ ὀφθῇ ἔτι ἐν τῷ ἱματίῳ, ἢ ἐν τῷ στήμονι, ἢ ἐν τῇ κρόκῃ, ἢ ἐν παντὶ σκεύει δερματίνῳ, λέπρα ἐξανθοῦσά ἐστιν ἐν πυρὶ κατακαυθήσεται ἐν ᾧ ἐστιν ἡ ἁφή.
3579	ΛΕΥΙΤΙΚΟΝ 14:32	ἐστιν ἡ	2	consecutive enclitics	ᾧ	ἁφὴ	\vs{32}Οὗτος ὁ νόμος ἐν ᾧ ἐστιν ἡ ἁφὴ τῆς λέπρας, καὶ τοῦ μὴ εὑρίσκοντος τῇ χειρὶ εἰς τὸν καθαρισμὸν αὐτοῦ.
3583	ΛΕΥΙΤΙΚΟΝ 14:35	μοι ἐν	2	consecutive enclitics	ἑώραταί	τῇ	\vs{35}καὶ ἥξει τίνος αὐτοῦ ἡ οἰκία, καὶ ἀναγγελεῖ τῷ ἱερεῖ, λέγων, ὥσπερ ἁφὴ ἑώραταί μοι ἐν τῇ οἰκίᾳ.
3588	ΛΕΥΙΤΙΚΟΝ 14:40	ἐστιν ἡ	2	consecutive enclitics	οἷς	ἁφὴ	\vs{40}Καὶ προστάξει ὁ ἱερεὺς, καὶ ἐξελοῦσι τοὺς λίθους ἐν οἷς ἐστιν ἡ ἁφὴ, καὶ ἐκβαλοῦσιν αὐτοὺς ἔξω τῆς πόλεως εἰς τόπον ἀκάθαρτον.
3592	ΛΕΥΙΤΙΚΟΝ 14:44	ἐστιν ἐν	2	consecutive enclitics	ἔμμονός	τῇ	\vs{44}καὶ εἰσελεύσεται ὁ ἱερεὺς, καὶ ὄψεται εἰ διακέχυται ἡ ἁφὴ ἐν τῇ οἰκίᾳ, λέπρα ἔμμονός ἐστιν ἐν τῇ οἰκίᾳ, ἀκάθαρτός ἐστι.
3634	ΛΕΥΙΤΙΚΟΝ 15:24	τις μετ	2	consecutive enclitics	κοιμηθῇ	αὐτῆς	\vs{24}Ἐὰν δὲ κοίτῃ κοιμηθῇ τις μετʼ αὐτῆς, καὶ γένηται ἡ ἀκαθαρσία αὐτῆς ἐπʼ αὐτῷ, ἀκάθαρτος ἔσται ἑπτὰ ἡμέρας· καὶ πᾶσα κοίτη ἐφʼ ᾗ ἂν κοιμηθῇ ἐπʼ αὐτῇ, ἀκάθαρτος ἔσται.
3635	ΛΕΥΙΤΙΚΟΝ 15:25	οὐκ ἐν	2	consecutive enclitics	πλείους	καιρῷ	\vs{25}Καὶ γυνὴ ἐὰν ῥέῃ ῥύσει αἵματος ἡμέρας πλείους, οὐκ ἐν καιρῷ τῆς ἀφέδρου αὐτῆς, ἐὰν καὶ ῥέῃ μετὰ τὴν ἄφεδρον αὐτῆς, πᾶσαι αἱ ἡμέραι ῥύσεως ἀκαθαρσίας αὐτῆς, καθάπερ αἱ ἡμέραι τῆς ἀφέδρου αὐτῆς, ἔσται ἀκάθαρτος.
3711	ΛΕΥΙΤΙΚΟΝ 18:7	σου οὐκ	2	consecutive enclitics	μητρός	ἀποκαλύψεις	\vs{7}Ἀσχημοσύνην πατρός σου καὶ ἀσχημοσύνην μητρός σου οὐκ ἀποκαλύψεις, μήτηρ γάρ σου ἐστὶν, οὐκ ἀποκαλύψεις τὴν ἀσχημοσύνην αὐτῆς.
3712	ΛΕΥΙΤΙΚΟΝ 18:8	σου οὐκ	2	consecutive enclitics	πατρός	ἀποκαλύψεις	\vs{8}Ἀσχημοσύνην γυναικὸς πατρός σου οὐκ ἀποκαλύψεις, ἀσχημοσύνη πατρός σου ἐστίν.
3713	ΛΕΥΙΤΙΚΟΝ 18:9	σου ἐκ	2	consecutive enclitics	ἀδελφῆς	πατρός	\vs{9}Ἀσχημοσύνην τῆς ἀδελφῆς σου ἐκ πατρός σου ἢ ἐκ μητρός σου, ἐνδογενοῦς ἢ γεγεννημένης ἔξω, οὐκ ἀποκαλύψεις ἀσχημοσύνην αὐτῶν.
3714	ΛΕΥΙΤΙΚΟΝ 18:10	σου οὐκ	2	consecutive enclitics	θυγατρός	ἀποκαλύψεις	\vs{10}Ἀσχημοσύνην θυγατρὸς υἱοῦ σου, ἢ θυγατρὸς θυγατρός σου, οὐκ ἀποκαλύψεις τὴν ἀσχημοσύνην αὐτῶν, ὅτι σὴ ἀσχημοσύνη ἐστίν.
3715	ΛΕΥΙΤΙΚΟΝ 18:11	σου οὐκ	2	consecutive enclitics	πατρός	ἀποκαλύψεις	\vs{11}Ἀσχημοσύνην θυγατρὸς γυναικὸς πατρός σου οὐκ ἀποκαλύψεις, ὁμοπατρία ἀδελφή σου ἐστὶν, οὐκ ἀποκαλύψεις τὴν ἀσχημοσύνην αὐτῆς.
3716	ΛΕΥΙΤΙΚΟΝ 18:12	σου οὐκ	2	consecutive enclitics	πατρός	ἀποκαλύψεις	\vs{12}Ἀσχημοσύνην ἀδελφῆς πατρός σου οὐκ ἀποκαλύψεις, οἰκεία γὰρ πατρός σου ἐστιν.
3716	ΛΕΥΙΤΙΚΟΝ 18:12	σου ἐστιν	2	consecutive enclitics	πατρός		\vs{12}Ἀσχημοσύνην ἀδελφῆς πατρός σου οὐκ ἀποκαλύψεις, οἰκεία γὰρ πατρός σου ἐστιν.
3717	ΛΕΥΙΤΙΚΟΝ 18:13	σου οὐκ	2	consecutive enclitics	μητρός	ἀποκαλύψεις	\vs{13}Ἀσχημοσύνην ἀδελφῆς μητρός σου οὐκ ἀποκαλύψεις, οἰκεία γὰρ μητρός σου ἐστίν.
3718	ΛΕΥΙΤΙΚΟΝ 18:14	σου οὐκ	2	consecutive enclitics	πατρός	ἀποκαλύψεις	\vs{14}Ἀσχημοσύνην ἀδελφοῦ τοῦ πατρός σου οὐκ ἀποκαλύψεις, καὶ πρὸς τὴν γυναῖκα αὐτοῦ οὐκ εἰσελεύσῃ, συγγενὴς γάρ σου ἐστίν.
3719	ΛΕΥΙΤΙΚΟΝ 18:15	σου οὐκ	2	consecutive enclitics	νύμφης	ἀποκαλύψεις	\vs{15}Ἀσχημοσύνην νύμφης σου οὐκ ἀποκαλύψεις, γυνὴ γὰρ υἱοῦ σου ἐστὶν, οὐκ ἀποκαλύψεις τὴν ἀσχημοσύνην αὐτῆς.
3720	ΛΕΥΙΤΙΚΟΝ 18:16	σου οὐκ	2	consecutive enclitics	ἀδελφοῦ	ἀποκαλύψεις	\vs{16}Ἀσχημοσύνην γυναικὸς ἀδελφοῦ σου οὐκ ἀποκαλύψεις, ἀσχημοσύνη ἀδελφοῦ σου ἐστίν.
3725	ΛΕΥΙΤΙΚΟΝ 18:20	σου οὐ	2	consecutive enclitics	πλησίον	δώσεις	\vs{20}Καὶ πρὸς τὴν γυναῖκα τοῦ πλησίον σου οὐ δώσεις κοίτην σπέρματός σου, ἐκμιανθῆναι πρὸς αὐτήν.
3726	ΛΕΥΙΤΙΚΟΝ 18:21	σου οὐ	2	consecutive enclitics	σπέρματός	δώσεις	\vs{21}Καὶ ἀπὸ τοῦ σπέρματός σου οὐ δώσεις λατρεύειν ἄρχοντι· καὶ οὐ βεβηλώσεις τὸ ὄνομα τὸ ἅγιον· ἐγὼ Κύριος.
3728	ΛΕΥΙΤΙΚΟΝ 18:23	σου εἰς	2	consecutive enclitics	κοίτην	σπερματισμὸν	\vs{23}Καὶ πρὸς πᾶν τετράπουν οὐ δώσεις τὴν κοίτην σου εἰς σπερματισμὸν, ἐκμιανθῆναι πρὸς αὐτό· καὶ γυνὴ οὐ στήσεται πρὸς πᾶν τετράπουν βιβασθῆναι· μυσαρὸν γάρ ἐστι.
3744	ΛΕΥΙΤΙΚΟΝ 19:7	ἐστιν οὐ	2	consecutive enclitics	ἄθυτόν	δεχθήσεται	\vs{7}Ἐὰν δὲ βρώσει βρωθῇ τῇ ἡμέρᾳ τῇ τρίτῃ, ἄθυτόν ἐστιν, οὐ δεχθήσεται.
3747	ΛΕΥΙΤΙΚΟΝ 19:9	σου οὐ	2	consecutive enclitics	θερισμοῦ	συλλέξεις	\vs{9}Καὶ ἐκθεριζόντων ὑμῶν τὸν θερισμὸν τῆς γῆς ὑμῶν, οὐ συντελέσετε τὸν θερισμὸν ὑμῶν τοῦ ἀγροῦ σου ἐκθερίσαι· καὶ τὰ ἀποπίπτοντα τοῦ θερισμοῦ σου οὐ συλλέξεις,
3748	ΛΕΥΙΤΙΚΟΝ 19:10	σου οὐκ	2	consecutive enclitics	ἀμπελῶνά	ἐπανατρυγήσεις	\vs{10}καὶ τὸν ἀμπελῶνά σου οὐκ ἐπανατρυγήσεις, οὐδὲ τὰς ῥῶγας τοῦ ἀμπελῶνός σου συλλέξεις· τῷ πτωχῷ καὶ τῷ προσηλύτῳ καταλείψεις αὐτά. ἐγώ εἰμι Κύριος ὁ Θεὸς ὑμῶν.
3750	ΛΕΥΙΤΙΚΟΝ 19:12	μου ἐπ	2	consecutive enclitics	ὀνόματί	ἀδίκῳ	\vs{12}Καὶ οὐκ ὀμεῖσθε τῷ ὀνόματί μου ἐπʼ ἀδίκῳ, καὶ οὐ βεβηλώσετε τὸ ὄνομα τὸ ἅγιον τοῦ Θεοῦ ὑμῶν· ἐγώ εἰμι Κύριος ὁ Θεὸς ὑμῶν.
3755	ΛΕΥΙΤΙΚΟΝ 19:16	σου οὐκ	2	consecutive enclitics	ἔθνει	ἐπιστήσῃ	\vs{16}Οὐ πορεύσῃ δόλῳ ἐν τῷ ἔθνει σου· οὐκ ἐπιστήσῃ ἐφʼ αἷμα τοῦ πλησίον σου· ἐγώ εἰμι Κύριος ὁ Θεὸς ὑμῶν.
3757	ΛΕΥΙΤΙΚΟΝ 19:18	σου ἡ	2	consecutive enclitics	ἐκδικᾶταί	χείρ	\vs{18}Καὶ οὐκ ἐκδικᾶταί σου ἡ χείρ· καὶ οὐ μηνιεῖς τοῖς υἱοῖς τοῦ λαοῦ σου· καὶ ἀγαπήσεις τὸν πλησίον σου ὡς σεαυτόν· ἐγώ εἰμι Κύριος.
3757	ΛΕΥΙΤΙΚΟΝ 19:18	σου ὡς	2	consecutive enclitics	πλησίον	σεαυτόν	\vs{18}Καὶ οὐκ ἐκδικᾶταί σου ἡ χείρ· καὶ οὐ μηνιεῖς τοῖς υἱοῖς τοῦ λαοῦ σου· καὶ ἀγαπήσεις τὸν πλησίον σου ὡς σεαυτόν· ἐγώ εἰμι Κύριος.
3759	ΛΕΥΙΤΙΚΟΝ 19:19	σου οὐ	2	consecutive enclitics	κτήνη	κατοχεύσεις	\vs{19}Τὸν νόμον μου φυλάξεσθε· τὰ κτήνη σου οὐ κατοχεύσεις ἑτεροζύγῳ· καὶ τὸν ἀμπελῶνά σου οὐ κατασπερεῖς διάφορον· καὶ ἱμάτιον ἐκ δύο ὑφασμένον κίβδηλον οὐκ ἐπιβαλεῖς σεαυτῷ.
3759	ΛΕΥΙΤΙΚΟΝ 19:19	σου οὐ	2	consecutive enclitics	ἀμπελῶνά	κατασπερεῖς	\vs{19}Τὸν νόμον μου φυλάξεσθε· τὰ κτήνη σου οὐ κατοχεύσεις ἑτεροζύγῳ· καὶ τὸν ἀμπελῶνά σου οὐ κατασπερεῖς διάφορον· καὶ ἱμάτιον ἐκ δύο ὑφασμένον κίβδηλον οὐκ ἐπιβαλεῖς σεαυτῷ.
3775	ΛΕΥΙΤΙΚΟΝ 19:34	Ὡς ὁ	2	consecutive enclitics		αὐτόχθων	\vs{34}Ὡς ὁ αὐτόχθων ἐν ὑμῖν ἔσται ὁ προσήλυτος ὁ προσπορευόμενος πρὸς ὑμᾶς, καὶ ἀγαπήσεις αὐτὸν ὡς σεαυτόν· ὅτι προσήλυτοι ἐγενήθητε ἐν γῇ Αἰγύπτῳ· ἐγώ εἰμι Κύριος ὁ Θεὸς ὑμῶν.
3796	ΛΕΥΙΤΙΚΟΝ 20:14	ἐστιν ἐν	2	consecutive enclitics	ἀνόμημά	πυρὶ	\vs{14}Ὃς ἂν λάβῃ γυναῖκα καὶ τὴν μητέρα αὐτῆς, ἀνόμημά ἐστιν· ἐν πυρὶ κατακαύσουσιν αὐτὸν καὶ αὐτὰς, καὶ οὐκ ἔσται ἀνομία ἐν ὑμῖν.
3801	ΛΕΥΙΤΙΚΟΝ 20:19	σου οὐκ	2	consecutive enclitics	μητρός	ἀποκαλύψεις	\vs{19}Καὶ ἀσχημοσύνην ἀδελφῆς πατρὸς σου, καὶ ἀδελφῆς μητρός σου οὐκ ἀποκαλύψεις· τὴν γὰρ οἰκειότητα ἀπεκάλυψεν, ἁμαρτίαν ἀποίσονται.
3831	ΛΕΥΙΤΙΚΟΝ 21:17	σου εἰς	2	consecutive enclitics	γένους	τὰς	\vs{17}εἶπον Ἀαρὼν, ἄνθρωπος ἐκ τοῦ γένους σου εἰς τὰς γενεὰς ὑμῶν, τινὶ ἐὰν ᾖ ἐν αὐτῷ μῶμος, οὐ προσελεύσεται προσφέρειν τὰ δῶρα τοῦ Θεοῦ αὐτοῦ.
3832	ΛΕΥΙΤΙΚΟΝ 21:18	ἐστιν ἐν	2	consecutive enclitics	ᾧ	αὐτῷ	\vs{18}πᾶς ἄνθρωπος ᾧ ἐστιν ἐν αὐτῷ μῶμος, οὐ προσελεύσεται· ἄνθρωπος τυφλὸς.
3835	ΛΕΥΙΤΙΚΟΝ 21:21	ἐστιν ἐν	2	consecutive enclitics	ᾧ	αὐτῷ	\vs{21}Πᾶς ᾧ ἐστιν ἐν αὐτῷ μῶμος, ἐκ τοῦ σπέρματος Ἀαρὼν τοῦ ἱερέως, οὐκ ἐγγιεῖ τοῦ προσενεγκεῖν τὰς θυσίας τῷ Θεῷ σου, ὅτι μῶμος ἐν αὐτῷ· τὰ δῶρα τοῦ Θεοῦ οὐ προσελεύσεται προσενεγκεῖν.
3864	ΛΕΥΙΤΙΚΟΝ 22:23	σου οὐ	2	consecutive enclitics	εὐχήν	δεχθήσεται	\vs{23}Καὶ μόσχον ἢ πρόβατον ὠτότμητον ἢ κολοβόκερκον, σφάγια ποιήσεις αὐτὰ σεαυτῷ, εἰς δὲ εὐχήν σου οὐ δεχθήσεται.
3866	ΛΕΥΙΤΙΚΟΝ 22:25	ἐστιν ἐν	2	consecutive enclitics	φθάρματά	αὐτοῖς	\vs{25}Καὶ ἐκ χειρὸς ἀλλογενοῦς οὐ προσοίσετε τὰ δῶρα τοῦ Θεοῦ ὑμῶν ἀπὸ πάντων τούτων· ὅτι φθάρματά ἐστιν ἐν αὐτοῖς, μῶμος ἐν αὐτοῖς οὐ δεχθήσεται ταῦτα ὑμῖν.
3879	ΛΕΥΙΤΙΚΟΝ 23:2	εἰσιν αἱ	2	consecutive enclitics	αὗταί	ἑορταί	\vs{2}λάλησον τοῖς υἱοῖς Ἰσραὴλ, καὶ ἐρεῖς πρὸς αὐτούς, αἱ ἑορταὶ Κυρίου ἃς καλέσετε αὐτὰς κλητὰς ἁγίας, αὗταί εἰσιν αἱ ἑορταί μου.
3901	ΛΕΥΙΤΙΚΟΝ 23:22	σου ἐν	2	consecutive enclitics	ἀγροῦ	τῷ	\vs{22}Καὶ ὅταν θερίζητε τὸν θερισμὸν τῆς γῆς ὑμῶν, οὐ συντελέσετε τὸ λοιπὸν τοῦ θερισμοῦ τοῦ ἀγροῦ σου ἐν τῷ θερίζειν σε, καὶ τὰ ἀποπίπτοντα τοῦ θερισμοῦ σου οὐ συλλέξεις· τῷ πτωχῷ καὶ τῷ προσηλύτῳ ὑπολείψεις αὐτά· ἐγὼ Κύριος ὁ Θεὸς ὑμῶν.
3901	ΛΕΥΙΤΙΚΟΝ 23:22	σου οὐ	2	consecutive enclitics	θερισμοῦ	συλλέξεις	\vs{22}Καὶ ὅταν θερίζητε τὸν θερισμὸν τῆς γῆς ὑμῶν, οὐ συντελέσετε τὸ λοιπὸν τοῦ θερισμοῦ τοῦ ἀγροῦ σου ἐν τῷ θερίζειν σε, καὶ τὰ ἀποπίπτοντα τοῦ θερισμοῦ σου οὐ συλλέξεις· τῷ πτωχῷ καὶ τῷ προσηλύτῳ ὑπολείψεις αὐτά· ἐγὼ Κύριος ὁ Θεὸς ὑμῶν.
3939	ΛΕΥΙΤΙΚΟΝ 24:10	ὁ ἐκ	2	consecutive enclitics	παρεμβολῇ	τῆς	\vs{10}Καὶ ἐξῆλθεν υἱὸς γυναικὸς Ἰσραηλίτιδος, καὶ οὗτος ἦν υἱὸς Αἰγυπτίου ἐν τοῖς υἱοῖς Ἰσραήλ· καὶ ἐμαχέσαντο ἐν τῇ παρεμβολῇ ὁ ἐκ τῆς Ἰσραηλίτιδος, καὶ ὁ ἄνθρωπος ὁ Ἰσραηλίτης.
3958	ΛΕΥΙΤΙΚΟΝ 25:4	σου οὐ	2	consecutive enclitics	ἀγρόν	σπερεῖς	\vs{4}Τῷ δὲ ἔτει τῷ ἑβδόμῳ σάββατα· ἀνάπαυσις ἔσται τῇ γῇ, σάββατα τῷ Κυρίῳ· τὸν ἀγρόν σου οὐ σπερεῖς, καὶ τὴν ἄμπελόν σου οὐ τεμεῖς,
3958	ΛΕΥΙΤΙΚΟΝ 25:4	σου οὐ	2	consecutive enclitics	ἄμπελόν	τεμεῖς	\vs{4}Τῷ δὲ ἔτει τῷ ἑβδόμῳ σάββατα· ἀνάπαυσις ἔσται τῇ γῇ, σάββατα τῷ Κυρίῳ· τὸν ἀγρόν σου οὐ σπερεῖς, καὶ τὴν ἄμπελόν σου οὐ τεμεῖς,
3959	ΛΕΥΙΤΙΚΟΝ 25:5	σου οὐκ	2	consecutive enclitics	ἀγροῦ	ἐκθερίσεις	\vs{5}καὶ τὰ αὐτόματα ἀναβαίνοντα τοῦ ἀγροῦ σου οὐκ ἐκθερίσεις, καἰ τὴν σταφυλὴν τοῦ ἁγιάσματός σου οὐκ ἐκτρυγήσεις· ἐνιαυτὸς ἀναπαύσεως ἔσται τῇ γῇ.
3959	ΛΕΥΙΤΙΚΟΝ 25:5	σου οὐκ	2	consecutive enclitics	ἁγιάσματός	ἐκτρυγήσεις	\vs{5}καὶ τὰ αὐτόματα ἀναβαίνοντα τοῦ ἀγροῦ σου οὐκ ἐκθερίσεις, καἰ τὴν σταφυλὴν τοῦ ἁγιάσματός σου οὐκ ἐκτρυγήσεις· ἐνιαυτὸς ἀναπαύσεως ἔσται τῇ γῇ.
3979	ΛΕΥΙΤΙΚΟΝ 25:23	ἐστιν ἡ	2	consecutive enclitics	γάρ	γῆ	\vs{23}Καὶ ἡ γῆ οὐ πραθήσεται εἰς βεβαίωσιν· ἐμὴ γάρ ἐστιν ἡ γῆ, διότι προσήλυτοι καὶ πάροικοι ὑμεῖς ἐστε ἐναντίον μου.
3981	ΛΕΥΙΤΙΚΟΝ 25:25	σου ὁ	2	consecutive enclitics	ἀδελφός	μετὰ	\vs{25}Ἐὰν δὲ πένηται ὁ ἀδελφός σου ὁ μετὰ σοῦ, καὶ ἀποδῶται ἀπὸ τῆς κατασχέσεως αὐτοῦ, καὶ ἔλθῃ ὁ ἀγχιστεύων ὁ ἐγγίζων αὐτῷ, καὶ λυτρώσεται τὴν πρᾶσιν τοῦ ἀδελφοῦ αὐτοῦ.
3982	ΛΕΥΙΤΙΚΟΝ 25:26	τινι ὁ	2	consecutive enclitics	ᾖ	ἀγχιστεύων	\vs{26}Ἐὰν δὲ μὴ ᾖ τινι ὁ ἀγχιστεύων, καὶ εὐπορηθῇ τῇ χειρὶ, καὶ εὑρεθῇ αὐτῷ τὸ ἱκανὸν, λύτρα αὐτοῦ·
3988	ΛΕΥΙΤΙΚΟΝ 25:31	αἱ ἐν	2	consecutive enclitics	οἰκίαι	ἐπαύλεσιν	\vs{31}Αἱ δὲ οἰκίαι αἱ ἐν ἐπαύλεσιν, αἷς οὐκ ἔστιν ἐν αὐταῖς τεῖχος κύκλῳ, πρὸς τὸν ἀγρὸν τῆς γῆς λογισθήσονται· λυτρωταὶ διαπαντὸς ἔσονται, καὶ ἐν τῇ ἀφέσει ἐξελεύσονται.
3995	ΛΕΥΙΤΙΚΟΝ 25:37	σου οὐ	2	consecutive enclitics	ἀργύριόν	δώσεις	\vs{37}Τὸ ἀργύριόν σου οὐ δώσεις αὐτῷ ἐπὶ τόκῳ, καὶ ἐπὶ πλεονασμῷ οὐ δώσεις αὐτῷ τὰ βρώματά σου.
3998	ΛΕΥΙΤΙΚΟΝ 25:39	σοι οὐ	2	consecutive enclitics	πραθῇ	δουλεύσει	\vs{39}Ἐὰν δὲ ταπεινωθῇ ὁ ἀδελφός σου παρὰ σοὶ, καὶ πραθῇ σοι, οὐ δουλεύσει σοι δουλείαν οἰκέτου.
4026	ΛΕΥΙΤΙΚΟΝ 26:9	μου μεθ	2	consecutive enclitics	διαθήκην	ὑμῶν	\vs{9}Καὶ ἐπιβλέψω ἐφʼ ὑμᾶς, καὶ αὐξανῶ ὑμᾶς, καὶ πληθυνῶ ὑμᾶς, καὶ στήσω τὴν διαθήκην μου μεθʼ ὑμῶν·
4028	ΛΕΥΙΤΙΚΟΝ 26:11	μου ἐν	2	consecutive enclitics	σκηνήν	ὑμῖν	\vs{11}Καὶ θήσω τὴν σκηνήν μου ἐν ὑμῖν, καὶ οὐ βδελύξεται ἡ ψυχή μου ὑμᾶς,
4035	ΛΕΥΙΤΙΚΟΝ 26:17	μου ἐφ	2	consecutive enclitics	πρόσωπόν	ὑμᾶς	\vs{17}Καὶ ἐπιστήσω τὸ πρόσωπόν μου ἐφʼ ὑμᾶς, καὶ πεσεῖσθε ἐναντίον τῶν ἐχθρῶν ὑμῶν, καὶ διώξονται ὑμᾶς οἱ μισοῦντες ὑμᾶς, καὶ φεύξεσθε οὐδενὸς διώκοντος ὑμᾶς.
4066	ΛΕΥΙΤΙΚΟΝ 26:44	οὐδ ὡς	2	consecutive enclitics	Καὶ	ὄντων	\vs{44}Καὶ οὐδʼ ὡς ὄντων αὐτῶν ἐν τῇ γῇ τῶν ἐχθρῶν αὐτῶν, οὐχ ὑπερεῖδον αὐτούς, οὐδὲ προσώχθισα αὐτοῖς ὥστε ἐξαναλῶσαι αὐτούς τοῦ διασκεδάσαι τὴν διαθήκην μου τὴν πρὸς αὐτούς· ἐγὼ γάρ εἰμι Κύριος ὁ Θεὸς αὐτῶν.
4108	ΛΕΥΙΤΙΚΟΝ 27:34	εἰσιν αἱ	2	consecutive enclitics	Αὗταί	ἐντολαὶ	\vs{34}Αὗταί εἰσιν αἱ ἐντολαὶ ἃς ἐνετείλατο Κύριος τῷ Μωυσῇ πρὸς τοὺς υἱοὺς Ἰσραὴλ ἐν τῷ ὄρει Σινᾷ.
4251	ΑΡΙΘΜΟΙ 3:27	εἰσιν οἱ	2	consecutive enclitics	οὗτοί	δῆμοι	\vs{27}Τῷ Καὰθ δῆμος ὁ Ἀμρὰμ εἷς, καὶ δῆμος ὁ Ἰσσαὰρ εἷς, καὶ δῆμος ὁ Χεβρων εἷς, καὶ δῆμος ὁ Ὀζιὴλ εἷς· οὗτοί εἰσιν οἱ δῆμοι τοῦ Καὰθ, κατὰ ἀριθμόν.
4300	ΑΡΙΘΜΟΙ 4:16	ἡ καθ	2	consecutive enclitics	θυσία	ἡμέραν	\vs{16}Ἐπίσκοπος Ἐλεάζαρ υἱὸς Ἀαρὼν τοῦ ἱερέως, τὸ ἔλαιον τοῦ φωτὸς, καὶ τὸ θυμίαμα τῆς συνθέσεως, καὶ ἡ θυσία ἡ καθʼ ἡμέραν, καὶ τὸ ἔλαιον τῆς χρίσεως, ἡ ἐπισκοπὴ ὅλης τῆς σκηνῆς, καὶ ὅσα ἐστὶν ἐν αὐτῇ ἐν τῷ ἁγίῳ, ἐν πᾶσι τοῖς ἔργοις.
4357	ΑΡΙΘΜΟΙ 5:13	τις μετ	2	consecutive enclitics	κοιμηθῇ	αὐτῆς	\vs{13}καὶ κοιμηθῇ τις μετʼ αὐτῆς κοίτην σπέρματος, καὶ λάθῃ ἐξ ὀφθαλμῶν τοῦ ἀνδρὸς αὐτῆς, καὶ κρύψῃ, αὐτὴ δὲ ᾖ μεμιασμένη, καὶ μάρτυς μὴ ἦν μετʼ αὐτῆς, καὶ αὐτὴ μὴ ᾖ συνειλημμένη,
4366	ΑΡΙΘΜΟΙ 5:21	σου ἐν	2	consecutive enclitics	λαοῦ	τῷ	\vs{21}Καὶ ὁρκιεῖ ὁ ἱερεὺς τὴν γυναῖκα ἐν τοῖς ὅρκοις τῆς ἀρᾶς ταύτης, καὶ ἐρεῖ ὁ ἱερεὺς τῇ γυναικὶ, δῴη σε Κύριος ἐν ἀρᾷ καὶ ἐνόρκιον ἐν μέσῳ τοῦ λαοῦ σου, ἐν τῷ δοῦναι Κύριον τὸν μηρόν σου διαπεπτωκότα, καὶ τὴν κοιλίαν σου πεπρησμένην.
4515	ΑΡΙΘΜΟΙ 7:87	αἱ εἰς	2	consecutive enclitics	βόες	ὁλοκαύτωσιν	\vs{87}Πᾶσαι αἱ βόες αἱ εἰς ὁλοκαύτωσιν, μόσχοι δώδεκα, κριοὶ δώδεκα, ἀμνοὶ ἐνιαύσιοι δώδεκα, καὶ αἱ θυσίαι αὐτῶν, καὶ αἱ σπονδαὶ αὐτῶν· καὶ χίμαροι ἐξ αἰγῶν δώδεκα περὶ ἁμαρτίας.
4628	ΑΡΙΘΜΟΙ 11:4	ὁ ἐν	2	consecutive enclitics	ἐπίμικτος	αὐτοῖς	\vs{4}Καὶ ὁ ἐπίμικτος ὁ ἐν αὐτοῖς ἐπεθύμησεν ἐπιθυμίαν· καὶ καθίσαντες ἔκλαιον καὶ οἱ υἱοὶ Ἰσραὴλ, καὶ εἶπαν, τίς ἡμᾶς ψωμιεῖ κρέα;
4640	ΑΡΙΘΜΟΙ 11:15	Εἰ δ	2	consecutive enclitics		οὕτω	\vs{15}Εἰ δʼ οὕτω σὺ ποιεῖς μοι, ἀπόκτεινόν με ἀναιρέσει, εἰ εὕρηκα ἔλεος παρὰ σοὶ, ἵνα μὴ ἴδω τὴν κάκωσίν μου.
4646	ΑΡΙΘΜΟΙ 11:20	ἐστιν ἐν	2	consecutive enclitics	ὅς	ὑμῖν	\vs{20}ἕως μηνὸς ἡμερῶν φάγεσθε, ἕως ἂν ἐξέλθῃ ἐκ τῶν μυκτήρων ὑμῶν· καὶ ἔσται ὑμῖν εἰς χολέραν, ὅτι ἠπειθήσατε Κυρίῳ, ὅς ἐστιν ἐν ὑμῖν, καὶ ἐκλαύσατε ἐναντίον αὐτοῦ, λέγοντες, ἱνατί ἡμῖν ἐξελθεῖν ἐξ Αἰγύπτου;
4647	ΑΡΙΘΜΟΙ 11:21	εἰμι ἐν	2	consecutive enclitics	οἷς	αὐτοῖς	\vs{21}Καὶ εἶπε Μωυσῆς, ἑξακόσιαι χιλιάδες πεζῶν ὁ λαὸς, ἐν οἷς εἰμι ἐν αὐτοῖς· καὶ σὺ εἶπας, κρέα δώσω αὐτοῖς φαγεῖν, καὶ φάγονται μῆνα ἡμερῶν·
4649	ΑΡΙΘΜΟΙ 11:23	σε ὁ	2	consecutive enclitics	ἐπικαταλήμψεταί	λόγος	\vs{23}Καὶ εἶπε Κύριος πρὸς Μωυσῆν, μὴ χεὶρ Κυρίου οὐκ ἐξαρκέσει; ἤδη γνώσῃ εἰ ἐπικαταλήμψεταί σε ὁ λόγος μου ἢ οὔ.
4673	ΑΡΙΘΜΟΙ 12:8	οὐ δι	2	consecutive enclitics	καὶ	αἰνιγμάτων	\vs{8}Στόμα κατὰ στόμα λαλήσω αὐτῶ, ἐν εἴδει, καὶ οὐ διʼ αἰνιγμάτων, καὶ τὴν δόξαν Κυρίου εἶδε· καὶ διατί οὐκ ἐφοβήθητε καταλαλῆσαι κατὰ τοῦ θεράποντός μου Μωυσῆ;
4679	ΑΡΙΘΜΟΙ 12:14	εἰ ὁ	2	consecutive enclitics	Μωυσῆν	πατὴρ	\vs{14}Καὶ εἶπε Κύριος πρὸς Μωυσῆν, εἰ ὁ πατὴρ αὐτῆς πτύων ἐνέπτυσεν εἰς τὸ πρόσωπον αὐτῆς οὐκ ἐντραπήσεται ἑπτὰ ἡμέρας; ἀφορισθήτω ἑπτὰ ἡμέρας ἔξω τῆς παρεμβολῆς, καὶ μετὰ ταῦτα εἰσελεύσεται.
4705	ΑΡΙΘΜΟΙ 13:19	εἰ ἐν	2	consecutive enclitics	αὐταῖς	τειχήρεσιν	\vs{19}Καὶ τίς ἡ γῆ εἰς ἣν οὗτοι ἐγκάθηνται ἐπʼ αὐτῆς, ἢ καλή ἐστιν ἢ πονηρά· καὶ τίνες αἱ πόλεις ἃς οὗτοι κατοικοῦσιν ἐν αὐταῖς, εἰ ἐν τειχήρεσιν ἢ ἐν ἀτειχίστοις.
4736	ΑΡΙΘΜΟΙ 14:11	με ὁ	2	consecutive enclitics	παροξύνει	λαὸς	\vs{11}Καὶ εἶπε Κύριος πρὸς Μωυσῆν, ἕως τίνος παροξύνει με ὁ λαὸς οὗτος; καὶ ἕως τίνος οὐ πιστεύουσί μοι ἐπὶ πᾶσι τοῖς σημείοις, οἷς ἐποίησα ἐν αὐτοῖς;
4737	ΑΡΙΘΜΟΙ 14:12	σου εἰς	2	consecutive enclitics	πατρός	ἔθνος	\vs{12}Πατάξω αὐτοὺς θανάτῳ, καὶ ἀπολῶ αὐτούς· καὶ ποιήσω σε καὶ τὸν οἶκον τοῦ πατρός σου εἰς ἔθνος μέγα, καὶ πολὺ μᾶλλον ἢ τοῦτο.
4749	ΑΡΙΘΜΟΙ 14:23	ἐστι μετ	2	consecutive enclitics	ἅ	ἐμοῦ	\vs{23}ἦ μὴν οὐκ ὄψονται τὴν γῆν, ἣν ὤμοσα τοῖς πατράσιν αὐτῶν· ἀλλʼ ἢ τὰ τέκνα αὐτῶν ἅ ἐστι μετʼ ἐμοῦ ὧδε, ὅσοι οὐκ οἴδασιν ἀγαθὸν οὐδὲ κακὸν, πᾶς νεώτερος ἄπειρος, τούτοις δώσω τὴν γῆν· πάντες δὲ οἱ παροξύναντές με, οὐκ ὄψονται αὐτήν.
4749	ΑΡΙΘΜΟΙ 14:23	με οὐκ	2	consecutive enclitics	παροξύναντές	ὄψονται	\vs{23}ἦ μὴν οὐκ ὄψονται τὴν γῆν, ἣν ὤμοσα τοῖς πατράσιν αὐτῶν· ἀλλʼ ἢ τὰ τέκνα αὐτῶν ἅ ἐστι μετʼ ἐμοῦ ὧδε, ὅσοι οὐκ οἴδασιν ἀγαθὸν οὐδὲ κακὸν, πᾶς νεώτερος ἄπειρος, τούτοις δώσω τὴν γῆν· πάντες δὲ οἱ παροξύναντές με, οὐκ ὄψονται αὐτήν.
4840	ΑΡΙΘΜΟΙ 16:11	σου ἡ	2	consecutive enclitics	συναγωγή	συνηθροισμένη	\vs{11}Οὕτως σὺ καὶ πᾶσα ἡ συναγωγή σου ἡ συνηθροισμένη πρὸς τὸν Θεόν· καὶ Ἀαρὼν τίς ἐστιν, ὅτι διαγογγύζετε κατʼ αὐτοῦ;
4861	ΑΡΙΘΜΟΙ 16:28	οὐκ ἀπ	2	consecutive enclitics	ὅτι	ἐμαυτοῦ	\vs{28}Καὶ εἶπε Μωυσῆς, ἐν τούτῳ γνώσεσθε ὅτι Κύριος ἀπέστειλέ με ποιῆσαι πάντα τὰ ἔργα ταῦτα, ὅτι οὐκ ἀπʼ ἐμαυτοῦ.
4931	ΑΡΙΘΜΟΙ 18:20	σοι ἐν	2	consecutive enclitics	ἔσται	αὐτοῖς	\vs{20}Καὶ ἐλάλησε Κύριος πρὸς Ἀαρὼν, ἐν τῇ γῇ αὐτῶν οὐ κληρονομήσεις, καὶ μερὶς οὐκ ἔσται σοι ἐν αὐτοῖς, ὅτι ἐγὼ μερίς σου καὶ κληρονομία σου ἐν μέσῳ τῶν υἱῶν Ἰσραήλ.
4931	ΑΡΙΘΜΟΙ 18:20	σου ἐν	2	consecutive enclitics	κληρονομία	μέσῳ	\vs{20}Καὶ ἐλάλησε Κύριος πρὸς Ἀαρὼν, ἐν τῇ γῇ αὐτῶν οὐ κληρονομήσεις, καὶ μερὶς οὐκ ἔσται σοι ἐν αὐτοῖς, ὅτι ἐγὼ μερίς σου καὶ κληρονομία σου ἐν μέσῳ τῶν υἱῶν Ἰσραήλ.
4985	ΑΡΙΘΜΟΙ 20:10	μου οἱ	2	consecutive enclitics	ἀκούσατέ	ἀπειθεῖς	\vs{10}Καὶ ἐξεκκλησίασε Μωυσῆς καὶ Ἀαρὼν τὴν συναγωγὴν ἀπέναντι τῆς πέτρας, καὶ εἶπε πρὸς αὐτοὺς, ἀκούσατέ μου οἱ ἀπειθεῖς· μὴ ἐκ τῆς πέτρας ταύτης ἐξάξομεν ὑμῖν ὕδωρ;
4993	ΑΡΙΘΜΟΙ 20:17	σου οὐ	2	consecutive enclitics	γῆς	διελευσόμεθα	\vs{17}Παρελευσόμεθα διὰ τῆς γῆς σου· οὐ διελευσόμεθα διʼ ἀγρῶν, οὐδὲ διʼ ἀμπελώνων, οὐδὲ πιόμεθα ὕδωρ ἐκ λάκκου σου· ὁδῷ βασιλικῇ πορευσόμεθα· οὐκ ἐκκλινοῦμεν δεξιὰ οὐδὲ εὐώνυμα, ἕως ἂν παρέλθωμεν τὰ ὅριά σου.
5030	ΑΡΙΘΜΟΙ 21:19	ἐστιν ἐν	2	consecutive enclitics	ἥ	τῷ	\vs{19}καὶ ἀπὸ φρέατος εἰς Μανθαναεὶν, καὶ ἀπὸ Μανθαναεὶν εἰς Νααλιὴλ, καὶ ἀπὸ Νααλιὴλ εἰς Βαμὼθ, καὶ ἀπὸ Βαμὼθ εἰς Ἰανὴν, ἥ ἐστιν ἐν τῷ πεδίῳ Μωὰβ, ἀπὸ κορυφῆς τοῦ λελαξευμένου, τὸ βλέπον κατὰ πρόσωπον τῆς ἐρήμου.
5064	ΑΡΙΘΜΟΙ 22:13	με ὁ	2	consecutive enclitics	ἀφίησί	Θεὸς	\vs{13}Καὶ ἀναστὰς Βαλαὰμ τοπρωῒ, εἶπε τοῖς ἄρχουσι Βαλὰκ, ἀποτρέχετε πρὸς τὸν κύριον ὑμῶν, οὐκ ἀφίησί με ὁ Θεὸς πορεύεσθαι μεθʼ ὑμῶν.
5085	ΑΡΙΘΜΟΙ 22:30	σου ἐφ	2	consecutive enclitics	ὄνος	ἧς	\vs{30}Καὶ λέγει ἡ ὄνος τῷ Βαλαὰμ, οὐκ ἐγὼ ἡ ὄνος σου ἐφʼ ἧς ἐπέβαινες ἀπὸ νεότητός σου, ἕως τῆς σήμερον ἡμέρας; μὴ ὑπεροράσει ὑπεριδούσα ἐποίησά σοι οὕτως; ὁ δὲ εἶπεν, οὐχί.
5087	ΑΡΙΘΜΟΙ 22:32	με ἡ	2	consecutive enclitics	ἰδοῦσά	ὄνος	\vs{32}Καὶ εἶπεν αὐτῷ ὁ ἄγγελος τοῦ Θεοῦ, διατί ἐπάταξας τὴν ὄνον σου τοῦτο τρίτον; καὶ ἰδοὺ ἐγὼ ἐξῆλθον εἰς διαβολήν σου, ὅτι οὐκ ἀστεία ἡ ὁδός σου ἐναντίον μου, καὶ ἰδοῦσά με ἡ ὄνος, ἐξέκλινεν ἀπʼ ἐμοῦ τρίτον τοῦτο.
5092	ΑΡΙΘΜΟΙ 22:36	ἐστιν ἐκ	2	consecutive enclitics	ἥ	μέρους	\vs{36}Καὶ ἀκούσας Βαλὰκ ὅτι ἥκει Βαλαὰμ, ἐξῆλθεν εἰς συνάντησιν αὐτῷ, εἰς πόλιν Μωάβ, ἥ ἐστιν ἐπὶ τῶν ὁρίων Ἀρνῶν, ἥ ἐστιν ἐκ μέρους τῶν ὁρίων.
5109	ΑΡΙΘΜΟΙ 23:10	μου ἐν	2	consecutive enclitics	ψυχή	ψυχαῖς	\vs{10}Τίς ἐξηκριβάσατο τὸ σπέρμα Ἰακὼβ, καὶ τίς ἐξαριθμήσεται δήμους Ἰσραήλ; ἀποθάνοι ἡ ψυχή μου ἐν ψυχαῖς δικαίων, καὶ γένοιτο τὸ σπέρμα μου ὡς τὸ σπέρμα τούτων.
5109	ΑΡΙΘΜΟΙ 23:10	μου ὡς	2	consecutive enclitics	σπέρμα	τὸ	\vs{10}Τίς ἐξηκριβάσατο τὸ σπέρμα Ἰακὼβ, καὶ τίς ἐξαριθμήσεται δήμους Ἰσραήλ; ἀποθάνοι ἡ ψυχή μου ἐν ψυχαῖς δικαίων, καὶ γένοιτο τὸ σπέρμα μου ὡς τὸ σπέρμα τούτων.
5111	ΑΡΙΘΜΟΙ 23:11	μοι εἰς	2	consecutive enclitics	πεποίηκάς	κατάρασιν	\vs{11}Καὶ εἶπε Βαλὰκ πρὸς Βαλαὰμ, τί πεποίηκάς μοι; εἰς κατάρασιν ἐχθρῶν μου κέκληκά σε, καὶ ἰδοὺ εὐλόγηκας εὐλογίαν.
5120	ΑΡΙΘΜΟΙ 23:19	Οὐχ ὡς	2	consecutive enclitics		ἄνθρωπος	\vs{19}Οὐχ ὡς ἄνθρωπος ὁ Θεὸς διαρτηθῆναι, οὐδʼ ὡς υἱὸς ἀνθρώπου ἀπειληθῆναι, αὐτὸς εἴπας, οὐχὶ ποιήσει; λαλήσει, καὶ οὐχὶ ἐμμενεῖ;
5120	ΑΡΙΘΜΟΙ 23:19	οὐδ ὡς	2	consecutive enclitics	διαρτηθῆναι	υἱὸς	\vs{19}Οὐχ ὡς ἄνθρωπος ὁ Θεὸς διαρτηθῆναι, οὐδʼ ὡς υἱὸς ἀνθρώπου ἀπειληθῆναι, αὐτὸς εἴπας, οὐχὶ ποιήσει; λαλήσει, καὶ οὐχὶ ἐμμενεῖ;
5129	ΑΡΙΘΜΟΙ 23:27	σε εἰς	2	consecutive enclitics	παραλάβω	τόπον	\vs{27}Καὶ εἶπε Βαλὰκ πρὸς Βαλαὰμ, δεῦρο παραλάβω σε εἰς τόπον ἄλλον, εἰ ἀρέσει τῷ Θεῷ, καὶ κατάρασαί μοι αὐτὸν ἐκεῖθεν.
5149	ΑΡΙΘΜΟΙ 24:14	σου ἐπ	2	consecutive enclitics	λαόν	ἐσχάτου	\vs{14}Καὶ νῦν ἰδοὺ ἀποτρέχω εἰς τὸν τόπον μου· δεῦρο, συμβουλεύσω σοι, τί ποιήσει ὁ λαὸς οὗτος τὸν λαόν σου ἐπʼ ἐσχάτου τῶν ἡμερῶν.
5197	ΑΡΙΘΜΟΙ 26:9	εἰσιν οἱ	2	consecutive enclitics	οὗτοί	ἐπισυστάντες	\vs{9}Καὶ υἱοὶ Ἑλιὰβ, Ναμουὴλ, καὶ Δαθὰν, καὶ Ἀβειρών· οὗτοι ἐπίκλητοι τῆς συναγωγῆς· οὗτοί εἰσιν οἱ ἐπισυστάντες ἐπὶ Μωυσῆν καὶ Ἀαρὼν ἐν τῇ συναγωγῇ Κορὲ, ἐν τῇ ἐπισυστάσει Κυρίου.
5287	ΑΡΙΘΜΟΙ 27:13	σου ἐν	2	consecutive enclitics	ἀδελφός	Ὢρ	\vs{13}Καὶ ὄψῃ αὐτὴν, καὶ προστεθήσῃ πρὸς τὸν λαόν σου καὶ σὺ, καθὰ προσετέθη Ἀαρὼν ὁ ἀδελφός σου ἐν Ὢρ τῷ ὄρει.
5288	ΑΡΙΘΜΟΙ 27:14	μου ἐν	2	consecutive enclitics	ῥῆμά	τῇ	\vs{14}Διότι παρέβητε τὸ ῥῆμά μου ἐν τῇ ἐρήμῳ Σὶν, ἐν τῷ ἀντιπίπτειν τὴν συναγωγὴν ἁγιάσαι με, οὐχ ἡγιάσατέ με ἐπὶ τῷ ὕδατι ἔναντι αὐτῶν· τοῦτʼ ἔστι τὸ ὕδωρ ἀντιλογίας ἐν Κάδης ἐν τῇ ἐρήμῳ Σίν.
5288	ΑΡΙΘΜΟΙ 27:14	με οὐχ	2	consecutive enclitics	ἁγιάσαι	ἡγιάσατέ	\vs{14}Διότι παρέβητε τὸ ῥῆμά μου ἐν τῇ ἐρήμῳ Σὶν, ἐν τῷ ἀντιπίπτειν τὴν συναγωγὴν ἁγιάσαι με, οὐχ ἡγιάσατέ με ἐπὶ τῷ ὕδατι ἔναντι αὐτῶν· τοῦτʼ ἔστι τὸ ὕδωρ ἀντιλογίας ἐν Κάδης ἐν τῇ ἐρήμῳ Σίν.
5292	ΑΡΙΘΜΟΙ 27:18	σου ἐπ	2	consecutive enclitics	χεῖράς	αὐτόν	\vs{18}Καὶ ἐλάλησε Κύριος πρὸς Μωυσῆν, λέγων, λάβε πρὸς σεαυτὸν Ἰησοῦν υἱὸν Ναυὴ, ἄνθρωπον ὃς ἔχει πνεῦμα ἐν ἑαυτῷ, καὶ ἐπιθήσεις τὰς χεῖράς σου ἐπʼ αὐτόν·
5294	ΑΡΙΘΜΟΙ 27:20	σου ἐπ	2	consecutive enclitics	δόξης	αὐτὸν	\vs{20}Καὶ δώσεις τῆς δόξης σου ἐπʼ αὐτὸν, ὅπως ἂν εἰσακούσωσιν αὐτοῦ οἱ υἱοὶ Ἰσραήλ.
5302	ΑΡΙΘΜΟΙ 28:2	μου εἰς	2	consecutive enclitics	καρπώματά	ὀσμὴν	\vs{2}ἔντειλαι τοῖς υἱοῖς Ἰσραὴλ, καὶ ἐρεῖς πρὸς αὐτοὺς, λέγων, τὰ δῶρά μου δόματά μου καρπώματά μου εἰς ὀσμὴν εὐωδίας διατηρήσετε προσφέρειν ἐμοὶ ἐν ταῖς ἑορταῖς μου.
5476	ΑΡΙΘΜΟΙ 32:5	σου ἐν	2	consecutive enclitics	οἰκέταις	κατασχέσει	\vs{5}Καὶ ἔλεγον, εἰ εὕρομεν χάριν ἐνώπιόν σου, δοθήτω ἡ γῆ αὕτη τοῖς οἰκέταις σου ἐν κατασχέσει, καὶ μὴ διαβιβάσῃς ἡμᾶς τὸν Ἰορδάνην.
5649	ΑΡΙΘΜΟΙ 35:22	οὐ δι	2	consecutive enclitics	ἐξάπινα	ἔχθραν	\vs{22}Ἐὰν δὲ ἐξάπινα, οὐ διʼ ἔχθραν ὤσῃ αὐτὸν, ἢ ἐπιῤῥίψῃ ἐπʼ αὐτὸν πᾶν σκεῦος, οὐκ ἐξ ἐνέδρου,
5649	ΑΡΙΘΜΟΙ 35:22	οὐκ ἐξ	2	consecutive enclitics	σκεῦος	ἐνέδρου	\vs{22}Ἐὰν δὲ ἐξάπινα, οὐ διʼ ἔχθραν ὤσῃ αὐτὸν, ἢ ἐπιῤῥίψῃ ἐπʼ αὐτὸν πᾶν σκεῦος, οὐκ ἐξ ἐνέδρου,
5704	ΔΕΥΤΕΡΟΝΟΜΙΟΝ 1:17	ἠ ἀφ	2	consecutive enclitics	σκληρὸν	ὑμῶν	\vs{17}Οὐκ ἐπιγνώσῃ πρόσωπον ἐν κρίσει, κατὰ τὸν μικρὸν καὶ κατὰ τὸν μέγαν κρινεῖς, οὐ μὴ ὑποστείλῃ πρόσωπον ἀνθρώπου, ὅτι ἡ κρίσις τοῦ Θεοῦ ἐστι· καὶ τὸ ῥῆμα ὃ ἐὰν σκληρὸν ἠ· ἀφʼ ὑμῶν, ἀνοίσετε αὐτὸ ἐπʼ ἐμὲ, καὶ ἀκούσομαι αὐτό.
5720	ΔΕΥΤΕΡΟΝΟΜΙΟΝ 1:31	σου ὡς	2	consecutive enclitics	Θεός	εἴτις	\vs{31}Θεός σου, ὡς εἴτις τροφοφορήσει ἄνθρωπος τὸν υἱὸν αὐτοῦ, κατὰ πᾶσαν τὴν ὁδὸν εἰς ἣν ἐπορεύθητε ἕως ῆλθετε εἰς τὸν τόπον τοῦτον.
5734	ΔΕΥΤΕΡΟΝΟΜΙΟΝ 1:42	εἰμι μεθ	2	consecutive enclitics	γάρ	ὑμῶν	\vs{42}Καὶ εἶπε Κύριος πρὸς μὲ, εἶπον αὐτοῖς, οὐκ ἀναβήσεσθε οὐδὲ μὴ πολεμήσετε, οὐ γάρ εἰμι μεθʼ ὑμῶν, καὶ οὐ μὴ συντριβῆτε ἐνώπιον τῶν ἐχθρῶν ὑμῶν.
5748	ΔΕΥΤΕΡΟΝΟΜΙΟΝ 2:7	σε ἐν	2	consecutive enclitics	εὐλόγησέ	παντὶ	\vs{7}Ὁ γὰρ Κύριος ὁ Θεὸς ἡμῶν εὐλόγησέ σε ἐν παντὶ ἔργῳ τῶν χειρῶν σου· διάγνωθι πῶς διῆλθες τὴν ἔρημον τὴν μεγάλην καὶ τὴν φοβερὰν ἐκείνην· ἰδοὺ τεσσαράκοντα ἔτη Κύριος ὁ Θεός σου μετὰ σοῦ· οὐκ ἐπεδεήθης ῥήματος.
5763	ΔΕΥΤΕΡΟΝΟΜΙΟΝ 2:19	σοι ἐν	2	consecutive enclitics	Ἀμμάν	κλήρῳ	\vs{19}καὶ προσάξετε ἐγγὺς υἱῶν Ἀμμάν· μὴ ἐχθραίνετε αὐτοῖς, μηδὲ συνάψετε αὐτοῖς εἰς πόλεμον· οὐ γὰρ μὴ δῶ ἀπὸ τῆς γῆς υἱῶν Ἀμμάν σοι ἐν κλήρῳ, ὅτι τοῖς υἱοῖς Λὼτ δέδωκα αὐτὴν ἐν κλήρῳ.
5773	ΔΕΥΤΕΡΟΝΟΜΙΟΝ 2:27	σου ἐν	2	consecutive enclitics	γῆς	τῇ	\vs{27}παρελεύσομαι διὰ τῆς γῆς σου· ἐν τῇ ὁδῷ πορεύσομαι, οὐκ ἐκκλινῶ δεξιὰ οὐδʼ ἀριστερά.
5775	ΔΕΥΤΕΡΟΝΟΜΙΟΝ 2:29	μοι οἱ	2	consecutive enclitics	ἐποίησάν	υἱοὶ	\vs{29}Καθὼς ἐποίησάν μοι οἱ υἱοὶ Ἠσαῦ οἱ κατοικοῦντες ἐν Σηεὶρ, καὶ οἱ Μωαβῖται οἱ κατοικοῦντες ἐν Ἀροήρ· ἕως παρέλθω τὸν Ἰορδάνην εἰς τὴν γῆν, ἣν Κύριος ὁ Θεὸς ἡμῶν δίδωσιν ἡμῖν.
5846	ΔΕΥΤΕΡΟΝΟΜΙΟΝ 4:20	ὡς ἐν	2	consecutive enclitics	ἔγκληρον	τῇ	\vs{20}Ὑμᾶς δὲ ἔλαβεν ὁ Θεὸς, καὶ ἐξήγαγεν ὑμᾶς ἐκ γῆς Αἰγύπτου, ἐκ τῆς καμίνου τῆς σιδηρᾶς, ἐξ Αἰγύπτου, εἶναι αὐτῷ λαὸν ἔγκληρον, ὡς ἐν τῇ ἡμέρᾳ ταύτῃ.
5848	ΔΕΥΤΕΡΟΝΟΜΙΟΝ 4:21	σοι ἐν	2	consecutive enclitics	δίδωσί	κλήρῳ	\vs{21}Καὶ Κύριος ὁ Θεὸς ἐθυμώθη μοι περὶ τῶν λεγομένων ὑφʼ ὑμῶν, καὶ ὤμοσεν ἵνα μὴ διαβῶ τὸν Ἰορδάνην τοῦτον, καὶ ἵνα μὴ εἰσέλθω εἰς τὴν γῆν, ἣν Κύριος ὁ Θεός σου δίδωσί σοι ἐν κλήρῳ.
5857	ΔΕΥΤΕΡΟΝΟΜΙΟΝ 4:29	σου ἐν	2	consecutive enclitics	ψυχῆς	τῇ	\vs{29}Καὶ ζητήσετε ἐκεῖ Κύριον τὸν Θεὸν ὑμῶν, καὶ εὑρήσετε αὐτὸν ὅταν ἐκζητήσητε αὐτὸν ἐξ ὅλης τῆς καρδίας σου, καὶ ἐξ ὅλης τῆς ψυχῆς σου ἐν τῇ θλίψει σου·
5859	ΔΕΥΤΕΡΟΝΟΜΙΟΝ 4:31	σου οὐκ	2	consecutive enclitics	Θεός	ἐγκαταλείψει	\vs{31}Ὅτι Θεὸς οἰκτίρμων Κύριος ὁ Θεός σου· οὐκ ἐγκαταλείψει σε, οὐδὲ μὴ ἐκτρίψει σε· οὐκ ἐπιλήσεται τὴν διαθήκην τῶν πατέρων σου, ἣν ὤμοσεν αὐτοῖς Κύριος.
5859	ΔΕΥΤΕΡΟΝΟΜΙΟΝ 4:31	σε οὐκ	2	consecutive enclitics	ἐκτρίψει	ἐπιλήσεται	\vs{31}Ὅτι Θεὸς οἰκτίρμων Κύριος ὁ Θεός σου· οὐκ ἐγκαταλείψει σε, οὐδὲ μὴ ἐκτρίψει σε· οὐκ ἐπιλήσεται τὴν διαθήκην τῶν πατέρων σου, ἣν ὤμοσεν αὐτοῖς Κύριος.
5889	ΔΕΥΤΕΡΟΝΟΜΙΟΝ 5:6	σου ὁ	2	consecutive enclitics	Θεός	ἐξαγαγών	\vs{6}ἐγώ εἰμι Κύριος ὁ Θεός σου ὁ ἐξαγαγών σε ἐκ γῆς Αἰγύπτοῦ, ἐξ οἴκου δουλείας.
5889	ΔΕΥΤΕΡΟΝΟΜΙΟΝ 5:6	σε ἐκ	2	consecutive enclitics	ἐξαγαγών	γῆς	\vs{6}ἐγώ εἰμι Κύριος ὁ Θεός σου ὁ ἐξαγαγών σε ἐκ γῆς Αἰγύπτοῦ, ἐξ οἴκου δουλείας.
5900	ΔΕΥΤΕΡΟΝΟΜΙΟΝ 5:14	σου οὐ	2	consecutive enclitics	Θεῷ	ποιήσεις	\vs{14}τῇ δὲ ἡμέρᾳ τῇ ἑβδόμῃ σάββατα Κυρίῳ τῷ Θεῷ σου· οὐ ποιήσεις ἐν αὐτῇ πᾶν ἔργον σὺ καὶ ὁ υἱός σου καὶ ἡ θυγάτηρ σου, ὁ παῖς σου καὶ ἡ παιδίσκη σου, ὁ βοῦς σου καὶ τὸ ὑποζύγιόν σου, καὶ πᾶν κτῆνός σου, καὶ προσήλυτος ὁ παροικῶν ἐν σοὶ· ἵνα ἀναπαύσηται ὁ παῖς σου, καὶ ἡ παιδίσκη σου, καὶ τὸ ὑποζύγίον σου, ὥσπερ καὶ σύ.
5900	ΔΕΥΤΕΡΟΝΟΜΙΟΝ 5:14	σου ὁ	2	consecutive enclitics	θυγάτηρ	παῖς	\vs{14}τῇ δὲ ἡμέρᾳ τῇ ἑβδόμῃ σάββατα Κυρίῳ τῷ Θεῷ σου· οὐ ποιήσεις ἐν αὐτῇ πᾶν ἔργον σὺ καὶ ὁ υἱός σου καὶ ἡ θυγάτηρ σου, ὁ παῖς σου καὶ ἡ παιδίσκη σου, ὁ βοῦς σου καὶ τὸ ὑποζύγιόν σου, καὶ πᾶν κτῆνός σου, καὶ προσήλυτος ὁ παροικῶν ἐν σοὶ· ἵνα ἀναπαύσηται ὁ παῖς σου, καὶ ἡ παιδίσκη σου, καὶ τὸ ὑποζύγίον σου, ὥσπερ καὶ σύ.
5900	ΔΕΥΤΕΡΟΝΟΜΙΟΝ 5:14	σου ὁ	2	consecutive enclitics	παιδίσκη	βοῦς	\vs{14}τῇ δὲ ἡμέρᾳ τῇ ἑβδόμῃ σάββατα Κυρίῳ τῷ Θεῷ σου· οὐ ποιήσεις ἐν αὐτῇ πᾶν ἔργον σὺ καὶ ὁ υἱός σου καὶ ἡ θυγάτηρ σου, ὁ παῖς σου καὶ ἡ παιδίσκη σου, ὁ βοῦς σου καὶ τὸ ὑποζύγιόν σου, καὶ πᾶν κτῆνός σου, καὶ προσήλυτος ὁ παροικῶν ἐν σοὶ· ἵνα ἀναπαύσηται ὁ παῖς σου, καὶ ἡ παιδίσκη σου, καὶ τὸ ὑποζύγίον σου, ὥσπερ καὶ σύ.
5907	ΔΕΥΤΕΡΟΝΟΜΙΟΝ 5:21	σου οὐκ	2	consecutive enclitics	πλησίον	ἐπιθυμήσεις	\vs{21}Οὐκ ἐπιθυμήσεις τὴν γυναῖκα τοῦ πλησίον σου· οὐκ ἐπιθυμήσεις τὴν οἰκίαν τοῦ πλησίον σου, οὔτε τὸν ἀγρὸν αὐτοῦ, οὔτε τὸν παῖδα αὐτοῦ, οὔτε τὴν παιδίσκην αὐτοῦ, οὔτε τοῦ βοὸς αὐτοῦ, οὔτε τοῦ ὑποζυγίου αὐτοῦ, οὔτε παντὸς κτήνους αὐτοῦ, οὔτε πάντα ὅσα τῷ πλησίον σου ἐστί.
5920	ΔΕΥΤΕΡΟΝΟΜΙΟΝ 5:32	σου οὐκ	2	consecutive enclitics	Θεός	ἐκκλινεῖτε	\vs{32}Καὶ φυλάξεσθε ποιεῖν ὃν τρόπον ἐνετειλατό σοι Κύριος ὁ Θεός σου· οὐκ ἐκκλινεῖτε εἰς δεξιὰ οὐδὲ εἰς ἀριστερά,
5921	ΔΕΥΤΕΡΟΝΟΜΙΟΝ 5:33	σοι ἠ	2	consecutive enclitics	εὖ	καὶ	\vs{33}κατὰ πᾶσαν τὴν ὁδὸν, ἣν ἐνετείλατό σοι Κύριος ὁ Θεός σου πορεύεσθαι ἐν αὐτῇ, ὅπως καταπαύσῃ σε, καὶ εὖ σοι ἠ·, καὶ μακροημερεύσητε ἐπὶ τῆς γῆς ἣν κληρονομήσετε.
5927	ΔΕΥΤΕΡΟΝΟΜΙΟΝ 6:3	σοι ἠ	2	consecutive enclitics	εὖ	καὶ	\vs{3}Καὶ ἄκουσον Ἰσραὴλ, καὶ φύλαξον ποιεῖν, ὅπως εὖ σοι ἠ·, καὶ ἵνα πληθυνθῆτε σφόδρα, καθάπερ ἐλάλησε Κύριος ὁ Θεὸς τῶν πατέρων σου δοῦναί σοι γῆν ῥέουσαν γάλα καὶ μέλι·
5929	ΔΕΥΤΕΡΟΝΟΜΙΟΝ 6:5	σου ἐξ	2	consecutive enclitics	Θεόν	ὅλης	\vs{5}Καὶ ἀγαπήσεις Κύριον τὸν Θεόν σου ἐξ ὅλης τῆς διανοίας σου, καὶ ἐξ ὅλης τῆς ψυχῆς σου, καὶ ἐξ ὅλης τῆς δυνάμεώς σου.
5935	ΔΕΥΤΕΡΟΝΟΜΙΟΝ 6:10	σου εἰς	2	consecutive enclitics	Θεός	τὴν	\vs{10}Καὶ ἔσται ὅταν εἰσαγάγῃ σε Κύριος ὁ Θεός σου εἰς τὴν γῆν ἣν ὤμοσε τοῖς πατράσι σου, τῷ Ἁβραὰμ, καὶ τῷ Ἰσαακ, καὶ τῷ Ἰακώβ, δοῦναί σοι πόλεις μεγάλας καὶ καλὰς ἃς οὐκ ᾠκοδόμησας,
5937	ΔΕΥΤΕΡΟΝΟΜΙΟΝ 6:12	σε ἐκ	2	consecutive enclitics	ἐξαγαγόντος	γῆς	\vs{12}Κυρίου τοῦ Θεοῦ σου τοῦ ἐξαγαγόντος σε ἐκ γῆς Αἰγύπτου, ἐξ οἴκου δουλείας.
5941	ΔΕΥΤΕΡΟΝΟΜΙΟΝ 6:15	σου ἐν	2	consecutive enclitics	Θεός	σοί	\vs{15}ὅτι ὁ Θεὸς ζηλωτὴς Κύριος ὁ Θεός σου ἐν σοί· μὴ ὀργισθεὶς θυμῷ Κύριος ὁ Θεός σου σοὶ, ἐξολοθρεύσῃ σε ἀπὸ προσώπου τῆς γῆς.
5948	ΔΕΥΤΕΡΟΝΟΜΙΟΝ 6:20	σε ὁ	2	consecutive enclitics	ἐρωτήσῃ	υἱός	\vs{20}Καὶ ἔσται ὅταν ἐρωτήσῃ σε ὁ υἱός σου αὔριον, λέγων, τί ἐστι τὰ μαρτύρια, καὶ τὰ δικαιώματα καὶ τὰ κρίματα, ὅσα ἐνετείλατο Κύριος ὁ Θεὸς ἡμῶν ἡμῖν;
5956	ΔΕΥΤΕΡΟΝΟΜΙΟΝ 7:1	σου εἰς	2	consecutive enclitics	Θεός	τὴν	Ἐὰν δὲ εἰσάγῃ σε Κύριος ὁ Θεός σου εἰς τὴν γῆν, εἰς ἣν εἰσπορεύῃ ἐκεῖ κληρονομῆσαι αὐτὴν, καὶ ἐξάρῃ ἔθνη μεγάλα ἀπὸ προσώπου σου, τὸν Χετταῖον καὶ Γεργεσαῖον καὶ Ἀμοῤῥαῖον καὶ Χαναναῖον καὶ Φερεζαῖον καὶ Εὐαῖον καὶ Ἰεβουσαῖον, ἐπτὰ ἔθνη πολλὰ καὶ ἰσχυρότερα ὑμῶν·
5957	ΔΕΥΤΕΡΟΝΟΜΙΟΝ 7:2	σου εἰς	2	consecutive enclitics	Θεός	τὰς	\vs{2}Καὶ παραδώσει αὐτοὺς Κύριος ὁ Θεός σου εἰς τὰς χεῖράς σου, καὶ πατάξεις αὐτούς· ἀφανισμῷ ἀφανιεῖς αὐτούς· οὐ διαθήσῃ πρὸς αὐτοὺς διαθήκην, οὐδὲ μὴ ἐλεήσητε αὐτούς,
5958	ΔΕΥΤΕΡΟΝΟΜΙΟΝ 7:3	σου οὐ	2	consecutive enclitics	θυγατέρα	δώσεις	\vs{3}οὐδὲ μὴ γαμβρεύσητε πρὸς αὐτούς· τὴν θυγατέρα σου οὐ δώσεις τῷ υἱῷ αὐτοῦ, καὶ τὴν θυγατέρα αὐτοῦ οὐ λήψῃ τῷ υἱῷ σου.
5959	ΔΕΥΤΕΡΟΝΟΜΙΟΝ 7:4	σου ἀπ	2	consecutive enclitics	υἱόν	ἐμοῦ	\vs{4}Ἀποστήσει γὰρ τὸν υἱόν σου ἀπʼ ἐμοῦ, καὶ λατρεύσει θεοῖς ἑτέροις· καὶ ὀργισθήσεται θυμῷ Κύριος εἰς ὑμᾶς, καὶ ἐξολοθρεύσει σε τοτάχος.
5974	ΔΕΥΤΕΡΟΝΟΜΙΟΝ 7:16	σοι οὐ	2	consecutive enclitics	δίδωσί	φείσεται	\vs{16}Καὶ φαγῇ πάντα τὰ σκῦλα τῶν ἐθνῶν, ἃ Κύριος ὁ Θεός σου δίδωσί σοι· οὐ φείσεται ὁ ὀφθαλμός σου ἐπʼ αὐτοῖς, καὶ οὐ μὴ λατρεύσῃς τοῖς θεοῖς αὐτῶν· ὅτι σκῶλον τοῦτό ἐστι σοί.
5974	ΔΕΥΤΕΡΟΝΟΜΙΟΝ 7:16	σου ἐπ	2	consecutive enclitics	ὀφθαλμός	αὐτοῖς	\vs{16}Καὶ φαγῇ πάντα τὰ σκῦλα τῶν ἐθνῶν, ἃ Κύριος ὁ Θεός σου δίδωσί σοι· οὐ φείσεται ὁ ὀφθαλμός σου ἐπʼ αὐτοῖς, καὶ οὐ μὴ λατρεύσῃς τοῖς θεοῖς αὐτῶν· ὅτι σκῶλον τοῦτό ἐστι σοί.
5979	ΔΕΥΤΕΡΟΝΟΜΙΟΝ 7:20	σου εἰς	2	consecutive enclitics	Θεός	αὐτοὺς	\vs{20}Καὶ τὰς σφηκίας ἀποστελεῖ Κύριος ὁ Θεός σου εἰς αὐτοὺς, ἕως ἂν ἐκτριβῶσιν οἱ καταλελειμμένοι καὶ οἱ κεκρυμμένοι ἀπὸ σοῦ·
5980	ΔΕΥΤΕΡΟΝΟΜΙΟΝ 7:21	σου ἐν	2	consecutive enclitics	Θεός	σοί	\vs{21}Οὐ τρωθήσῃ ἀπὸ προσώπου αὐτῶν, ὅτι Κύριος ὁ Θεός σου ἐν σοί, Θεὸς μέγας καὶ κραταιός.
5982	ΔΕΥΤΕΡΟΝΟΜΙΟΝ 7:23	σου εἰς	2	consecutive enclitics	Θεός	τὰς	\vs{23}Καὶ παραδώσει αὐτοὺς Κύριος ὁ Θεός σου εἰς τὰς χεῖράς σου, καὶ ἀπολεῖς αὐτοὺς ἀπωλείᾳ μεγάλῃ, ἕως ἂν ἐξολοθρεύσητε αὐτούς·
5990	ΔΕΥΤΕΡΟΝΟΜΙΟΝ 8:2	σου ἐν	2	consecutive enclitics	Θεός	τῇ	\vs{2}Καὶ μνησθήσῃ πᾶσαν τὴν ὁδὸν, ἣν ἤγαγέ σε Κύριος ὁ Θεός σου ἐν τῇ ἐρήμῳ, ὅπως ἂν κακώσῃ σε καὶ πειράσῃ σε, καὶ διαγνωσθῇ τὰ ἐν τῇ καρδίᾳ σου, εἰ φυλάξῃ τὰς ἐντολὰς αὐτοῦ ἢ οὔ.
5990	ΔΕΥΤΕΡΟΝΟΜΙΟΝ 8:2	σου εἰ	2	consecutive enclitics	καρδίᾳ	φυλάξῃ	\vs{2}Καὶ μνησθήσῃ πᾶσαν τὴν ὁδὸν, ἣν ἤγαγέ σε Κύριος ὁ Θεός σου ἐν τῇ ἐρήμῳ, ὅπως ἂν κακώσῃ σε καὶ πειράσῃ σε, καὶ διαγνωσθῇ τὰ ἐν τῇ καρδίᾳ σου, εἰ φυλάξῃ τὰς ἐντολὰς αὐτοῦ ἢ οὔ.
5991	ΔΕΥΤΕΡΟΝΟΜΙΟΝ 8:3	οὐκ ἐπ	2	consecutive enclitics	ὅτι	ἄρτῳ	\vs{3}Καὶ ἐκάκωσέ σε, καὶ ἐλιμαγχόνησέ σε, καὶ ἐψώμισέ σε τὸ μάννα, ὃ οὐκ ᾔδεισαν οἱ πατέρες σου· ἵνα ἀναγγείλῃ σοι, ὅτι οὐκ ἐπʼ ἄρτῳ μόνῳ ζήσεται ὁ ἄνθρωπος, ἀλλʼ ἐπὶ παντὶ ῥήματι τῷ ἐκπορευομένῳ διὰ στόματος Θεοῦ ζήσεται ὁ ἄνθρωπος.
5992	ΔΕΥΤΕΡΟΝΟΜΙΟΝ 8:4	σου οὐκ	2	consecutive enclitics	ἱμάτιά	ἐπαλαιώθη	\vs{4}Τὰ ἱμάτιά σου οὐκ ἐπαλαιώθη ἀπὸ σοῦ, τὰ ὑποδήματά σου οὐ κατετρίβη ἀπὸ σοῦ· οἱ πόδες σου οὐκ ἐτυλώθησαν, ἰδοὺ τεσσαράκοντα ἔτη.
5992	ΔΕΥΤΕΡΟΝΟΜΙΟΝ 8:4	σου οὐ	2	consecutive enclitics	ὑποδήματά	κατετρίβη	\vs{4}Τὰ ἱμάτιά σου οὐκ ἐπαλαιώθη ἀπὸ σοῦ, τὰ ὑποδήματά σου οὐ κατετρίβη ἀπὸ σοῦ· οἱ πόδες σου οὐκ ἐτυλώθησαν, ἰδοὺ τεσσαράκοντα ἔτη.
5992	ΔΕΥΤΕΡΟΝΟΜΙΟΝ 8:4	σου οὐκ	2	consecutive enclitics	πόδες	ἐτυλώθησαν	\vs{4}Τὰ ἱμάτιά σου οὐκ ἐπαλαιώθη ἀπὸ σοῦ, τὰ ὑποδήματά σου οὐ κατετρίβη ἀπὸ σοῦ· οἱ πόδες σου οὐκ ἐτυλώθησαν, ἰδοὺ τεσσαράκοντα ἔτη.
5997	ΔΕΥΤΕΡΟΝΟΜΙΟΝ 8:7	σε εἰς	2	consecutive enclitics	εἰσάξει	γῆν	\vs{7}Ὁ γὰρ Κύριος ὁ Θεός σου εἰσάξει σε εἰς γῆν ἀγαθὴν καὶ πολλὴν, οὗ χείμαῤῥοι ὑδάτων, καὶ πηγαὶ ἀβύσσων ἐκπορευόμεναι διὰ τῶν πεδίων καὶ διὰ τῶν ὀρέων·
6005	ΔΕΥΤΕΡΟΝΟΜΙΟΝ 8:14	σε ἐκ	2	consecutive enclitics	ἐξαγαγόντος	γῆς	\vs{14}ὑψωθῇς τῇ καρδίᾳ, καὶ ἐπιλάθῃ Κυρίου τοῦ Θεοῦ σου, τοῦ ἐξαγαγόντος σε ἐκ γῆς Αἰγύπτου, ἐξ οἴκου δουλείας·
6006	ΔΕΥΤΕΡΟΝΟΜΙΟΝ 8:15	σοι ἐκ	2	consecutive enclitics	ἐξαγαγόντος	πέτρας	\vs{15}τοῦ ἀγαγόντος σε διὰ τῆς ἐρήμου τῆς μεγάλης καὶ τῆς φοβερᾶς ἐκείνης, οὗ ὄφις δάκνων, καὶ σκορπίος, καὶ δίψα, οὗ οὐκ ἦν ὕδωρ· τοῦ ἐξαγαγόντος σοι ἐκ πέτρας ἀκροτόμου πηγὴν ὕδατος·
6008	ΔΕΥΤΕΡΟΝΟΜΙΟΝ 8:17	σου ἡ	2	consecutive enclitics	καρδίᾳ	ἰσχύς	\vs{17}Μὴ εἴπῃς ἐν τῇ καρδίᾳ σου, ἡ ἰσχύς μου, καὶ τὸ κράτος τῆς χειρός μου ἐποίησέ μοι τὴν δύναμιν τὴν μεγάλην ταύτην.
6009	ΔΕΥΤΕΡΟΝΟΜΙΟΝ 8:18	σου ὡς	2	consecutive enclitics	πατράσι	σήμερον	\vs{18}Καὶ μνησθήσῃ Κυρίου τοῦ Θεοῦ σου, ὅτι αὐτός σοι δίδωσιν ἰσχὺν τοῦ ποιῆσαι δύναμιν, καὶ ἵνα στήσῃ τὴν διαθήκην αὐτοῦ ἣν ὤμοσε Κύριος τοῖς πατράσι σου, ὡς σήμερον.
6018	ΔΕΥΤΕΡΟΝΟΜΙΟΝ 9:4	σου ἐν	2	consecutive enclitics	καρδίᾳ	τῷ	\vs{4}Μὴ εἴπῃς ἐν τῇ καρδίᾳ σου ἐν τῷ ἐξαναλῶσαι Κύριον τὸν Θεόν σου τὰ ἔθνη ταῦτα πρὸ προσώπου σου, λέγων, διὰ τὴν δικαιοσύνην μου εἰσήγαγέ με Κύριος κληρονομῆσαι τὴν γὴν τὴν ἀγαθὴν ταύτην.
6022	ΔΕΥΤΕΡΟΝΟΜΙΟΝ 9:7	σου ἐν	2	consecutive enclitics	Θεόν	τῇ	\vs{7}Μνήσθητι, μὴ ἐπιλάθῃ ὅσα παρώξυνας Κύριον τὸν Θεόν σου ἐν τῇ ἐρήμῳ· ἀφʼ ἧς ἡμέρας ἐξήλθετε ἐξ Αἰγύπτου, καὶ ἤλθετε εἰς τὸν τόπον τοῦτον, ἀπειθοῦντες διετελεῖτε τὰ πρὸς Κύριον.
6025	ΔΕΥΤΕΡΟΝΟΜΙΟΝ 9:9	μου εἰς	2	consecutive enclitics	ἀναβαίνοντός	τὸ	\vs{9}ἀναβαίνοντός μου εἰς τὸ ὄρος λαβεῖν τὰς πλάκας τὰς λιθίνας, πλάκας διαθήκης ἃς διέθετο Κύριος πρὸς ὑμᾶς, καὶ κατεγενόμην ἐν τῷ ὄρει τεσσαράκοντα ἡμέρας καὶ τεσσεράκοντα νύκτας, ἄρτον οὐκ ἔφαγον καὶ ὕδωρ οὐκ ἔπιον.
6031	ΔΕΥΤΕΡΟΝΟΜΙΟΝ 9:14	σε εἰς	2	consecutive enclitics	ποιήσω	ἔθνος	\vs{14}Καὶ νῦν ἔασόν με ἐξολοθρεῦσαι αὐτούς, καὶ ἐξαλείψω τὸ ὄνομα αὐτῶν ὑποκάτωθεν τοῦ οὐρανοῦ, καὶ ποιήσω σε εἰς ἔθνος μέγα, καὶ ἰσχυρὸν, καὶ πολὺ μᾶλλον ἢ τοῦτο.
6052	ΔΕΥΤΕΡΟΝΟΜΙΟΝ 10:3	ὡς αἱ	2	consecutive enclitics	λιθίνας	πρῶται	\vs{3}Καὶ ἐποίησα κιβωτὸν ἐκ ξύλων ἀσήπτων, καὶ ἐλάξευσα τὰς πλάκας λιθίνας ὡς αἱ πρῶται, καὶ ἀνέβην εἰς τὸ ὄρος καὶ αἱ δύο πλάκες ἐπὶ ταῖς χερσί μου.
6063	ΔΕΥΤΕΡΟΝΟΜΙΟΝ 10:12	σου ἐξ	2	consecutive enclitics	Θεῷ	ὅλης	\vs{12}Καὶ νῦν, Ἰσραήλ, τί Κύριος ὁ Θεός σου αἰτεῖται παρὰ σοῦ, ἀλλʼ ἢ φοβεῖσθαι Κύριον τὸν Θεόν σου, καὶ πορεύεσθαι ἐν πάσαις ταῖς ὁδοῖς αὐτοῦ, καὶ ἀγαπᾷν αὐτόν, καὶ λατρεύειν Κυρίῳ τῷ Θεῷ σου ἐξ ὅλης τῆς καρδίας σου, καὶ ἐξ ὅλης τῆς ψυχῆς σου,
6064	ΔΕΥΤΕΡΟΝΟΜΙΟΝ 10:13	σοι ἠ	2	consecutive enclitics	εὖ		\vs{13}φυλάσσεσθαι τὰς ἐντολὰς Κυρίου τοῦ Θεοῦ σου, καὶ τὰ δικαιώματα αὐτοῦ, ὅσα ἐγὼ ἐντέλλομαί σοι σήμερον, ἵνα εὖ σοι ἠ·;
6065	ΔΕΥΤΕΡΟΝΟΜΙΟΝ 10:14	σου ὁ	2	consecutive enclitics	Θεοῦ	οὐρανὸς	\vs{14}Ἰδοὺ Κυρίου τοῦ Θεοῦ σου ὁ οὐρανὸς καὶ ὁ οὐρανὸς τοῦ οὐρανοῦ, ἡ γῆ καὶ πάντα ὅσα ἐστὶν ἐν αὐτῇ.
6074	ΔΕΥΤΕΡΟΝΟΜΙΟΝ 10:22	σου εἰς	2	consecutive enclitics	πατέρες	Αἴγυπτον	\vs{22}Ἐν ἑβδομήκοντα ψυχαῖς κατέβησαν οἱ πατέρες σου εἰς Αἴγυπτον· νυνὶ δὲ ἐποίησέ σε Κύριος ὁ Θεός σου ὡσεὶ τὰ ἄστρα τοῦ οὐρανοῦ τῷ πλήθει.
6089	ΔΕΥΤΕΡΟΝΟΜΙΟΝ 11:12	σου ἐπ	2	consecutive enclitics	Θεοῦ	αὐτῆς	\vs{12}Γῆ, ἣν Κύριος ὁ Θεός σου ἐπισκοπεῖται αὐτὴν διαπαντός, οἱ ὀφθαλμοὶ Κυρίου τοῦ Θεοῦ σου ἐπʼ αὐτῆς ἀπʼ ἀρχῆς τοῦ ἐνιαυτοῦ καὶ ἕως συντελείας τοῦ ἐνιαυτοῦ.
6092	ΔΕΥΤΕΡΟΝΟΜΙΟΝ 11:14	σου καθ	2	consecutive enclitics	γῇ	ὥραν	\vs{14}καὶ δώσει τὸν ὑετὸν τῇ γῇ σου καθʼ ὥραν πρώϊμον καὶ ὄψιμον, καὶ εἰσοίσεις τὸν σῖτόν σου, καὶ τὸν οἶνόν σου, καὶ τὸ ἔλαιόν σου,
6098	ΔΕΥΤΕΡΟΝΟΜΙΟΝ 11:19	σου ἐν	2	consecutive enclitics	καθημένου	οἴκῳ	\vs{19}Καὶ διδάξετε αὐτὰ τὰ τέκνα ὑμῶν λαλεῖν ἐν αὐτοῖς καθημένου σου ἐν οἴκῳ, καὶ πορευομένου σου ἐν ὁδῷ, καὶ καθεύδοντός σου, καὶ διανισταμένου σου.
6098	ΔΕΥΤΕΡΟΝΟΜΙΟΝ 11:19	σου ἐν	2	consecutive enclitics	πορευομένου	ὁδῷ	\vs{19}Καὶ διδάξετε αὐτὰ τὰ τέκνα ὑμῶν λαλεῖν ἐν αὐτοῖς καθημένου σου ἐν οἴκῳ, καὶ πορευομένου σου ἐν ὁδῷ, καὶ καθεύδοντός σου, καὶ διανισταμένου σου.
6109	ΔΕΥΤΕΡΟΝΟΜΙΟΝ 11:29	σου εἰς	2	consecutive enclitics	Θεός	τὴν	\vs{29}Καὶ ἔσται ὅταν εἰσαγάγῃ σε Κύριος ὁ Θεός σου εἰς τὴν γῆν εἰς ἣν διαβαίνεις ἐκεῖ κληρονομῆσαι αὐτήν, καὶ δώσεις εὐλογίαν ἐπʼ ὄρος Γαριζὶν, καὶ τὴν κατάραν ἐπʼ ὄρος Γαιβάλ.
6120	ΔΕΥΤΕΡΟΝΟΜΙΟΝ 12:5	σου ἐν	2	consecutive enclitics	Θεός	μιᾷ	\vs{5}Ἀλλʼ ἢ εἰς τὸν τόπον, ὃν ἂν ἐκλέξηται Κύριος ὁ Θεός σου ἐν μιᾷ τῶν πόλεων ὑμῶν ἐπονομάσαι τὸ ὄνομα αὐτοῦ ἐκεῖ καὶ ἐπικληθῆναι, καὶ ἐκζητήσετε καὶ ἐλεύσεσθε ἐκεῖ.
6129	ΔΕΥΤΕΡΟΝΟΜΙΟΝ 12:13	σου ἐν	2	consecutive enclitics	ὁλοκαυτώματά	παντὶ	\vs{13}Πρόσεχε σεαυτῷ, μὴ ἀνενέγκῃς τὰ ὁλοκαυτώματά σου ἐν παντὶ τόπῳ οὗ ἐὰν ἴδῃς.
6131	ΔΕΥΤΕΡΟΝΟΜΙΟΝ 12:15	σοι ἐν	2	consecutive enclitics	ἔδωκέ	πάσῃ	\vs{15}Ἀλλʼ ἢ ἐν πάσῃ ἐπιθυμίᾳ σου θύσεις, καὶ φαγῇ κρέα κατὰ τὴν εὐλογίαν Κυρίου τοῦ Θεοῦ σου, ἣν ἔδωκέ σοι ἐν πάσῃ πόλει· ὁ ἀκάθαρτος ἐν σοὶ καὶ ὁ καθαρὸς ἐπὶ τὸ αὐτό φάγεται αὐτό, ὡς δορκάδα ἢ ἔλαφον.
6135	ΔΕΥΤΕΡΟΝΟΜΙΟΝ 12:18	σου ὁ	2	consecutive enclitics	θυγάτηρ	παῖς	\vs{18}Ἀλλʼ ἢ ἐναντίον Κυρίου τοῦ Θεοῦ σου φάγῃ αὐτὸ ἐν τῷ τόπῳ, ᾧ ἂν ἐκλέξηται Κύριος ὁ Θεός σου αὐτῷ, σὺ καὶ ὁ υἱός σου, καὶ ἡ θυγάτηρ σου, ὁ παῖς σου, καὶ ἡ παιδίσκη σου, καὶ ὁ προσήλυτος ὁ ἐν ταῖς πόλεσιν ὑμῶν· καὶ εὐφρανθήσῃ ἐναντίον Κυρίου τοῦ Θεοῦ σου ἐπὶ πάντα, οὗ ἐὰν ἐπιβάλῃς τὴν χεῖρά σου.
6135	ΔΕΥΤΕΡΟΝΟΜΙΟΝ 12:18	ὁ ἐν	2	consecutive enclitics	προσήλυτος	ταῖς	\vs{18}Ἀλλʼ ἢ ἐναντίον Κυρίου τοῦ Θεοῦ σου φάγῃ αὐτὸ ἐν τῷ τόπῳ, ᾧ ἂν ἐκλέξηται Κύριος ὁ Θεός σου αὐτῷ, σὺ καὶ ὁ υἱός σου, καὶ ἡ θυγάτηρ σου, ὁ παῖς σου, καὶ ἡ παιδίσκη σου, καὶ ὁ προσήλυτος ὁ ἐν ταῖς πόλεσιν ὑμῶν· καὶ εὐφρανθήσῃ ἐναντίον Κυρίου τοῦ Θεοῦ σου ἐπὶ πάντα, οὗ ἐὰν ἐπιβάλῃς τὴν χεῖρά σου.
6140	ΔΕΥΤΕΡΟΝΟΜΙΟΝ 12:21	σου ὁ	2	consecutive enclitics	ἀπέχῃ	τόπος	\vs{21}Ἐὰν δὲ μακρὰν ἀπέχῃ σου ὁ τόπος, ὃν ἂν ἐκλέξηται Κύριος ὁ Θεός σου ἐκεῖ ἐπικληθῆναι τὸ ὄνομα αὐτοῦ ἐκεῖ, καὶ θύσεις ἀπὸ τῶν βοῶν σου, καὶ ἀπὸ τῶν προβάτων σου ὧν ἂν δῷ ὁ Θεός σοι, ὃν τρόπον ἐνετειλάμην σοι, καὶ φαγῃ ἐν ταῖς πόλεσί σου κατὰ τὴν ἐπιθυμίαν τῆς ψυχῆς σου.
6147	ΔΕΥΤΕΡΟΝΟΜΙΟΝ 12:28	σου δι	2	consecutive enclitics	υἱοῖς	αἰῶνος	\vs{28}Φυλάσσου καὶ ἄκουε καὶ ποιήσεις πάντας τοὺς λόγους οὓς ἐγὼ ἐντέλλομαί σοι, ἵνα εὖ σοι γένηται καὶ τοῖς υἱοῖς σου διʼ αἰῶνος, ἐὰν ποιήσῃς τὸ ἀρεστὸν καὶ τὸ καλὸν ἐναντίον Κυρίου τοῦ Θεοῦ σου.
6159	ΔΕΥΤΕΡΟΝΟΜΙΟΝ 13:6	σε ἐκ	2	consecutive enclitics	ἐξαγαγόντος	γῆς	\vs{6}Καὶ ὁ προφήτης ἐκεῖνος ἢ ὁ τὸ ἐνύπνιον ἐνυπνιαζόμενος ἐκεῖνος, ἀποθανεῖται· ἐλάλησε γὰρ πλανῆσαί σε ἀπὸ Κυρίου τοῦ Θεοῦ σου ἐξαγαγόντος σε ἐκ γῆς Αἰγύπτου, τοῦ λυτρωσαμένου σε ἐκ τῆς δουλείας, ἐξῶσαί σε ἀπὸ τῆς ὁδοῦ, ἧς ἐνετείλατό σοι Κύριος ὁ Θεός σου πορεύεσθαι ἐν αὐτῇ· καὶ ἀφανιεῖς τὸν πονηρὸν ἐξ ὑμῶν αὐτῶν.
6159	ΔΕΥΤΕΡΟΝΟΜΙΟΝ 13:6	σε ἐκ	2	consecutive enclitics	λυτρωσαμένου	τῆς	\vs{6}Καὶ ὁ προφήτης ἐκεῖνος ἢ ὁ τὸ ἐνύπνιον ἐνυπνιαζόμενος ἐκεῖνος, ἀποθανεῖται· ἐλάλησε γὰρ πλανῆσαί σε ἀπὸ Κυρίου τοῦ Θεοῦ σου ἐξαγαγόντος σε ἐκ γῆς Αἰγύπτου, τοῦ λυτρωσαμένου σε ἐκ τῆς δουλείας, ἐξῶσαί σε ἀπὸ τῆς ὁδοῦ, ἧς ἐνετείλατό σοι Κύριος ὁ Θεός σου πορεύεσθαι ἐν αὐτῇ· καὶ ἀφανιεῖς τὸν πονηρὸν ἐξ ὑμῶν αὐτῶν.
6161	ΔΕΥΤΕΡΟΝΟΜΙΟΝ 13:7	σε ὁ	2	consecutive enclitics	παρακαλέσῃ	ἀδελφός	\vs{7}Ἐὰν δὲ παρακαλέσῃ σε ὁ ἀδελφός σου ἐκ πατρός σου ἢ ἐκ μητρός σου, ἢ ὁ υἱός σου, ἢ ἡ θυγάτηρ, ἢ ἡ γυνή σου ἡ ἐν κόλπῳ σου, ἢ φίλος ἴσος τῇ ψυχῇς σου λάθρα, λέγων, βαδίσωμεν καὶ λατρεύσωμεν θεοῖς ἑτέροις, οὓς οὐκ ᾔδεις σὺ καὶ οἱ πατέρες σου,
6161	ΔΕΥΤΕΡΟΝΟΜΙΟΝ 13:7	σου ἐκ	2	consecutive enclitics	ἀδελφός	πατρός	\vs{7}Ἐὰν δὲ παρακαλέσῃ σε ὁ ἀδελφός σου ἐκ πατρός σου ἢ ἐκ μητρός σου, ἢ ὁ υἱός σου, ἢ ἡ θυγάτηρ, ἢ ἡ γυνή σου ἡ ἐν κόλπῳ σου, ἢ φίλος ἴσος τῇ ψυχῇς σου λάθρα, λέγων, βαδίσωμεν καὶ λατρεύσωμεν θεοῖς ἑτέροις, οὓς οὐκ ᾔδεις σὺ καὶ οἱ πατέρες σου,
6163	ΔΕΥΤΕΡΟΝΟΜΙΟΝ 13:9	σου ἐπ	2	consecutive enclitics	ὀφθαλμός	αὐτῷ	\vs{9}οὐ συνθελήσεις αὐτῷ, καὶ οὐκ εἰσακούσῃ αὐτοῦ, καὶ οὐ φείσεται ὁ ὀφθαλμός σου ἐπʼ αὐτῷ, οὐκ ἐπιποθήσεις ἐπʼ αὐτῷ, οὐδʼ οὐ μὴ σκεπάσῃς αὐτόν·
6163	ΔΕΥΤΕΡΟΝΟΜΙΟΝ 13:9	οὐδ οὐ	2	consecutive enclitics	αὐτῷ	μὴ	\vs{9}οὐ συνθελήσεις αὐτῷ, καὶ οὐκ εἰσακούσῃ αὐτοῦ, καὶ οὐ φείσεται ὁ ὀφθαλμός σου ἐπʼ αὐτῷ, οὐκ ἐπιποθήσεις ἐπʼ αὐτῷ, οὐδʼ οὐ μὴ σκεπάσῃς αὐτόν·
6165	ΔΕΥΤΕΡΟΝΟΜΙΟΝ 13:11	σε ἐκ	2	consecutive enclitics	ἐξαγαγόντος	γῆς	\vs{11}Καὶ λιθοβολήσουσιν αὐτὸν ἐν λίθοις, καὶ ἀποθανεῖται, ὅτι ἐζήτησεν ἀποστῆσαί σε ἀπὸ Κυρίου τοῦ Θεοῦ σου τοῦ ἐξαγαγόντος σε ἐκ γῆς Αἰγύπτου, ἐξ οἴκου δουλείας.
6197	ΔΕΥΤΕΡΟΝΟΜΙΟΝ 14:21	σου Οὐχ	2	consecutive enclitics	Θεῷ	ἑψήσεις	\vs{21}Πᾶν θνησιμαῖον οὐ φάγεσθε· τῷ παροίκῳ τῷ ἐν ταῖς πόλεσί σου δοθήσεται καὶ φάγεται, ἢ ἀποδώσῃ τῷ ἀλλοτρίῳ, ὅτι λαὸς ἅγιος εἶ Κυρίῳ τῷ Θεῷ σου. Οὐχ ἑψήσεις ἄρνα ἐν γάλακτι μητρὸς αὐτοῦ.
6204	ΔΕΥΤΕΡΟΝΟΜΙΟΝ 14:27	ὁ ἐν	2	consecutive enclitics	Λευίτης	ταῖς	\vs{27}καὶ ὁ Λευίτης ὁ ἐν ταῖς πόλεσί σου, ὅτι οὐκ ἔστιν αὐτῷ μερὶς οὐδὲ κλῆρος μετὰ σοῦ.
6206	ΔΕΥΤΕΡΟΝΟΜΙΟΝ 14:28	σου ἐν	2	consecutive enclitics	γεννημάτων	τῷ	\vs{28}Μετὰ τρία ἔτη ἐξοίσεις πᾶν τὸ ἐπιδέκατον τῶν γεννημάτων σου, ἐν τῷ ἐνιαυτῷ ἐκείνῳ θήσεις αὐτὸ ἐν ταῖς πόλεσί σου.
6207	ΔΕΥΤΕΡΟΝΟΜΙΟΝ 14:29	ἡ ἐν	2	consecutive enclitics	χήρα	ταῖς	\vs{29}Καὶ ἐλεύσεται ὁ Λευίτης, ὅτι οὐκ ἔστιν αὐτῷ μερὶς οὐδὲ κλῆρος μετὰ σοῦ, καὶ ὁ προσήλυτος καὶ ὁ ὀρφανὸς καὶ ἡ χήρα ἡ ἐν ταῖς πόλεσί σου, καὶ φάγονται καὶ ἐμπλησθήσονται, ἵνα εὐλογήσῃ σε Κύριος ὁ Θεός σου ἐν πᾶσι τοῖς ἔργοις οἷς ἐὰν ποιῇς.
6207	ΔΕΥΤΕΡΟΝΟΜΙΟΝ 14:29	σου ἐν	2	consecutive enclitics	Θεός	πᾶσι	\vs{29}Καὶ ἐλεύσεται ὁ Λευίτης, ὅτι οὐκ ἔστιν αὐτῷ μερὶς οὐδὲ κλῆρος μετὰ σοῦ, καὶ ὁ προσήλυτος καὶ ὁ ὀρφανὸς καὶ ἡ χήρα ἡ ἐν ταῖς πόλεσί σου, καὶ φάγονται καὶ ἐμπλησθήσονται, ἵνα εὐλογήσῃ σε Κύριος ὁ Θεός σου ἐν πᾶσι τοῖς ἔργοις οἷς ἐὰν ποιῇς.
6211	ΔΕΥΤΕΡΟΝΟΜΙΟΝ 15:2	σοι ὁ	2	consecutive enclitics	ὀφείλει	πλησίον	\vs{2}Καὶ οὕτω τὸ πρόσταγμα τῆς ἀφέσεως· ἀφήσεις πᾶν χρέος ἴδιον, ὃ ὀφείλει σοι ὁ πλησίον, καὶ τὸν ἀδελφόν σου οὐκ ἀπαιτήσεις· ἐπικέκληται γὰρ ἄφεσις Κυρίῳ τῷ Θεῷ σου.
6211	ΔΕΥΤΕΡΟΝΟΜΙΟΝ 15:2	σου οὐκ	2	consecutive enclitics	ἀδελφόν	ἀπαιτήσεις	\vs{2}Καὶ οὕτω τὸ πρόσταγμα τῆς ἀφέσεως· ἀφήσεις πᾶν χρέος ἴδιον, ὃ ὀφείλει σοι ὁ πλησίον, καὶ τὸν ἀδελφόν σου οὐκ ἀπαιτήσεις· ἐπικέκληται γὰρ ἄφεσις Κυρίῳ τῷ Θεῷ σου.
6213	ΔΕΥΤΕΡΟΝΟΜΙΟΝ 15:4	σου ἐν	2	consecutive enclitics	Θεός	τῇ	\vs{4}Ὅτι οὐκ ἔσται ἐν σοὶ ἐνδεὴς, ὅτι εὐλογῶν εὐλογήσει σε Κύριος ὁ Θεός σου ἐν τῇ γῇ, ᾗ Κύριος ὁ Θεός σου δίδωσί σοι ἐν κλήρῳ κατακληρονομεῖν σε αὐτήν.
6213	ΔΕΥΤΕΡΟΝΟΜΙΟΝ 15:4	σοι ἐν	2	consecutive enclitics	δίδωσί	κλήρῳ	\vs{4}Ὅτι οὐκ ἔσται ἐν σοὶ ἐνδεὴς, ὅτι εὐλογῶν εὐλογήσει σε Κύριος ὁ Θεός σου ἐν τῇ γῇ, ᾗ Κύριος ὁ Θεός σου δίδωσί σοι ἐν κλήρῳ κατακληρονομεῖν σε αὐτήν.
6218	ΔΕΥΤΕΡΟΝΟΜΙΟΝ 15:7	σου ἐν	2	consecutive enclitics	ἀδελφῶν	μιᾷ	\vs{7}Ἐὰν δὲ γένηται ἐν σοὶ ἐνδεὴς ἐκ τῶν ἀδελφῶν σου ἐν μιᾷ τῶν πόλεών σου ἐν τῇ γῇ, ᾗ Κύριος ὁ Θεός σου δίδωσί σοι, οὐκ ἀποστέρξεις τὴν καρδίαν σου, οὐδʼ οὐ μὴ συσφίγξεις τὴν χεῖρά σου ἀπὸ τοῦ ἀδελφοῦ σου τοῦ ἐπιδεομένου.
6218	ΔΕΥΤΕΡΟΝΟΜΙΟΝ 15:7	σου ἐν	2	consecutive enclitics	πόλεών	τῇ	\vs{7}Ἐὰν δὲ γένηται ἐν σοὶ ἐνδεὴς ἐκ τῶν ἀδελφῶν σου ἐν μιᾷ τῶν πόλεών σου ἐν τῇ γῇ, ᾗ Κύριος ὁ Θεός σου δίδωσί σοι, οὐκ ἀποστέρξεις τὴν καρδίαν σου, οὐδʼ οὐ μὴ συσφίγξεις τὴν χεῖρά σου ἀπὸ τοῦ ἀδελφοῦ σου τοῦ ἐπιδεομένου.
6218	ΔΕΥΤΕΡΟΝΟΜΙΟΝ 15:7	σοι οὐκ	2	consecutive enclitics	δίδωσί	ἀποστέρξεις	\vs{7}Ἐὰν δὲ γένηται ἐν σοὶ ἐνδεὴς ἐκ τῶν ἀδελφῶν σου ἐν μιᾷ τῶν πόλεών σου ἐν τῇ γῇ, ᾗ Κύριος ὁ Θεός σου δίδωσί σοι, οὐκ ἀποστέρξεις τὴν καρδίαν σου, οὐδʼ οὐ μὴ συσφίγξεις τὴν χεῖρά σου ἀπὸ τοῦ ἀδελφοῦ σου τοῦ ἐπιδεομένου.
6221	ΔΕΥΤΕΡΟΝΟΜΙΟΝ 15:10	σου ἐν	2	consecutive enclitics	Θεός	πᾶσιν	\vs{10}Διδοὺς δώσεις αὐτῷ, καὶ δάνειον δανειεῖς αὐτῷ ὅσον ἐπιδέεται, καθότι ἐνδεεῖται· καὶ οὐ λυπηθήσῃ τῇ καρδίᾳ σου διδόντος σου αὐτῷ, ὅτι διὰ τὸ ῥῆμα τοῦτο εὐλογήσει σε Κύριος ὁ Θεός σου ἐν πᾶσιν τοῖς ἔργοις καὶ ἐν πᾶσι οὗ ἂν ἐπιβάλῃς τὴν χεῖρά σου.
6224	ΔΕΥΤΕΡΟΝΟΜΙΟΝ 15:12	σοι ὁ	2	consecutive enclitics	πραθῇ	ἀδελφός	\vs{12}Ἐὰν δὲ πραθῇ σοι ὁ ἀδελφός σου ὁ Ἑβραῖος ἢ Ἐβραία, δουλεύσει σοι ἓξ ἔτη, καὶ τῷ ἑβδόμῳ ἐξαποστελεῖς αὐτὸν ἐλεύθερον ἀπὸ σοῦ.
6224	ΔΕΥΤΕΡΟΝΟΜΙΟΝ 15:12	σου ὁ	2	consecutive enclitics	ἀδελφός	Ἑβραῖος	\vs{12}Ἐὰν δὲ πραθῇ σοι ὁ ἀδελφός σου ὁ Ἑβραῖος ἢ Ἐβραία, δουλεύσει σοι ἓξ ἔτη, καὶ τῷ ἑβδόμῳ ἐξαποστελεῖς αὐτὸν ἐλεύθερον ἀπὸ σοῦ.
6231	ΔΕΥΤΕΡΟΝΟΜΙΟΝ 15:18	σου ἐν	2	consecutive enclitics	Θεός	πᾶσιν	\vs{18}Οὐ σκληρὸν ἔσται ἐναντίον σου ἐξαποστελλομένων αὐτῶν ἐλευθέρων ἀπὸ σου, ὅτι ἐπέτειον μισθὸν τοῦ μισθωτοῦ ἐδούλευσέ σοι ἓξ ἔτη· καὶ εὐλογήσει σε Κύριος ὁ Θεός σου ἐν πᾶσιν οἷς ἐὰν ποιῇς.
6233	ΔΕΥΤΕΡΟΝΟΜΙΟΝ 15:19	σου οὐκ	2	consecutive enclitics	Θεῷ	ἐργᾷ	\vs{19}Πᾶν πρωτότοκον ὃ ἐὰν τεχθῇ ἐν ταῖς βουσί σου, καὶ ἐν τοῖς προβάτοις σου, τὰ ἀρσενικὰ ἁγιάσεις Κυρίῳ τῷ Θεῷ σου· οὐκ ἐργᾷ ἐν τῷ πρωτοτόκῳ μόσχῳ σου, καὶ οὐ μὴ κείρῃς τὰ πρωτότοκα τῶν προβάτων σου.
6235	ΔΕΥΤΕΡΟΝΟΜΙΟΝ 15:21	ἠ ἐν	2	consecutive enclitics	δὲ	αὐτῷ	\vs{21}Ἐὰν δὲ ἠ· ἐν αὐτῷ μῶμος, χωλὸν ἢ τυφλον, μῶμον πονηρὸν, οὐ θύσεις αὐτὸ Κυρίῳ τῷ Θεῷ σου.
6237	ΔΕΥΤΕΡΟΝΟΜΙΟΝ 15:22	ἐν σοι	2	consecutive enclitics	ἀκάθαρτος	καὶ	\vs{22}Ἐν ταῖς πόλεσί σου φαγῇ αὐτό· ὁ ἀκάθαρτος ἐν σοι, καὶ ὁ καθαρὸς ὡσαύτως ἔδεται ὡς δορκάδα ἢ ἔλαφον.
6248	ΔΕΥΤΕΡΟΝΟΜΙΟΝ 16:8	σου οὐ	2	consecutive enclitics	Θεῷ	ποιήσεις	\vs{8}Ἓξ ἡμέρας φαγῇ ἄζυμα, καὶ τῇ ἡμέρᾳ τῇ ἑβδόμῃ ἐξόδιον ἑορτὴ Κυρίῳ τῷ Θεῷ σου· οὐ ποιήσεις ἐν αὐτῇ πᾶν ἔργον, πλὴν ὅσα ποιηθήσεται ψυχῇ.
6253	ΔΕΥΤΕΡΟΝΟΜΙΟΝ 16:11	σου ὁ	2	consecutive enclitics	θυγάτηρ	παῖς	\vs{11}Καὶ εὐφρανθήσῃ ἐναντίον Κυρίου τοῦ Θεοῦ σου, σὺ καὶ ὁ υἱός σου, καὶ ἡ θυγάτηρ σου, ὁ παῖς σου, καὶ ἡ παιδίσκη σου, καὶ ὁ Λευίτης, καὶ ὁ προσήλυτος, καὶ ὁ ὀρφανὸς, καὶ ἡ χήρα ἡ οὖσα ἐν ὑμῖν, ἐν τῷ τόπῳ, ᾧ ἐὰν ἐκλέξηται Κύριος ὁ Θεός σου αὐτὸν, ἐπικληθῆναι τὸ ὄνομα αὐτοῦ ἐκεῖ.
6256	ΔΕΥΤΕΡΟΝΟΜΙΟΝ 16:13	σε ἐκ	2	consecutive enclitics	συναγαγεῖν	τῆς	\vs{13}Ἐορτὴν σκηνῶν ποιήσεις σεαυτῷ ἑπτὰ ἡμέρας ἐν τῷ συναγαγεῖν σε ἐκ τῆς ἅλωνός σου καὶ ἀπὸ τῆς ληνοῦ σου.
6257	ΔΕΥΤΕΡΟΝΟΜΙΟΝ 16:14	σου ὁ	2	consecutive enclitics	θυγάτηρ	παῖς	\vs{14}Καὶ εὐφρανθήσῃ ἐν τῇ ἑορτῇ σου, σὺ καὶ ὁ υἱός σου, καὶ ἡ θυγάτηρ σου, ὁ παῖς σου, καὶ ἡ παιδίσκη σου, καὶ ὁ Λευίτης, καὶ ὁ προσήλυτος, καὶ ὁ ὀρφανὸς, καὶ ἡ χήρα ἡ οὖσα ἐν ταῖς πόλεσί σου.
6258	ΔΕΥΤΕΡΟΝΟΜΙΟΝ 16:15	σου ἐν	2	consecutive enclitics	Θεῷ	τῷ	\vs{15}Ἑπτὰ ἡμέρας ἑορτάσεις Κυρἱω τῷ Θεῷ σου ἐν τῷ τόπῳ, ᾧ ἂν ἐκλέξηται Κύριος ὁ Θεός σου αὐτῷ· ἐὰν δὲ εὐλογήσῃ σε Κύριος ὁ Θεός σου ἐν πᾶσι γεννήμασί σου, καὶ ἐν πάντι ἔργῳ τῶν χειρῶν σου, καὶ ἔσῃ εὐφραινόμενος.
6258	ΔΕΥΤΕΡΟΝΟΜΙΟΝ 16:15	σου ἐν	2	consecutive enclitics	Θεός	πᾶσι	\vs{15}Ἑπτὰ ἡμέρας ἑορτάσεις Κυρἱω τῷ Θεῷ σου ἐν τῷ τόπῳ, ᾧ ἂν ἐκλέξηται Κύριος ὁ Θεός σου αὐτῷ· ἐὰν δὲ εὐλογήσῃ σε Κύριος ὁ Θεός σου ἐν πᾶσι γεννήμασί σου, καὶ ἐν πάντι ἔργῳ τῶν χειρῶν σου, καὶ ἔσῃ εὐφραινόμενος.
6260	ΔΕΥΤΕΡΟΝΟΜΙΟΝ 16:16	σου ἐν	2	consecutive enclitics	Θεοῦ	τῷ	\vs{16}Τρεῖς καιροὺς τοῦ ἐνιαυτοῦ ὀφθήσεται πᾶν ἀρσενικόν σου ἐναντίον Κυρίου τοῦ Θεοῦ σου ἐν τῷ τόπῳ, ᾧ ἐὰν ἐκλέξηται αὐτὸν Κύριος· ἐν τῇ ἑορτῇ τῶν ἀζύμων, καὶ ἐν τῇ ἑορτῇ τῶν ἑβδομάδων, καὶ ἐν τῇ ἑορτῇ τῆς σκηνοπηγίας· οὐκ ὀφθήσῃ ἐνώπιον Κυρίου τοῦ Θεοῦ σου κενός.
6267	ΔΕΥΤΕΡΟΝΟΜΙΟΝ 16:21	σου οὐ	2	consecutive enclitics	Θεοῦ	ποιήσεις	\vs{21}Οὐ φυτεύσεις σεαυτῷ ἄλσος· πᾶν ξύλον παρὰ τὸ θυσιαστήριον τοῦ Θεοῦ σου οὐ ποιήσεις σεαυτῷ.
6271	ΔΕΥΤΕΡΟΝΟΜΙΟΝ 17:1	ἐστιν ἐν	2	consecutive enclitics	ᾧ	αὐτῷ	Οὐ θύσεις Κυρίῳ τῷ Θεῷ σου μόσχον ἢ πρόβατον, ἐν ᾧ ἐστιν ἐν αὐτῷ μῶμος, πᾶν ῥῆμα πονηρόν· ὅτι βδέλυγμα Κυρίῳ τῷ Θεῷ σου ἐστίν.
6282	ΔΕΥΤΕΡΟΝΟΜΙΟΝ 17:10	σοι ἐκ	2	consecutive enclitics	ἀναγγείλωσί	τοῦ	\vs{10}Καὶ ποιήσεις κατὰ τὸ πρᾶγμα ὃ ἂν ἀναγγείλωσί σοι ἐκ τοῦ τόπου, οὗ ἐὰν ἐκλέξηται Κύριος ὁ Θεός σου, καὶ φυλάξῃ ποιῆσαι πάντα ὅσα ἂν νομοθετηθῇ σοι.
6285	ΔΕΥΤΕΡΟΝΟΜΙΟΝ 17:12	ἠ ἐν	2	consecutive enclitics	ἂν	ταῖς	\vs{12}Καὶ ὁ ἄνθρωπος ὃς ἐὰν ποιήσῃ ἐν ὑπερηφανίᾳ, ὥστε μὴ ὑπακοῦσαι τοῦ ἱερέως τοῦ παρεστηκότος λειτουργεῖν ἐπὶ τῷ ὀνόματι Κυρίου τοῦ Θεοῦ σου, ἢ τοῦ κριτοῦ ὃς ἂν ἠ· ἐν ταῖς ἡμέραις ἐκείναις, καὶ ἀποθανεῖται ὁ ἄνθρωπος ἐκεῖνος, καὶ ἐξαρεῖς τὸν πονηρὸν ἐξ Ἰσραήλ.
6307	ΔΕΥΤΕΡΟΝΟΜΙΟΝ 18:9	σοι οὐ	2	consecutive enclitics	δίδωσί	μαθήσῃ	\vs{9}Ἐὰν δὲ εἰσέλθῃς εἰς τὴν γῆν ἣν Κύριος ὁ Θεός σου δίδωσί σοι, οὐ μαθήσῃ ποιεῖν κατὰ τὰ βδελύγματα τῶν ἐθνῶν ἐκείνων.
6313	ΔΕΥΤΕΡΟΝΟΜΙΟΝ 18:14	σοι οὐχ	2	consecutive enclitics	καί	οὕτως	\vs{14}Τὰ γὰρ ἔθνη ταῦτα, οὓς σὺ κατακληρονομεῖς αὐτοὺς, οὗτοι κληδόνων καὶ μαντειῶν ἀκούσονται· καί σοι οὐχ οὕτως ἔδωκε Κύριος ὁ Θεός σου.
6315	ΔΕΥΤΕΡΟΝΟΜΙΟΝ 18:15	σου ὡς	2	consecutive enclitics	ἀδελφῶν	ἐμὲ	\vs{15}Προφήτην ἐκ τῶν ἀδελφῶν σου, ὡς ἐμὲ, ἀναστήσει σοι Κύριος ὁ Θεός σου· αὐτοῦ ἀκούσεσθε·
6316	ΔΕΥΤΕΡΟΝΟΜΙΟΝ 18:16	σου ἐν	2	consecutive enclitics	Θεοῦ	Χωρὴβ	\vs{16}Κατὰ πάντα ὅσα ᾐτήσω παρὰ Κυρίου τοῦ Θεοῦ σου ἐν Χωρὴβ τῇ ἡμέρᾳ τῆς ἐκκλησίας, λέγοντες, οὐ προσθήσομεν ἀκοῦσαι τὴν φωνὴν Κυρίου τοῦ Θεοῦ σου, καὶ τὸ πῦρ τοῦτο τὸ μέγα οὐκ ὀψόμεθα ἔτι, οὐδὲ μὴ ἀποθάνωμεν.
6330	ΔΕΥΤΕΡΟΝΟΜΙΟΝ 19:6	ἠ ἡ	2	consecutive enclitics	μακροτέρα	ὁδὸς	\vs{6}Ἵνα μὴ διώξας ὁ ἀγχιστεύων τοῦ αἵματος ὀπίσω τοῦ φονεύσαντος, ὅτι παρατεθέρμανται τῇ καρδίᾳ, καὶ καταλάβῃ αὐτὸν, ἐὰν μακροτέρα ἠ· ἡ ὁδὸς, καὶ πατάξῃ αὐτοῦ ψυχήν· καὶ τούτῳ οὐκ ἔστι κρίσις θανάτου, ὅτι οὐ μισῶν ἦν αὐτὸν πρὸ τῆς χθὲς, οὐδὲ πρὸ τῆς τρίτης.
6335	ΔΕΥΤΕΡΟΝΟΜΙΟΝ 19:10	σοι ἐν	2	consecutive enclitics	δίδωσί	κλήρῳ	\vs{10}Καὶ οὐκ ἐκχυθήσεται αἷμα ἀναίτιον ἐν τῇ γῇ, ἡ· Κύριος ὁ Θεός σου δίδωσί σοι ἐν κλήρῳ, καὶ οὐκ ἔσται ἐν σοὶ αἵματι ἔνοχος.
6339	ΔΕΥΤΕΡΟΝΟΜΙΟΝ 19:13	σου ἐπ	2	consecutive enclitics	ὀφθαλμός	αὐτῷ	\vs{13}Οὐ φείσεται ὁ ὀφθαλμός σου ἐπʼ αὐτῷ, καὶ καθαριεῖς τὸ αἷμα τὸ ἀναίτιον ἐξ Ἰσραὴλ, καὶ εὖ σοι ἔσται.
6341	ΔΕΥΤΕΡΟΝΟΜΙΟΝ 19:14	σου ἐν	2	consecutive enclitics	πατέρες	τῇ	\vs{14}Οὐ μετακινήσεις ὅρια τοῦ πλησίον, ἃ ἔστησαν οἱ πατέρες σου ἐν τῇ κληρονομίᾳ, ᾗ κατεκληρονομήθης ἐν τῇ γῇ, ἣν Κύριος ὁ Θεός σου δίδωσί σοι ἐν κλήρῳ.
6341	ΔΕΥΤΕΡΟΝΟΜΙΟΝ 19:14	σοι ἐν	2	consecutive enclitics	δίδωσί	κλήρῳ	\vs{14}Οὐ μετακινήσεις ὅρια τοῦ πλησίον, ἃ ἔστησαν οἱ πατέρες σου ἐν τῇ κληρονομίᾳ, ᾗ κατεκληρονομήθης ἐν τῇ γῇ, ἣν Κύριος ὁ Θεός σου δίδωσί σοι ἐν κλήρῳ.
6348	ΔΕΥΤΕΡΟΝΟΜΙΟΝ 19:21	σου ἐπ	2	consecutive enclitics	ὀφθαλμός	αὐτῷ	\vs{21}Οὐ φείσεται ὁ ὀφθαλμός σου ἐπʼ αὐτῷ· ψυχὴν ἀντὶ ψυχῆς, ὀφθαλμὸν ἀντὶ ὀφθαλμοῦ, ὀδόντα ἀντὶ ὀδόντος, χεῖρα ἀντὶ χειρὸς, πόδα ἀντὶ ποδός.
6351	ΔΕΥΤΕΡΟΝΟΜΙΟΝ 20:1	σου οὐ	2	consecutive enclitics	πλείονά	φοβηθήσῃ	Ἐὰν δὲ ἐξέλθῃς εἰς πόλεμον ἐπὶ τοὺς ἐχθρούς σου, καὶ ἴδῃς ἵππον καὶ ἀναβάτην καὶ λαὸν πλείονά σου, οὐ φοβηθήσῃ ἀπʼ αὐτῶν, ὅτι Κύριος ὁ Θεός σου μετὰ σοῦ, ὁ ἀναβιβάσας σε ἐκ γῆς Αἰγύπτου.
6351	ΔΕΥΤΕΡΟΝΟΜΙΟΝ 20:1	σε ἐκ	2	consecutive enclitics	ἀναβιβάσας	γῆς	Ἐὰν δὲ ἐξέλθῃς εἰς πόλεμον ἐπὶ τοὺς ἐχθρούς σου, καὶ ἴδῃς ἵππον καὶ ἀναβάτην καὶ λαὸν πλείονά σου, οὐ φοβηθήσῃ ἀπʼ αὐτῶν, ὅτι Κύριος ὁ Θεός σου μετὰ σοῦ, ὁ ἀναβιβάσας σε ἐκ γῆς Αἰγύπτου.
6365	ΔΕΥΤΕΡΟΝΟΜΙΟΝ 20:13	σου εἰς	2	consecutive enclitics	Θεός	τὰς	\vs{13}ἕως ἂν παραδῷ σοι αὐτὴν Κύριος ὁ Θεός σου εἰς τὰς χεῖράς σου, καὶ πατάξεις πᾶν ἀρσενικὸν αὐτῆς ἐν φόνῳ μαχαίρας,
6372	ΔΕΥΤΕΡΟΝΟΜΙΟΝ 20:19	σου εἰς	2	consecutive enclitics	προσώπου	τὸν	\vs{19}Ἐὰν δὲ περικαθίσῃς περὶ πόλιν μίαν ἡμέρας πλείους ἐκπολεμῆσαι αὐτὴν εἰς κατάληψιν αὐτῆς, οὐκ ἐξολεθρεύσεις τὰ δένδρα αὐτῆς, ἐπιβαλεῖν ἐπʼ αὐτὰ σίδηρον, ἀλλʼ ἢ ἀπʼ αὐτοῦ φαγῇ, αὐτὸ δὲ οὐκ ἐκκόψεις· μὴ ἄνθρωπος τὸ ξύλον τὸ ἐν τῷ ἀγρῷ, εἰσελθεῖν ἀπὸ προσώπου σου εἰς τὸν χάρακα;
6386	ΔΕΥΤΕΡΟΝΟΜΙΟΝ 21:10	σου εἰς	2	consecutive enclitics	Θεός	τὰς	\vs{10}Ἐὰν δὲ ἐξελθὼν εἰς πόλεμον ἐπὶ τοὺς ἐχθρούς σου, καὶ παραδῷ σοι Κύριος ὁ Θεός σου εἰς τὰς χεῖράς σου, καὶ προνομεύσῃς τὴν προνομὴν αὐτῶν,
6396	ΔΕΥΤΕΡΟΝΟΜΙΟΝ 21:18	τινι ἠ	2	consecutive enclitics	δέ	υἱὸς	\vs{18}Ἐὰν δέ τινι ἠ· υἱὸς ἀπειθῆς καὶ ἐρεθιστὴς οὐχ ὑπακούων φωνὴν πατρὸς καὶ φωνὴν μητρὸς, καὶ παιδεύωσιν αὐτὸν, καὶ μὴ εἰσακούῃ αὐτῶν·
6402	ΔΕΥΤΕΡΟΝΟΜΙΟΝ 21:23	σοι ἐν	2	consecutive enclitics	δίδωσί	κλήρῳ	\vs{23}οὐ κοιμηθήσεται τὸ σῶμα αὐτοῦ ἐπὶ τοῦ ξύλου, ἀλλὰ ταφῇ θάψετε αὐτὸ ἐν τῇ ἡμέρᾳ ἐκείνῃ, ὅτι κεκατηραμένος ὑπὸ Θεοῦ πᾶς κρεμάμενος ἐπὶ ξύλου· καὶ οὐ μὴ μιανεῖτε τὴν γῆν, ἣν Κύριος ὁ Θεός σου δίδωσί σοι ἐν κλήρῳ.
6411	ΔΕΥΤΕΡΟΝΟΜΙΟΝ 22:6	σου ἐν	2	consecutive enclitics	προσώπου	τῇ	\vs{6}Ἐὰν δὲ συναντήσῃς νοσσιᾷ ὀρνέων πρὸ προσώπου σου ἐν τῇ ὁδῷ ἢ ἐπὶ παντὶ δένδρῳ, ἢ ἐπὶ τῆς γῆς, νοσσοῖς ἢ ὠοῖς, καὶ ἡ μήτηρ θάλπῃ ἐπὶ τῶν νοσσῶν ἢ ἐπὶ τῶν ὠῶν, οὐ λήψῃ τὴν μητέρα μετὰ τῶν τέκνων.
6449	ΔΕΥΤΕΡΟΝΟΜΙΟΝ 23:7	σου εἰς	2	consecutive enclitics	ἡμέρας	τὸν	\vs{7}Οὐ προσαγορεύσεις εἰρηνικὰ αὐτοῖς καὶ συμφέροντα αὐτοῖς πάσας τὰς ἡμέρας σου εἰς τὸν αἰῶνα.
6454	ΔΕΥΤΕΡΟΝΟΜΙΟΝ 23:11	ἠ ἐν	2	consecutive enclitics	Ἐὰν	σοὶ	\vs{11}Ἐὰν ἠ· ἐν σοὶ ἄνθρωπος ὃς οὐκ ἔσται καθαρὸς ἐκ ῥύσεως αὐτοῦ νυκτὸς, καὶ ἐξελεύσεται ἔξω τῆς παρεμβολῆς, καὶ οὐκ εἰσελεύσεται εἰς τὴν παρεμβολήν.
6466	ΔΕΥΤΕΡΟΝΟΜΙΟΝ 23:21	σου οὐκ	2	consecutive enclitics	ἀδελφῷ	ἐκτοκιεῖς	\vs{21}Τῷ ἀλλοτρίῳ ἐκτοκιεῖς, τῷ δὲ ἀδελφῷ σου οὐκ ἐκτοκιεῖς, ἵνα εὐλογήσῃ σε Κύριος ὁ Θεός σου ἐν πᾶσι τοῖς ἔργοις σου ἐπὶ τῆς γῆς, εἰς ἣν εἰσπορεύῃ ἐκεῖ κληρονομῆσαι αὐτήν.
6466	ΔΕΥΤΕΡΟΝΟΜΙΟΝ 23:21	σου ἐν	2	consecutive enclitics	Θεός	πᾶσι	\vs{21}Τῷ ἀλλοτρίῳ ἐκτοκιεῖς, τῷ δὲ ἀδελφῷ σου οὐκ ἐκτοκιεῖς, ἵνα εὐλογήσῃ σε Κύριος ὁ Θεός σου ἐν πᾶσι τοῖς ἔργοις σου ἐπὶ τῆς γῆς, εἰς ἣν εἰσπορεύῃ ἐκεῖ κληρονομῆσαι αὐτήν.
6468	ΔΕΥΤΕΡΟΝΟΜΙΟΝ 23:22	σου οὐ	2	consecutive enclitics	Θεῷ	χρονιεῖς	\vs{22}Ἐὰν δὲ εὔξῃ εὐχὴν Κυρίῳ τῷ Θεῷ σου, οὐ χρονιεῖς ἀποδοῦναι αὐτὴν, ὅτι ἐκζητῶν ἐκζητήσει Κύριος ὁ Θεός σου παρὰ σοῦ, καὶ ἔσται ἐν σοὶ ἁμαρτία.
6478	ΔΕΥΤΕΡΟΝΟΜΙΟΝ 24:4	σοι ἐν	2	consecutive enclitics	δίδωσί	κλήρῳ	\vs{4}οὐ δυνήσεται ὁ ἀνὴρ ὁ πρότερος ὁ ἐξαποστείλας αὐτὴν, ἐπαναστρέψας λαβεῖν αὐτὴν ἑαυτῷ γυναῖκα, μετὰ τὸ μιανθῆναι αὐτὴν, ὅτι βδέλυγμά ἐστιν ἐναντίον Κυρίου τοῦ Θεοῦ σου, καὶ οὐ μιανεῖτε τὴν γῆν, ἣν Κύριος ὁ Θεός σου δίδωσί σοι ἐν κλήρῳ.
6487	ΔΕΥΤΕΡΟΝΟΜΙΟΝ 24:10	ἠ ἐν	2	consecutive enclitics	ὀφείλημα	τῷ	\vs{10}Ἐὰν ὀφείλημα ἠ· ἐν τῷ πλησίον σου, ὀφείλημα ὁτιοῦν, οὐκ εἰσελεύσῃ εἰς τὴν οἰκίαν αὐτοῦ ἐνεχυράσαι τὸ ἐνέχυρον αὐτοῦ.
6497	ΔΕΥΤΕΡΟΝΟΜΙΟΝ 24:19	σου οὐκ	2	consecutive enclitics	ἀγρῷ	ἀναστραφήσῃ	\vs{19}Ἐὰν δὲ ἀμήσῃς ἀμητὸν ἐν τῷ ἀγρῷ σου, καὶ ἐπιλάθῃ δράγμα ἐν τῷ ἀγρῷ σου, οὐκ ἀναστραφήσῃ λαβεῖν αὐτό· τῷ προσηλύτῳ καὶ τῷ ὀρφανῷ καὶ τῇ χήρᾳ ἔσται, ἵνα εὐλογήσῃ σε Κύριος ὁ Θεός σου ἐν πᾶσι τοῖς ἔργοις τῶν χειρῶν σου.
6497	ΔΕΥΤΕΡΟΝΟΜΙΟΝ 24:19	σου ἐν	2	consecutive enclitics	Θεός	πᾶσι	\vs{19}Ἐὰν δὲ ἀμήσῃς ἀμητὸν ἐν τῷ ἀγρῷ σου, καὶ ἐπιλάθῃ δράγμα ἐν τῷ ἀγρῷ σου, οὐκ ἀναστραφήσῃ λαβεῖν αὐτό· τῷ προσηλύτῳ καὶ τῷ ὀρφανῷ καὶ τῇ χήρᾳ ἔσται, ἵνα εὐλογήσῃ σε Κύριος ὁ Θεός σου ἐν πᾶσι τοῖς ἔργοις τῶν χειρῶν σου.
6499	ΔΕΥΤΕΡΟΝΟΜΙΟΝ 24:21	σου οὐκ	2	consecutive enclitics	ἀμπελῶνά	ἐπανατρυγήσεις	\vs{21}Ἐὰν δὲ τρυγήσῃς τὸν ἀμπελῶνά σου, οὐκ ἐπανατρυγήσεις αὐτὸν τὰ ὀπίσω σου· τῷ προσηλύτῳ καὶ τῷ ὀρφανῷ καὶ τῇ χήρᾳ ἔσται·
6517	ΔΕΥΤΕΡΟΝΟΜΙΟΝ 25:12	σου ἐπ	2	consecutive enclitics	ὀφθαλμός	αὐτῇ	\vs{12}ἀποκόψεις τὴν χεῖρα· οὐ φείσεται ὁ ὀφθαλμός σου ἐπʼ αὐτῇ.
6519	ΔΕΥΤΕΡΟΝΟΜΙΟΝ 25:13	σοι ἐν	2	consecutive enclitics	ἔσται	τῷ	\vs{13}Οὐκ ἔσται σοι ἐν τῷ μαρσίππῳ σου στάθμιον καὶ στάθμιον, μέγα ἢ μικρόν.
6521	ΔΕΥΤΕΡΟΝΟΜΙΟΝ 25:15	σοι ἐν	2	consecutive enclitics	δίδωσί	κλήρῳ	\vs{15}Στάθμιον ἀληθινὸν καὶ δίκαιον ἔσται σοι, καὶ μέτρον ἀληθινὸν καὶ δίκαιον ἔσται σοι, ἵνα πολυήμερος γένῃ ἐπὶ τῆς γῆς, ἧς Κύριος ὁ Θεός σου δίδωσί σοι ἐν κλήρῳ.
6524	ΔΕΥΤΕΡΟΝΟΜΙΟΝ 25:17	σου ἐκ	2	consecutive enclitics	ἐκπορευομένου	γῆς	\vs{17}Μνήσθητι ὅσα ἐποίησέ σοι Ἀμαλὴκ ἐν τῇ ὁδῷ, ἐκπορευομένου σου ἐκ γῆς Αἰγύπτου,
6525	ΔΕΥΤΕΡΟΝΟΜΙΟΝ 25:18	σοι ἐν	2	consecutive enclitics	ἀντέστη	τῇ	\vs{18}πῶς ἀντέστη σοι ἐν τῇ ὁδῷ, καὶ ἔκοψέ σου τὴν οὐραγίαν, τοὺς κοπιῶντας ὀπίσω σου, σὺ δὲ ἐπείνας καὶ ἐκοπίας· καὶ οὐκ ἐφοβήθη τὸν Θεόν.
6526	ΔΕΥΤΕΡΟΝΟΜΙΟΝ 25:19	σου ἐν	2	consecutive enclitics	κύκλῳ	τῇ	\vs{19}Καὶ ἔσται ἡνίκα ἐὰν καταπαύσῃ σε Κύριος ὁ Θεός σου ἀπὸ πάντων τῶν ἐχθρῶν σου τῶν κύκλῳ σου ἐν τῇ γῇ, ᾗ Κύριος ὁ Θεός σου δίδωσί σοι κληρονομῆσαι, ἐξαλείψεις τὸ ὄνομα Ἀμαλὴκ ἐκ τῆς ὑπὸ τὸν οὐρανόν, καὶ οὐ μὴ ἐπιλάθῃ.
6539	ΔΕΥΤΕΡΟΝΟΜΙΟΝ 26:11	ὁ ἐν	2	consecutive enclitics	προσήλυτος	σοί	\vs{11}καὶ εὐφρανθήσῃ ἐν πᾶσι τοῖς ἀγαθοῖς, οἷς ἔδωκέ σοι Κύριος ὁ Θεός σου, καὶ ἡ οἰκία σου, καὶ ὁ Λευίτης, καὶ ὁ προσήλυτος ὁ ἐν σοί.
6541	ΔΕΥΤΕΡΟΝΟΜΙΟΝ 26:12	σου ἐν	2	consecutive enclitics	γενημάτων	τῷ	\vs{12}Ἐὰν δὲ συντελέσῃς ἀποδεκατῶσαι πᾶν τὸ ἐπιδέκατον τῶν γενημάτων σου ἐν τῷ ἔτει τῷ τρίτῳ, τὸ δεύτερον ἐπιδέκατον δώσεις τῷ Λευίτῃ καὶ τῷ προσηλύτῳ καὶ τῷ ὀρφανῷ καὶ τῇ χήρᾳ, καὶ φάγονται ἐν ταῖς πόλεσί σου, καὶ εὐφρανθήσονται.
6543	ΔΕΥΤΕΡΟΝΟΜΙΟΝ 26:13	μοι οὐ	2	consecutive enclitics	ἐνετείλω	παρῆλθον	\vs{13}Καὶ ἐρεῖς ἔναντι Κυρίου τοῦ Θεοῦ σου, ἐξεκάθαρα τὰ ἅγια ἐκ τῆς οἰκίας μου, καὶ ἔδωκα αὐτὰ τῷ Λευίτῃ καὶ τῷ προσηλύτῳ καὶ τῷ ὀρφανῷ καὶ τῇ χήρᾳ, κατὰ πάσας τὰς ἐντολὰς ἃς ἐνετείλω μοι· οὐ παρῆλθον τὴν ἐντολήν σου, καὶ οὐκ ἐπελαθόμην.
6544	ΔΕΥΤΕΡΟΝΟΜΙΟΝ 26:14	μου ἀπ	2	consecutive enclitics	ὀδύνῃ	αὐτῶν	\vs{14}Καὶ οὐκ ἔφαγον ἐν ὀδύνῃ μου ἀπʼ αὐτῶν, οὐκ ἐκάρπωσα ἀπʼ αὐτῶν εἰς ἀκάθαρτον, οὐκ ἔδωκα ἀπʼ αὐτῶν τῷ τεθνηκότι· ὑπήκουσα τῆς φωνῆς Κυρίου τοῦ Θεοῦ ἡμῶν, ἐποίησα καθὰ ἐνετείλω μοι.
6545	ΔΕΥΤΕΡΟΝΟΜΙΟΝ 26:15	σου ἐκ	2	consecutive enclitics	ἁγίου	τοῦ	\vs{15}Κάτιδε ἐκ τοῦ οἴκου τοῦ ἁγίου σου ἐκ τοῦ οὐρανοῦ, καὶ εὐλόγησον τὸν λαόν σου τὸν Ἰσραὴλ, καὶ τὴν γῆν ἣν ἔδωκας αὐτοῖς, καθὰ ὤμοσας τοῖς πατράσιν ἡμῶν, δοῦναι ἡμῖν γῆν ῥέουσαν γάλα καὶ μέλι.
6595	ΔΕΥΤΕΡΟΝΟΜΙΟΝ 28:11	σου εἰς	2	consecutive enclitics	Θεός	ἀγαθὰ	\vs{11}Καὶ πληθυνεῖ σε Κύριος ὁ Θεός σου εἰς ἀγαθὰ ἐν τοῖς ἐκγόνοις τῆς κοιλίας σου, καὶ ἐπὶ τοῖς ἐκγόνοις τῶν κτηνῶν σου, καὶ ἐπὶ τοῖς γεννήμασι τῆς γῆς σου, ἐπὶ τῆς γῆς σου ἧς ὤμοσε Κύριος τοῖς πατράσι σου δοῦναί σοι.
6598	ΔΕΥΤΕΡΟΝΟΜΙΟΝ 28:13	σου εἰς	2	consecutive enclitics	Θεός	κεφαλὴν	\vs{13}Καταστήσαι σε Κύριος ὁ Θεός σου εἰς κεφαλὴν καὶ μὴ εἰς οὐρὰν, καὶ ἔσῃ τότε ἐπάνω καὶ οὐκ ἔσῃ ὑποκάτω, ἐὰν ἀκούσῃς τῆς φωνῆς Κυρίου τοῦ Θεοῦ σου, ὅσα ἐγὼ ἐντέλλομαί σοι σήμερον φυλάσσειν.
6607	ΔΕΥΤΕΡΟΝΟΜΙΟΝ 28:20	σε ἐν	2	consecutive enclitics	ἀπολέσῃ	τάχει	\vs{20}Ἀποστείλαι Κύριος ἐπὶ σὲ τὴν ἔνδειαν καὶ τὴν ἐκλιμίαν καὶ τὴν ἀνάλωσιν ἐπὶ πάντα οὗ ἐὰν ἐπιβάλῃς τὴν χεῖρά σου, ἕως ἂν ἐξολοθρεύσῃ σε, καὶ ἕως ἂν ἀπολέσῃ σε ἐν τάχει διὰ τὰ πονηρὰ ἐπιτηδεύματά σου, διότι ἐνκατέλιπές με.
6610	ΔΕΥΤΕΡΟΝΟΜΙΟΝ 28:23	σοι ὁ	2	consecutive enclitics	ἔσται	οὐρανὸς	\vs{23}Καὶ ἔσται σοι ὁ οὐρανὸς ὁ ὑπὲρ κεφαλῆς σου χαλκοῦς, καὶ ἡ γῆ ἡ ὑποκάτω σου σιδηρᾶ.
6611	ΔΕΥΤΕΡΟΝΟΜΙΟΝ 28:24	σε ἐν	2	consecutive enclitics	ἀπολέσῃ	τάχει	\vs{24}Δῴη Κύριος ὁ Θεός σου τὸν ὑετὸν τῇς γῇς σου κονιορτὸν, καὶ χοῦς ἐκ τοῦ οὐρανοῦ καταβήσεται, ἕως ἂν ἐκτρίψῃ σε, καὶ ἕως ἂν ἀπολέσῃ σε ἐν τάχει.
6620	ΔΕΥΤΕΡΟΝΟΜΙΟΝ 28:32	σοι ὁ	2	consecutive enclitics	ἔσται	βοηθῶν	\vs{32}καὶ οὐκ ἔσται σοι ὁ βοηθῶν. Οἱ υἱοί σου καὶ αἱ θυγατέρες σου δεδομέναι ἔθνει ἑτέρῳ, καὶ οἱ ὀφθαλμοί σου βλέψονται σφακελίζοντες εἰς αὐτὰ· οὐκ ἰσχύσει ἡ χείρ σου.
6631	ΔΕΥΤΕΡΟΝΟΜΙΟΝ 28:40	σοι ἐν	2	consecutive enclitics	ἔσονταί	πᾶσι	\vs{40}Ἐλαῖαι ἔσονταί σοι ἐν πᾶσι τοὶς ὁρίοις σου, καὶ ἔλαιον οὐ χρίσῃ, ὅτι ἐκρυήσεται ἡ ἐλαία σου.
6634	ΔΕΥΤΕΡΟΝΟΜΙΟΝ 28:43	ἐστιν ἐν	2	consecutive enclitics	ὅς	σοὶ	\vs{43}Ὁ προσήλυτος ὅς ἐστιν ἐν σοὶ, ἀναβήσεται ἄνω ἄνω, σὺ δὲ καταβήσῃ κάτω κάτω.
6639	ΔΕΥΤΕΡΟΝΟΜΙΟΝ 28:47	σου ἐν	2	consecutive enclitics	Θεῷ	εὐφροσύνῃ	\vs{47}ἀνθʼ ὧν οὐκ ἐλάτρευσας Κυρίῳ τῷ Θεῷ σου ἐν εὐφροσύνῃ καὶ ἀγαθῇ διανοίᾳ διὰ τὸ πλῆθος πάντων.
6645	ΔΕΥΤΕΡΟΝΟΜΙΟΝ 28:52	σε ἐν	2	consecutive enclitics	ἐκτρίψῃ	ταῖς	\vs{52}Καὶ ἐκτρίψῃ σε ἐν ταῖς πόλεσί σου, ἕως ἂν καθαιρεθῶσι τὰ τείχη τὰ ὑψηλὰ καὶ τὰ ὀχυρὰ, ἐφʼ οἷς σὺ πέποιθας ἐπʼ αὐτοῖς, ἐν πάσῃ τῇ γῇ σου· καὶ θλίψει σε ἐν ταῖς πόλεσί σου, αἷς ἔδωκέ σοι.
6645	ΔΕΥΤΕΡΟΝΟΜΙΟΝ 28:52	σε ἐν	2	consecutive enclitics	θλίψει	ταῖς	\vs{52}Καὶ ἐκτρίψῃ σε ἐν ταῖς πόλεσί σου, ἕως ἂν καθαιρεθῶσι τὰ τείχη τὰ ὑψηλὰ καὶ τὰ ὀχυρὰ, ἐφʼ οἷς σὺ πέποιθας ἐπʼ αὐτοῖς, ἐν πάσῃ τῇ γῇ σου· καὶ θλίψει σε ἐν ταῖς πόλεσί σου, αἷς ἔδωκέ σοι.
6646	ΔΕΥΤΕΡΟΝΟΜΙΟΝ 28:53	σοι ἐν	2	consecutive enclitics	ἔδωκέ	τῇ	\vs{53}Καὶ φαγῇ τὰ ἔκγονα τῆς κοιλίας σου, κρέα υἱῶν σου καὶ θυγατέρων σου, ὅσα ἔδωκέ σοι, ἐν τῇ στενοχωρίᾳ σου καὶ ἐν τῇ θλίψει σου, ἡ· θλίψει σε ὁ ἐχθρός σου.
6646	ΔΕΥΤΕΡΟΝΟΜΙΟΝ 28:53	σου ἡ	2	consecutive enclitics	θλίψει	θλίψει	\vs{53}Καὶ φαγῇ τὰ ἔκγονα τῆς κοιλίας σου, κρέα υἱῶν σου καὶ θυγατέρων σου, ὅσα ἔδωκέ σοι, ἐν τῇ στενοχωρίᾳ σου καὶ ἐν τῇ θλίψει σου, ἡ· θλίψει σε ὁ ἐχθρός σου.
6646	ΔΕΥΤΕΡΟΝΟΜΙΟΝ 28:53	σε ὁ	2	consecutive enclitics	θλίψει	ἐχθρός	\vs{53}Καὶ φαγῇ τὰ ἔκγονα τῆς κοιλίας σου, κρέα υἱῶν σου καὶ θυγατέρων σου, ὅσα ἔδωκέ σοι, ἐν τῇ στενοχωρίᾳ σου καὶ ἐν τῇ θλίψει σου, ἡ· θλίψει σε ὁ ἐχθρός σου.
6648	ΔΕΥΤΕΡΟΝΟΜΙΟΝ 28:54	ὁ ἐν	2	consecutive enclitics	ἁπαλὸς	σοὶ	\vs{54}Ὁ ἁπαλὸς ὁ ἐν σοὶ καὶ ὁ τρυφερὸς σφόδρα, βασκανεῖ τῷ ὀφθαλμῷ αὐτοῦ τὸν ἀδελφὸν αὐτοῦ, καὶ τὴν γυναῖκα τὴν ἐν τῷ κόλπῳ αὐτοῦ, καὶ τὰ καταλελειμμένα τέκνα, ἃ ἂν καταλειφθῇ
6649	ΔΕΥΤΕΡΟΝΟΜΙΟΝ 28:55	σου ἡ	2	consecutive enclitics	θλίψει	ἂν	\vs{55}αὐτῷ, ὥστε δοῦναι ἑνὶ αὐτῶν ἀπὸ τῶν σαρκῶν τῶν τέκνων αὐτοῦ, ὧν ἂν κατέσθῃ διὰ τὸ μὴ καταλειφθῆναι αὐτῷ οὐδὲν ἐν τῇ στενοχωρίᾳ σου, καὶ ἐν τῇ θλίψει σου, ἡ· ἂν θλίψωσί σε οἱ ἐχθροί σου ἐν πάσαις ταῖς πόλεσί σου.
6649	ΔΕΥΤΕΡΟΝΟΜΙΟΝ 28:55	σε οἱ	2	consecutive enclitics	θλίψωσί	ἐχθροί	\vs{55}αὐτῷ, ὥστε δοῦναι ἑνὶ αὐτῶν ἀπὸ τῶν σαρκῶν τῶν τέκνων αὐτοῦ, ὧν ἂν κατέσθῃ διὰ τὸ μὴ καταλειφθῆναι αὐτῷ οὐδὲν ἐν τῇ στενοχωρίᾳ σου, καὶ ἐν τῇ θλίψει σου, ἡ· ἂν θλίψωσί σε οἱ ἐχθροί σου ἐν πάσαις ταῖς πόλεσί σου.
6649	ΔΕΥΤΕΡΟΝΟΜΙΟΝ 28:55	σου ἐν	2	consecutive enclitics	ἐχθροί	πάσαις	\vs{55}αὐτῷ, ὥστε δοῦναι ἑνὶ αὐτῶν ἀπὸ τῶν σαρκῶν τῶν τέκνων αὐτοῦ, ὧν ἂν κατέσθῃ διὰ τὸ μὴ καταλειφθῆναι αὐτῷ οὐδὲν ἐν τῇ στενοχωρίᾳ σου, καὶ ἐν τῇ θλίψει σου, ἡ· ἂν θλίψωσί σε οἱ ἐχθροί σου ἐν πάσαις ταῖς πόλεσί σου.
6652	ΔΕΥΤΕΡΟΝΟΜΙΟΝ 28:57	σου ἡ	2	consecutive enclitics	θλίψει	θλίψει	\vs{57}καὶ τὸ κόριον αὐτῆς τὸ ἐξελθὸν διὰ τῶν μηρῶν αὐτῆς, καὶ τὸ τέκνον αὐτῆς ὃ ἐὰν τέκῃ· καταφάγεται γὰρ αὐτὰ διὰ τὴν ἔνδειαν πάντων κρυφῇ ἐν τῇ στενοχωρίᾳ σου, καὶ ἐν τῇ θλίψει σου, ἡ· θλίψει σε ὁ ἐχθρός σου ἐν ταῖς πόλεσί σου,
6652	ΔΕΥΤΕΡΟΝΟΜΙΟΝ 28:57	σε ὁ	2	consecutive enclitics	θλίψει	ἐχθρός	\vs{57}καὶ τὸ κόριον αὐτῆς τὸ ἐξελθὸν διὰ τῶν μηρῶν αὐτῆς, καὶ τὸ τέκνον αὐτῆς ὃ ἐὰν τέκῃ· καταφάγεται γὰρ αὐτὰ διὰ τὴν ἔνδειαν πάντων κρυφῇ ἐν τῇ στενοχωρίᾳ σου, καὶ ἐν τῇ θλίψει σου, ἡ· θλίψει σε ὁ ἐχθρός σου ἐν ταῖς πόλεσί σου,
6652	ΔΕΥΤΕΡΟΝΟΜΙΟΝ 28:57	σου ἐν	2	consecutive enclitics	ἐχθρός	ταῖς	\vs{57}καὶ τὸ κόριον αὐτῆς τὸ ἐξελθὸν διὰ τῶν μηρῶν αὐτῆς, καὶ τὸ τέκνον αὐτῆς ὃ ἐὰν τέκῃ· καταφάγεται γὰρ αὐτὰ διὰ τὴν ἔνδειαν πάντων κρυφῇ ἐν τῇ στενοχωρίᾳ σου, καὶ ἐν τῇ θλίψει σου, ἡ· θλίψει σε ὁ ἐχθρός σου ἐν ταῖς πόλεσί σου,
6660	ΔΕΥΤΕΡΟΝΟΜΙΟΝ 28:64	σου εἰς	2	consecutive enclitics	Θεός	πάντα	\vs{64}Καὶ διασπερεῖ σε Κύριος ὁ Θεός σου εἰς πάντα τὰ ἔθνη, ἀπʼ ἄκρου τῆς γῆς ἕως ἄκρου τῆς γῆς, καὶ δουλεύσεις ἐκεῖ θεοῖς ἑτέροις, ξύλοις καὶ λίθοις, οὓς οὐκ ἠπίστω σὺ καὶ οἱ πατέρες σου.
6679	ΔΕΥΤΕΡΟΝΟΜΙΟΝ 29:10	ὁ ἐν	2	consecutive enclitics	προσήλυτος	μέσῳ	\vs{10}αἱ γυναῖκες ὑμῶν, καὶ τὰ ἔκγονα ὑμῶν καὶ ὁ προσήλυτος ὁ ἐν μέσῳ τῆς παρεμβολῆς ὑμῶν, ἀπὸ ξυλοκόπου ὑμῶν καὶ ἕως ὑδροφόρου ὑμῶν,
6686	ΔΕΥΤΕΡΟΝΟΜΙΟΝ 29:16	ἐστι παρ	2	consecutive enclitics	ἅ	αὐτοῖς	\vs{16}Καὶ ἴδετε τὰ βδελύγματα αὐτῶν, καὶ τὰ εἴδωλα αὐτῶν, ξύλον καὶ λίθον, ἀργύριον καὶ χρυσίον, ἅ ἐστι παρʼ αὐτοῖς.
6703	ΔΕΥΤΕΡΟΝΟΜΙΟΝ 30:1	σου ἐν	2	consecutive enclitics	καρδίαν	πᾶσι	Καὶ ἔσται ὡς ἂν ἔλθωσιν ἐπὶ σὲ πάντα τὰ ῥήματα ταῦτα, ἡ εὐλογία καὶ ἡ κατάρα, ἣν ἔδωκα πρὸ προσώπου σου; καὶ δέξῃ εἰς τὴν καρδίαν σου ἐν πᾶσι τοῖς ἔθνεσιν, οὗ ἐὰν σε διασκορπίσῃ σε Κύριος ἐκεῖ,
6705	ΔΕΥΤΕΡΟΝΟΜΙΟΝ 30:3	σε ἐκ	2	consecutive enclitics	συνάξει	πάντων	\vs{3}καὶ ἰάσεται Κύριος τὰς ἁμαρτίας σου, καὶ ἐλεήσει σε, καὶ πάλιν συνάξει σε ἐκ πάντων τῶν ἐθνῶν, εἰς οὓς διεσκόρπισέ σε Κύριος ἐκεῖ.
6706	ΔΕΥΤΕΡΟΝΟΜΙΟΝ 30:4	ἠ ἡ	2	consecutive enclitics	Ἐὰν	διασπορά	\vs{4}Ἐὰν ἠ· ἡ διασπορά σου ἀπʼ ἄκρου τοῦ οὐρανοῦ ἕως ἄκρου τοῦ οὐρανοῦ, ἐκεῖθεν συνάξει σε Κύριος ὁ Θεός σου, καὶ ἐκεῖθεν λήψεταί σε Κύριος ὁ Θεός σου.
6706	ΔΕΥΤΕΡΟΝΟΜΙΟΝ 30:4	σου ἀπ	2	consecutive enclitics	διασπορά	ἄκρου	\vs{4}Ἐὰν ἠ· ἡ διασπορά σου ἀπʼ ἄκρου τοῦ οὐρανοῦ ἕως ἄκρου τοῦ οὐρανοῦ, ἐκεῖθεν συνάξει σε Κύριος ὁ Θεός σου, καὶ ἐκεῖθεν λήψεταί σε Κύριος ὁ Θεός σου.
6707	ΔΕΥΤΕΡΟΝΟΜΙΟΝ 30:5	σε ὁ	2	consecutive enclitics	εἰσάξει	Θεός	\vs{5}Καὶ εἰσάξει σε ὁ Θεός σου ἐκεῖθεν εἰς τὴν γῆν ἣν ἐκληρονόμησαν οἱ πατέρες σου, καὶ κληρονομήσεις αὐτήν· καὶ εὖ σε ποιήσει, καὶ πλεοναστόν σε ποιήσει ὑπὲρ τοὺς πατέρας σου.
6708	ΔΕΥΤΕΡΟΝΟΜΙΟΝ 30:6	σου ἐξ	2	consecutive enclitics	Θεόν	ὅλης	\vs{6}Καὶ περικαθαριεῖ Κύριος τὴν καρδίαν σου, καὶ τὴν καρδίαν τοῦ σπέρματός σου, ἀγαπᾷν Κύριον τὸν Θεόν σου ἐξ ὅλης τῆς καρδίας σου, καὶ ἐξ ὅλης τῆς ψυχῆς σου, ἵνα ζῇς σύ.
6712	ΔΕΥΤΕΡΟΝΟΜΙΟΝ 30:9	σου ἐν	2	consecutive enclitics	Θεός	παντὶ	\vs{9}Καὶ εὐλογήσει σε Κύριος ὁ Θεός σου ἐν παντὶ ἔργῳ τῶν χειρῶν σου, ἐν τοῖς ἐκγόνοις τῆς κοιλίας σου, καὶ ἐν τοῖς ἐκγόνοις τῶν κτηνῶν σου, καὶ ἐν τοῖς γεννήμασι τῆς γῆς σου, ὅτι ἐπιστρέψει Κύριος ὁ Θεός σου εὐφρανθῆναι ἐπὶ σοὶ εἰς ἀγαθὰ, καθότι εὐφράνθη ἐπὶ τοῖς πατράσι σου·
6712	ΔΕΥΤΕΡΟΝΟΜΙΟΝ 30:9	σου ἐν	2	consecutive enclitics	χειρῶν	τοῖς	\vs{9}Καὶ εὐλογήσει σε Κύριος ὁ Θεός σου ἐν παντὶ ἔργῳ τῶν χειρῶν σου, ἐν τοῖς ἐκγόνοις τῆς κοιλίας σου, καὶ ἐν τοῖς ἐκγόνοις τῶν κτηνῶν σου, καὶ ἐν τοῖς γεννήμασι τῆς γῆς σου, ὅτι ἐπιστρέψει Κύριος ὁ Θεός σου εὐφρανθῆναι ἐπὶ σοὶ εἰς ἀγαθὰ, καθότι εὐφράνθη ἐπὶ τοῖς πατράσι σου·
6713	ΔΕΥΤΕΡΟΝΟΜΙΟΝ 30:10	σου ἐξ	2	consecutive enclitics	Θεόν	ὅλης	\vs{10}Ἐὰν εἰσακούσῃς τῆς φωνῆς Κυρίου τοῦ Θεοῦ σου, φυλάσσεσθαι τὰς ἐντολὰς αὐτοῦ, καὶ τὰ δικαιώματα αὐτοῦ, καὶ τὰς κρίσεις αὐτοῦ τὰς γεγραμμένας ἐν τῷ βιβλίῳ τοῦ νόμου τούτου· ἐὰν ἐπιστραφῇς ἐπὶ Κύριον τὸν Θεόν σου ἐξ ὅλης τῆς καρδίας σου, καὶ ἐξ ὅλης τῆς ψυχῆς σου.
6715	ΔΕΥΤΕΡΟΝΟΜΙΟΝ 30:12	Οὐκ ἐν	2	consecutive enclitics		τῷ	\vs{12}Οὐκ ἐν τῷ οὐρανῷ ἄνω ἐστὶ, λέγων, τίς ἀναβήσεται ἡμῖν εἰς τὸν οὐρανὸν, καὶ λήψεται ἡμῖν αὐτὴν, καὶ ἀκούσαντες αὐτὴν ποιήσομεν;
6720	ΔΕΥΤΕΡΟΝΟΜΙΟΝ 30:16	σου ἐν	2	consecutive enclitics	Θεός	πάσῃ	\vs{16}Ἐὰν εἰσακούσῃς τὰς ἐντολὰς Κυρίου τοῦ Θεοῦ σου, ἃς ἐγὼ ἐντέλλομαί σοι σήμερον, ἀγαπᾷν Κύριον τὸν Θεόν σου, πορεύεσθαι ἐν πάσαις ταῖς ὁδοῖς αὐτοῦ, καὶ φυλάσσεσθαι τὰ δικαιώματα αὐτοῦ, καὶ τὰς κρίσεις αὐτοῦ, καὶ ζήσεσθε, καὶ πολλοὶ ἔσεσθε, καὶ εὐλογήσει σε Κύριος ὁ Θεός σου ἐν πάσῃ τῇ γῇ, εἰς ἣν εἰσπορεύῃ ἐκεῖ κληρονομῆσαι αὐτήν.
6730	ΔΕΥΤΕΡΟΝΟΜΙΟΝ 31:3	σου ὁ	2	consecutive enclitics	Θεός	προπορευόμενος	\vs{3}Κύριος ὁ Θεός σου ὁ προπορευόμενος πρὸ προσώπου σου, οὗτος ἐξολοθρεύσει τὰ ἔθνη ταῦτα ἀπὸ προσώπου σου, καὶ κατακληρονομήσεις αὐτούς· καὶ Ἰησοῦς ὁ προπορευόμενος πρὸ προσώπου σου, καθὰ ἐλάλησε Κύριος.
6733	ΔΕΥΤΕΡΟΝΟΜΙΟΝ 31:6	σου ὁ	2	consecutive enclitics	Θεός	προπορευόμενος	\vs{6}Ἀνδρίζου καὶ ἴσχυε, μὴ φοβοῦ, μηδὲ δειλιάσῃς, μηδὲ πτοηθῇς ἀπὸ προσώπου αὐτῶν· ὅτι Κύριος ὁ Θεός σου ὁ προπορευόμενος μεθʼ ὑμῶν ἐν ὑμῖν, οὔτε μή σε ἀνῇ, οὔτε μή σε ἐγκαταλίπῃ.
6747	ΔΕΥΤΕΡΟΝΟΜΙΟΝ 31:17	μου ἀπ	2	consecutive enclitics	πρόσωπόν	αὐτῶν	\vs{17}Καὶ ὀργισθήσομαι θυμῷ εἰς αὐτοὺς ἐν τῇ ἡμέρᾳ ἐκείνῃ, καὶ καταλείψω αὐτοὺς, καὶ ἀποστρέψω τὸ πρόσωπόν μου ἀπʼ αὐτῶν, καὶ ἔσται κατάβρωμα· καὶ εὑρήσουσιν αὐτὸν κακὰ πολλὰ καὶ θλίψεις· καὶ ἐρεῖ ἐν τῇ ἡμέρᾳ ἐκείνῃ, διότι οὐκ ἔστι Κύριος ὁ Θεός μου ἐν ἐμοὶ, εὕροσάν με τὰ κακὰ ταῦτα.
6747	ΔΕΥΤΕΡΟΝΟΜΙΟΝ 31:17	μου ἐν	2	consecutive enclitics	Θεός	ἐμοὶ	\vs{17}Καὶ ὀργισθήσομαι θυμῷ εἰς αὐτοὺς ἐν τῇ ἡμέρᾳ ἐκείνῃ, καὶ καταλείψω αὐτοὺς, καὶ ἀποστρέψω τὸ πρόσωπόν μου ἀπʼ αὐτῶν, καὶ ἔσται κατάβρωμα· καὶ εὑρήσουσιν αὐτὸν κακὰ πολλὰ καὶ θλίψεις· καὶ ἐρεῖ ἐν τῇ ἡμέρᾳ ἐκείνῃ, διότι οὐκ ἔστι Κύριος ὁ Θεός μου ἐν ἐμοὶ, εὕροσάν με τὰ κακὰ ταῦτα.
6748	ΔΕΥΤΕΡΟΝΟΜΙΟΝ 31:18	μου ἀπ	2	consecutive enclitics	πρόσωπόν	αὐτῶν	\vs{18}Ἐγὼ δὲ ἀποστροφῇ ἀποστρέψω τὸ πρόσωπόν μου ἀπʼ αὐτῶν ἐν τῇ ἡμέρᾳ ἐκείνῃ, διὰ πάσας τὰς κακίας ἃς ἐποίησαν, ὅτι ἀπέστρεψαν ἐπὶ θεοὺς ἀλλοτρίους.
6750	ΔΕΥΤΕΡΟΝΟΜΙΟΝ 31:19	μοι ἡ	2	consecutive enclitics	γένηταί	ᾠδὴ	\vs{19}Καὶ νῦν γράψατε τὰ ῥήματα τῆς ᾠδῆς ταύτης, καὶ διδάξατε αὐτὴν τοὺς υἱοὺς Ἰσραὴλ, καὶ ἐμβαλεῖτε αὐτὴν εἰς τὸ στόμα αὐτῶν, ἵνα γένηταί μοι ἡ ᾠδὴ αὕτη κατὰ πρόσωπον μαρτυροῦσα ἐν υἱοῖς Ἰσραήλ.
6784	ΔΕΥΤΕΡΟΝΟΜΙΟΝ 32:16	με ἐπ	2	consecutive enclitics	Παρώξυνάν	ἀλλοτρίοις	\vs{16}Παρώξυνάν με ἐπʼ ἀλλοτρίοις· ἐν βδελύγμασιν αὐτῶν παρεπίκρανάν με.
6789	ΔΕΥΤΕΡΟΝΟΜΙΟΝ 32:20	μου ἀπ	2	consecutive enclitics	πρόσωπόν	αὐτῶν	\vs{20}καὶ εἶπεν, ἀποστρέψω τὸ πρόσωπόν μου ἀπʼ αὐτῶν, καὶ δείξω τί ἔσται αὐτοῖς ἐπʼ ἐσχάτων ἡμερῶν· ὅτι γενεὰ ἐξεστραμμένη ἐστίν, υἱοὶ οἷς οὐκ ἔστι πίστις ἐν αὐτοῖς.
6791	ΔΕΥΤΕΡΟΝΟΜΙΟΝ 32:21	με ἐν	2	consecutive enclitics	παρώξυνάν	τοῖς	\vs{21}Αὐτοὶ παρεζήλωσάν με ἐπʼ οὐ Θεῷ, παρώξυνάν με ἐν τοῖς εἰδώλοις αὐτῶν· κᾀγὼ παραζηλώσω αὐτοὺς ἐπʼ οὐκ ἔθνει, ἐπὶ ἔθνει ἀσυνέτῳ παροργιῶ αὐτούς.
6791	ΔΕΥΤΕΡΟΝΟΜΙΟΝ 32:21	ἐπ οὐκ	2	consecutive enclitics	αὐτοὺς	ἔθνει	\vs{21}Αὐτοὶ παρεζήλωσάν με ἐπʼ οὐ Θεῷ, παρώξυνάν με ἐν τοῖς εἰδώλοις αὐτῶν· κᾀγὼ παραζηλώσω αὐτοὺς ἐπʼ οὐκ ἔθνει, ἐπὶ ἔθνει ἀσυνέτῳ παροργιῶ αὐτούς.
6802	ΔΕΥΤΕΡΟΝΟΜΙΟΝ 32:31	ὡς ὁ	2	consecutive enclitics	εἰσὶν	Θεὸς	\vs{31}Ὅτι οὐκ εἰσὶν ὡς ὁ Θεὸς ἡμῶν οἱ θεοὶ αὐτῶν· οἱ δὲ ἐχθροὶ ἡμῶν ἀνόητοι.
6808	ΔΕΥΤΕΡΟΝΟΜΙΟΝ 32:37	εἰσιν οἱ	2	consecutive enclitics	ποῦ	θεοὶ	\vs{37}Καὶ εἶπε Κύριος, ποῦ εἰσιν οἱ θεοὶ αὐτῶν, ἐφʼ οἷς ἐπεποίθεισαν ἐπʼ αὐτοῖς,
6813	ΔΕΥΤΕΡΟΝΟΜΙΟΝ 32:42	μου ἀφ	2	consecutive enclitics	βέλη	αἵματος	\vs{42}Μεθύσω τὰ βέλη μου ἀφʼ αἵματος, καὶ ἡ μάχαιρά μου φάγεται κρέα ἀφʼ αἵματος τραυματιῶν καὶ αἰχμαλωσίας ἀπὸ κεφαλῆς ἀρχόντων ἐχθρῶν.
6822	ΔΕΥΤΕΡΟΝΟΜΙΟΝ 32:49	ἐστιν ἐν	2	consecutive enclitics	ὅ	γῇ	\vs{49}ἀνάβηθι εἰς τὸ ὄρος τὸ Ἀβαρίμ, τοῦτο ὄρος Ναβαῦ ὅ ἐστιν ἐν γῇ Μωὰβ κατὰ πρόσωπον Ἰεριχὼ, καὶ ἴδε τὴν γῆν Χαναάν, ἣν ἐγὼ δίδωμι τοῖς υἱοῖς Ἰσραὴλ,
6823	ΔΕΥΤΕΡΟΝΟΜΙΟΝ 32:50	σου ἐν	2	consecutive enclitics	ἀδελφός	Ὢρ	\vs{50}καὶ τελεύτα ἐν τῷ ὄρει εἰς ὃ ἀναβαίνεις ἐκεῖ, καὶ προστέθητι πρὸς τὸν λαόν σου· ὃν τρόπον ἀπέθανεν Ἀαρὼν ὁ ἀδελφός σου ἐν Ὢρ τῷ ὄρει, καὶ προσετέθη πρὸς τὸν λαὸν αὐτοῦ.
6824	ΔΕΥΤΕΡΟΝΟΜΙΟΝ 32:51	μου ἐν	2	consecutive enclitics	ῥήματί	τοῖς	\vs{51}Ὅτι ἠπειθήσατε τῷ ῥήματί μου ἐν τοῖς υἱοῖς Ἰσραὴλ ἐπὶ τοῦ ὕδατος ἀντιλογίας Κάδης ἐν τῇ ἐρήμῳ Σὶν, διότι οὐχ ἡγιάσατέ με ἐν τοῖς υἱοῖς Ἰσραήλ.
6824	ΔΕΥΤΕΡΟΝΟΜΙΟΝ 32:51	με ἐν	2	consecutive enclitics	ἡγιάσατέ	τοῖς	\vs{51}Ὅτι ἠπειθήσατε τῷ ῥήματί μου ἐν τοῖς υἱοῖς Ἰσραὴλ ἐπὶ τοῦ ὕδατος ἀντιλογίας Κάδης ἐν τῇ ἐρήμῳ Σὶν, διότι οὐχ ἡγιάσατέ με ἐν τοῖς υἱοῖς Ἰσραήλ.
6857	ΔΕΥΤΕΡΟΝΟΜΙΟΝ 33:25	ὡς αἱ	2	consecutive enclitics	ἔσται	ἡμέραι	\vs{25}Σίδηρος καὶ χαλκὸς τὸ ὑπόδημα αὐτοῦ ἔσται· ὡς αἱ ἡμέραι σου, ἡ ἰσχύς σου.
6857	ΔΕΥΤΕΡΟΝΟΜΙΟΝ 33:25	σου ἡ	2	consecutive enclitics	ἡμέραι	ἰσχύς	\vs{25}Σίδηρος καὶ χαλκὸς τὸ ὑπόδημα αὐτοῦ ἔσται· ὡς αἱ ἡμέραι σου, ἡ ἰσχύς σου.
6862	ΔΕΥΤΕΡΟΝΟΜΙΟΝ 33:29	σε οἱ	2	consecutive enclitics	ψεύσονταί	ἐχθροί	\vs{29}Μακάριος σὺ Ἰσραήλ· τίς ὅμοιός σοι λαὸς σωζόμενος ὑπὸ Κυρίου; ὑπερασπιεῖ ὁ βοηθός σου, καὶ ἡ μάχαιρα καύχημά σου· καὶ ψεύσονταί σε οἱ ἐχθροί σου· καὶ σὺ ἐπὶ τὸν τράχηλον αὐτῶν ἐπιβήσῃ.
6890	ΙΗΣΟΥΣ ΝΑΥΗ 1:5	σε οὐδ	2	consecutive enclitics	ἐγκαταλείψω	ὑπερόψομαί	\vs{5}οὐκ ἀντιστήσεται ἄνθρωπος κατενώπιον ὑμῶν πάσας τὰς ἡμέρας τῆς ζωῆς σου· καὶ ὥσπερ ἤμην μετὰ Μωυσῆ, οὕτως ἔσομαι καὶ μετὰ σοῦ, καὶ οὐκ ἐγκαταλείψω σε οὐδʼ ὑπερόψομαί σε.
6894	ΙΗΣΟΥΣ ΝΑΥΗ 1:9	σου εἰς	2	consecutive enclitics	Θεός	πάντα	\vs{9}Ἰδοὺ ἐντέταλμαί σοι· ἴσχυε καὶ ἀνδρίζου, μὴ δειλιάσῃς, μηδὲ φοβηθῇ, ὅτι μετὰ σοῦ Κύριος ὁ Θεός σου εἰς πάντα οὗ ἐὰν πορεύῃ·
6921	ΙΗΣΟΥΣ ΝΑΥΗ 2:13	μου ἐκ	2	consecutive enclitics	ψυχήν	θανάτου	\vs{13}καὶ ζωγρήσατε τὸν οἶκον τοῦ πατρὸς μου, τὴν μητέρα μου, καὶ τοὺς ἀδελφούς μου, καὶ πάντα τὸν οἶκόν μου, καὶ πάντα ὅσα ἐστὶν αὐτοῖς, καὶ ἐξελεῖσθε τὴν ψυχήν μου ἐκ θανάτου.
6966	ΙΗΣΟΥΣ ΝΑΥΗ 4:6	σε ὁ	2	consecutive enclitics	ἐρωτᾷ	υἱός	\vs{6}ἵνα ὑπάρχωσιν ὑμῖν οὗτοι εἰς σημεῖον κείμενον διαπαντός· ἵνα ὅταν ἐρωτᾷ σε ὁ υἱός σου αὔριον λέγων, τί εἰσιν οἱ λιθοι οὗτοι ἡμῖν;
6985	ΙΗΣΟΥΣ ΝΑΥΗ 4:21	εἰσιν οἱ	2	consecutive enclitics	τί	λίθοι	\vs{21}λέγων, ὅταν ἐρωτῶσιν ὑμᾶς οἱ υἱοι ὑμῶν λέγοντες, τί εἰσιν οἱ λίθοι οὗτοι;
7008	ΙΗΣΟΥΣ ΝΑΥΗ 5:15	σου ὁ	2	consecutive enclitics	ποδῶν	γὰρ	\vs{15}Καὶ λέγει ὁ ἀρχιστράτηγος Κυρίου πρὸς Ἰησοῦν, Λῦσαι τὸ ὑπόδημα ἐκ τῶν ποδῶν σου, ὁ γὰρ τόπος ἐφʼ ᾧ νῦν ἔστηκας ἐπʼ αὐτοῦ, ἅγιός ἐστι.
7041	ΙΗΣΟΥΣ ΝΑΥΗ 6:26	ὁ ἐκ	2	consecutive enclitics	Ὁζᾶν	Βαιθήλ	\vs{26}Καὶ ὥρκισεν Ἰησοῦς ἐν τῇ ἡμέρᾳ ἐκείνῃ ἐναντίον Κυρίου, λέγων, ἐπικατάρατος ὁ ἄνθρωπος, ὃς οἰκοδομήσει τὴν πόλιν ἐκείνην· ἐν τῷ πρωτοτόκῳ αὐτοῦ θεμελιώσει αὐτὴν, καὶ ἐν τῷ ἐλαχίστῳ αὐτοῦ ἐπιστήσει τὰς πύλας αὐτῆς. Καὶ οὕτως ἐποίησεν Ὁζᾶν ὁ ἐκ Βαιθήλ· ἐν τῷ Ἀβιρὼν τῷ πρωτοτόκῳ ἐθεμελίωσεν αὐτὴν, καὶ ἐν τῷ ἐλαχίστῳ διασωθέντι ἐπέστησε τὰς πύλας αὐτῆς.
7061	ΙΗΣΟΥΣ ΝΑΥΗ 7:13	ἐστιν ἐν	2	consecutive enclitics	ἀνάθεμά	ὑμῖν	\vs{13}Ἀναστὰς ἁγίασον τὸν λαὸν, καὶ εἶπον ἁγιασθῆναι εἰσαύριον· τάδε λέγει Κύριος ὁ Θεὸς Ἰσραὴλ, τὸ ἀνάθεμά ἐστιν ἐν ὑμῖν· οὐ δυνήσεσθε ἀντιστῆναι ἀπέναντι τῶν ἐχθρῶν ὑμῶν, ἕως ἂν ἐξάρητε τὸ ἀνάθεμα ἐξ ὑμῶν.
7085	ΙΗΣΟΥΣ ΝΑΥΗ 8:5	οἱ μετ	2	consecutive enclitics	πάντες	ἐμοῦ	\vs{5}Καὶ ἐγὼ καὶ πάντες οἱ μετʼ ἐμοῦ προσάξομεν πρὸς τὴν πόλιν· καὶ ἔσται ὡς ἂν ἐξέλθωσιν οἱ κατοικοῦντες Γαὶ εἰς συνάντησιν ἡμῖν, καθάπερ καὶ πρώην, καὶ φευξόμεθα ἀπὸ προσώπου αὐτῶν.
7094	ΙΗΣΟΥΣ ΝΑΥΗ 8:14	ὁ μετ	2	consecutive enclitics	λαὸς	αὐτοῦ	\vs{14}Καὶ ἐγένετο ὡς εἶδε βασιλεὺς Γαὶ, ἔσπευσε καὶ ἐξῆλθεν εἰς συνάντησιν αὐτοῖς ἐπʼ εὐθείας εἰς τὸν πόλεμον, αὐτὸς καὶ πᾶς ὁ λαὸς ὁ μετʼ αὐτοῦ· καὶ αὐτὸς οὐκ ᾔδει ὅτι ἔνεδρα αὐτῷ ἐστιν ὀπίσω τῆς πόλεως.
7099	ΙΗΣΟΥΣ ΝΑΥΗ 8:18	σου ἐν	2	consecutive enclitics	χεῖρά	τῷ	\vs{18}Καὶ εἶπε Κύριος πρὸς Ἰησοῦν, ἔκτεινον τὴν χεῖρά σου ἐν τῷ γαισῷ τῷ ἐν τῇ χειρί σου ἐπὶ τὴν πόλιν, εἰς γὰρ τὰς χεῖράς σου παραδέδωκα αὐτήν· καὶ τὰ ἔνεδρα ἐξαναστήσονται ἐν τάχει ἐκ τοῦ τόπου αὐτῶν. Καὶ ἐξέτεινεν Ἰησοῦς τὴν χεῖρα αὐτοῦ τὸν γαισὸν ἐπὶ τὴν πόλιν·
7114	ΙΗΣΟΥΣ ΝΑΥΗ 9:1	οἱ ἐν	2	consecutive enclitics	Ἀμοῤῥαίων	τῷ	Ὡς δὲ ἤκουσαν οἱ βασιλεῖς τῶν Ἀμοῤῥαίων οἱ ἐν τῷ πέραν τοῦ Ἰορδάνου, οἱ ἐν τῇ ὀρεινῇ, καὶ οἱ ἐν τῇ πεδινῇ, καὶ οἱ ἐν πάσῃ τῇ παραλίᾳ τῆς θαλάσσης τῆς μεγάλης, καὶ οἱ πρὸς τῷ Ἀντιλιβάνῳ, καὶ οἱ Χετταῖοι, καὶ οἱ Χαναναῖοι, καὶ οἱ Φερεζαῖοι, καὶ οἱ Εὐαῖοι, καὶ οἱ Ἀμοῤῥαῖοι, καὶ οἱ Γεργεσαῖοι, καὶ οἱ Ἰεβουσαῖοι,
7114	ΙΗΣΟΥΣ ΝΑΥΗ 9:1	οἱ ἐν	2	consecutive enclitics	Ἰορδάνου	τῇ	Ὡς δὲ ἤκουσαν οἱ βασιλεῖς τῶν Ἀμοῤῥαίων οἱ ἐν τῷ πέραν τοῦ Ἰορδάνου, οἱ ἐν τῇ ὀρεινῇ, καὶ οἱ ἐν τῇ πεδινῇ, καὶ οἱ ἐν πάσῃ τῇ παραλίᾳ τῆς θαλάσσης τῆς μεγάλης, καὶ οἱ πρὸς τῷ Ἀντιλιβάνῳ, καὶ οἱ Χετταῖοι, καὶ οἱ Χαναναῖοι, καὶ οἱ Φερεζαῖοι, καὶ οἱ Εὐαῖοι, καὶ οἱ Ἀμοῤῥαῖοι, καὶ οἱ Γεργεσαῖοι, καὶ οἱ Ἰεβουσαῖοι,
7114	ΙΗΣΟΥΣ ΝΑΥΗ 9:1	οἱ ἐν	2	consecutive enclitics	καὶ	τῇ	Ὡς δὲ ἤκουσαν οἱ βασιλεῖς τῶν Ἀμοῤῥαίων οἱ ἐν τῷ πέραν τοῦ Ἰορδάνου, οἱ ἐν τῇ ὀρεινῇ, καὶ οἱ ἐν τῇ πεδινῇ, καὶ οἱ ἐν πάσῃ τῇ παραλίᾳ τῆς θαλάσσης τῆς μεγάλης, καὶ οἱ πρὸς τῷ Ἀντιλιβάνῳ, καὶ οἱ Χετταῖοι, καὶ οἱ Χαναναῖοι, καὶ οἱ Φερεζαῖοι, καὶ οἱ Εὐαῖοι, καὶ οἱ Ἀμοῤῥαῖοι, καὶ οἱ Γεργεσαῖοι, καὶ οἱ Ἰεβουσαῖοι,
7114	ΙΗΣΟΥΣ ΝΑΥΗ 9:1	οἱ ἐν	2	consecutive enclitics	καὶ	πάσῃ	Ὡς δὲ ἤκουσαν οἱ βασιλεῖς τῶν Ἀμοῤῥαίων οἱ ἐν τῷ πέραν τοῦ Ἰορδάνου, οἱ ἐν τῇ ὀρεινῇ, καὶ οἱ ἐν τῇ πεδινῇ, καὶ οἱ ἐν πάσῃ τῇ παραλίᾳ τῆς θαλάσσης τῆς μεγάλης, καὶ οἱ πρὸς τῷ Ἀντιλιβάνῳ, καὶ οἱ Χετταῖοι, καὶ οἱ Χαναναῖοι, καὶ οἱ Φερεζαῖοι, καὶ οἱ Εὐαῖοι, καὶ οἱ Ἀμοῤῥαῖοι, καὶ οἱ Γεργεσαῖοι, καὶ οἱ Ἰεβουσαῖοι,
7132	ΙΗΣΟΥΣ ΝΑΥΗ 9:9	σου ἐν	2	consecutive enclitics	παῖδές	ὀνόματι	\vs{9}Καὶ εἶπαν, ἐκ γῆς μακρόθεν σφόδρα ἥκασιν οἱ παῖδές σου ἐν ὀνόματι Κυρίου τοῦ Θεοῦ σου· ἀκηκόαμεν γὰρ τὸ ὄνομα αὐτοῦ, καὶ ὅσα ἐποίησεν ἐν Αἰγύπτῳ,
7150	ΙΗΣΟΥΣ ΝΑΥΗ 9:23	ἐστε οὐ	2	consecutive enclitics	ἐπικατάρατοί	μὴ	\vs{23}Καὶ νῦν ἐπικατάρατοί ἐστε· οὐ μὴ ἐκλείπῃ ἐξ ὑμῶν δοῦλος, οὐδὲ ξυλοκόπος, οὐδὲ ὑδροφόρος ἐμοὶ καὶ τῷ Θεῷ μου.
7247	ΙΗΣΟΥΣ ΝΑΥΗ 12:2	ἐστιν ἐν	2	consecutive enclitics	ἥ	τῇ	\vs{2}Σηὼν τὸν βασιλέα τῶν Ἀμοῤῥαίων, ὃς κατῴκει ἐν Ἐσεβὼν, κυριεύων ἀπὸ Ἀρνῶν, ἥ ἐστιν ἐν τῇ φάραγγι κατὰ μέρος τῆς φάραγγος, καὶ τὸ ἥμισυ τῆς Γαλαὰδ ἕως Ἰαβὸκ, ὅρια υἱῶν Ἀμμών.
7292	ΙΗΣΟΥΣ ΝΑΥΗ 13:16	ἡ ἐν	2	consecutive enclitics	πόλις	τῇ	\vs{16}Καὶ ἐγενήθη αὐτῶν τὰ ὅρια ἀπὸ Ἀροὴρ, ἥ ἐστι κατὰ πρόσωπον φάραγγος Ἀρνῶν, καὶ ἡ πόλις ἡ ἐν τῇ φάραγγι Ἀρνῶν· καὶ πᾶσαν τὴν Μισὼρ,
7310	ΙΗΣΟΥΣ ΝΑΥΗ 13:30	εἰσιν ἐν	2	consecutive enclitics	αἵ	τῇ	\vs{30}Καὶ ἐγένετο τὰ ὅρια αὐτῶν ἀπὸ Μαὰν, καὶ πᾶσα βασιλεία Βασὰν, καὶ πᾶσα βασιλεία Ὢγ βασιλέως τῆς Βασὰν, καὶ πάσας τὰς κώμας Ἰαῒρ, αἵ εἰσιν ἐν τῇ Βασανίτιδι, ἑξήκοντα πόλεις.
7323	ΙΗΣΟΥΣ ΝΑΥΗ 14:8	μου οἱ	2	consecutive enclitics	ἀδελφοί	ἀναβάντες	\vs{8}Οἱ ἀδελφοί μου οἱ ἀναβάντες μετʼ ἐμοῦ μετέστησαν τὴν καρδίαν τοῦ λαοῦ, ἐγὼ δὲ προσετέθην ἐπακολουθῆσαι Κυρίῳ τῷ Θεῷ μου.
7324	ΙΗΣΟΥΣ ΝΑΥΗ 14:9	σου εἰς	2	consecutive enclitics	τέκνοις	τὸν	\vs{9}Καὶ ὤμοσε Μωυσῆς ἐν ἐκείνῃ τῇ ἡμέρᾳ, λέγων, ἡ γῆ ἐφʼ ἣν ἐπέβης, σοὶ ἔσται ἐν κλήρῳ καὶ τοῖς τέκνοις σου εἰς τὸν αἰῶνα, ὅτι προσετέθης ἐπακολουθῆσαι ὀπίσω Κυρίου τοῦ Θεοῦ ἡμῶν.
7343	ΙΗΣΟΥΣ ΝΑΥΗ 15:8	ἐστιν ἐκ	2	consecutive enclitics	ἥ	μέρους	\vs{8}Καὶ ἀναβαίνει τὰ ὅρια εἰς φάραγγα Ἐννὸμ, ἐπὶ νώτου τοῦ Ἰεβοῦς ἀπὸ Λιβός· αὕτη ἐστιν Ἱερουσαλήμ· καὶ διεκβάλλει τὰ ὅρια ἐπὶ κορυφὴν ὄρους, ἥ ἐστι κατὰ πρόσωπον φάραγγος Ἐννὸμ πρὸς θαλάσσης, ἥ ἐστιν ἐκ μέρους γῆς Ῥαφαῒν ἐπὶ βοῤῥᾶ·
7353	ΙΗΣΟΥΣ ΝΑΥΗ 15:16	μου εἰς	2	consecutive enclitics	θυγατέρα	γυναῖκα	\vs{16}Καὶ εἶπε Χάλεβ, ὃς ἂν λάβῃ καὶ ἐκκόψῃ τὴν πόλιν τῶν Γραμμάτων καὶ κυριεύσῃ αὐτῆς, δώσω αὐτῷ τὴν Ἀσχὰν θυγατέρα μου εἰς γυναῖκα.
7467	ΙΗΣΟΥΣ ΝΑΥΗ 18:16	ἐστιν ἐκ	2	consecutive enclitics	ὅ	μέρους	\vs{16}Καὶ καταβήσεται τὰ ὅρια ἐπὶ μέρους, τοῦτό ἐστι κατὰ πρόσωπον νάπης Σοννὰμ, ὅ ἐστιν ἐκ μέρους Ἐμὲκ Ῥαφαῒν ἀπὸ Βοῤῥᾶ, καὶ καταβήσεται Γαίεννα ἐπὶ νῶτον Ἰεβουσαὶ ἀπὸ Λιβός· καταβήσεται ἐπὶ πηγὴν Ῥωγήλ·
7543	ΙΗΣΟΥΣ ΝΑΥΗ 19:50	ἐστιν ἐν	2	consecutive enclitics	ἥ	τῷ	\vs{50}διὰ προστάγματος τοῦ Θεοῦ, καὶ ἔδωκαν αὐτῷ τὴν πόλιν, ἣν ᾐτήσατο, Θαμνασαρὰχ, ἥ ἐστιν ἐν τῷ ὄρει Ἐφραίμ· καὶ ᾠκοδόμησε τὴν πόλιν, καὶ κατῴκει ἐν αὐτῇ.
7634	ΙΗΣΟΥΣ ΝΑΥΗ 22:10	ἐστιν ἐν	2	consecutive enclitics	ἥ	γῇ	\vs{10}Καὶ ἦλθον εἰς Γαλαὰδ τοῦ Ἰορδάνου, ἥ ἐστιν ἐν γῇ Χαναάν· καὶ ᾠκοδόμησαν οἱ υἱοὶ Ῥουβὴν, καὶ οἱ υἱοὶ Γὰδ, καὶ τὸ ἥμισυ φυλῆς Μανασσῆ ἐκεῖ βωμὸν ἐπὶ τοῦ Ἰορδάνου, βωμὸν μέγαν τοῦ ἰδεῖν.
7649	ΙΗΣΟΥΣ ΝΑΥΗ 22:22	εἰ ἐν	2	consecutive enclitics	γνώσεται	ἀποστασίᾳ	\vs{22}ὁ Θεὸς Θεὸς Κύριός ἐστι, καὶ ὁ Θεὸς Θεὸς αὐτὸς οἶδε, καὶ Ἰσραὴλ αὐτὸς γνώσεται· εἰ ἐν ἀποστασίᾳ ἐπλημμελήσαμεν ἔναντι τοῦ Κυρίου, μὴ ῥύσαιτο ἡμᾶς ἐν τῇ ἡμέρᾳ ταύτῃ.
7702	ΙΗΣΟΥΣ ΝΑΥΗ 24:12	οὐκ ἐν	2	consecutive enclitics	Ἀμοῤῥαίων	τῇ	\vs{12}Καὶ ἐξαπέστειλε προτέραν ὑμῶν τὴν σφηκίαν· καὶ ἐξαπέστειλεν αὐτοὺς ἀπὸ προσώπου ἡμῶν δώδεκα βασιλεῖς τῶν Ἀμοῤῥαίων, οὐκ ἐν τῇ ῥομφαίᾳ σου οὐδὲ ἐν τῷ τόξῳ σου.
7749	ΚΡΙΤΑΙ 1:7	μοι ὁ	2	consecutive enclitics	ἀνταπέδωκέ	Θεός	\vs{7}Καὶ εἶπεν Ἀδωνιβεζὲκ, ἑβδομήκοντα βασιλεῖς, τὰ ἄκρα τῶν χειρῶν αὐτῶν καὶ τὰ ἄκρα τῶν ποδῶν αὐτῶν ἀποκεκομμένοι, ἦσαν συλλέγοντες τὰ ὑποκάτω τῆς τραπέζης μου· καθὼς οὖν ἐποίησα, οὕτως ἀνταπέδωκέ μοι ὁ Θεός. καὶ ἄγουσιν αὐτὸν εἰς Ἱερουσαλήμ, καὶ ἀπέθανεν ἐκεῖ.
7756	ΚΡΙΤΑΙ 1:12	μου εἰς	2	consecutive enclitics	θυγατέρα	γυναῖκα	\vs{12}Καὶ εἶπε Χάλεβ, ὃς ἂν πατάξῃ τὴν πόλιν τῶν Γραμμάτων καὶ προκαταλάβηται αὐτὴν, δώσω αὐτῷ τὴν Ἀσχὰ θυγατέρα μου εἰς γυναῖκα.
7902	ΚΡΙΤΑΙ 5:4	σου ἐν	2	consecutive enclitics	ἐξόδῳ	Σηεὶρ	\vs{4}Κύριε, ἐν τῇ ἐξόδῳ σου ἐν Σηεὶρ, ἐν τῷ ἀπαίρειν σε ἐξ ἀγροῦ Ἐδὼμ, γῆ ἐσείσθη, καὶ ὁ οὐρανὸς ἔσταξε δρόσους, καὶ αἱ νεφέλαι ἔσταξαν ὕδωρ.
7902	ΚΡΙΤΑΙ 5:4	σε ἐξ	2	consecutive enclitics	ἀπαίρειν	ἀγροῦ	\vs{4}Κύριε, ἐν τῇ ἐξόδῳ σου ἐν Σηεὶρ, ἐν τῷ ἀπαίρειν σε ἐξ ἀγροῦ Ἐδὼμ, γῆ ἐσείσθη, καὶ ὁ οὐρανὸς ἔσταξε δρόσους, καὶ αἱ νεφέλαι ἔσταξαν ὕδωρ.
7908	ΚΡΙΤΑΙ 5:9	μου εἰς	2	consecutive enclitics	καρδία	τὰ	\vs{9}Ἡ καρδία μου εἰς τὰ διατεταγμένα τῷ Ἰσραήλ· οἱ ἑκούσιαζόμενοι ἐν λαῷ εὐλογεῖτε Κύριον.
7914	ΚΡΙΤΑΙ 5:14	σου ἐν	2	consecutive enclitics	λαοῖς	ἐμοὶ	\vs{14}Ἐφραῒμ ἐξεῤῥίζωσεν αὐτοὺς ἐν τῷ Ἀμαλὴκ, ὀπίσω σου Βενιαμὶν ἐν τοῖς λαοῖς σου· ἐν ἐμοὶ Μαχὶρ κατέβησαν ἐξερευνῶντες· καὶ ἀπὸ Ζαβουλὼν ἕλκοντες ἐν ῥάβδῳ διηγήσεως γραμματέως.
7955	ΚΡΙΤΑΙ 6:15	μου ἐν	2	consecutive enclitics	Κύριέ	τίνι	\vs{15}Καὶ εἶπε πρὸς αὐτὸν Γεδεὼν, ἐν ἐμοὶ, Κύριέ μου, ἐν τίνι σώσω τὸν Ἰσραήλ; ἰδοὺ ἡ χιλιάς μου ἠσθένησεν ἐν Μανασσῇ, καὶ ἐγώ εἰμι μικρότερος ἐν οἴκῳ τοῦ πατρός μου.
7985	ΚΡΙΤΑΙ 6:39	σου ἐν	2	consecutive enclitics	θυμός	ἐμοὶ	\vs{39}Καὶ εἶπε Γεδεὼν πρὸς τὸν Θεὸν, μὴ δὴ ὀργισθήτω ὁ θυμός σου ἐν ἐμοὶ, καὶ λαλήσω ἔτι ἅπαξ· πειράσω δὴ καί γε ἔτι ἅπαξ ἐν τῷ πόκῳ· καὶ γενέσθω ἡ ξηρασία ἐπὶ τὸν πόκον μόνον, καὶ ἐπὶ πᾶσαν τὴν γῆν γενηθήτω δρόσος.
8000	ΚΡΙΤΑΙ 7:10	σου εἰς	2	consecutive enclitics	παιδάριόν	τὴν	\vs{10}Καὶ εἰ φοβῇ σὺ καταβῆναι, κατάβηθι σὺ καὶ Φαρὰ τὸ παιδάριόν σου εἰς τὴν παρεμβολὴν,
8002	ΚΡΙΤΑΙ 7:12	ὡς ἡ	2	consecutive enclitics	ἦσαν	ἄμμος	\vs{12}Καὶ Μαδιὰμ καὶ Ἀμαλὴκ καὶ πάντες οἱ υἱοὶ ἀνατολῶν βεβλημένοι ἐν τῇ κοιλάδι ὡς ἀκρὶς εἰς πλῆθος, καὶ ταῖς καμήλοις αὐτῶν οὐκ ἦν ἀριθμὸς, ἀλλʼ ἦσαν ὡς ἡ ἄμμος ἡ ἐπὶ χείλους τῆς θαλάσσης εἰς πλῆθος.
8012	ΚΡΙΤΑΙ 7:19	οἱ μετ	2	consecutive enclitics	ἄνδρες	αὐτοῦ	\vs{19}Καὶ εἰσῆλθε Γεδεὼν καὶ οἱ ἐκατὸν ἄνδρες οἱ μετʼ αὐτοῦ ἐν ἀρχῇ τῆς παρεμβολῆς ἐν ἀρχῇ τῆς φυλακῆς μέσης· καὶ ἐγείροντες ἤγειραν τοὺς φυλάσσοντας, καὶ ἐσάλπισαν ἐν ταῖς κερατίναις, καὶ ἐξετίναξαν τὰς ὑδρίας τὰς ἐν ταῖς χερσὶν αὐτῶν.
8026	ΚΡΙΤΑΙ 8:4	οἱ μετ	2	consecutive enclitics	ἄνδρες	αὐτοῦ	\vs{4}Καὶ ἦλθε Γεδεὼν ἐπὶ τὸν Ἰορδανὴν, καὶ διέβη αὐτὸς καὶ οἱ τριακόσιοι ἄνδρες οἱ μετʼ αὐτοῦ πεινῶντες καὶ διώκοντες.
8031	ΚΡΙΤΑΙ 8:9	μου μετ	2	consecutive enclitics	ἐπιστροφῇ	εἰρήνης	\vs{9}Καὶ εἶπε Γεδεὼν πρὸς ἄνδρας Φανουὴλ, ἐν ἐπιστροφῇ μου μετʼ εἰρήνης, κατασκάψω τὸν πύργον τοῦτον.
8049	ΚΡΙΤΑΙ 8:23	μου ἐν	2	consecutive enclitics	υἱός	ὑμῖν	\vs{23}Καὶ εἶπε πρὸς αὐτοὺς Γεδεὼν, οὐκ ἄρξω ἐγὼ, καὶ οὐκ ἄρξει ὁ υἱός μου ἐν ὑμῖν· Κύριος ἄρξει ὑμῶν.
8077	ΚΡΙΤΑΙ 9:9	μου ἐν	2	consecutive enclitics	πιότητά	ᾗ	\vs{9}Καὶ εἶπεν αὐτοῖς ἡ ἐλαία, μὴ ἀπολείψασα τὴν πιότητά μου, ἐν ᾗ δοξάσουσι τὸν Θεὸν ἄνδρες, πορεύσομαι κινεῖσθαι ἐπὶ τῶν ξύλων;
8083	ΚΡΙΤΑΙ 9:15	εἰ ἐν	2	consecutive enclitics	ξύλα	ἀληθείᾳ	\vs{15}Καὶ εἶπεν ἡ ῥάμνος πρὸς τὰ ξύλα, εἰ ἐν ἀληθείᾳ χρίετέ με ὑμεῖς τοῦ βασιλεύειν ἐφʼ ὑμᾶς, δεῦτε, ὑπόστητε ἐν τῇ σκιᾷ μου· καὶ εἰ μὴ, ἐξέλθοι πῦρ ἀπʼ ἐμοῦ καὶ καταφάγοι τὰς κέδρους τοῦ Λιβάνου.
8085	ΚΡΙΤΑΙ 9:16	εἰ ἐν	2	consecutive enclitics	νῦν	ἀληθείᾳ	\vs{16}Καὶ νῦν εἰ ἐν ἀληθείᾳ καὶ τελειότητι ἐποιήσατε, καὶ ἐβασιλεύσατε τὸν Ἀβιμέλεχ, καὶ εἰ ἀγαθωσύνην ἐποιήσατε μετὰ Ἱεροβάαλ, καὶ μετὰ τοῦ οἴκου αὐτοῦ, καὶ εἰ ὡς ἀνταπόδοσις χειρὸς αὐτοῦ ἐποιήσατε αὐτῷ,
8085	ΚΡΙΤΑΙ 9:16	εἰ ὡς	2	consecutive enclitics	καὶ	ἀνταπόδοσις	\vs{16}Καὶ νῦν εἰ ἐν ἀληθείᾳ καὶ τελειότητι ἐποιήσατε, καὶ ἐβασιλεύσατε τὸν Ἀβιμέλεχ, καὶ εἰ ἀγαθωσύνην ἐποιήσατε μετὰ Ἱεροβάαλ, καὶ μετὰ τοῦ οἴκου αὐτοῦ, καὶ εἰ ὡς ἀνταπόδοσις χειρὸς αὐτοῦ ἐποιήσατε αὐτῷ,
8088	ΚΡΙΤΑΙ 9:19	εἰ ἐν	2	consecutive enclitics	Καὶ	ἀληθείᾳ	\vs{19}Καὶ εἰ ἐν ἀληθείᾳ καὶ τελειότητι ἐποιήσατε μετὰ Ἱεροβάαλ, καὶ μετὰ τοῦ οἴκου αὐτοῦ ἐν τῇ ἡμέρᾳ ταύτῃ, εὐφρανθείητε ἐν Ἀβιμέλεχ, καὶ εὐφρανθείη καί γε αὐτὸς ἐφʼ ὑμῖν·
8106	ΚΡΙΤΑΙ 9:33	ὁ μετ	2	consecutive enclitics	λαὸς	αὐτοῦ	\vs{33}Καὶ ἔσται τοπρωῒ ἅμα τῷ ἀνατεῖλαι τὸν ἥλιον, ὀρθριεῖς καὶ ἐκτενεῖς ἐπὶ τὴν πόλιν· καὶ ἰδοὺ αὐτὸς καὶ ὁ λαὸς ὁ μετʼ αὐτοῦ ἐκπορεύονται πρὸς σὲ, καὶ ποιήσεις αὐτῷ ὅσα ἂν εὕρῃ ἡ χείρ σου.
8109	ΚΡΙΤΑΙ 9:35	ὁ μετ	2	consecutive enclitics	λαὸς	αὐτοῦ	\vs{35}Καὶ ἐξῆλθε Γαὰλ υἱὸς Ἰωβὴλ, καὶ ἔστη πρὸς τῇ θύρᾳ τῆς πύλης τῆς πόλεως· καὶ ἀνέστη Ἀβιμέλεχ καὶ ὁ λαὸς ὁ μετʼ αὐτοῦ ἀπὸ τοῦ ἐνέδρου.
8112	ΚΡΙΤΑΙ 9:38	σου ὡς	2	consecutive enclitics	στόμα	ἐλάλησας	\vs{38}Καὶ εἶπε πρὸς αὐτὸν Ζεβοὺλ, καὶ ποῦ ἐστι τὸ στόμα σου ὡς ἐλάλησας, τίς ἐστιν Ἀβιμέλεχ, ὅτι δουλεύσομεν αὐτῷ; μὴ οὐχὶ οὗτος ὁ λαὸς ὃν ἐξουδένωσας; ἔξελθε δὴ νῦν καὶ παράταξαι αὐτῷ.
8120	ΚΡΙΤΑΙ 9:44	οἱ μετ	2	consecutive enclitics	ἀρχηγοὶ	αὐτοῦ	\vs{44}Καὶ Ἀβιμέλεχ καὶ οἱ ἀρχηγοὶ οἱ μετʼ αὐτοῦ ἐξέτειναν, καὶ ἔστησαν παρὰ τὴν θύραν τῆς πύλης τῆς πόλεως· καὶ αἱ δύο ἀρχαὶ ἐξέτειναν ἐπὶ πάντας τοὺς ἐν τῷ ἀγρῷ, καὶ ἐπάταξαν αὐτούς.
8125	ΚΡΙΤΑΙ 9:48	ὁ μετ	2	consecutive enclitics	λαὸς	αὐτοῦ	\vs{48}Καὶ ἀνέβη Ἀβιμέλεχ εἰς ὄρος Σελμὼν, καὶ πᾶς ὁ λαὸς ὁ μετʼ αὐτοῦ· καὶ ἔλαβεν Ἀβιμέλεχ τὰς ἀξίνας ἐν τῇ χειρὶ αὐτοῦ, καὶ ἔκοψε κλάδον ξύλου, καὶ ᾖρε, καὶ ἔθηκεν ἐπὶ ὤμων αὐτοῦ· καὶ εἶπε τῷ λαῷ τῷ μετʼ αὐτοῦ, ὃ εἴδετέ με ποιοῦντα, ταχέως ποιήσατε ὡς ἐγώ.
8171	ΚΡΙΤΑΙ 11:7	με ἐκ	2	consecutive enclitics	ἐξεβάλετέ	τοῦ	\vs{7}Καὶ εἶπεν Ἰεφθάε τοῖς πρεσβυτέροις Γαλαὰδ, οὐχὶ ὑμεῖς ἐμισήσατέ με, καὶ ἐξεβάλετέ με ἐκ τοῦ οἴκου τοῦ πατρός μου, καὶ ἐξαπεστείλατέ με ἀφʼ ὑμῶν; καὶ διατί ἤλθατε πρὸς μὲ νῦν ἡνίκα χρῄζετε;
8171	ΚΡΙΤΑΙ 11:7	με ἀφ	2	consecutive enclitics	ἐξαπεστείλατέ	ὑμῶν	\vs{7}Καὶ εἶπεν Ἰεφθάε τοῖς πρεσβυτέροις Γαλαὰδ, οὐχὶ ὑμεῖς ἐμισήσατέ με, καὶ ἐξεβάλετέ με ἐκ τοῦ οἴκου τοῦ πατρός μου, καὶ ἐξαπεστείλατέ με ἀφʼ ὑμῶν; καὶ διατί ἤλθατε πρὸς μὲ νῦν ἡνίκα χρῄζετε;
8179	ΚΡΙΤΑΙ 11:13	μου ἐν	2	consecutive enclitics	γῆν	τῷ	\vs{13}Καὶ εἶπε βασιλεὺς υἱῶν Ἀμμὼν πρὸς τοὺς ἀγγέλους Ἰεφθάε, ὅτι ἔλαβεν Ἰσραὴλ τὴν γῆν μου ἐν τῷ ἀναβαίνειν αὐτὸν ἐξ Αἰγύπτου ἀπὸ Ἀρνὼν ἕως Ἰαβὸκ καὶ ἕως τοῦ Ἰορδάνου· καὶ νῦν ἐπίστρεψον αὐτὰς ἐν εἰρήνῃ, καὶ πορεύσομαι.
8194	ΚΡΙΤΑΙ 11:27	εἰμι οὐχ	2	consecutive enclitics	ἐγώ	ἥμαρτόν	\vs{27}Καὶ νῦν ἐγώ εἰμι οὐχ ἥμαρτόν σοι, καὶ σὺ ποιεῖς μετʼ ἐμοῦ πονηρίαν τοῦ παρατάξασθαι ἐν ἐμοί· κρίναι Κύριος ὁ κρίνων σήμερον ἀναμέσον υἱῶν Ἰσραὴλ καὶ ἀναμέσον υἱῶν Ἀμμών.
8200	ΚΡΙΤΑΙ 11:31	μου εἰς	2	consecutive enclitics	οἴκου	συνάντησίν	\vs{31}καὶ ἔσται ὁ ἐκπορευόμενος ὃς ἂν ἐξέλθῃ ἀπὸ τῆς θύρας τοῦ οἴκου μου εἰς συνάντησίν μου ἐν τῷ ἐπιστρέφειν με ἐν εἰρήνῃ ἀπὸ υἱῶν Ἀμμὼν, καὶ ἔσται τῷ Κυρίῳ, ἀνοίσω αὐτὸν ὁλοκαύτωμα.
8200	ΚΡΙΤΑΙ 11:31	μου ἐν	2	consecutive enclitics	συνάντησίν	τῷ	\vs{31}καὶ ἔσται ὁ ἐκπορευόμενος ὃς ἂν ἐξέλθῃ ἀπὸ τῆς θύρας τοῦ οἴκου μου εἰς συνάντησίν μου ἐν τῷ ἐπιστρέφειν με ἐν εἰρήνῃ ἀπὸ υἱῶν Ἀμμὼν, καὶ ἔσται τῷ Κυρίῳ, ἀνοίσω αὐτὸν ὁλοκαύτωμα.
8200	ΚΡΙΤΑΙ 11:31	με ἐν	2	consecutive enclitics	ἐπιστρέφειν	εἰρήνῃ	\vs{31}καὶ ἔσται ὁ ἐκπορευόμενος ὃς ἂν ἐξέλθῃ ἀπὸ τῆς θύρας τοῦ οἴκου μου εἰς συνάντησίν μου ἐν τῷ ἐπιστρέφειν με ἐν εἰρήνῃ ἀπὸ υἱῶν Ἀμμὼν, καὶ ἔσται τῷ Κυρίῳ, ἀνοίσω αὐτὸν ὁλοκαύτωμα.
8207	ΚΡΙΤΑΙ 11:36	σου ἐν	2	consecutive enclitics	στόματός	τῷ	\vs{36}Ἡ δὲ εἶπε πρὸς αὐτὸν, πάτερ, ἤνοιξας τὸ στόμα σου πρὸς Κύριον; ποίησόν μοι ὃν τρόπον ἐξῆλθεν ἐκ στόματός σου, ἐν τῷ ποιῆσαί σοι Κύριον ἐκδίκησιν τῶν ἐχθρῶν σου ἀπὸ τῶν υἱῶν Ἀμμών.
8216	ΚΡΙΤΑΙ 12:2	με ἐκ	2	consecutive enclitics	ἐσώσατέ	χειρὸς	\vs{2}Καὶ εἶπε πρὸς αὐτοὺς Ἰεφθάε, ἀνὴρ μαχητὴς ἤμην ἐγὼ καὶ ὁ λαός μου, καὶ οἱ υἱοὶ Ἀμμὼν σφόδρα· καὶ ἐβόησα ὑμᾶς, καὶ οὐκ ἐσώσατέ με ἐκ χειρὸς αὐτῶν.
8217	ΚΡΙΤΑΙ 12:3	μου ἐν	2	consecutive enclitics	ψυχήν	χειρί	\vs{3}Καὶ εἶδον ὅτι οὐκ εἶ σωτὴρ, καὶ ἔθηκα τὴν ψυχήν μου ἐν χειρί μου, καὶ παρῆλθον πρὸς υἱοὺς Ἀμμὼν, καὶ ἔδωκεν αὐτοὺς Κύριος ἐν χειρί μου· καὶ εἰς τί ἀνέβητε ἐπʼ ἐμὲ ἐν τῇ ἡμέρᾳ ταύτῃ παρατάξασθαι ἐν ἐμοί;
8272	ΚΡΙΤΑΙ 14:2	μοι εἰς	2	consecutive enclitics	αὐτήν	γυναῖκα	\vs{2}Καὶ ἀνέβη καὶ ἀπήγγειλε τῷ πατρὶ αὐτοῦ καὶ τῇ μητρὶ αὐτοῦ, καὶ εἶπε, γυναῖκα ἑώρακα ἐν Θαμναθὰ ἀπὸ τῶν θυγατέρων Φυλιστιῒμ, καὶ νῦν λάβετε αὐτήν μοι εἰς γυναῖκα.
8291	ΚΡΙΤΑΙ 14:15	σου ἐν	2	consecutive enclitics	πατρός	πυρί	\vs{15}Καὶ ἐγένετο ἐν τῇ ἡμέρᾳ τῇ τετάρτῃ, καὶ εἶπαν τῇ γυναικὶ Σαμψὼν, ἀπάτησον δὴ τὸν ἄνδρα σου, καὶ ἀπαγγειλάτω σοι τὸ πρόβλημα, μή ποτε κατακαύσωμέν σε καὶ τὸν οἶκον τοῦ πατρός σου ἐν πυρί· ἢ ἐκβιᾶσαι ἡμᾶς κεκλήκατε;
8292	ΚΡΙΤΑΙ 14:16	μου οὐκ	2	consecutive enclitics	λαοῦ	ἀπήγγειλάς	\vs{16}Καὶ ἔκλαυσεν ἡ γυνὴ Σαμψὼν πρὸς αὐτὸν, καὶ εἶπε, πλὴν μεμίσηκάς με καὶ οὐκ ἠγάπησάς με, ὅτι τὸ πρόβλημα ὃ προεβάλου τοῖς υἱοῖς τοῦ λαοῦ μου, οὐκ ἀπήγγειλάς μοι αὐτό· καὶ εἶπεν αὐτῇ Σαμψὼν, εἰ τῷ πατρί μου καὶ τῇ μητρί μου οὐκ ἀπήγγελκα, σοὶ ἀπαγγείλω;
8292	ΚΡΙΤΑΙ 14:16	μου οὐκ	2	consecutive enclitics	μητρί	ἀπήγγελκα	\vs{16}Καὶ ἔκλαυσεν ἡ γυνὴ Σαμψὼν πρὸς αὐτὸν, καὶ εἶπε, πλὴν μεμίσηκάς με καὶ οὐκ ἠγάπησάς με, ὅτι τὸ πρόβλημα ὃ προεβάλου τοῖς υἱοῖς τοῦ λαοῦ μου, οὐκ ἀπήγγειλάς μοι αὐτό· καὶ εἶπεν αὐτῇ Σαμψὼν, εἰ τῷ πατρί μου καὶ τῇ μητρί μου οὐκ ἀπήγγελκα, σοὶ ἀπαγγείλω;
8294	ΚΡΙΤΑΙ 14:18	μου οὐκ	2	consecutive enclitics	δαμάλει	ἂν	\vs{18}Καὶ εἶπαν αὐτῷ οἱ ἄνδρες τῆς πόλεως ἐν τῇ ἡμέρᾳ τῇ ἑβδόμῃ πρὸ τοῦ ἀνατεῖλαι τὸν ἥλιον, τί γλυκύτερον μέλιτος, καὶ τί ἰσχυρότερον λέοντος; καὶ εἶπεν αὐτοῖς Σαμψὼν, εἰ μὴ ἠροτριάσατε ἐν τῇ δαμάλει μου, οὐκ ἂν ἔγνωτε τὸ πρόβλημά μου.
8313	ΚΡΙΤΑΙ 15:12	σε ἐν	2	consecutive enclitics	δοῦναί	χειρὶ	\vs{12}Καὶ εἶπαν αὐτῷ, δῆσαί σε κατέβημεν τοῦ δοῦναί σε ἐν χειρὶ ἀλλοφύλων· καὶ εἶπεν αὐτοῖς Σαμψὼν, ὀμόσατέ μοι μή ποτε συναντήσητε ἐν ἐμοὶ ὑμεῖς.
8314	ΚΡΙΤΑΙ 15:13	σε ἐν	2	consecutive enclitics	παραδώσωμέν	χειρὶ	\vs{13}Καὶ εἶπον αὐτῷ, λέγοντες, οὐχὶ, ὅτι ἀλλʼ ἢ δεσμῷ δήσομέν σε, καὶ παραδώσωμέν σε ἐν χειρὶ αὐτῶν, καὶ θανάτῳ οὐ θανατώσωμέν σε· καὶ ἔδησαν αὐτὸν ἐν δυσὶ καλωδίοις καινοῖς, καὶ ἀνήνεγκαν αὐτὸν ἀπὸ τῆς πέτρας ἐκείνης.
8322	ΚΡΙΤΑΙ 15:19	ἐστιν ἐν	2	consecutive enclitics	ἥ	σιαγόνι	\vs{19}Καὶ ἔῤῥηξεν ὁ Θεὸς τὸν λάκκον τὸν ἐν τῇ σιαγόνι, καὶ ἐξῆλθεν ἐκ αὐτοῦ ὕδωρ, καὶ ἔπιε· καὶ ἐπέστρεψε τὸ πνεῦμα αὐτοῦ καὶ ἔζησε. διὰ τοῦτο ἐκλήθη τὸ ὄνομα αὐτῆς, Πηγὴ τοῦ ἐπικαλουμένου, ἥ ἐστιν ἐν σιαγόνι, ἕως τῆς ἡμέρας ταύτης.
8334	ΚΡΙΤΑΙ 16:6	μοι ἐν	2	consecutive enclitics	δή	τίνι	\vs{6}Καὶ εἶπε Δαλιδὰ πρὸς Σαμψὼν, ἀπάγγειλον δή μοι ἐν τίνι ἡ ἰσχύς σου ἡ μεγάλη, καὶ ἐν τίνι δεθήσῃ τοῦ ταπεινωθῆναί σε.
8334	ΚΡΙΤΑΙ 16:6	σου ἡ	2	consecutive enclitics	ἰσχύς	μεγάλη	\vs{6}Καὶ εἶπε Δαλιδὰ πρὸς Σαμψὼν, ἀπάγγειλον δή μοι ἐν τίνι ἡ ἰσχύς σου ἡ μεγάλη, καὶ ἐν τίνι δεθήσῃ τοῦ ταπεινωθῆναί σε.
8335	ΚΡΙΤΑΙ 16:7	με ἐν	2	consecutive enclitics	δήσωσί	ἑπτὰ	\vs{7}Καὶ εἶπε πρὸς αὐτὴν Σαμψὼν, ἐὰν δήσωσί με ἐν ἑπτὰ νευραῖς ὑγραῖς μὴ διεφθαρμέναις, καὶ ἀσθενήσω καὶ ἔσομαι ὡς εἷς τῶν ἀνθρώπων.
8339	ΚΡΙΤΑΙ 16:10	μοι ἐν	2	consecutive enclitics	ἀνάγγειλόν	τίνι	\vs{10}Καὶ εἶπε Δαλιδὰ πρὸς Σαμψὼν, ἰδοὺ ἐπλάνησάς με, καὶ ἐλάλησας πρὸς μὲ ψευδῆ· νῦν οὖν ἀνάγγειλόν μοι ἐν τίνι δεθήσῃ.
8340	ΚΡΙΤΑΙ 16:11	με ἐν	2	consecutive enclitics	δήσωσί	καλωδίοις	\vs{11}Καὶ εἶπε πρὸς αὐτὴν, ἐὰν δεσμεύοντες δήσωσί με ἐν καλωδίοις καινοῖς οἷς οὐκ ἐγένετο ἐν αὐτοῖς ἔργον, καὶ ἀσθενήσω καὶ ἔσομαι ὡς εἶς τῶν ἀνθρώπων.
8343	ΚΡΙΤΑΙ 16:13	μοι ἐν	2	consecutive enclitics	δή	τίνι	\vs{13}Καὶ εἶπε Δαλιδὰ πρὸς Σαμψὼν, ἰδοὺ ἐπλάνησάς με, καὶ ἐλάλησας πρὸς μὲ ψευδῆ· ἀνάγγειλον δή μοι ἐν τίνι δεθήσῃ· καὶ εἶπε πρὸς αὐτὴν, ἐὰν ὑφάνῃς τὰς ἑπτὰ σειρὰς τῆς κεφαλῆς μου σὺν τῷ διάσματι, καὶ ἐγκρούσῃς τῷ πασσάλῳ εἰς τὸν τοῖχον, καὶ ἔσομαι ὡς εἷς τῶν ἀνθρώπων ἀσθενής.
8346	ΚΡΙΤΑΙ 16:15	σου οὐκ	2	consecutive enclitics	καρδία	ἔστι	\vs{15}Καὶ εἶπε πρὸς Σαμψὼν Δαλιδὰ, πῶς λέγεις, ἠγάπηκά σε, καὶ ἡ καρδία σου οὐκ ἔστι μετʼ ἐμοῦ; τοῦτο τρίτον ἐπλάνησάς με καὶ οὐκ ἀπήγγειλάς μοι ἐν τίνι ἡ ἰσχύς σου ἡ μεγάλη.
8346	ΚΡΙΤΑΙ 16:15	μοι ἐν	2	consecutive enclitics	ἀπήγγειλάς	τίνι	\vs{15}Καὶ εἶπε πρὸς Σαμψὼν Δαλιδὰ, πῶς λέγεις, ἠγάπηκά σε, καὶ ἡ καρδία σου οὐκ ἔστι μετʼ ἐμοῦ; τοῦτο τρίτον ἐπλάνησάς με καὶ οὐκ ἀπήγγειλάς μοι ἐν τίνι ἡ ἰσχύς σου ἡ μεγάλη.
8346	ΚΡΙΤΑΙ 16:15	σου ἡ	2	consecutive enclitics	ἰσχύς	μεγάλη	\vs{15}Καὶ εἶπε πρὸς Σαμψὼν Δαλιδὰ, πῶς λέγεις, ἠγάπηκά σε, καὶ ἡ καρδία σου οὐκ ἔστι μετʼ ἐμοῦ; τοῦτο τρίτον ἐπλάνησάς με καὶ οὐκ ἀπήγγειλάς μοι ἐν τίνι ἡ ἰσχύς σου ἡ μεγάλη.
8380	ΚΡΙΤΑΙ 17:10	μοι εἰς	2	consecutive enclitics	γίνου	πατέρα	\vs{10}Καὶ εἶπεν αὐτῷ Μιχαίας, κάθου μετʼ ἐμοῦ, καὶ γίνου μοι εἰς πατέρα καὶ εἰς ἱερέα, καὶ ἐγὼ δώσω σοι δέκα ἀργυρίου εἰς ἡμέραν, καὶ στολὴν ἱματίων, καὶ τὰ πρὸς ζωήν σου.
8383	ΚΡΙΤΑΙ 17:13	μοι ὁ	2	consecutive enclitics	ἐγένετό	Λευίτης	\vs{13}Καὶ εἶπε Μιχαίας, νῦν ἔγνων ὅτι ἀγαθυνεῖ μοι Κύριος, ὅτι ἐγένετό μοι ὁ Λευίτης εἰς ἱερέα.
8404	ΚΡΙΤΑΙ 18:16	οἱ ἐκ	2	consecutive enclitics	πύλης	τῶν	\vs{16}Καὶ οἱ ἑξακόσιοι ἄνδρες οἱ ἀνεζωσμένοι τὰ σκεύη τῆς παρατάξεως αὐτῶν ἑστῶτες παρὰ θύρας τῆς πύλης, οἱ ἐκ τῶν υἱῶν Δάν.
8412	ΚΡΙΤΑΙ 18:22	οἱ ἐν	2	consecutive enclitics	ἄνδρες	ταῖς	\vs{22}Αὐτοὶ ἐμάκρυναν ἀπὸ οἴκου Μιχαία, καὶ ἰδοὺ Μιχαίας καὶ οἱ ἄνδρες οἱ ἐν ταῖς οἰκίαις ταῖς μετὰ οἴκου Μιχαία ἐβόησαν, καὶ κατελάβοντο τοὺς υἱοὺς Δάν.
8415	ΚΡΙΤΑΙ 18:25	σου μεθ	2	consecutive enclitics	φωνή	ἡμῶν	\vs{25}Καὶ εἶπαν πρὸς αὐτὸν οἱ υἱοὶ Δὰν, μὴ ἀκουσθήτω δὴ φωνή σου μεθʼ ἡμῶν, μή ποτε συναντήσωσιν ὑμῖν ἄνδρες πικροὶ ψυχῇ, καὶ προσθήσουσι ψυχήν σου, καὶ τὴν ψυχὴν τοῦ οἴκου σου.
8442	ΚΡΙΤΑΙ 19:14	ἐστιν ἐν	2	consecutive enclitics	ἥ	τῷ	\vs{14}Καὶ παρῆλθον καὶ ἐπορεύθησαν, καὶ ἔδυ αὐτοῖς ὁ ἥλιος ἐχόμενα τῆς Γαβαὰ, ἥ ἐστιν ἐν τῷ Βενιαμίν.
8447	ΚΡΙΤΑΙ 19:18	με εἰς	2	consecutive enclitics	συνάγων	τὴν	\vs{18}Καὶ εἶπε πρὸς αὐτὸν, παραπορευόμεθα ἡμεῖς ἀπὸ Βηθλεὲμ Ἰούδα ἕως μηρῶν ὄρους Ἐφραίμ· ἐκεῖθεν ἐγώ εἰμι, καὶ ἐπορεύθην ἕως Βηθλεὲμ Ἰούδα, καὶ εἰς τὸν οἶκόν μου ἐγὼ πορεύομαι, καὶ οὐκ ἔστιν ἀνὴρ συνάγων με εἰς τὴν οἰκίαν.
8448	ΚΡΙΤΑΙ 19:19	σου οὐκ	2	consecutive enclitics	παίδων	ἔστιν	\vs{19}Καί γε ἄχυρα καὶ χορτάσματά ἐστι τοῖς ὄνοις ἡμῶν, καὶ ἄρτος καὶ οἶνός ἐστιν ἐμοὶ καὶ τῇ παιδίσκῃ καὶ τῷ νεανίσκῳ μετὰ τῶν παίδων σου· οὐκ ἔστιν ὑστέρημα παντὸς πράγματος.
8449	ΚΡΙΤΑΙ 19:20	σου ἐπ	2	consecutive enclitics	ὑστέρημά	ἐμὲ	\vs{20}Καὶ εἶπεν ὁ ἀνὴρ πρεσβύτης, εἰρήνη σοι· πλὴν πᾶν τὸ ὑστέρημά σου ἐπʼ ἐμὲ, πλὴν ἐν τῇ πλατείᾳ οὐ μὴ αὐλισθήσῃ.
8454	ΚΡΙΤΑΙ 19:24	μου ἡ	2	consecutive enclitics	θυγάτηρ	παρθένος	\vs{24}Ἴδε ἡ θυγάτηρ μου ἡ παρθένος, καὶ ἡ παλλακὴ αὐτοῦ· ἐξάξω αὐτὰς, καὶ ταπεινώσατε αὐτὰς, καὶ ποιήσατε αὐταῖς τὸ ἀγαθὸν ἐν ὀφθαλμοῖς ὑμῶν, καὶ τῷ ἀνδρὶ τούτῳ μή ποιήσητε τὸ ῥῆμα τῆς ἀφροσύνης ταύτης.
8513	ΚΡΙΤΑΙ 20:39	ὡς ἡ	2	consecutive enclitics	ἡμῶν	παράταξις	\vs{39}Καὶ εἶδον οἱ υἱοὶ Ἰσραὴλ, ὅτι προκατελάβετο τὸ ἔνεδρον τὴν Γαβαὰ, καὶ ἔστησαν ἐν τῇ παρατάξει· καὶ Βενιαμὶν ἤρξατο πατάσσειν τραυματίας ἐν ἀνδράσιν Ἰσραὴλ ὡς τριάκοντα ἄνδρας· ὅτι εἶπαν, πάλιν πτώσει πίπτουσιν ἐνώπιον ἡμῶν ὡς ἡ παράταξις ἡ πρώτη.
8597	ΡΟΥΘ 1:21	με ὁ	2	consecutive enclitics	ἀπέστρεψέ	Κύριος	\vs{21}Ἐγὼ πλήρης ἐπορεύθην, καὶ κενὴν ἀπέστρεψέ με ὁ Κύριος· καὶ ἱνατί καλεῖτέ με Νωεμὶν, καὶ Κύριος ἐταπείνωσέ με, καὶ ὁ ἱκανὸς ἐκάκωσέ με;
8612	ΡΟΥΘ 2:9	σου εἰς	2	consecutive enclitics	ὀφθαλμοί	τὸν	\vs{9}Οἱ ὀφθαλμοί σου εἰς τὸν ἀγρὸν οὗ ἐὰν θερίζωσι, καὶ πορεύσῃ κατόπισθεν αὐτῶν· ἰδοὺ ἐνετειλάμην τοῖς παιδαρίοις τοῦ μὴ ἅψασθαί σου· καὶ ὅτε διψήσεις καὶ πορευθήσῃ εἰς τὰ σκεύη, καὶ πίεσαι ὅθεν ἐὰν ὑδρεύωνται τὰ παιδάρια.
8619	ΡΟΥΘ 2:14	σου ἐν	2	consecutive enclitics	ψωμόν	τῷ	\vs{14}Καὶ εἶπεν αὐτῇ Βοὸζ, ἤδη ὥρα τοῦ φαγεῖν, πρόσελθε ὧδε καὶ φάγεσαι τῶν ἄρτων, καὶ βάψεις τὸν ψωμόν σου ἐν τῷ ὄξει· καὶ ἐκάθισε Ῥοὺθ ἐκ πλαγίων τῶν θεριζόντων· καὶ ἐβούνισεν αὐτῇ Βοὸζ ἄλφιτον, καὶ ἔφαγε καὶ ἐνεπλήσθη καὶ κατέλιπε,
8630	ΡΟΥΘ 2:22	σοι ἐν	2	consecutive enclitics	ἀπαντήσονταί	ἀγρῷ	\vs{22}Καὶ εἶπε Νωεμὶν πρὸς Ῥοὺθ τὴν νύμφην αὐτῆς, ἀγαθὸν θύγατερ, ὅτι ἐξῆλθες μετὰ τῶν κορασίων αὐτου, καὶ οὐκ ἀπαντήσονταί σοι ἐν ἀγρῷ ἑτέρῳ.
8663	ΡΟΥΘ 4:4	μου εἰ	2	consecutive enclitics	λαοῦ	ἀγχιστεύεις	\vs{4}κᾀγὼ εἶπα, ἀποκαλύψω τὸ οὖς σου λέγων, κτῆσαι ἐναντίον τῶν καθημένων, καὶ ἐναντίον τῶν πρεσβυτέρων τοῦ λαοῦ μου. εἰ ἀγχιστεύεις, ἀγχίστευε· εἰ δὲ μὴ ἀγχιστεύεις, ἀνάγγειλόν μοι, καὶ γνώσομαι, ὅτι οὐκ ἔστι πάρεξ σοῦ τοῦ ἀγχιστεῦσαι, κᾀγώ εἰμι μετὰ σέ· ὁ δὲ εἶπεν, ἐγώ εἰμι, ἀγχιστεῦσαι, κἀγώ εἰμι, ἀγχιστεύσω.
8673	ΡΟΥΘ 4:11	οἱ ἐν	2	consecutive enclitics	λαὸς	τῇ	\vs{11}Καὶ εἴποσαν πᾶς ὁ λαὸς οἱ ἐν τῇ πύλῃ, μάρτυρες· καὶ οἱ πρεσβύτεροι εἴποσαν, δῴη Κύριος τὴν γυναῖκά σου, τὴν εἰσπορευομένην εἰς τὸν οἶκόν σου, ὡς Ῥαχὴλ καὶ ὡς Λίαν, αἳ ᾠκοδόμησαν ἀμφότεραι τὸν οἶκον τοῦ Ἰσραὴλ, καὶ ἐποίησαν δύναμιν ἐν Ἐφραθᾷ, καὶ ἔσται ὄνομα ἐν Βηθλεέμ.
8673	ΡΟΥΘ 4:11	σου ὡς	2	consecutive enclitics	οἶκόν	Ῥαχὴλ	\vs{11}Καὶ εἴποσαν πᾶς ὁ λαὸς οἱ ἐν τῇ πύλῃ, μάρτυρες· καὶ οἱ πρεσβύτεροι εἴποσαν, δῴη Κύριος τὴν γυναῖκά σου, τὴν εἰσπορευομένην εἰς τὸν οἶκόν σου, ὡς Ῥαχὴλ καὶ ὡς Λίαν, αἳ ᾠκοδόμησαν ἀμφότεραι τὸν οἶκον τοῦ Ἰσραὴλ, καὶ ἐποίησαν δύναμιν ἐν Ἐφραθᾷ, καὶ ἔσται ὄνομα ἐν Βηθλεέμ.
8674	ΡΟΥΘ 4:12	σου ὡς	2	consecutive enclitics	οἶκός	οἶκος	\vs{12}Καὶ γένοιτο οἶκός σου, ὡς οἶκος Φαρὲς, ὃν ἔτεκε Θάμαρ τῷ Ἰούδᾳ, ἐκ τοῦ σπέρματος οὗ δώσει Κύριός σοι ἐκ τῆς παιδίσκης ταύτης.
8674	ΡΟΥΘ 4:12	σοι ἐκ	2	consecutive enclitics	Κύριός	τῆς	\vs{12}Καὶ γένοιτο οἶκός σου, ὡς οἶκος Φαρὲς, ὃν ἔτεκε Θάμαρ τῷ Ἰούδᾳ, ἐκ τοῦ σπέρματος οὗ δώσει Κύριός σοι ἐκ τῆς παιδίσκης ταύτης.
8677	ΡΟΥΘ 4:14	σου ἑν	2	consecutive enclitics	ὄνομά	Ἰσραήλ	\vs{14}Καὶ εἶπαν αἱ γυναῖκες πρὸς Νωεμὶν, εὐλογητὸς Κύριος, ὃς οὐ κατέλυσέ σοι σήμερον τὸν ἀγχιστέα, καὶ καλέσαι τὸ ὄνομά σου ἑν Ἰσραήλ.
8678	ΡΟΥΘ 4:15	σοι εἰς	2	consecutive enclitics	ἔσται	ἐπιστρέφοντα	\vs{15}Καὶ ἔσται σοι εἰς ἐπιστρέφοντα ψυχὴν, καὶ τοῦ διαθρέψαι τὴν πολιάν σου, ὅτι ἡ νύμφη ἡ ἀγαπήσασά σε, ἔτεκεν αὐτὸν, ἥ ἐστιν ἀγαθή σοι ὑπὲρ ἑπτὰ υἱούς.
8703	ΒΑΣΙΛΕΙΩΝ Α 1:8	σε ἡ	2	consecutive enclitics	τύπτει	καρδία	\vs{8}Καὶ εἶπεν αὐτῇ Ἑλκανὰ ὁ ἀνὴρ αὐτῆς, Ἄννα· καὶ εἶπεν αὐτῷ, ἰδοὺ ἐγώ, κύριε· καὶ εἶπεν αὐτῇ, τί ἐστί σοι ὅτι κλαίεις; καὶ ἱνατί οὐκ ἐσθίεις; καὶ ἱνατί τύπτει σε ἡ καρδία σου; οὐκ ἀγαθὸς ἐγώ σοι ὑπὲρ δέκα τέκνα;
8703	ΒΑΣΙΛΕΙΩΝ Α 1:8	σου οὐκ	2	consecutive enclitics	καρδία	ἀγαθὸς	\vs{8}Καὶ εἶπεν αὐτῇ Ἑλκανὰ ὁ ἀνὴρ αὐτῆς, Ἄννα· καὶ εἶπεν αὐτῷ, ἰδοὺ ἐγώ, κύριε· καὶ εἶπεν αὐτῇ, τί ἐστί σοι ὅτι κλαίεις; καὶ ἱνατί οὐκ ἐσθίεις; καὶ ἱνατί τύπτει σε ἡ καρδία σου; οὐκ ἀγαθὸς ἐγώ σοι ὑπὲρ δέκα τέκνα;
8714	ΒΑΣΙΛΕΙΩΝ Α 1:16	σου εἰς	2	consecutive enclitics	δούλην	θυγατέρα	\vs{16}Μὴ δῷς τὴν δούλην σου εἰς θυγατέρα λοιμὴν, ὅτι ἐκ πλήθους ἀδολεσχίας μου ἐκτέτακα ἕως νῦν.
8732	ΒΑΣΙΛΕΙΩΝ Α 2:1	μου ἐν	2	consecutive enclitics	καρδία	Κυρίῳ	Ἐστερέωθη ἡ καρδία μου ἐν Κυρίῳ, ὑψώθη κέρας μου ἐν Θεῷ μου, ἐπλατύνθη ἐπʼ ἐχθρούς μου τὸ στόμα μου, εὐφράνθην ἐν σωτηρίᾳ σου.
8732	ΒΑΣΙΛΕΙΩΝ Α 2:1	μου ἐν	2	consecutive enclitics	κέρας	Θεῷ	Ἐστερέωθη ἡ καρδία μου ἐν Κυρίῳ, ὑψώθη κέρας μου ἐν Θεῷ μου, ἐπλατύνθη ἐπʼ ἐχθρούς μου τὸ στόμα μου, εὐφράνθην ἐν σωτηρίᾳ σου.
8733	ΒΑΣΙΛΕΙΩΝ Α 2:2	ὡς ὁ	2	consecutive enclitics	δίκαιος	Θεὸς	\vs{2}Ὅτι οὐκ ἔστιν ἅγιος ὡς Κύριος, καὶ οὐκ ἔστι δίκαιος ὡς ὁ Θεὸς ἡμῶν, οὐκ ἔστιν ἅγιος πλήν σου.
8740	ΒΑΣΙΛΕΙΩΝ Α 2:9	οὐκ ἐν	2	consecutive enclitics	ὅτι	ἰσχύϊ	\vs{9}διδοὺς εὐχὴν τῷ εὐχομένῳ· καὶ εὐλόγησεν ἔτη δικαίου, ὅτι οὐκ ἐν ἰσχύϊ δυνατὸς ἀνήρ.
8741	ΒΑΣΙΛΕΙΩΝ Α 2:10	ἀλλ ἐν	2	consecutive enclitics	αὐτοῦ	τούτῳ	\vs{10}Κύριος ἀσθενῆ ποιήσει ἀντίδικον αὐτοῦ, Κύριος ἅγιος· μὴ καυχάσθω ὁ φρόνιμος ἐν τῇ φρονήσει αὐτοῦ, καὶ μὴ καυχάσθω ὁ δυνατὸς ἐν τῇ δυνάμει αὐτοῦ, καὶ μὴ καυχάσθω ὁ πλούσιος ἐν τῷ πλούτῳ αὐτοῦ· ἀλλʼ ἐν τούτῳ καυχάσθω ὁ καυχώμενος, συνιεῖν καὶ γινώσκειν τὸν Κύριον, καὶ ποιεῖν κρίμα καὶ δικαιοσύνην ἐν μέσῳ τῆς γῆς. Κύριος ἀνέβη εἰς οὐρανοὺς, καὶ ἐβρόντησεν· αὐτὸς κρινεῖ ἄκρα γῆς, καὶ δίδωσιν ἰσχὺν τοῖς βασιλεῦσιν ἡμῶν, καὶ ὑψώσει κέρας χριστοῦ αὐτοῦ.
8764	ΒΑΣΙΛΕΙΩΝ Α 2:28	σου ἐκ	2	consecutive enclitics	πατρός	πάντων	\vs{28}Καὶ ἐξελεξάμην τὸν οἶκον τοῦ πατρός σου ἐκ πάντων τῶν σκήπτρων Ἰσραὴλ ἐμοὶ ἱερατεύειν, τοῦ ἀναβαίνειν ἐπὶ θυσιαστήριόν μου, καὶ θυμιᾷν θυμίαμα, καὶ αἴρειν ἐφούδ· καὶ ἔδωκα τῷ οἴκῳ τοῦ πατρός σου τὰ πάντα τοῦ πυρὸς υἱῶν Ἰσραὴλ εἰς βρῶσιν.
8788	ΒΑΣΙΛΕΙΩΝ Α 3:11	μου ἐν	2	consecutive enclitics	ῥήματά	Ἰσραὴλ	\vs{11}Καὶ εἶπε Κύριος πρὸς Σαμουὴλ, ἰδοὺ ἐγὼ ποιῶ τὰ ῥήματά μου ἐν Ἰσραὴλ, παντὸς ἀκούοντος αὐτὰ, ἠχήσει ἀμφότερα τὰ ὦτα αὐτοῦ.
8795	ΒΑΣΙΛΕΙΩΝ Α 3:17	σοι ὁ	2	consecutive enclitics	ποιήσαι	Θεὸς	\vs{17}Καὶ εἶπε, τί τὸ ῥήμα τὸ λαληθὲν πρὸς σέ; μὴ δὴ κρήψῃς ἀπʼ ἐμοῦ· τάδε ποιήσαι σοι ὁ Θεὸς καὶ τάδε προσθείη, ἐὰν κρύψῃς ἀπʼ ἐμοῦ ῥῆμα ἐκ πάντων τῶν λόγων τῶν λαληθέντων σοι ἐν τοῖς ὠσί σου.
8795	ΒΑΣΙΛΕΙΩΝ Α 3:17	σοι ἐν	2	consecutive enclitics	λαληθέντων	τοῖς	\vs{17}Καὶ εἶπε, τί τὸ ῥήμα τὸ λαληθὲν πρὸς σέ; μὴ δὴ κρήψῃς ἀπʼ ἐμοῦ· τάδε ποιήσαι σοι ὁ Θεὸς καὶ τάδε προσθείη, ἐὰν κρύψῃς ἀπʼ ἐμοῦ ῥῆμα ἐκ πάντων τῶν λόγων τῶν λαληθέντων σοι ἐν τοῖς ὠσί σου.
8822	ΒΑΣΙΛΕΙΩΝ Α 4:16	εἰμι ὁ	2	consecutive enclitics	ἐγώ	ἥκων	\vs{16}καὶ ὁ ἀνὴρ σπεύσας προσῆλθε πρὸς Ἡλὶ, καὶ εἶπεν αὐτῷ, ἐγώ εἰμι ὁ ἥκων ἐκ τῆς παρεμβολῆς, κᾀγὼ πέφευγα ἐκ τῆς παρατάξεως σήμερον· καὶ εἶπεν Ἡλὶ, τί τὸ γεγονὸς ῥῆμα, τέκνον;
8863	ΒΑΣΙΛΕΙΩΝ Α 6:13	οἱ ἐν	2	consecutive enclitics	Καὶ	Βαιθσαμὺς	\vs{13}Καὶ οἱ ἐν Βαιθσαμὺς ἐθέριζον θερισμὸν πυρῶν ἐν κοιλάδι· καὶ ᾖραν ὀφθαλμοὺς αὐτῶν, καὶ εἶδον κιβωτὸν Κυρίου, καὶ ηὐφράνθησαν εἰς ἀπάντησιν αὐτῆς.
8872	ΒΑΣΙΛΕΙΩΝ Α 6:20	οἱ ἐκ	2	consecutive enclitics	ἄνδρες	Βαιθσαμὺς	\vs{20}Καὶ εἶπαν οἱ ἄνδρες οἱ ἐκ Βαιθσαμὺς, τίς δυνήσεται διελθεῖν ἐνώπιον Κυρίου τοῦ Θεοῦ τοῦ ἁγίου τούτου; καὶ πρὸς τίνα ἀναβήσεται κιβωτὸς Κυρίου ἀφʼ ἡμῶν;
8880	ΒΑΣΙΛΕΙΩΝ Α 7:3	εἰ ἐν	2	consecutive enclitics	λέγων	ὅλῃ	\vs{3}Καὶ εἶπε Σαμουὴλ πρὸς πάντα οἶκον Ἰσραὴλ, λέγων, εἰ ἐν ὅλῃ καρδίᾳ ὑμῶν ὑμεῖς ἐπιστρέφετε πρὸς Κύριον, περιέλετε θεοὺς ἀλλοτρίους ἐκ μέσου ὑμῶν, καὶ τὰ ἄλση, καὶ ἑτοιμάσατε τὰς καρδίας ὑμῶν πρὸς Κύριον, καὶ δουλεύσατε αὐτῷ μόνῳ, καὶ ἐξελεῖται ὑμᾶς ἐκ χειρὸς ἀλλοφύλων.
8907	ΒΑΣΙΛΕΙΩΝ Α 8:5	σου οὐ	2	consecutive enclitics	υἱοί	πορεύονται	\vs{5}καὶ εἶπαν αὐτῷ, ἰδοὺ, σὺ γεγήρακας, καὶ οἱ υἱοί σου οὐ πορεύονται ἐν τῇ ὁδῷ σου· καὶ νῦν κατάστησον ἐφʼ ἡμᾶς βασιλέα δικάζειν ἡμᾶς, καθὰ καὶ τὰ λοιπὰ ἔθνη.
8911	ΒΑΣΙΛΕΙΩΝ Α 8:8	μοι ἀφ	2	consecutive enclitics	ἐποίησάν	ἧς	\vs{8}Κατὰ πάντα τὰ ποιήματα, ἃ ἐποίησάν μοι ἀφʼ ἧς ἡμέρας ἀνήγαγον αὐτοὺς ἐξ Αἰγύπτου ἕως τῆς ἡμέρας ταύτης, καὶ ἐγκατέλιπόν με, καὶ ἐδούλευον θεοῖς ἑτέροις, οὕτως αὐτοὶ ποιοῦσι καὶ σοί.
8949	ΒΑΣΙΛΕΙΩΝ Α 9:16	ὡς ὁ	2	consecutive enclitics		καιρὸς	\vs{16}ὡς ὁ καιρὸς, αὔριον ἀποστελῶ πρὸς σὲ ἄνδρα ἐκ γῆς Βενιαμίν, καὶ χρίσεις αὐτὸν εἰς ἄρχοντα ἐπὶ τὸν λαόν μου Ἰσραήλ, καὶ σώσει τὸν λαόν μου ἐκ χειρὸς ἀλλοφύλων, ὅτι ἐπέβλεψα ἐπὶ τὴν ταπείνωσιν τοῦ λαοῦ μου, ὅτι ἦλθε βοὴ αὐτῶν πρὸς μέ.
8949	ΒΑΣΙΛΕΙΩΝ Α 9:16	μου ἐκ	2	consecutive enclitics	λαόν	χειρὸς	\vs{16}ὡς ὁ καιρὸς, αὔριον ἀποστελῶ πρὸς σὲ ἄνδρα ἐκ γῆς Βενιαμίν, καὶ χρίσεις αὐτὸν εἰς ἄρχοντα ἐπὶ τὸν λαόν μου Ἰσραήλ, καὶ σώσει τὸν λαόν μου ἐκ χειρὸς ἀλλοφύλων, ὅτι ἐπέβλεψα ἐπὶ τὴν ταπείνωσιν τοῦ λαοῦ μου, ὅτι ἦλθε βοὴ αὐτῶν πρὸς μέ.
8953	ΒΑΣΙΛΕΙΩΝ Α 9:19	μου εἰς	2	consecutive enclitics	ἔμπροσθέν	Βαμὰ	\vs{19}Καὶ ἀπεκρίθη Σαμουὴλ τῷ Σαοὺλ, καὶ εἶπεν, ἐγώ εἰμι αὐτός· ἀνάβηθι ἔμπροσθέν μου εἰς Βαμὰ, καὶ φάγε μετʼ ἐμοῦ σήμερον, καὶ ἐξαποστελῶ σε πρωῒ, καὶ πάντα τὰ ἐν τῇ καρδίᾳ σου ἀπαγγελῶ σοι.
9058	ΒΑΣΙΛΕΙΩΝ Α 13:2	οἱ ἐν	2	consecutive enclitics	δισχίλιοι	Μαχμὰς	\vs{2}Καὶ ἐκλέγεται ἐαυτῷ Σαοὺλ τρεῖς χιλιάδας ἀνδρῶν ἐκ τῶν ἀνδρῶν Ἰσραήλ· καὶ ἦσαν μετὰ Σαοὺλ δισχίλιοι οἱ ἐν Μαχμὰς, καὶ ἐν τῷ ὄρει Βαιθήλ, καὶ χίλιοι ἦσαν μετὰ Ἰωνάθαν ἐν Γαβαὰ τοῦ Βενιαμίν· καὶ τὸ κατάλοιπον τοῦ λαοῦ ἐξαπέστειλεν ἕκαστον εἰς τὸ σκήνωμα αὐτοῦ.
9062	ΒΑΣΙΛΕΙΩΝ Α 13:5	ὡς ἡ	2	consecutive enclitics	λαὸς	ἄμμος	\vs{5}Καὶ οἱ ἀλλόφυλοι συνάγονται εἰς πόλεμον ἐπὶ Ἰσραήλ· καὶ ἀναβαίνουσιν ἐπὶ Ἰσραὴλ τριάκοντα χιλιάδες ἁρμάτων, καὶ ἓξ χιλιάδες ἱππέων, καὶ λαὸς ὡς ἡ ἄμμος ἡ παρὰ τὴν θάλασσαν τῷ πλήθει· καὶ ἀναβαίνουσι καὶ παρεμβάλλουσιν ἐν Μαχμὰς ἐξ ἐναντίας Βαιθωρὼν κατὰ Νότου.
9073	ΒΑΣΙΛΕΙΩΝ Α 13:14	σου οὐ	2	consecutive enclitics	βασιλεία	στήσεταί	\vs{14}Καὶ νῦν ἡ βασιλεία σου οὐ στήσεταί σοι, καὶ ζητήσει Κύριος ἑαυτῷ ἄνθρωπον κατὰ τὴν καρδίαν αὐτοῦ· καὶ ἐντελεῖται Κύριος αὐτῷ εἰς ἄρχοντα ἐπὶ τὸν λαὸν αὐτοῦ, ὅτι οὐκ ἐφύλαξας ὅσα ἐνετείλατό σοι Κύριος.
9095	ΒΑΣΙΛΕΙΩΝ Α 14:7	ὡς ἡ	2	consecutive enclitics	σοῦ	καρδία	\vs{7}Καὶ εἶπεν αὐτῷ ὁ αἴρων τὰ σκεύη αὐτοῦ, ποίει πᾶν ὃ ἐὰν ἡ καρδία σου ἐκκλίνῃ· ἰδοὺ ἐγὼ μετὰ σοῦ, ὡς ἡ καρδία σου καρδία μοῦ.
9105	ΒΑΣΙΛΕΙΩΝ Α 14:15	οἱ ἐν	2	consecutive enclitics	λαός	Μεσσὰβ	\vs{15}Καὶ ἐγενήθη ἔκστασις ἐν τῇ παρεμβολῇ, καὶ ἐν ἀγρῷ· καὶ πᾶς ὁ λαός οἱ ἐν Μεσσὰβ, καὶ οἱ διαφθείροντες ἐξέστησαν, καὶ αὐτοὶ οὐκ ἤθελον ποιεῖν· καὶ ἐθάμβησεν ἡ γῆ, καὶ ἐγενήθη ἔκστασις παρὰ Κυρίου.
9112	ΒΑΣΙΛΕΙΩΝ Α 14:20	ὁ μετ	2	consecutive enclitics	λαὸς	αὐτοῦ	\vs{20}Καὶ ἀνέβη Σαοὺλ καὶ πᾶς ὁ λαὸς ὁ μετʼ αὐτοῦ, καὶ ἔρχονται ἕως τοῦ πολέμου· καὶ ἰδοὺ ἐγένετο ῥομφαία ἀνδρὸς ἐπὶ τὸν πλησίον αὐτοῦ, σύγχυσις μεγάλη σφόδρα.
9123	ΒΑΣΙΛΕΙΩΝ Α 14:30	ἡ ἐν	2	consecutive enclitics	πληγὴ	τοῖς	\vs{30}Ἀλλʼ ὅτι ἔφαγεν ἔσθων σήμερον ὁ λαὸς τῶν σκύλων τῶν ἐχθρῶν αὐτῶν ὧν εὗρεν, ὅτι νῦν ἂν μείζων ἦν ἡ πληγὴ ἡ ἐν τοῖς ἀλλοφύλοις.
9138	ΒΑΣΙΛΕΙΩΝ Α 14:41	εἰ ἐν	2	consecutive enclitics	σήμερον	ἐμοὶ	\vs{41}Καὶ εἶπε Σαοὺλ, Κύριε ὁ Θεὸς Ἰσραὴλ, τί ὅτι οὐκ ἀπεκρίθης τῷ δούλῳ σου σήμερον; εἰ ἐν ἐμοὶ ἢ ἐν Ἰωνάθαν τῷ υἱῷ μου ἡ ἀδικία; Κύριε ὁ Θεὸς Ἰσραὴλ, δὸς δήλους· καὶ ἐὰν τάδε εἴπῃ, δὸς δὴ τῷ λαῷ σου Ἰσραὴλ, δὸς δὴ ὁσιότητα· καὶ κληροῦται Ἰωνάθαν καὶ Σαούλ, καὶ ὁ λαὸς ἐξῆλθε.
9138	ΒΑΣΙΛΕΙΩΝ Α 14:41	μου ἡ	2	consecutive enclitics	υἱῷ	ἀδικία	\vs{41}Καὶ εἶπε Σαοὺλ, Κύριε ὁ Θεὸς Ἰσραὴλ, τί ὅτι οὐκ ἀπεκρίθης τῷ δούλῳ σου σήμερον; εἰ ἐν ἐμοὶ ἢ ἐν Ἰωνάθαν τῷ υἱῷ μου ἡ ἀδικία; Κύριε ὁ Θεὸς Ἰσραὴλ, δὸς δήλους· καὶ ἐὰν τάδε εἴπῃ, δὸς δὴ τῷ λαῷ σου Ἰσραὴλ, δὸς δὴ ὁσιότητα· καὶ κληροῦται Ἰωνάθαν καὶ Σαούλ, καὶ ὁ λαὸς ἐξῆλθε.
9142	ΒΑΣΙΛΕΙΩΝ Α 14:44	μοι ὁ	2	consecutive enclitics	ποιήσαι	Θεὸς	\vs{44}Καὶ εἶπεν αὐτῷ Σαοὺλ, τάδε ποιήσαι μοι ὁ Θεὸς καὶ τάδε προσθείη, ὅτι θανάτῳ ἀποθανῇ σήμερον.
9162	ΒΑΣΙΛΕΙΩΝ Α 15:6	σε μετ	2	consecutive enclitics	προσθῶ	αὐτοῦ	\vs{6}Καὶ εἶπε Σαοὺλ πρὸς τὸν Κιναῖον, ἄπελθε καὶ ἔκκλινον ἐκ μέσου τοῦ Ἀμαληκίτου, μὴ προσθῶ σε μετʼ αὐτοῦ, καὶ σὺ ἐποίησας ἔλεος μετὰ τῶν υἱῶν Ἰσραὴλ, ἐν τῷ ἀναβαίνειν αὐτοὺς ἐξ Αἰγύπτου· καὶ ἐξέκλινεν ὁ Κιναῖος ἐκ μέσου Ἀμαλήκ.
9168	ΒΑΣΙΛΕΙΩΝ Α 15:11	μου οὐκ	2	consecutive enclitics	λόγους	ἐτήρησε	\vs{11}παρακέκλημαι ὅτι ἐβασίλευσα τὸν Σαοὺλ εἰς βασιλέα, ὅτι ἀπέστρεψεν ἀπὸ ὄπισθέ μου, καὶ τοὺς λόγους μου οὐκ ἐτήρησε· καὶ ἠθύμησε Σαμουὴλ, καὶ ἐβόησε πρὸς Κύριον ὅλην τὴν νύκτα.
9190	ΒΑΣΙΛΕΙΩΝ Α 15:29	οὐχ ὡς	2	consecutive enclitics	ὅτι	ἄνθρωπός	\vs{29}Καὶ διαιρεθήσεται Ἰσραὴλ εἰς δύο, καὶ οὐκ ἀποστρέψει οὐδὲ μετανοήσει, ὅτι οὐχ ὡς ἄνθρωπός ἐστι τοῦ μετανοῆσαι αὐτός.
9205	ΒΑΣΙΛΕΙΩΝ Α 16:4	σου ὁ	2	consecutive enclitics	εἴσοδός	βλέπων	\vs{4}Καὶ ἐποίησε Σαμουὴλ πάντα ἃ ἐλάλησεν αὐτῷ Κύριος· καὶ ἦλθεν εἰς Βηθλεὲμ, καὶ ἐξέστησαν οἱ πρεσβύτεροι τῆς πόλεως τῇ ἀπαντήσει αὐτοῦ, καὶ εἶπαν, ἢ εἰρήνη ἡ εἴσοδός σου ὁ βλέπων;
9208	ΒΑΣΙΛΕΙΩΝ Α 16:7	οὐχ ὡς	2	consecutive enclitics	ὅτι	ἐμβλέψεται	\vs{7}Καὶ εἶπε Κύριος πρὸς Σαμουὴλ, μὴ ἐπιβλέψῃς ἐπὶ τὴν ὄψιν αὐτοῦ, μηδὲ εἰς τὴν ἕξιν μεγέθους αὐτοῦ, ὅτι ἐξουδένωκα αὐτόν· ὅτι οὐχ ὡς ἐμβλέψεται ἄνθρωπος, ὄψεται ὁ Θεός· ὅτι ἄνθρωπος ὅψεται εἰς πρόσωπον, ὁ δὲ Θεὸς ὄψεται εἰς καρδίαν.
9244	ΒΑΣΙΛΕΙΩΝ Α 17:32	μου ἐπ	2	consecutive enclitics	κυρίου	αὐτόν	\vs{32}Καὶ εἶπε Δαυὶδ πρὸς Σαοὺλ, μὴ δὴ συμπεσέτω καρδία τοῦ κυρίου μου ἐπʼ αὐτόν· ὁ δοῦλός σου πορεύσεται καὶ πολεμήσει μετὰ τοῦ ἀλλοφύλου τούτου.
9250	ΒΑΣΙΛΕΙΩΝ Α 17:37	με ἐκ	2	consecutive enclitics	ἐξείλατό	χειρὸς	\vs{37}Κύριος ὃς ἐξείλατό με ἐκ χειρὸς τοῦ λέοντος καὶ ἐκ χειρὸς τῆς ἄρκτου, αὐτὸς ἐξελεῖταί με ἐκ χειρὸς τοῦ ἀλλοφύλου τοῦ ἀπεριτμήτου τούτου· καὶ εἶπε Σαοὺλ πρὸς Δαυὶδ, πορεύου, καὶ ἔσται Κύριος μετὰ σοῦ.
9250	ΒΑΣΙΛΕΙΩΝ Α 17:37	με ἐκ	2	consecutive enclitics	ἐξελεῖταί	χειρὸς	\vs{37}Κύριος ὃς ἐξείλατό με ἐκ χειρὸς τοῦ λέοντος καὶ ἐκ χειρὸς τῆς ἄρκτου, αὐτὸς ἐξελεῖταί με ἐκ χειρὸς τοῦ ἀλλοφύλου τοῦ ἀπεριτμήτου τούτου· καὶ εἶπε Σαοὺλ πρὸς Δαυὶδ, πορεύου, καὶ ἔσται Κύριος μετὰ σοῦ.
9262	ΒΑΣΙΛΕΙΩΝ Α 17:47	οὐκ ἐν	2	consecutive enclitics	ὅτι	ῥομφαίᾳ	\vs{47}Καὶ γνώσεται πᾶσα ἡ ἐκκλησία αὕτη, ὅτι οὐκ ἐν ῥομφαίᾳ καὶ δόρατι σώζει Κύριος, ὅτι τοῦ Κυρίου ὁ πόλεμος, καὶ παραδώσει Κύριος ὑμᾶς εἰς χεῖρας ἡμῶν.
9298	ΒΑΣΙΛΕΙΩΝ Α 19:3	μου ἐν	2	consecutive enclitics	πατρός	ἀγρῷ	\vs{3}Καὶ ἐγὼ ἐξελεύσομαι καὶ στήσομαι ἐχόμενος τοῦ πατρός μου ἐν ἀγρῷ οὗ ἐὰν ᾖς ἐκεῖ· καὶ ἐγὼ λαλήσω περὶ σοῦ πρὸς τὸν πατέρα μου, καὶ ὄψομαι ὅ, τι ἐὰν ᾖ, καὶ ἀπαγγελῶ σοι.
9316	ΒΑΣΙΛΕΙΩΝ Α 19:17	με εἰ	2	consecutive enclitics	ἐξαπόστειλόν	δὲ	\vs{17}Καὶ εἶπε Σαοὺλ τῇ Μελχὸλ, ἱνατί οὕτως παρελογίσω με, καὶ ἐξαπέστειλας τὸν ἐχθρόν μου, καὶ διεσώθη; καὶ εἶπε Μελχὸλ τῷ Σαοὺλ, αὐτὸς εἶπεν, ἐξαπόστειλόν με, εἰ δὲ μὴ, θανατώσω σε.
9329	ΒΑΣΙΛΕΙΩΝ Α 20:2	σοι οὐ	2	consecutive enclitics	μηδαμῶς	μὴ	\vs{2}Καὶ εἶπεν αὐτῷ Ἰωνάθαν, μηδαμῶς σοι, οὐ μὴ ἀποθάνῃς· ἰδοὺ οὐ μὴ ποιήσῃ ὁ πατήρ μου ῥῆμα μέγα ἢ μικρὸν, καὶ οὐκ ἀποκαλύψει τὸ ὠτίον μου· καὶ τί ὅτι κρύψει ὁ πατήρ μου ἀπʼ ἐμοῦ τὸ ῥῆμα τοῦτο; οὐκ ἔστι τοῦτο.
9329	ΒΑΣΙΛΕΙΩΝ Α 20:2	μου ἀπ	2	consecutive enclitics	πατήρ	ἐμοῦ	\vs{2}Καὶ εἶπεν αὐτῷ Ἰωνάθαν, μηδαμῶς σοι, οὐ μὴ ἀποθάνῃς· ἰδοὺ οὐ μὴ ποιήσῃ ὁ πατήρ μου ῥῆμα μέγα ἢ μικρὸν, καὶ οὐκ ἀποκαλύψει τὸ ὠτίον μου· καὶ τί ὅτι κρύψει ὁ πατήρ μου ἀπʼ ἐμοῦ τὸ ῥῆμα τοῦτο; οὐκ ἔστι τοῦτο.
9334	ΒΑΣΙΛΕΙΩΝ Α 20:6	με ὁ	2	consecutive enclitics	ἐπισκέψηταί	πατήρ	\vs{6}Καὶ ἐὰν ἐπισκεπτόμενος ἐπισκέψηταί με ὁ πατήρ σου, καὶ ἐρεῖς, παραιτούμενος παρῃτήσατο ἀπʼ ἐμοῦ Δαυὶδ δραμεῖν ἕως εἰς Βηθλεὲμ τὴν πόλιν αὐτοῦ, ὅτι θυσία τῶν ἡμερῶν ἐκεῖ ὅλῃ τῇ φυλῇ.
9342	ΒΑΣΙΛΕΙΩΝ Α 20:12	μου ὡς	2	consecutive enclitics	πάτερα	ἂν	\vs{12}Καὶ εἶπεν Ἰωνάθαν πρὸς Δαυὶδ, Κύριος ὁ Θεὸς Ἰσραὴλ οἶδεν, ὅτι ἀνακρινῶ τὸν πάτερα μου ὡς ἂν ὁ καιρὸς, τρισσῶς, καὶ ἰδοὺ ἀγαθὸν ᾖ περὶ Δαυὶδ, καὶ οὐ μὴ ἀποστείλω πρὸς σὲ εἰς ἀγρὸν,
9385	ΒΑΣΙΛΕΙΩΝ Α 21:5	εἰσιν εἰ	2	consecutive enclitics	ἅγιοί	πεφυλαγμένα	\vs{5}Καὶ ἀπεκρίθη ὁ ἱερεὺς τῷ Δαυὶδ, καὶ εἶπεν, οὔκ εἰσιν ἄρτοι βέβηλοι ὑπὸ τὴν χεῖρά μου, ὅτι ἀλλʼ ἢ ἄρτοι ἅγιοί εἰσιν· εἰ πεφυλαγμένα τὰ παιδάριά ἐστι πλὴν ἀπὸ γυναικὸς, καὶ φάγεται.
9386	ΒΑΣΙΛΕΙΩΝ Α 21:6	με εἰς	2	consecutive enclitics	ἐξελθεῖν	ὁδὸν	\vs{6}Καὶ ἀπεκρίθη Δαυὶδ τῷ ἱερεῖ, καὶ εἶπεν αὐτῷ, ἀλλὰ ἀπὸ γυναικὸς ἀπεσχήμεθα ἐχθὲς καὶ τρίτην ἡμέραν· ἐν τῷ ἐξελθεῖν με εἰς ὁδὸν γέγονε πάντα τὰ παιδία ἡγνισμένα, καὶ αὐτὴ ἡ ὁδὸς βέβηλος, διότι ἁγιασθήσεται σήμερον διὰ τὰ σκεύη μου.
9406	ΒΑΣΙΛΕΙΩΝ Α 22:3	μοι ὁ	2	consecutive enclitics	ποιήσει	Θεός	\vs{3}Καὶ ἀπῆλθε Δαυὶδ ἐκεῖθεν εἰς Μασσηφὰθ τῆς Μωὰβ, καὶ εἶπε πρὸς βασιλέα Μωὰβ, γινέσθωσαν δὴ ὁ πατήρ μου καὶ ἡ μήτηρ μου παρὰ σοί, ἕως ὅτου γνῶ τί ποιήσει μοι ὁ Θεός.
9410	ΒΑΣΙΛΕΙΩΝ Α 22:6	οἱ μετ	2	consecutive enclitics	ἄνδρες	αὐτοῦ	\vs{6}Καὶ ἤκουσε Σαοὺλ, ὅτι ἔγνωσται Δαυὶδ, καὶ οἱ ἄνδρες οἱ μετʼ αὐτοῦ· καὶ Σαοὺλ ἐκάθητο ἐν τῷ βουνῷ ὑπὸ τὴν ἄρουραν τὴν ἐν Ῥαμᾷ, καὶ τὸ δόρυ ἐν τῇ χειρὶ αὐτοῦ, καὶ πάντες οἱ παῖδες αὐτοῦ παρειστήκεισαν αὐτῷ.
9412	ΒΑΣΙΛΕΙΩΝ Α 22:8	μου ἐν	2	consecutive enclitics	ὠτίον	τῷ	\vs{8}ὅτι σύγκεισθε πάντες ὑμεῖς ἐπʼ ἐμὲ, καὶ οὐκ ἔστιν ὁ ἀποκαλύπτων τὸ ὠτίον μου, ἐν τῷ διαθέσθαι τὸν υἱόν μου διαθήκην μετὰ τοῦ υἱοῦ Ἰεσσαὶ, καὶ οὐκ ἔστι πονῶν περὶ ἐμοῦ ἐξ ὑμῶν, καὶ ἀποκαλύπτων τὸ ὠτίον μου, ὅτι ἐπήγειρεν ὁ υἱός μου τὸν δοῦλόν μου ἐπʼ ἐμὲ εἰς ἐχθρὸν, ὡς ἡ ἡμέρα αὕτη;
9412	ΒΑΣΙΛΕΙΩΝ Α 22:8	μου ἐπ	2	consecutive enclitics	δοῦλόν	ἐμὲ	\vs{8}ὅτι σύγκεισθε πάντες ὑμεῖς ἐπʼ ἐμὲ, καὶ οὐκ ἔστιν ὁ ἀποκαλύπτων τὸ ὠτίον μου, ἐν τῷ διαθέσθαι τὸν υἱόν μου διαθήκην μετὰ τοῦ υἱοῦ Ἰεσσαὶ, καὶ οὐκ ἔστι πονῶν περὶ ἐμοῦ ἐξ ὑμῶν, καὶ ἀποκαλύπτων τὸ ὠτίον μου, ὅτι ἐπήγειρεν ὁ υἱός μου τὸν δοῦλόν μου ἐπʼ ἐμὲ εἰς ἐχθρὸν, ὡς ἡ ἡμέρα αὕτη;
9412	ΒΑΣΙΛΕΙΩΝ Α 22:8	ὡς ἡ	2	consecutive enclitics	ἐχθρὸν	ἡμέρα	\vs{8}ὅτι σύγκεισθε πάντες ὑμεῖς ἐπʼ ἐμὲ, καὶ οὐκ ἔστιν ὁ ἀποκαλύπτων τὸ ὠτίον μου, ἐν τῷ διαθέσθαι τὸν υἱόν μου διαθήκην μετὰ τοῦ υἱοῦ Ἰεσσαὶ, καὶ οὐκ ἔστι πονῶν περὶ ἐμοῦ ἐξ ὑμῶν, καὶ ἀποκαλύπτων τὸ ὠτίον μου, ὅτι ἐπήγειρεν ὁ υἱός μου τὸν δοῦλόν μου ἐπʼ ἐμὲ εἰς ἐχθρὸν, ὡς ἡ ἡμέρα αὕτη;
9419	ΒΑΣΙΛΕΙΩΝ Α 22:13	ὡς ἡ	2	consecutive enclitics	ἐχθρὸν	ἡμέρα	\vs{13}Καὶ εἶπεν αὐτῷ Σαοὺλ, ἱνατί συνέθου κατʼ ἐμοῦ σὺ καὶ ὁ υἱὸς Ἰεσσαὶ, δοῦναί σε αὐτῷ ἄρτον καὶ ῥομφαίαν, καὶ ἐρωτᾷν αὐτῷ διὰ τοῦ Θεοῦ, θέσθαι αὐτὸν ἐπʼ ἐμὲ εἰς ἐχθρὸν, ὡς ἡ ἡμέρα αὕτη;
9420	ΒΑΣΙΛΕΙΩΝ Α 22:14	σου ὡς	2	consecutive enclitics	δούλοις	Δαυὶδ	\vs{14}Καὶ ἀπεκρίθη τῷ βασιλεῖ, καὶ εἶπε, καὶ τίς ἐν πᾶσι τοῖς δούλοις σου ὡς Δαυὶδ πιστὸς, καὶ γαμβρὸς τοῦ βασιλέως, καὶ ἄρχων παντὸς παραγγέλματός σου, καὶ ἔνδοξος ἐν τῷ οἰκῳ σου;
9421	ΒΑΣΙΛΕΙΩΝ Α 22:15	σου ἐν	2	consecutive enclitics	δοῦλός	πᾶσι	\vs{15}Ἢ σήμερον ἦργμαι ἐρωτᾷν αὐτῷ διὰ τοῦ Θεοῦ; μηδαμῶς· μὴ δότω ὁ βασιλεὺς κατὰ τοῦ δούλου αὐτοῦ λόγον, καὶ ἐφʼ ὅλον τὸν οἶκον τοῦ πατρός μου, ὅτι οὐκ ᾔδει ὁ δοῦλός σου ἐν πᾶσι τούτοις ῥῆμα μικρὸν, ἢ μέγα.
9438	ΒΑΣΙΛΕΙΩΝ Α 23:5	οἱ μετ	2	consecutive enclitics	ἄνδρες	αὐτοῦ	\vs{5}Καὶ ἐπορεύθη Δαυὶδ καὶ οἱ ἄνδρες οἱ μετʼ αὐτοῦ εἰς Κεϊλὰ, καὶ ἐπολέμησε τοῖς ἀλλοφύλοις· καὶ ἔφυγον ἐκ προσώπου αὐτοῦ, καὶ ἀπήγαγε τὰ κτήνη αὐτῶν, καὶ ἐπάταξεν ἐν αὐτοῖς πληγὴν μεγάλην, καὶ ἔσωσε Δαυὶδ τοὺς κατοικοῦντας Κεϊλά.
9447	ΒΑΣΙΛΕΙΩΝ Α 23:13	οἱ μετ	2	consecutive enclitics	ἄνδρες	αὐτοῦ	\vs{13}Καὶ ἀνέστη Δαυὶδ καὶ οἱ ἄνδρες οἱ μετʼ αὐτοῦ ὡς τετρακόσιοι, καὶ ἐξῆλθον ἐκ Κεϊλὰ, καὶ ἐπορεύοντο οὗ ἐὰν ἐπορεύοντο· καὶ τῷ Σαοὺλ ἀπηγγέλη, ὅτι διασέσωσται Δαυὶδ ἐκ Κεϊλὰ, καὶ ἀνῆκε τοῦ ἐλθεῖν.
9452	ΒΑΣΙΛΕΙΩΝ Α 23:17	σε ἡ	2	consecutive enclitics	εὕρῃ	χεὶρ	\vs{17}καὶ εἶπε πρὸς αὐτὸν, μὴ φοβοῦ, ὅτι οὐ μὴ εὕρῃ σε ἡ χεὶρ Σαοὺλ τοῦ πατρός μου, καὶ σὺ βασιλεύσεις ἐπὶ Ἰσραὴλ, καὶ ἐγὼ ἔσομαί σοι εἰς δεύτερον, καὶ Σαοὺλ ὁ πατήρ μου οἶδεν οὕτως.
9452	ΒΑΣΙΛΕΙΩΝ Α 23:17	σοι εἰς	2	consecutive enclitics	ἔσομαί	δεύτερον	\vs{17}καὶ εἶπε πρὸς αὐτὸν, μὴ φοβοῦ, ὅτι οὐ μὴ εὕρῃ σε ἡ χεὶρ Σαοὺλ τοῦ πατρός μου, καὶ σὺ βασιλεύσεις ἐπὶ Ἰσραὴλ, καὶ ἐγὼ ἔσομαί σοι εἰς δεύτερον, καὶ Σαοὺλ ὁ πατήρ μου οἶδεν οὕτως.
9474	ΒΑΣΙΛΕΙΩΝ Α 24:5	σου εἰς	2	consecutive enclitics	ἐχθρόν	τὰς	\vs{5}Καὶ εἶπον οἱ ἄνδρες Δαυὶδ πρὸς αὐτὸν, ἰδοὺ ἡ ἡμέρα αὕτη, ἣν εἶπε Κύριος πρὸς σὲ παραδοῦναι τὸν ἐχθρόν σου εἰς τὰς χεῖράς σου, καὶ ποιήσεις αὐτῷ ὡς ἀγαθὸν ἐν ὀφθαλμοῖς σου· καὶ ἀνέστη Δαυὶδ, καὶ ἀφεῖλε τὸ πτερύγιον τῆς διπλοΐδος τοῦ Σαοὺλ λαθραίως.
9477	ΒΑΣΙΛΕΙΩΝ Α 24:7	μου ἐπ	2	consecutive enclitics	χεῖρά	αὐτὸν	\vs{7}Καὶ εἶπε Δαυὶδ πρὸς τοὺς ἄνδρας αὐτοῦ, μηδαμῶς μοι παρὰ Κυρίου, εἰ ποιήσω τὸ ῥῆμα τοῦτο τῷ κυρίῳ μου τῷ χριστῷ Κυρίου, ἐπενέγκαι χεῖρά μου ἐπʼ αὐτὸν, ὅτι χριστὸς Κυρίου ἐστὶν οὗτος.
9483	ΒΑΣΙΛΕΙΩΝ Α 24:11	σου ὡς	2	consecutive enclitics	ὀφθαλμοί	παρέδωκέ	\vs{11}Ἰδοὺ ἐν τῇ ἡμέρᾳ ταύτῃ ἑωράκασιν οἱ ὀφθαλμοί σου ὡς παρέδωκέ σε Κύριος σήμερον εἰς χεῖράς μου ἐν τῷ σπηλαίῳ, καὶ οὐκ ἠβουλήθην ἀποκτεῖναί σε, καὶ ἐφεισάμην σου, καὶ εἶπα, οὐκ ἐποίσω χεῖρά μου ἐπὶ κύριόν μου, ὅτι χριστὸς Κυρίου οὗτός ἐστι.
9483	ΒΑΣΙΛΕΙΩΝ Α 24:11	μου ἐν	2	consecutive enclitics	χεῖράς	τῷ	\vs{11}Ἰδοὺ ἐν τῇ ἡμέρᾳ ταύτῃ ἑωράκασιν οἱ ὀφθαλμοί σου ὡς παρέδωκέ σε Κύριος σήμερον εἰς χεῖράς μου ἐν τῷ σπηλαίῳ, καὶ οὐκ ἠβουλήθην ἀποκτεῖναί σε, καὶ ἐφεισάμην σου, καὶ εἶπα, οὐκ ἐποίσω χεῖρά μου ἐπὶ κύριόν μου, ὅτι χριστὸς Κυρίου οὗτός ἐστι.
9484	ΒΑΣΙΛΕΙΩΝ Α 24:12	σου ἐν	2	consecutive enclitics	διπλοΐδος	τῇ	\vs{12}καὶ ἰδοὺ τὸ πτερύγιον τῆς διπλοΐδος σου ἐν τῇ χειρί μου, ἐγὼ ἀφῄρηκα τὸ πτερύγιον, καὶ οὐκ ἀπέκτανκά σε· καὶ γνῶθι καὶ ἴδε σήμερον, ὅτι οὐκ ἔστι κακία ἐν τῇ χειρί μου οὐδὲ ἀσέβεια καὶ ἀθέτησις, καὶ οὐχ ἡμάρτηκα εἰς σὲ, καὶ σὺ δεσμεύεις τὴν ψυχήν μου λαβεῖν αὐτήν.
9485	ΒΑΣΙΛΕΙΩΝ Α 24:13	ἐκ σου	2	consecutive enclitics	Κύριος	καὶ	\vs{13}Δικάσαι Κύριος ἀναμέσον ἐμοῦ καὶ σοῦ, καὶ ἐκδικήσαι σοι Κύριος ἐκ σου· καὶ ἡ χείρ μου οὐκ ἔσται ἐπὶ σὲ,
9485	ΒΑΣΙΛΕΙΩΝ Α 24:13	μου οὐκ	2	consecutive enclitics	χείρ	ἔσται	\vs{13}Δικάσαι Κύριος ἀναμέσον ἐμοῦ καὶ σοῦ, καὶ ἐκδικήσαι σοι Κύριος ἐκ σου· καὶ ἡ χείρ μου οὐκ ἔσται ἐπὶ σὲ,
9486	ΒΑΣΙΛΕΙΩΝ Α 24:14	μου οὐκ	2	consecutive enclitics	χείρ	ἔσται	\vs{14}καθὼς λέγεται ἡ παραβολὴ ἡ ἀρχαῖα, ἐξ ἀνόμων ἐξελεύσεται πλημμέλεια· καὶ ἡ χείρ μου οὐκ ἔσται ἐπὶ σέ.
9488	ΒΑΣΙΛΕΙΩΝ Α 24:16	μοι ἐκ	2	consecutive enclitics	δικάσαι	χειρός	\vs{16}Γένοιτο Κύριος εἰς κριτὴν καὶ δικαστὴν ἀναμέσον ἐμοῦ καὶ ἀναμέσον σοῦ, ἴδοι Κύριος καὶ κρίναι τὴν κρίσιν μου, καὶ δικάσαι μοι ἐκ χειρός σου.
9494	ΒΑΣΙΛΕΙΩΝ Α 24:21	σου ἡ	2	consecutive enclitics	χειρί	βασιλεία	\vs{21}Καὶ νῦν ἰδοὺ ἐγὼ γινώσκω, ὅτι βασιλεύων βασιλεύσεις, καὶ στήσεται ἐν χειρί σου ἡ βασιλεία Ἰσραήλ.
9495	ΒΑΣΙΛΕΙΩΝ Α 24:22	μοι ἐν	2	consecutive enclitics	ὄμοσόν	Κυρίῳ	\vs{22}Καὶ νῦν ὄμοσόν μοι ἐν Κυρίῳ, ὅτι οὐκ ἐξολοθρεύσεις τὸ σπέρμα μου ὀπίσω μοῦ, οὐκ ἀφανιεῖς τὸ ὄνομά μου ἐκ τοῦ οἴκου τοῦ πατρός μου.
9495	ΒΑΣΙΛΕΙΩΝ Α 24:22	μου ἐκ	2	consecutive enclitics	ὄνομά	τοῦ	\vs{22}Καὶ νῦν ὄμοσόν μοι ἐν Κυρίῳ, ὅτι οὐκ ἐξολοθρεύσεις τὸ σπέρμα μου ὀπίσω μοῦ, οὐκ ἀφανιεῖς τὸ ὄνομά μου ἐκ τοῦ οἴκου τοῦ πατρός μου.
9504	ΒΑΣΙΛΕΙΩΝ Α 25:5	μου εἰς	2	consecutive enclitics	ὀνόματί	εἰρήνην	\vs{5}Καὶ ἀπέστειλε Δαυὶδ δέκα παιδάρια, καὶ εἶπε τοῖς παιδαρίοις, ἀνάβητε εἰς Κάρμηλον καὶ ἀπέλθατε πρὸς Νάβαλ, καὶ ἐρωτήσατε αὐτὸν ἐπὶ τῷ ὀνόματί μου εἰς εἰρήνην,
9528	ΒΑΣΙΛΕΙΩΝ Α 25:24	μου ἡ	2	consecutive enclitics	κύριέ	ἀδικία	\vs{24}ἐπὶ τοὺς πόδας αὐτοῦ, καὶ εἶπεν, ἐν ἐμοὶ κύριέ μου ἡ ἀδικία μου, λαλησάτω δὴ ἡ δούλη σου εἰς τὰ ὦτά σου, καὶ ἄκουσον λόγων τῆς δούλης σου.
9528	ΒΑΣΙΛΕΙΩΝ Α 25:24	σου εἰς	2	consecutive enclitics	δούλη	τὰ	\vs{24}ἐπὶ τοὺς πόδας αὐτοῦ, καὶ εἶπεν, ἐν ἐμοὶ κύριέ μου ἡ ἀδικία μου, λαλησάτω δὴ ἡ δούλη σου εἰς τὰ ὦτά σου, καὶ ἄκουσον λόγων τῆς δούλης σου.
9529	ΒΑΣΙΛΕΙΩΝ Α 25:25	σου οὐκ	2	consecutive enclitics	δούλη	εἶδον	\vs{25}Μὴ δὴ θέσθω ὁ κύριός μου καρδίαν αὐτοῦ ἐπὶ τὸν ἄνθρωπον τὸν λοιμὸν τοῦτον, ὅτι κατὰ τὸ ὄνομα αὐτοῦ οὗτός ἐστι· Νάβαλ ὄνομα αὐτῷ, καὶ ἀφροσύνη μετʼ αὐτοῦ· καὶ ἐγὼ ἡ δούλη σου οὐκ εἶδον τὰ παιδάρια τοῦ κυρίου μου ἃ ἀπέστειλας.
9533	ΒΑΣΙΛΕΙΩΝ Α 25:28	μου ὁ	2	consecutive enclitics	κυρίου	Κύριος	\vs{28}Ἆρον δὴ τὸ ἀνόμημα τῆς δούλης σου, ὅτι ποιῶν ποιήσει Κύριος τῷ κυρίῳ μου οἶκον πιστὸν, ὅτι πόλεμον κυρίου μου ὁ Κύριος πολεμεῖ, καὶ κακία οὐχ εὑρεθήσεται ἐν σοὶ πώποτε.
9535	ΒΑΣΙΛΕΙΩΝ Α 25:30	σοι εἰς	2	consecutive enclitics	ἐντελεῖταί	ἡγούμενον	\vs{30}Καὶ ἔσται ὅτε ποιήσῃ Κύριος τῷ κυρίῳ μου πάντα ὅσα ἐλάλησεν ἀγαθὰ ἐπὶ σὲ, καὶ ἐντελεῖταί σοι εἰς ἡγούμενον ἐπὶ Ἰσραὴλ,
9547	ΒΑΣΙΛΕΙΩΝ Α 25:39	μου ἐκ	2	consecutive enclitics	ὀνειδισμοῦ	χειρὸς	\vs{39}Καὶ ἤκουσε Δαυὶδ, καὶ εἶπεν, εὐλογητὸς Κύριος, ὃς ἔκρινε τὴν κρίσιν τοῦ ὀνειδισμοῦ μου ἐκ χειρὸς Νάβαλ, καὶ τὸν δοῦλον αὐτοῦ περιεποιήσατο ἐκ χειρὸς κακῶν, καὶ τὴν κακίαν Νάβαλ ἀπέστρεψε Κύριος εἰς κεφαλὴν αὐτοῦ.
9551	ΒΑΣΙΛΕΙΩΝ Α 25:41	σου εἰς	2	consecutive enclitics	δούλη	παιδίσκην	\vs{41}Καὶ ἀνέστη καὶ προσεκύνησεν ἐπὶ τὴν γῆν ἐπὶ πρόσωπον, καὶ εἶπεν, ἰδοὺ ἡ δούλη σου εἰς παιδίσκην νίψαι πόδας τῶν παίδων σου.
9566	ΒΑΣΙΛΕΙΩΝ Α 26:8	σου εἰς	2	consecutive enclitics	ἐχθρόν	χεῖράς	\vs{8}Καὶ εἶπεν Ἀβεσσὰ πρὸς Δαυὶδ, ἀπέκλεισε Κύριος σήμερον τὸν ἐχθρόν σου εἰς χεῖράς σου· καὶ νῦν πατάξω αὐτὸν τῷ δόρατι εἰς τὴν γῆν ἅπαξ, καὶ οὐ δευτερώσω αὐτῷ.
9579	ΒΑΣΙΛΕΙΩΝ Α 26:19	μου ὁ	2	consecutive enclitics	κύριός	βασιλεὺς	\vs{19}Καὶ νῦν ἀκουσάτω ὁ κύριός μου ὁ βασιλεὺς τὸ ῥῆμα τοῦ δούλου αὐτοῦ· εἰ ὁ Θεὸς ἐπισείει σε ἐπʼ ἐμὲ, ὀσφρανθείη θυσία σου· καὶ εἰ υἱοὶ ἀνθρώπων, ἐπικατάρατοι οὗτοι ἐνώπιον Κυρίου, ὅτι ἐξέβαλόν με σήμερον μὴ ἐστηρίχθαι ἐν κληρονομίᾳ Κυρίου, λέγοντες, πορεύου, δούλευε θεοῖς ἑτέροις.
9579	ΒΑΣΙΛΕΙΩΝ Α 26:19	εἰ ὁ	2	consecutive enclitics	αὐτοῦ	Θεὸς	\vs{19}Καὶ νῦν ἀκουσάτω ὁ κύριός μου ὁ βασιλεὺς τὸ ῥῆμα τοῦ δούλου αὐτοῦ· εἰ ὁ Θεὸς ἐπισείει σε ἐπʼ ἐμὲ, ὀσφρανθείη θυσία σου· καὶ εἰ υἱοὶ ἀνθρώπων, ἐπικατάρατοι οὗτοι ἐνώπιον Κυρίου, ὅτι ἐξέβαλόν με σήμερον μὴ ἐστηρίχθαι ἐν κληρονομίᾳ Κυρίου, λέγοντες, πορεύου, δούλευε θεοῖς ἑτέροις.
9579	ΒΑΣΙΛΕΙΩΝ Α 26:19	σε ἐπ	2	consecutive enclitics	ἐπισείει	ἐμὲ	\vs{19}Καὶ νῦν ἀκουσάτω ὁ κύριός μου ὁ βασιλεὺς τὸ ῥῆμα τοῦ δούλου αὐτοῦ· εἰ ὁ Θεὸς ἐπισείει σε ἐπʼ ἐμὲ, ὀσφρανθείη θυσία σου· καὶ εἰ υἱοὶ ἀνθρώπων, ἐπικατάρατοι οὗτοι ἐνώπιον Κυρίου, ὅτι ἐξέβαλόν με σήμερον μὴ ἐστηρίχθαι ἐν κληρονομίᾳ Κυρίου, λέγοντες, πορεύου, δούλευε θεοῖς ἑτέροις.
9582	ΒΑΣΙΛΕΙΩΝ Α 26:21	σε ἀνθ	2	consecutive enclitics	κακοποιήσω	ὧν	\vs{21}Καὶ εἶπε Σαοὺλ, ἡμάρτηκα· ἐπίστρεφε, τέκνον Δαυὶδ, ὅτι οὐ κακοποιήσω σε, ἀνθʼ ὧν ἔντιμος ψυχή μου ἐν ὀφθαλμοῖς σου, καὶ ἐν τῇ σήμερον μεματαίωμαι καὶ ἠγνόηκα πολλὰ σφόδρα.
9582	ΒΑΣΙΛΕΙΩΝ Α 26:21	μου ἐν	2	consecutive enclitics	ψυχή	ὀφθαλμοῖς	\vs{21}Καὶ εἶπε Σαοὺλ, ἡμάρτηκα· ἐπίστρεφε, τέκνον Δαυὶδ, ὅτι οὐ κακοποιήσω σε, ἀνθʼ ὧν ἔντιμος ψυχή μου ἐν ὀφθαλμοῖς σου, καὶ ἐν τῇ σήμερον μεματαίωμαι καὶ ἠγνόηκα πολλὰ σφόδρα.
9585	ΒΑΣΙΛΕΙΩΝ Α 26:24	με ἐκ	2	consecutive enclitics	ἐξελεῖταί	πάσης	\vs{24}Καὶ ἰδοὺ καθὼς ἐμεγαλύνθη ἡ ψυχή σου σήμερον ἐν ταύτῃ ἐν ὀφθαλμοῖς μου, οὕτως μεγαλυνθείη ἡ ψυχή μου ἐνώπιον Κυρίου, καὶ σκεπάσαι με, καὶ ἐξελεῖταί με ἐκ πάσης θλίψεως.
9589	ΒΑΣΙΛΕΙΩΝ Α 27:1	με εἰς	2	consecutive enclitics	ζητεῖν	πᾶν	Καὶ εἶπε Δαυὶδ ἐν τῇ καρδίᾳ αὐτοῦ, λέγων, νῦν προστεθήσομαι ἐν ἡμέρᾳ μιᾷ εἰς χεῖρας Σαούλ· καὶ οὐκ ἔστι μοι ἀγαθὸν ἐὰν μὴ σωθῶ εἰς γῆν ἀλλοφύλων, καὶ ἀνῇ ἀπʼ ἐμοῦ Σαοὺλ τοῦ ζητεῖν με εἰς πᾶν ὅριον Ἰσραὴλ, καὶ σωθήσομαι ἐκ χειρὸς αὐτοῦ.
9590	ΒΑΣΙΛΕΙΩΝ Α 27:2	οἱ μετ	2	consecutive enclitics	ἄνδρες	αὐτοῦ	\vs{2}Καὶ ἀνέστη Δαυὶδ καὶ οἱ ἐξακόσιοι ἄνδρες οἱ μετʼ αὐτοῦ, καὶ ἐπορεύθη πρὸς Ἀγχοῦς υἱὸν Ἀμμὰχ βασιλέα Γέθ.
9594	ΒΑΣΙΛΕΙΩΝ Α 27:5	σου ἐν	2	consecutive enclitics	δοῦλός	πόλει	\vs{5}Καὶ εἶπε Δαυὶδ πρὸς Ἀγχοῦς, εἰ δὴ εὕρηκεν ὁ δοῦλός σου χάριν ἐν ὀφθαλμοῖς σου, δότωσαν δή μοι τόπον ἐν μιᾷ τῶν πόλεων τῶν κατʼ ἀγρὸν, καὶ καθήσομαι ἐκεῖ· καὶ ἱνατί κάθηται ὁ δοῦλός σου ἐν πόλει βασιλευομένῃ μετὰ σοῦ;
9615	ΒΑΣΙΛΕΙΩΝ Α 28:8	μοι ἐν	2	consecutive enclitics	δή	τῷ	\vs{8}Καὶ συνεκαλύψατο Σαοὺλ, καὶ περιεβάλετο ἱμάτια ἕτερα, καὶ πορεύεται αὐτὸς καὶ δύο ἄνδρες μετʼ αὐτοῦ, καὶ ἔρχονται πρὸς τὴν γυναῖκα νυκτὸς, καὶ εἶπεν αὐτῇ, μάντευσαι δή μοι ἐν τῷ ἐγγαστριμύθῳ, καὶ ἀνάγαγέ μοι ὃν ἐὰν εἴπω σοι.
9626	ΒΑΣΙΛΕΙΩΝ Α 28:17	σου ἐκ	2	consecutive enclitics	βασιλείαν	χειρός	\vs{17}Καὶ πεποίηκε Κύριος σοι, καθὼς ἐλάλησε Κύριος ἐν χειρί μου, καὶ διαῤῥήξει Κύριος τὴν βασιλείαν σου ἐκ χειρός σου, καὶ δώσει αὐτὴν τῷ πλησίον σου τῷ Δαυὶδ,
9627	ΒΑΣΙΛΕΙΩΝ Α 28:18	σοι ἐν	2	consecutive enclitics	Κύριός	τῇ	\vs{18}διότι οὐκ ἤκουσας φωνῆς Κυρίου, καὶ οὐκ ἐποίησας θυμὸν ὀργῆς αὐτοῦ ἐν Ἀμαλὴκ, διὰ τοῦτο τὸ ῥῆμα ἐποίησε Κύριός σοι ἐν τῇ ἡμέρᾳ ταύτῃ.
9631	ΒΑΣΙΛΕΙΩΝ Α 28:21	μου ἐν	2	consecutive enclitics	ψυχήν	τῇ	\vs{21}Καὶ εἰσῆλθεν ἡ γυνὴ πρὸς Σαοὺλ, καὶ εἶδεν ὅτι ἔσπευσε σφόδρα, καὶ εἶπε πρὸς αὐτὸν, ἰδοὺ δὴ ἤκουσεν ἡ δούλη σου τῆς φωνῆς σου, καὶ ἐθέμην τὴν ψυχήν μου ἐν τῇ χειρί μου, καὶ ἤκουσα τοὺς λόγους οὓς ἐλάλησάς μοι.
9644	ΒΑΣΙΛΕΙΩΝ Α 29:6	σου μετ	2	consecutive enclitics	εἴσοδός	ἐμοῦ	\vs{6}Καὶ ἐκάλεσεν Ἀγχοῦς τὸν Δαυὶδ, καὶ εἶπεν αὐτῷ, ζῇ Κύριος, ὅτι εὐθὺς σὺ καὶ ἀγαθὸς ἐν ὀφθαλμοῖς μου, καὶ ἡ ἔξοδός σου καὶ ἡ εἴσοδός σου μετʼ ἐμοῦ ἐν τῇ παρεμβολῇ, καὶ ὅτι οὐχ εὕρηκα κατὰ σοῦ κακίαν ἀφʼ ἧς ἡμέρας ἥκεις πρὸς μὲ ἕως τῆς σήμερον ἡμέρας· καὶ ἐν ὀφθαλμοῖς τῶν σατραπῶν οὐκ ἀγαθὸς σύ.
9647	ΒΑΣΙΛΕΙΩΝ Α 29:8	σου ἀφ	2	consecutive enclitics	δούλῳ	ἧς	\vs{8}Καὶ εἶπε Δαυὶδ πρὸς Ἀγχοῦς, τί πεποίηκά σοι καὶ τί εὗρες ἐν τῷ δούλῳ σου ἀφʼ ἧς ἡμέρας ἤμην ἐνώπιόν σου καὶ ἕως τῆς ἡμέρας ταύτης, ὅτι οὐ μὴ ἔλθω πολεμήσας τοὺς ἐχθροὺς τοῦ κυρίου μου τοῦ βασιλέως;
9650	ΒΑΣΙΛΕΙΩΝ Α 29:10	σου οἱ	2	consecutive enclitics	κυρίου	ἥκοντες	\vs{10}Καὶ νῦν ὄρθρισον τοπρωῒ σὺ καὶ οἱ παῖδες τοῦ κυρίου σου οἱ ἥκοντες μετὰ σοῦ, καὶ πορεύεσθε εἰς τὸν τόπον οὗ κατέστησα ὑμᾶς ἐκεῖ, καὶ λόγον λοιμὸν μὴ θῇς ἐν καρδίᾳ σου, ὅτι ἀγαθὸς σὺ ἐνώπιόν μου· καὶ ὀρθρίσατε ἐν τῇ ὁδῷ καὶ φωτισάτω ὑμῖν, καὶ πορεύθητε.
9670	ΒΑΣΙΛΕΙΩΝ Α 30:13	με ὁ	2	consecutive enclitics	κατέλιπέ	κύριός	\vs{13}Καὶ εἶπεν αὐτῷ Δαυὶδ, τίνος σὺ εἶ, καὶ πόθεν εἶ; καὶ εἶπε τὸ παιδάριον τὸ Αἰγύπτιον, ἐγώ εἰμι δοῦλος ἀνδρὸς Ἀμαληκίτου, καὶ κατέλιπέ με ὁ κύριός μου, ὅτι ἠνωχλήθην ἐγὼ σήμερον τριταῖος.
9672	ΒΑΣΙΛΕΙΩΝ Α 30:15	με εἰς	2	consecutive enclitics	παραδοῦναί	χεῖρας	\vs{15}Καὶ εἶπεν, αὐτῷ Δαυὶδ, εἰ κατάξεις με ἐπὶ τὸ γεδδοὺρ τοῦτο; καὶ εἶπεν, ὄμοσον δή μοι κατὰ τοῦ Θεοῦ μὴ θανατώσειν με, καὶ μὴ παραδοῦναί με εἰς χεῖρας τοῦ κυρίου μου, καὶ κατάξω σε ἐπὶ τὸ γεδδοὺρ τοῦτο.
9699	ΒΑΣΙΛΕΙΩΝ Α 31:4	με ἐν	2	consecutive enclitics	ἀποκέντησόν	αὐτῇ	\vs{4}Καὶ εἶπε Σαοὺλ πρὸς τὸν αἴροντα τὰ σκεύη αὐτοῦ, σπάσαι τὴν ῥομφαίαν σου καὶ ἀποκέντησόν με ἐν αὐτῇ, μὴ ἔλθωσιν οἱ ἀπερίτμητοι οὗτοι καὶ ἀποκεντήσωσί με καὶ ἐμπαίξωσιν ἐμοί· καὶ οὐκ ἐβούλετο ὁ αἴρων τὰ σκεύη αὐτοῦ, ὅτι ἐφοβήθη σφόδρα· καὶ ἔλαβε Σαοὺλ τὴν ῥομφαίαν, καὶ ἐπέπεσεν ἐπʼ αὐτήν.
9703	ΒΑΣΙΛΕΙΩΝ Α 31:7	οἱ ἐν	2	consecutive enclitics	Ἰσραὴλ	τῷ	\vs{7}Καὶ εἶδον οἱ ἄνδρες Ἰσραὴλ οἱ ἐν τῷ πέραν τῆς κοιλάδος καὶ οἱ ἐν τῷ πέραν τοῦ Ἰορδάνου, ὅτι ἔφυγον οἱ ἄνδρες Ἰσραὴλ, καὶ ὅτι τέθνηκε Σαοὺλ καὶ οἱ υἱοὶ αὐτοῦ, καὶ καταλείπουσι τὰς πόλεις αὐτῶν καὶ φεύγουσι· καὶ ἔρχονται οἱ ἀλλόφυλοι καὶ κατοικοῦσιν ἐν αὐταῖς.
9703	ΒΑΣΙΛΕΙΩΝ Α 31:7	οἱ ἐν	2	consecutive enclitics	καὶ	τῷ	\vs{7}Καὶ εἶδον οἱ ἄνδρες Ἰσραὴλ οἱ ἐν τῷ πέραν τῆς κοιλάδος καὶ οἱ ἐν τῷ πέραν τοῦ Ἰορδάνου, ὅτι ἔφυγον οἱ ἄνδρες Ἰσραὴλ, καὶ ὅτι τέθνηκε Σαοὺλ καὶ οἱ υἱοὶ αὐτοῦ, καὶ καταλείπουσι τὰς πόλεις αὐτῶν καὶ φεύγουσι· καὶ ἔρχονται οἱ ἀλλόφυλοι καὶ κατοικοῦσιν ἐν αὐταῖς.
9729	ΒΑΣΙΛΕΙΩΝ Β 1:9	μου ἐν	2	consecutive enclitics	ψυχή	ἐμοί	\vs{9}Καὶ εἶπε πρὸς μὲ, στῆθι δὴ ἐπάνω μου καὶ θανάτωσόν με, ὅτι κατέσχε με σκότος δεινὸν, ὅτι πᾶσα ἡ ψυχή μου ἐν ἐμοί.
9732	ΒΑΣΙΛΕΙΩΝ Β 1:11	οἱ μετ	2	consecutive enclitics	ἄνδρες	αὐτοῦ	\vs{11}Καὶ ἐκράτησε Δαυὶδ τῶν ἱματίων αὐτοῦ, καὶ διέῤῥηξεν αὐτά· καὶ πάντες οἱ ἄνδρες οἱ μετʼ αὐτοῦ διέῤῥηξαν τὰ ἱμάτια αὐτῶν.
9757	ΒΑΣΙΛΕΙΩΝ Β 2:3	οἱ μετ	2	consecutive enclitics	ἄνδρες	αὐτοῦ	\vs{3}καὶ οἱ ἄνδρες οἱ μετʼ αὐτοῦ ἕκαστος, καὶ ὁ οἶκος αὐτοῦ, καὶ κατῴκουν ἐν ταῖς πόλεσι Χεβρών.
9774	ΒΑΣΙΛΕΙΩΝ Β 2:16	ἐστιν ἐν	2	consecutive enclitics	ἥ	Γαβαών	\vs{16}Καὶ ἐκράτησαν ἕκαστος τῇ χειρὶ τὴν κεφαλὴν τοῦ πλησίον αὐτοῦ, καὶ μάχαιρα αὐτοῦ εἰς πλευρὰν τοῦ πλησίον αὐτοῦ, καὶ πίπτουσι κατὰ τὸ αὐτό· καὶ ἐκλήθη τὸ ὄνομα τοῦ τόπου ἐκείνου, μερὶς τῶν ἐπιβούλων, ἥ ἐστιν ἐν Γαβαών.
9781	ΒΑΣΙΛΕΙΩΝ Β 2:22	σε εἰς	2	consecutive enclitics	πατάξω	τὴν	\vs{22}Καὶ προσέθετο ἔτι Ἀβεννὴρ λέγων τῷ Ἀσαὴλ, ἀπόστηθι ἀπʼ ἐμοῦ, ἵνα μὴ πατάξω σε εἰς τὴν γῆν· καὶ πῶς ἀρῶ τὸ πρόσωπόν μου πρὸς Ἰωάβ;
9794	ΒΑΣΙΛΕΙΩΝ Β 2:32	οἱ μετ	2	consecutive enclitics	ἄνδρες	αὐτοῦ	\vs{32}Καὶ αἴρουσι τὸν Ἀσαὴλ, καὶ θάπτουσιν αὐτὸν ἐν τῷ τάφῳ τοῦ πατρὸς αὐτοῦ ἐν Βηθλεέμ· καὶ ἐπορεύθη Ἰωὰβ καὶ οἱ ἄνδρες οἱ μετʼ αὐτοῦ ὅλην τὴν νύκτα, καὶ διέφαυσεν αὐτοῖς ἐν Χεβρών.
9810	ΒΑΣΙΛΕΙΩΝ Β 3:12	σου μετ	2	consecutive enclitics	διαθήκην	ἐμοῦ	\vs{12}Καὶ ἀπέστειλεν Ἀβεννὴρ ἀγγέλους πρὸς Δαυὶδ εἰς Θαιλὰμ οὗ ἦν, παραχρῆμα, λέγων, διάθου διαθήκην σου μετʼ ἐμοῦ, καὶ ἰδοὺ ἡ χείρ μου μετὰ σοῦ ἐπιστρέψαι πρὸς σὲ πάντα τὸν οἶκον Ἰσραήλ.
9838	ΒΑΣΙΛΕΙΩΝ Β 3:34	σου οὐκ	2	consecutive enclitics	χεῖρές	ἐδέθησαν	\vs{34}Αἱ χεῖρές σου οὐκ ἐδέθησαν, οἱ πόδες σου οὐκ ἐν πέδαις· οὐ προσήγαγεν ὡς Νάβαλ, ἐνώπιον υἱῶν ἀδικίας ἔπεσας· καὶ συνήχθη πᾶς ὁ λαὸς τοῦ κλαῦσαι αὐτόν.
9839	ΒΑΣΙΛΕΙΩΝ Β 3:35	μοι ὁ	2	consecutive enclitics	ποιήσαι	Θεὸς	\vs{35}Καὶ ἦλθε πᾶς ὁ λαὸς περιδειπνῆσαι τὸν Δαυὶδ ἄρτοις ἔτι οὔσης ἡμέρας· καὶ ὤμοσε Δαυὶδ, λέγων, τάδε ποιήσαι μοι ὁ Θεὸς καὶ τάδε προσθείη, ὅτι ἐὰν μὴ δύῃ ὁ ἥλιος, οὐ μὴ γεύσομαι ἄρτου ἢ ἀπὸ παντὸς τινός.
9857	ΒΑΣΙΛΕΙΩΝ Β 4:8	ὡς ἡ	2	consecutive enclitics	αὐτοῦ	ἡμέρα	\vs{8}Καὶ ἤνεγκαν τὴν κεφαλὴν Ἰεβοσθὲ τῷ Δαυὶδ εἰς Χεβρὼν, καὶ εἶπον πρὸς τὸν βασιλέα, ἰδοὺ ἡ κεφαλὴ Ἰεβοσθὲ υἱοῦ Σαοὺλ τοῦ ἐχθροῦ σου, ὃς ἐζήτει τὴν ψυχήν σου, καὶ ἔδωκε Κύριος τῷ κυρίῳ βασιλεῖ ἐκδίκησιν τῶν ἐχθρῶν αὐτοῦ, ὡς ἡ ἡμέρα αὕτη, ἐκ Σαοὺλ τοῦ ἐχθροῦ σου καὶ ἐκ τοῦ σπέρματος αὐτοῦ.
9859	ΒΑΣΙΛΕΙΩΝ Β 4:9	μου ἐκ	2	consecutive enclitics	ψυχήν	πάσης	\vs{9}Καὶ ἀπεκρίθη Δαυὶδ τῷ Ῥηχὰβ καὶ τῷ Βαανὰ ἀδελφῷ αὐτοῦ υἱοῖς Ῥεμμὼν τοῦ Βηρωθαίου, καὶ εἶπεν αὐτοῖς, ζῇ Κύριος, ὃς ἐλυτρώσατο τὴν ψυχήν μου ἐκ πάσης θλίψεως, ὅτι ὁ ἀπαγγείλας μοι ὅτι τέθνηκε Σαοὺλ,
9891	ΒΑΣΙΛΕΙΩΝ Β 5:21	οἱ μετ	2	consecutive enclitics	ἄνδρες	αὐτοῦ	\vs{21}Καὶ καταλιμπάνουσιν ἐκεῖ τοὺς θεοὺς αὐτῶν, καὶ ἐλάβοσαν αὐτοὺς Δαυὶδ καὶ οἱ ἄνδρες οἱ μετʼ αὐτοῦ.
9900	ΒΑΣΙΛΕΙΩΝ Β 6:2	ὁ μετ	2	consecutive enclitics	λαὸς	αὐτοῦ	\vs{2}Καὶ ἀνέστη καὶ ἐπορεύθη Δαυὶδ καὶ πᾶς ὁ λαὸς ὁ μετʼ αὐτοῦ καὶ ἀπὸ τῶν ἀρχόντων Ἰούδα ἐν ἀναβάσει τοῦ ἀναγαγεῖν ἐκεῖθεν τὴν κιβωτὸν τοῦ Θεοῦ, ἐφʼ ἣν ἐπεκλήθη τὸ ὄνομα τοῦ Κυρίου τῶν δυνάμεων καθημένου ἐπὶ τῶν χερουβὶν ἐπʼ αὐτῆς.
9925	ΒΑΣΙΛΕΙΩΝ Β 6:21	με εἰς	2	consecutive enclitics	καταστῆσαί	ἡγούμενον	\vs{21}Καὶ εἶπε Δαυὶδ πρὸς Μελχόλ, ἐνώπιον Κυρίου ὀρχήσομαι· εὐλογητὸς Κύριος ὃς ἐξελέξατό με ὑπὲρ τὸν πατέρα σου καὶ ὑπὲρ πάντα τὸν οἶκον αὐτοῦ, του καταστῆσαί με εἰς ἡγούμενον ἐπὶ τὸν λαὸν αὐτοῦ ἐπὶ τὸν Ἰσραὴλ·
9939	ΒΑΣΙΛΕΙΩΝ Β 7:8	σε ἐκ	2	consecutive enclitics	ἔλαβόν	τῆς	\vs{8}Καὶ νῦν τάδε ἐρεῖς τῷ δούλῳ μου Δαυὶδ, τάδε λέγει Κύριος παντοκράτωρ, ἔλαβόν σε ἐκ τῆς μάνδρας τῶν προβάτων, τοῦ εἶναί σε εἰς ἡγούμενον ἐπὶ τὸν λαόν μου ἐπὶ τὸν Ἰσραὴλ,
9939	ΒΑΣΙΛΕΙΩΝ Β 7:8	σε εἰς	2	consecutive enclitics	εἶναί	ἡγούμενον	\vs{8}Καὶ νῦν τάδε ἐρεῖς τῷ δούλῳ μου Δαυὶδ, τάδε λέγει Κύριος παντοκράτωρ, ἔλαβόν σε ἐκ τῆς μάνδρας τῶν προβάτων, τοῦ εἶναί σε εἰς ἡγούμενον ἐπὶ τὸν λαόν μου ἐπὶ τὸν Ἰσραὴλ,
9945	ΒΑΣΙΛΕΙΩΝ Β 7:14	μοι εἰς	2	consecutive enclitics	ἔσται	υἱόν	\vs{14}Ἐγὼ ἔσομαι αὐτῷ εἰς πατέρα, καὶ αὐτὸς ἔσται μοι εἰς υἱόν· καὶ ἐὰν ἔλθῃ ἡ ἀδικία αὐτοῦ, καὶ ἐλέγξω αὐτὸν ἐν ῥάβδῳ ἀνδρῶν, καὶ ἐν ἁφαῖς υἱῶν ἀνθρώπων·
9946	ΒΑΣΙΛΕΙΩΝ Β 7:15	μου οὐκ	2	consecutive enclitics	ἔλεός	ἀποστήσω	\vs{15}Τὸ δὲ ἔλεός μου οὐκ ἀποστήσω ἀπʼ αὐτοῦ, καθὼς ἀπέστησα ἀφʼ ὧν ἀπέστησα ἐκ προσώπου μου.
9952	ΒΑΣΙΛΕΙΩΝ Β 7:19	σου εἰς	2	consecutive enclitics	δούλου	μακράν	\vs{19}Καὶ κατεσμικρύνθην μικρὸν ἐνώπίον σου, Κύριέ μου Κύριε, καὶ ἐλάλησας ὑπὲρ τοῦ οἴκου τοῦ δούλου σου εἰς μακράν· οὗτος δὲ ὁ νόμος τοῦ ἀνθρώπου, Κύριέ μου Κύριε;
9956	ΒΑΣΙΛΕΙΩΝ Β 7:23	ὡς ὁ	2	consecutive enclitics	τίς	λαός	\vs{23}Καὶ τίς ὡς ὁ λαός σου Ἰσραὴλ ἔθνος ἄλλο ἐν τῇ γῇ; ὡς ὡδήγησεν αὐτὸν ὁ Θεὸς τοῦ λυτρώσασθαι αὐτῷ λαὸν, τοῦ θέσθαι σε ὄνομα, τοῦ ποιῆσαι μεγαλωσύνην καὶ ἐπιφάνειαν, τοῦ ἐκβαλεῖν σε ἐκ προσώπου τοῦ λαοῦ σου, οὓς ἐλυτρώσω σεαυτῷ ἐξ Αἰγύπτου, ἔθνη καὶ σκηνώματα;
9956	ΒΑΣΙΛΕΙΩΝ Β 7:23	σε ἐκ	2	consecutive enclitics	ἐκβαλεῖν	προσώπου	\vs{23}Καὶ τίς ὡς ὁ λαός σου Ἰσραὴλ ἔθνος ἄλλο ἐν τῇ γῇ; ὡς ὡδήγησεν αὐτὸν ὁ Θεὸς τοῦ λυτρώσασθαι αὐτῷ λαὸν, τοῦ θέσθαι σε ὄνομα, τοῦ ποιῆσαι μεγαλωσύνην καὶ ἐπιφάνειαν, τοῦ ἐκβαλεῖν σε ἐκ προσώπου τοῦ λαοῦ σου, οὓς ἐλυτρώσω σεαυτῷ ἐξ Αἰγύπτου, ἔθνη καὶ σκηνώματα;
9998	ΒΑΣΙΛΕΙΩΝ Β 9:8	εἰμι ὁ	2	consecutive enclitics	τίς	δοῦλός	\vs{8}Καὶ προσεκύνησε Μεμφιβοσθὲ, καὶ εἶπε, τίς εἰμι ὁ δοῦλός σου, ὅτι ἐπέβλεψας ἐπὶ τὸν κύνα τὸν τεθνηκότα τὸν ὅμοιον ἐμοί;
10002	ΒΑΣΙΛΕΙΩΝ Β 9:11	μου ὁ	2	consecutive enclitics	κύριός	βασιλεὺς	\vs{11}Καὶ εἶπε Σιβὰ πρὸς τὸν βασιλέα, κατὰ πάντα ὅσα ἐντέταλται ὁ κύριός μου ὁ βασιλεὺς τῷ δούλῳ αὐτοῦ, οὕτως ποιήσει ὁ δοῦλός σου· καὶ Μεμφιβοσθὲ ἤσθιεν ἐπὶ τῆς τραπέζης Δαυὶδ καθὼς εἷς τῶν υἱῶν αὐτοῦ τοῦ βασιλέως.
10020	ΒΑΣΙΛΕΙΩΝ Β 10:11	μοι εἰς	2	consecutive enclitics	ἔσεσθέ	σωτηρίαν	\vs{11}Καὶ εἶπεν, εὰν κραταιωθῇ Συρία ὑπὲρ ἐμὲ, καὶ ἔσεσθέ μοι εἰς σωτηρίαν· καὶ ἐὰν κραταιωθῶσιν υἱοὶ Ἀμμὼν ὑπὲρ σὲ, καὶ ἐσόμεθα τοῦ σῶσαί σε.
10040	ΒΑΣΙΛΕΙΩΝ Β 11:5	εἰμι ἐν	2	consecutive enclitics	ἐγώ	γαστρὶ	\vs{5}Καὶ ἐν γαστρὶ ἔλαβεν ἡ γυνή· καὶ ἀποστείλασα ἀπήγγειλε τῷ Δαυὶδ, καὶ εἶπεν, ἐγώ εἰμι ἐν γαστρὶ ἔχω.
10047	ΒΑΣΙΛΕΙΩΝ Β 11:11	σου εἰ	2	consecutive enclitics	ψυχή	ποιήσω	\vs{11}Καὶ εἶπεν Οὐρίας πρὸς Δαυὶδ, ἡ κιβωτὸς, καὶ Ἰσραὴλ, καὶ Ἰούδας κατοικοῦσιν ἐν σκηναῖς, καὶ ὁ κύριός μου Ἰωὰβ, καὶ οἱ δοῦλοι τοῦ κυρίου μου ἐπὶ πρόσωπον τοῦ ἀγροῦ παρεμβάλλουσι, καὶ ἐγὼ εἰσελεύσομαι εἰς τὸν οἶκόν μου τοῦ φαγεῖν, καὶ πιεῖν, καὶ κοιμηθῆναι μετὰ τῆς γυναικός μου; πῶς; ζῇ ἡ ψυχή σου, εἰ ποιήσω τὸ ῥῆμα τοῦτο.
10061	ΒΑΣΙΛΕΙΩΝ Β 11:21	γε ὁ	2	consecutive enclitics	καί	δοῦλός	\vs{21}Τίς ἐπάταξε τὸν Ἀβιμέλεχ υἱὸν Ἱεροβάαλ υἱοῦ Νήρ; οὐχὶ γυνὴ ἔῤῥιψε κλάσμα μύλου ἐπʼ αὐτὸν ἀπὸ ἄνωθεν τοῦ τείχους, καὶ ἀπέθανεν ἐν Θαμασί; ἱνατί προσηγάγετε πρὸς τὸ τεῖχος; καὶ ἐρεῖς, καί γε ὁ δοῦλός σου Οὐρίας ὁ Χετταῖος ἀπέθανε.
10065	ΒΑΣΙΛΕΙΩΝ Β 11:24	γε ὁ	2	consecutive enclitics	καί	δοῦλός	\vs{24}Καὶ ἐτόξευσαν οἱ τοξεύοντες πρὸς τοὺς παῖδάς σου ἀπάνωθεν τοῦ τείχους, καὶ ἀπέθανον τῶν παίδων τοῦ βασιλέως, καί γε ὁ δοῦλός σου Οὐρίας ὁ Χετταῖος ἀπέθανε.
10079	ΒΑΣΙΛΕΙΩΝ Β 12:7	εἰμι ὁ	2	consecutive enclitics	ἐγώ	χρίσας	\vs{7}Καὶ εἶπε Νάθαν πρὸς Δαυὶδ, σὺ εἶ ὁ ἀνὴρ ὁ ποιήσας τοῦτο· τάδε λέγει Κύριος ὁ Θεὸς Ἰσραὴλ, ἐγώ εἰμι ὁ χρίσας σε εἰς βασιλέα ἐπὶ Ἰσραὴλ, καὶ ἐγώ εἰμι ἐῤῥυσάμην σε ἐκ χειρὸς Σαοὺλ,
10079	ΒΑΣΙΛΕΙΩΝ Β 12:7	σε εἰς	2	consecutive enclitics	χρίσας	βασιλέα	\vs{7}Καὶ εἶπε Νάθαν πρὸς Δαυὶδ, σὺ εἶ ὁ ἀνὴρ ὁ ποιήσας τοῦτο· τάδε λέγει Κύριος ὁ Θεὸς Ἰσραὴλ, ἐγώ εἰμι ὁ χρίσας σε εἰς βασιλέα ἐπὶ Ἰσραὴλ, καὶ ἐγώ εἰμι ἐῤῥυσάμην σε ἐκ χειρὸς Σαοὺλ,
10079	ΒΑΣΙΛΕΙΩΝ Β 12:7	σε ἐκ	2	consecutive enclitics	ἐῤῥυσάμην	χειρὸς	\vs{7}Καὶ εἶπε Νάθαν πρὸς Δαυὶδ, σὺ εἶ ὁ ἀνὴρ ὁ ποιήσας τοῦτο· τάδε λέγει Κύριος ὁ Θεὸς Ἰσραὴλ, ἐγώ εἰμι ὁ χρίσας σε εἰς βασιλέα ἐπὶ Ἰσραὴλ, καὶ ἐγώ εἰμι ἐῤῥυσάμην σε ἐκ χειρὸς Σαοὺλ,
10080	ΒΑΣΙΛΕΙΩΝ Β 12:8	σου ἐν	2	consecutive enclitics	κυρίου	τῷ	\vs{8}καὶ ἔδωκά σοι τὸν οἶκον τοῦ κυρίου σου, καὶ τὰς γυναῖκας τοῦ κυρίου σου ἐν τῷ κόλπῳ σου, καὶ ἔδωκά σοι τὸν οἶκον Ἰσραὴλ καὶ Ἰούδα· καὶ εἰ μικρόν ἐστι, προσθήσω σοι κατὰ ταῦτα.
10082	ΒΑΣΙΛΕΙΩΝ Β 12:10	σοι εἰς	2	consecutive enclitics	εἶναί	γυναῖκα	\vs{10}Καὶ νὺν οὐκ ἀποστήσεται ῥομφαία ἐκ τοῦ οἴκου σου ἕως αἰῶνος, ἀνθʼ ὧν ὅτι ἐξουδένωσάς με, καὶ ἔλαβες τὴν γυναῖκα τοῦ Οὐρίου τοῦ Χετταίου, τοῦ εἶναί σοι εἰς γυναῖκα.
10083	ΒΑΣΙΛΕΙΩΝ Β 12:11	σου κατ	2	consecutive enclitics	γυναῖκάς	ὀφθαλμούς	\vs{11}Τάδε λέγει Κύριος, ἰδοὺ ἐγὼ ἐξεγείρω ἐπὶ σὲ κακὰ ἐκ τοῦ οἴκου σου, καὶ λήψομαι τὰς γυναῖκάς σου κατʼ ὀφθαλμούς σου, καὶ δώσω τῷ πλησίον σου, καὶ κοιμηθήσεται μετὰ τῶν γυναικῶν σου ἐναντίον τοῦ ἡλίου τούτου.
10086	ΒΑΣΙΛΕΙΩΝ Β 12:13	σου οὐ	2	consecutive enclitics	ἁμάρτημά	μὴ	\vs{13}Καὶ εἶπε Δαυὶδ τῷ Νάθαν, ἡμάρτηκα τῷ Κυρίῳ· καὶ εἶπε Νάθαν πρὸς Δαυὶδ, καὶ Κύριος παρεβίβασε τὸ ἁμάρτημά σου· οὐ μὴ ἀποθάνῃς.
10087	ΒΑΣΙΛΕΙΩΝ Β 12:14	γε ὁ	2	consecutive enclitics	καί	υἱός	\vs{14}Πλὴν ὅτι παροργίζων παρώργισας τοὺς ἐχθροὺς Κυρίου ἐν τῷ ῥήματι τούτῳ, καί γε ὁ υἱός σου ὁ τεχθείς σοι θανάτῳ ἀποθανεῖται.
10087	ΒΑΣΙΛΕΙΩΝ Β 12:14	σου ὁ	2	consecutive enclitics	υἱός	τεχθείς	\vs{14}Πλὴν ὅτι παροργίζων παρώργισας τοὺς ἐχθροὺς Κυρίου ἐν τῷ ῥήματι τούτῳ, καί γε ὁ υἱός σου ὁ τεχθείς σοι θανάτῳ ἀποθανεῖται.
10105	ΒΑΣΙΛΕΙΩΝ Β 12:28	μου ἐπ	2	consecutive enclitics	ὄνομά	αὐτήν	\vs{28}Καὶ νῦν συνάγαγε τὸ κατάλοιπον τοῦ λαοῦ, καὶ παρέμβαλε ἐπὶ τὴν πόλιν, καὶ προκαταλαβοῦ αὐτὴν, ἵνα μὴ προκαταλάβωμαι ἐγὼ τὴν πόλιν, καὶ κληθῇ τὸ ὄνομά μου ἐπʼ αὐτήν.
10144	ΒΑΣΙΛΕΙΩΝ Β 13:28	εἰμι ὁ	2	consecutive enclitics	ἐγώ	ἐντελλόμενος	\vs{28}Καὶ ἐνετείλατο Ἀβεσσαλὼμ τοῖς παιδαρίοις αὐτοῦ, λέγων, ἴδετε ὡς ἂν ἀγαθυνθῇ ἡ καρδία Ἀμνὼν ἐν τῷ οἴνῳ, καὶ εἴπω πρὸς ὑμᾶς, πατάξατε τὸν Ἀμνὼν, καὶ θανατώσατε αὐτόν· μὴ φοβηθῆτε, ὅτι οὐχὶ ἐγώ εἰμι ὁ ἐντελλόμενος ὑμῖν; ἀνδρίζεσθε καὶ γίνεσθε εἰς υἱοὺς δυνάμεως.
10149	ΒΑΣΙΛΕΙΩΝ Β 13:32	μου ὁ	2	consecutive enclitics	κύριός	βασιλεὺς	\vs{32}Καὶ ἀπεκρίθη Ἰωναδὰβ υἱὸς Σαμαὰ ἀδελφοῦ Δαυὶδ, καὶ εἶπε, μὴ εἰπάτω ὁ κύριός μου ὁ βασιλεὺς ὅτι πάντα τὰ παιδάρια τοὺς υἱοὺς τοῦ βασιλέως ἐθανάτωσεν, ὅτι Ἀμνὼν μονώτατος ἀπέθανεν, ὅτι ἐπὶ στόματος Ἀβεσσαλὼμ ἦν κείμενος ἀπὸ τῆς ἡμέρας ἧς ἐταπείνωσε Θημὰρ τὴν ἀδελφὴν αὐτοῦ.
10150	ΒΑΣΙΛΕΙΩΝ Β 13:33	μου ὁ	2	consecutive enclitics	κύριός	βασιλεὺς	\vs{33}Καὶ νῦν μὴ θέσθω ὁ κύριός μου ὁ βασιλεὺς ἐπὶ τὴν καρδίαν αὐτοῦ ῥῆμα, λέγων, πάντες οἱ υἱοὶ τοῦ βασιλέως ἀπέθανον· ὅτι ἀλλʼ ἢ Ἀμνὼν μονώτατος ἀπέθανε.
10155	ΒΑΣΙΛΕΙΩΝ Β 13:36	γε ὁ	2	consecutive enclitics	καί	βασιλεὺς	\vs{36}Καὶ ἐγένετο ἡνίκα συνετέλεσε λαλῶν, καὶ ἰδοὺ οἱ υἱοὶ τοῦ βασιλέως ἦλθον, καὶ ἐπῇραν τὴν φωνὴν αὐτῶν καὶ ἔκλαυσαν· καί γε ὁ βασιλεὺς καὶ πάντες οἱ παῖδες αὐτοῦ ἔκλαυσαν κλαυθμὸν μέγαν σφόδρα.
10167	ΒΑΣΙΛΕΙΩΝ Β 14:5	ἐστι σοι	2	consecutive enclitics	τί		\vs{5}Καὶ εἶπε πρὸς αὐτὴν ὁ βασιλεὺς, τί ἐστι σοι;
10180	ΒΑΣΙΛΕΙΩΝ Β 14:15	με ὁ	2	consecutive enclitics	ὄψεταί	λαὸς	\vs{15}Καὶ νῦν ὃ ἦλθον λαλῆσαι πρὸς τὸν βασιλέα τὸν κύριόν μου τὸ ῥῆμα τοῦτο, ὅτι ὄψεταί με ὁ λαὸς, καὶ ἐρεῖ ἡ δούλη σου, λαλησάτω δὴ πρὸς τὸν κύριόν μου τὸν βασιλέα, εἴπως ποιήσει ὁ βασιλεὺς τὸ ῥῆμα τῆς δούλης αὐτοῦ
10182	ΒΑΣΙΛΕΙΩΝ Β 14:17	μου ὁ	2	consecutive enclitics	κύριός	βασιλεὺς	\vs{17}Καὶ εἶπεν ἡ γυνή, εἰ ἤδη ὁ λόγος τοῦ κυρίου μου τοῦ βασιλέως εἰς θυσίαν· ὅτι καθὼς ἄγγελος Θεοῦ, οὕτως ὁ κύριός μου ὁ βασιλεὺς, τοῦ ἀκούειν τὸ ἀγαθὸν καὶ τὸ πονηρόν· καὶ Κύριος ὁ Θεός σου ἔσται μετὰ σοῦ.
10184	ΒΑΣΙΛΕΙΩΝ Β 14:18	μου ὁ	2	consecutive enclitics	κύριός	βασιλεύς	\vs{18}Καὶ ἀπεκρίθη ὁ βασιλεὺς, καὶ εἶπε πρὸς τὴν γυναῖκα, μὴ δὴ κρύψῃς ἀπʼ ἐμοῦ ῥῆμα, ὃ ἐγὼ ἐπερωτῶ σε· καὶ εἶπεν ἡ γυνή, λαλησάτω δὴ ὁ κύριός μου ὁ βασιλεύς.
10185	ΒΑΣΙΛΕΙΩΝ Β 14:19	μου ὁ	2	consecutive enclitics	κύριός	βασιλεὺς	\vs{19}Καὶ εἶπεν ὁ βασιλεὺς, μὴ ἡ χεὶρ Ἰωὰβ ἐν παντὶ τούτῳ μετὰ σοῦ; καὶ εἶπεν ἡ γυνὴ τῷ βασιλεῖ, ζῇ ἡ ψυχή σου, κύριέ μου βασιλεῦ, εἰ ἔστιν εἰς τὰ δεξιὰ ἢ εἰς τὰ ἀριστερὰ ἐκ πάντων ὧν ἐλάλησεν ὁ κύριός μου ὁ βασιλεὺς, ὅτι ὁ δοῦλός σου Ἰωὰβ αὐτὸς ἐνετείλατό μοι, καὶ αὐτὸς ἔθετο ἐν τῷ στόματι τῆς δούλης σου πάντας τοὺς λόγους τούτους.
10189	ΒΑΣΙΛΕΙΩΝ Β 14:22	μου ὁ	2	consecutive enclitics	κύριός	βασιλεὺς	\vs{22}Καὶ ἔπεσεν Ἰωὰβ ἐπὶ πρόσωπον αὐτοῦ ἐπὶ τὴν γῆν, καὶ προσεκύνησε, καὶ εὐλόγησε τὸν βασιλέα· καὶ εἶπεν Ἰωὰβ, σήμερον ἔγνω ὁ δοῦλός σου ὅτι εὗρον χάριν ἐν ὀφθαλμοῖς σου, κύριέ μου βασιλεῦ, ὅτι ἐποίησεν ὁ κύριός μου ὁ βασιλεὺς τὸν λόγον τοῦ δούλου αὐτοῦ.
10201	ΒΑΣΙΛΕΙΩΝ Β 14:32	ἐστιν ἐν	2	consecutive enclitics	δέ	ἐμοὶ	\vs{32}Καὶ εἶπεν Ἀβεσσαλὼμ πρὸς Ἰωὰβ, ἰδοὺ ἀπέστειλα πρὸς σὲ, λέγων, ἧκε ὧδε, καὶ ἀποστελῶ σε πρὸς τὸν βασιλέα, λέγων, ἱνατί ἦλθον ἐκ Γεδσούρ; ἀγαθόν μοι ἦν εἶναι ἐκεῖ· καὶ νῦν ἰδοὺ τὸ πρόσωπον τοῦ βασιλέως οὐκ εἶδον· εἰ δέ ἐστιν ἐν ἐμοὶ ἀδικία, καὶ θανάτωσόν με.
10214	ΒΑΣΙΛΕΙΩΝ Β 15:8	σου ἐν	2	consecutive enclitics	δοῦλός	τῷ	\vs{8}Ὅτι εὐχὴν ηὔξατο ὁ δοῦλός σου ἐν τῷ οἰκεῖν με ἐν Γεδσοὺρ ἐν Συρίᾳ, λέγων, ἐὰν ἐπιστρέφων ἐπιστρέψῃ με Κύριος εἰς Ἰερουσαλὴμ, καὶ λατρεύσω τῷ Κυρίῳ.
10214	ΒΑΣΙΛΕΙΩΝ Β 15:8	με ἐν	2	consecutive enclitics	οἰκεῖν	Γεδσοὺρ	\vs{8}Ὅτι εὐχὴν ηὔξατο ὁ δοῦλός σου ἐν τῷ οἰκεῖν με ἐν Γεδσοὺρ ἐν Συρίᾳ, λέγων, ἐὰν ἐπιστρέφων ἐπιστρέψῃ με Κύριος εἰς Ἰερουσαλὴμ, καὶ λατρεύσω τῷ Κυρίῳ.
10230	ΒΑΣΙΛΕΙΩΝ Β 15:20	σε μεθ	2	consecutive enclitics	κινήσω	ἡμῶν	\vs{20}Εἰ ἐχθὲς παραγέγονας, καὶ σήμερον κινήσω σε μεθʼ ἡμῶν; καί γε μεταναστήσεις τὸν τόπον σου· χθὲς ἡ ἐξέλευσίς σου, καὶ σήμερον μετακινήσω σε μεθʼ ἡμῶν τοῦ πορευθῆναι; καὶ ἐγὼ πορεύσομαι οὗ ἐὰν ἐγὼ πορευθῶ· ἐπιστρέφου καὶ ἐπίστρεψον τοὺς ἀδελφούς σου μετὰ σοῦ, καὶ Κύριος ποιήσει μετὰ σοῦ ἔλεος καὶ ἀλήθειαν.
10230	ΒΑΣΙΛΕΙΩΝ Β 15:20	σε μεθ	2	consecutive enclitics	μετακινήσω	ἡμῶν	\vs{20}Εἰ ἐχθὲς παραγέγονας, καὶ σήμερον κινήσω σε μεθʼ ἡμῶν; καί γε μεταναστήσεις τὸν τόπον σου· χθὲς ἡ ἐξέλευσίς σου, καὶ σήμερον μετακινήσω σε μεθʼ ἡμῶν τοῦ πορευθῆναι; καὶ ἐγὼ πορεύσομαι οὗ ἐὰν ἐγὼ πορευθῶ· ἐπιστρέφου καὶ ἐπίστρεψον τοὺς ἀδελφούς σου μετὰ σοῦ, καὶ Κύριος ποιήσει μετὰ σοῦ ἔλεος καὶ ἀλήθειαν.
10231	ΒΑΣΙΛΕΙΩΝ Β 15:21	μου ὁ	2	consecutive enclitics	κύριός	βασιλεὺς	\vs{21}Καὶ ἀπεκρίθη Ἐθὶ τῷ βασιλεῖ, καὶ εἶπε, ζῇ Κύριος καὶ ζῇ ὁ κύριός μου ὁ βασιλεὺς, ὅτι εἰς τὸν τόπον οὗ ἐὰν ᾖ ὁ κύριός μου, καὶ ἐὰν εἰς θάνατον καὶ ἐὰν εἰς ζωὴν, ὅτι ἐκεῖ ἔσται ὁ δοῦλός σου.
10232	ΒΑΣΙΛΕΙΩΝ Β 15:22	ὁ μετ	2	consecutive enclitics	ὄχλος	αὐτοῦ	\vs{22}Καὶ εἶπεν ὁ βασιλεὺς πρὸς Ἐθὶ, δεῦρο, καὶ διάβαινε μετʼ ἐμοῦ· καὶ παρῆλθεν Ἐθὶ ὁ Γεθαῖος καὶ ὁ βασιλεὺς, καὶ πάντες οἱ παῖδες αὐτοῦ καὶ πᾶς ὁ ὄχλος ὁ μετʼ αὐτοῦ.
10244	ΒΑΣΙΛΕΙΩΝ Β 15:30	ὁ μετ	2	consecutive enclitics	λαὸς	αὐτοῦ	\vs{30}Καὶ Δαυὶδ ἀνέβαινεν ἐν τῇ ἀναβάσει τῶν ἐλαιῶν ἀναβαίνων καὶ κλαίων, καὶ τὴν κεφαλὴν ἐπικεκαλυμμένος, καὶ αὐτὸς ἐπορεύετο ἀνυπόδετος· καὶ πὰς ὁ λαὸς ὁ μετʼ αὐτοῦ ἐπεκάλυψεν ἀνὴρ τὴν κεφαλὴν αὐτοῦ· καὶ ἀνέβαινον ἀναβαίνοντες καὶ κλαίοντες.
10267	ΒΑΣΙΛΕΙΩΝ Β 16:11	μου ὁ	2	consecutive enclitics	υἱός	ἐξελθὼν	\vs{11}Καὶ εἶπε Δαυὶδ πρὸς Ἀβεσσὰ καὶ πρὸς πάντας τοὺς παῖδας αὐτοῦ, ἰδοὺ ὁ υἱός μου ὁ ἐξελθὼν ἐκ τῆς κοιλίας μου ζητεῖ τὴν ψυχήν μου, καὶ προσέτι νῦν ὁ υἱὸς τοῦ Ἰεμινί· ἄφετε αὐτὸν καταρᾶσθαι, ὅτι εἶπεν αὐτῷ Κύριος.
10282	ΒΑΣΙΛΕΙΩΝ Β 16:23	τις ἐν	2	consecutive enclitics	ἐπερωτήσῃ	λόγῳ	\vs{23}Καὶ ἡ βουλὴ Ἀχιτόφελ, ἣν ἐβουλεύσατο ἐν ταῖς ἡμέραις ταῖς πρώταις, ὃν τρόπον ἐπερωτήσῃ τις ἐν λόγῳ τοῦ Θεοῦ· οὕτως πᾶσα ἡ βουλὴ τοῦ Ἀχιτόφελ καί γε τῷ Δαυὶδ καί γε τῷ Ἀβεσσαλώμ.
10286	ΒΑΣΙΛΕΙΩΝ Β 17:2	ὁ μετ	2	consecutive enclitics	λαὸς	αὐτοῦ	\vs{2}Καὶ ἐπελεύσομαι ἐπʼ αὐτὸν, καὶ αὐτὸς κοπιῶν καὶ ἐκλελυμένος χερσὶ, καὶ ἐκστήσω αὐτὸν, καὶ φεύξεται πᾶς ὁ λαὸς ὁ μετʼ αὐτοῦ, καὶ πατάξω τὸν βασιλέα μονώτατον·
10296	ΒΑΣΙΛΕΙΩΝ Β 17:10	οἱ μετ	2	consecutive enclitics	δυνάμεως	αὐτοῦ	\vs{10}Καί γε αὐτὸς υἱὸς δυνάμεως, οὗ ἡ καρδία καθὼς ἡ καρδία τοῦ λέοντος, τηκομένη τακήσεται· ὅτι· οἶδε πᾶς Ἰσραὴλ, ὅτι δυνατὸς ὁ πατήρ σου, καὶ υἱοὶ δυνάμεως οἱ μετʼ αὐτοῦ.
10297	ΒΑΣΙΛΕΙΩΝ Β 17:11	ὡς ἡ	2	consecutive enclitics	Βηρσαβεὲ	ἄμμος	\vs{11}Ὅτι οὕτως συμβουλεύων ἐγὼ συνεβούλευσα, καὶ συναγόμενος συναχθήσεται ἐπὶ σὲ πᾶς Ἰσραὴλ ἀπὸ Δὰν καὶ ἕως Βηρσαβεὲ, ὡς ἡ ἄμμος ἡ ἐπὶ τῆς θαλάσσης εἰς πλῆθος· καὶ τὸ πρόσωπόν σου πορευόμενον ἐν μέσῳ αὐτῶν.
10312	ΒΑΣΙΛΕΙΩΝ Β 17:22	ὁ μετ	2	consecutive enclitics	λαὸς	αὐτοῦ	\vs{22}Καὶ ἀνέστη Δαυὶδ καὶ πᾶς ὁ λαὸς ὁ μετʼ αὐτοῦ, καὶ διέβησαν τὸν Ἰορδάνην ἕως τοῦ φωτὸς τοῦ πρωῒ, ἕως ἑνὸς οὐκ ἔλαθεν ὃς οὐ διῆλθε τὸν Ἰορδάνην.
10357	ΒΑΣΙΛΕΙΩΝ Β 18:27	γε εἰς	2	consecutive enclitics	καί	εὐαγγελίαν	\vs{27}Καὶ εἶπεν ὁ σκοπός, ἐγὼ ὁρῶ τὸν δρόμον τοῦ πρώτου ὡς δρόμον Ἀχιμάας υἱοῦ Σαδώκ· καὶ εἶπεν ὁ βασιλεὺς, ἀνὴρ ἀγαθὸς οὗτος, καί γε εἰς εὐαγγελίαν ἀγαθὴν ἐλεύσεται.
10363	ΒΑΣΙΛΕΙΩΝ Β 18:31	μου ὁ	2	consecutive enclitics	κύριός	βασιλεὺς	\vs{31}Καὶ ἰδοὺ ὁ Χουσὶ παρεγένετο, καὶ εἶπε τῷ βασιλεῖ, εὐαγγελισθήτω ὁ κύριός μου ὁ βασιλεὺς, ὅτι ἔκρινέ σοι Κύριος σήμερον ἐκ χειρὸς πάντων τῶν ἐπεγειρομένων ἐπὶ σέ.
10375	ΒΑΣΙΛΕΙΩΝ Β 19:8	σοι ἐκ	2	consecutive enclitics	ἐπελθόν	νεότητός	\vs{8}Καὶ νῦν ἀναστὰς ἔξελθε καὶ λάλησον εἰς τὴν καρδίαν τῶν δούλων σου, ὅτι ἐν Κυρίῳ ὤμοσα, ὅτι εἰ μὴ ἐκπορεύσῃ σήμερον, εἰ αὐλισθήσεται ἀνὴρ μετὰ σοῦ τὴν νύκτα ταύτην· καὶ ἐπίγνωθι σεαυτῷ, καὶ κακόν σοι τοῦτο ὑπὲρ πᾶν τὸ κακὸν τὸ ἐπελθόν σοι ἐκ νεότητός σου ἕως τοῦ νῦν.
10383	ΒΑΣΙΛΕΙΩΝ Β 19:14	μοι ὁ	2	consecutive enclitics	ποιήσαι	Θεὸς	\vs{14}καὶ τῷ Ἀμεσσαῒ; ἐρεῖτε, οὐχὶ ὀστοῦν μου καὶ σάρξ μου σύ; καὶ νῦν τάδε ποιήσαι μοι ὁ Θεὸς, καὶ τάδε προσθείη, εἰ μὴ ἄρχων δυνάμεως ἔσῃ ἐνώπιον ἐμοῦ πάσας τὰς ἡμέρας ἀντὶ Ἰωάβ.
10390	ΒΑΣΙΛΕΙΩΝ Β 19:20	σου ἐν	2	consecutive enclitics	παῖς	τῇ	\vs{20}καὶ εἶπε πρὸς τὸν βασιλέα, μὴ δὴ λογισάσθω ὁ κύριός μου ἀνομίαν, καὶ μὴ μνησθῇς ὅσα ἠδίκησεν ὁ παῖς σου ἐν τῇ ἡμέρᾳ ᾗ ὁ κύριός μου ἐξεπορεύετο ἐξ Ἰερουσαλὴμ, τοῦ θέσθαι τὸν βασιλέα εἰς τὴν καρδίαν αὐτοῦ.
10391	ΒΑΣΙΛΕΙΩΝ Β 19:21	με εἰς	2	consecutive enclitics	καταβῆναί	ἀπαντὴν	\vs{21}Ὅτι ἔγνω ὁ δοῦλός σου ὅτι ἐγὼ ἥμαρτον, καὶ ἰδοὺ ἐγὼ ἦλθον σήμερον πρότερος παντὸς Ἰσραὴλ καὶ οἴκου Ἰωσὴφ, τοῦ καταβῆναί με εἰς ἀπαντὴν τοῦ κυρίου μου τοῦ βασιλέως.
10401	ΒΑΣΙΛΕΙΩΝ Β 19:28	μου ὁ	2	consecutive enclitics	κύριός	βασιλεὺς	\vs{28}Καὶ μεθώδευσεν ἐν τῷ δούλῳ σου πρὸς τὸν κύριόν μου τὸν βασιλέα· καὶ ὁ κύριός μου ὁ βασιλεὺς ὡς ἄγγελος τοῦ Θεοῦ, καὶ ποίησον τὸ ἀγαθὸν ἐν ὀφθαλμοῖς σου.
10402	ΒΑΣΙΛΕΙΩΝ Β 19:29	μου ἀλλ	2	consecutive enclitics	πατρός	ἢ	\vs{29}Ὅτι οὐκ ἦν πᾶς ὁ οἶκος τοῦ πατρός μου, ἀλλʼ ἢ ὅτι ἄνδρες θανάτου τῷ κυρίῳ μου τῷ βασιλεῖ, καὶ ἔθηκας τὸν δοῦλόν σου ἐν τοῖς ἐσθίουσι τὴν τράπεζάν σου· καὶ τί ἐστι μοὶ ἔτι δικαίωμα, καὶ τοῦ κεκραγέναι με ἔτι πρὸς τὸν βασιλέα;
10402	ΒΑΣΙΛΕΙΩΝ Β 19:29	σου ἐν	2	consecutive enclitics	δοῦλόν	τοῖς	\vs{29}Ὅτι οὐκ ἦν πᾶς ὁ οἶκος τοῦ πατρός μου, ἀλλʼ ἢ ὅτι ἄνδρες θανάτου τῷ κυρίῳ μου τῷ βασιλεῖ, καὶ ἔθηκας τὸν δοῦλόν σου ἐν τοῖς ἐσθίουσι τὴν τράπεζάν σου· καὶ τί ἐστι μοὶ ἔτι δικαίωμα, καὶ τοῦ κεκραγέναι με ἔτι πρὸς τὸν βασιλέα;
10409	ΒΑΣΙΛΕΙΩΝ Β 19:34	σου μετ	2	consecutive enclitics	γῆράς	ἐμοῦ	\vs{34}Καὶ εἶπεν ὁ βασιλεὺς πρὸς Βερζελλὶ, σὺ διαβήσῃ μετʼ ἐμοῦ, καὶ διαθρέψω τὸ γῆράς σου μετʼ ἐμοῦ ἐν Ἱερουσαλήμ.
10411	ΒΑΣΙΛΕΙΩΝ Β 19:36	σου εἰς	2	consecutive enclitics	δοῦλός	φορτίον	\vs{36}Υἱὸς ὀγδοήκοντα ἐτῶν ἐγώ εἰμι σήμερον· εἰ μὴν γνώσομαι ἀναμέσον ἀγαθοῦ καὶ κακοῦ; εἰ γεύσεται ὁ δοῦλός σου ἔτι ὃ φάγομαι ἢ πίομαι; ἢ ἀκούσομαι ἔτι φωνὴν ᾀδόντων καὶ ᾀδουσῶν; καὶ ἱνατί ἔσται ἔτι ὁ δοῦλός σου εἰς φορτίον ἐπὶ τὸν κύριόν μου τὸν βασιλέα;
10412	ΒΑΣΙΛΕΙΩΝ Β 19:37	μοι ὁ	2	consecutive enclitics	ἀνταποδίδωσί	βασιλεὺς	\vs{37}Ὡς βραχὺ διαβήσεται ὁ δοῦλός σου τὸν Ἰορδάνην μετὰ τοῦ βασιλέως· καὶ ἱνατί ἀνταποδίδωσί μοι ὁ βασιλεὺς τὴν ἀνταπόδοσιν ταύτην;
10419	ΒΑΣΙΛΕΙΩΝ Β 19:42	σε οἱ	2	consecutive enclitics	ἔκλεψάν	ἀδελφοὶ	\vs{42}Καὶ ἰδοὺ πᾶς ἀνὴρ Ἰσραὴλ παρεγένοντο πρὸς τὸν βασιλέα, καὶ εἶπε πρὸς τὸν βασιλέα, τί ὅτι ἔκλεψάν σε οἱ ἀδελφοὶ ἡμῶν ἀνὴρ Ἰούδα, καὶ διεβίβασαν τὸν βασιλέα καὶ τὸν οἶκον αὐτοῦ τὸν Ἰορδάνην, καὶ πάντες ἄνδρες Δαυὶδ μετʼ αὐτοῦ;
10421	ΒΑΣΙΛΕΙΩΝ Β 19:44	μοι ἐν	2	consecutive enclitics	χεῖρές	τῷ	\vs{44}Καὶ ἀπεκρίθη ἀνὴρ Ἰσραὴλ τῷ ἀνδρὶ Ἰούδα, καὶ εἶπε, δέκα χεῖρές μοι ἐν τῷ βασιλεῖ, καὶ πρωτότοκος ἐγὼ ἢ σὺ, καί γε ἐν τῷ Δαυίδ εἰμι ὑπὲρ σέ· καὶ ἱνατί τοῦτο ὕβρισάς με, καὶ οὐκ ἐλογίσθη ὁ λόγος μου πρῶτός μοι τοῦ Ἰούδα ἐπιστρέψαι τὸν βασιλέα ἐμοί; καὶ ἐσκληρύνθη ὁ λόγος ἀνδρὸς Ἰούδα ὑπὲρ τὸν λόγον ἀνδρὸς Ἰσραήλ.
10421	ΒΑΣΙΛΕΙΩΝ Β 19:44	γε ἐν	2	consecutive enclitics	καί	τῷ	\vs{44}Καὶ ἀπεκρίθη ἀνὴρ Ἰσραὴλ τῷ ἀνδρὶ Ἰούδα, καὶ εἶπε, δέκα χεῖρές μοι ἐν τῷ βασιλεῖ, καὶ πρωτότοκος ἐγὼ ἢ σὺ, καί γε ἐν τῷ Δαυίδ εἰμι ὑπὲρ σέ· καὶ ἱνατί τοῦτο ὕβρισάς με, καὶ οὐκ ἐλογίσθη ὁ λόγος μου πρῶτός μοι τοῦ Ἰούδα ἐπιστρέψαι τὸν βασιλέα ἐμοί; καὶ ἐσκληρύνθη ὁ λόγος ἀνδρὸς Ἰούδα ὑπὲρ τὸν λόγον ἀνδρὸς Ἰσραήλ.
10449	ΒΑΣΙΛΕΙΩΝ Β 20:20	μοι εἰ	2	consecutive enclitics	ἵλεώς	καταποντιῶ	\vs{20}Καὶ ἀπεκρίθη Ἰωὰβ, καὶ εἶπεν, ἵλεώς μοι ἵλεώς μοι, εἰ καταποντιῶ καὶ εἰ φθερῶ.
10496	ΒΑΣΙΛΕΙΩΝ Β 22:3	μου ἐξ	2	consecutive enclitics	σωτηρίας	ἀδίκου	\vs{3}ὁ Θεός μου, φύλαξ μου ἔσται μοι, πεποιθὼς ἔσομαι ἐπʼ αὐτῷ· ὑπερασπιστής μου, καὶ κέρας σωτηρίας μου, ἀντιλήπτωρ μου, καὶ καταφυγή μου σωτηρίας μου, ἐξ ἀδίκου σώσεις με.
10501	ΒΑΣΙΛΕΙΩΝ Β 22:7	μου ἐν	2	consecutive enclitics	κραυγή	τοῖς	\vs{7}Ἐν τῷ θλίβεσθαί με ἐπικαλέσομαι τὸν Κύριον, καὶ πρὸς τὸν Θεόν μου βοήσομαι, καὶ ἐπακούσεται ἐκ ναοῦ αὐτοῦ φωνῆς μου, καὶ ἡ κραυγή μου ἐν τοῖς ὠσὶν αὐτοῦ.
10512	ΒΑΣΙΛΕΙΩΝ Β 22:17	με ἐξ	2	consecutive enclitics	εἵλκυσέ	ὑδάτων	\vs{17}Ἀπέστειλεν ἐξ ὕψους καὶ ἔλαβέ με, εἵλκυσέ με ἐξ ὑδάτων πολλῶν.
10513	ΒΑΣΙΛΕΙΩΝ Β 22:18	με ἐξ	2	consecutive enclitics	Ἐῤῥύσατό	ἐχθρῶν	\vs{18}Ἐῤῥύσατό με ἐξ ἐχθρῶν μου ἰσχύος, ἐκ τῶν μισούντων με, ὅτι ἐκραταιώθησαν ὑπὲρ ἐμέ.
10516	ΒΑΣΙΛΕΙΩΝ Β 22:20	με εἰς	2	consecutive enclitics	ἐξήγαγέ	πλατυσμὸν	\vs{20}καὶ ἐξήγαγέ με εἰς πλατυσμὸν, καὶ ἐξείλετό με, ὅτι ηὐδόκησεν ἐν ἐμοί.
10532	ΒΑΣΙΛΕΙΩΝ Β 22:34	μου ὡς	2	consecutive enclitics	πόδας	ἐλάφων	\vs{34}Τιθεὶς τοὺς πόδας μου ὡς ἐλάφων, καὶ ἐπὶ τὰ ὕψη ἱστῶν με.
10533	ΒΑΣΙΛΕΙΩΝ Β 22:35	μου εἰς	2	consecutive enclitics	χεῖράς	πόλεμον	\vs{35}Διδάσκων χεῖράς μου εἰς πόλεμον, καὶ κατάξας τόξον χαλκοῦν ἐν βραχίονί μου.
10534	ΒΑΣΙΛΕΙΩΝ Β 22:36	με εἰς	2	consecutive enclitics	ἐπλήθυνέ	πλατυσμὸν	\vs{36}Καὶ ἔδωκάς μοι ὑπερασπισμὸν σωτηρίας μου, καὶ ἡ ὑπακοή σου ἐπλήθυνέ με εἰς πλατυσμὸν εἰς τὰ διαβήματά μου ὑποκάτω μου,
10543	ΒΑΣΙΛΕΙΩΝ Β 22:44	με ἐκ	2	consecutive enclitics	ῥύσῃ	μάχης	\vs{44}Καὶ ῥύσῃ με ἐκ μάχης λαῶν, φυλάξεις με εἰς κεφαλὴν ἐθνῶν· λαὸς ὃν οὐκ ἔγνω ἐδούλευσάν μοι.
10543	ΒΑΣΙΛΕΙΩΝ Β 22:44	με εἰς	2	consecutive enclitics	φυλάξεις	κεφαλὴν	\vs{44}Καὶ ῥύσῃ με ἐκ μάχης λαῶν, φυλάξεις με εἰς κεφαλὴν ἐθνῶν· λαὸς ὃν οὐκ ἔγνω ἐδούλευσάν μοι.
10544	ΒΑΣΙΛΕΙΩΝ Β 22:45	μοι εἰς	2	consecutive enclitics	ἐψεύσαντό	ἀκοὴν	\vs{45}Υἱοὶ ἀλλότριοι ἐψεύσαντό μοι, εἰς ἀκοὴν ὠτίου ἤκουσάν μου.
10547	ΒΑΣΙΛΕΙΩΝ Β 22:47	μου ὁ	2	consecutive enclitics	Θεός	φύλαξ	\vs{47}Ζῇ Κύριος, καὶ εὐλογητὸς ὁ φύλαξ μου, καὶ ὑψωθήσεται ὁ Θεός μου ὁ φύλαξ τῆς σωτηρίας μου.
10549	ΒΑΣΙΛΕΙΩΝ Β 22:49	με ἐξ	2	consecutive enclitics	ἐξάγων	ἐχθρῶν	\vs{49}καὶ ἐξάγων με ἐξ ἐχθρῶν μου· καὶ ἐκ τῶν ἐπεγειρομένων μοι ὑψώσεις με, ἐξ ἀνδρὸς ἀδικημάτων ῥύσῃ με.
10549	ΒΑΣΙΛΕΙΩΝ Β 22:49	με ἐξ	2	consecutive enclitics	ὑψώσεις	ἀνδρὸς	\vs{49}καὶ ἐξάγων με ἐξ ἐχθρῶν μου· καὶ ἐκ τῶν ἐπεγειρομένων μοι ὑψώσεις με, ἐξ ἀνδρὸς ἀδικημάτων ῥύσῃ με.
10560	ΒΑΣΙΛΕΙΩΝ Β 23:4	ὡς ἐξ	2	consecutive enclitics	καὶ	ὑετοῦ	\vs{4}Καὶ ἐν φωτὶ Θεοῦ πρωΐας, ἀνατείλαι ἥλιος τοπρωῒ, οὗ Κύριος παρῆλθεν ἐκ φέγγους, καὶ ὡς ἐξ ὑετοῦ χλόης ἀπὸ γῆς.
10608	ΒΑΣΙΛΕΙΩΝ Β 24:3	μου ὁ	2	consecutive enclitics	κύριός	βασιλεὺς	\vs{3}Καὶ εἶπεν Ἰωὰβ πρὸς τὸν βασιλέα, καὶ προσθείη Κύριος ὁ Θεὸς πρὸς τὸν λαὸν ὥσπερ αὐτοὺς καὶ ὥσπερ αὐτοὺς ἑκατονταπλασίονα, καὶ ὀφθαλμοὶ τοῦ κυρίου μου τοῦ βασιλέως ὁρῶντες· καὶ ὁ κύριός μου ὁ βασιλεὺς ἱνατί βούλεται ἐν τῷ λόγῳ τούτῳ;
10627	ΒΑΣΙΛΕΙΩΝ Β 24:17	σου ἐν	2	consecutive enclitics	χείρ	ἐμοὶ	\vs{17}Καὶ εἶπε Δαυὶδ πρὸς Κύριον, ἐν τῷ ἰδεῖν αὐτὸν τὸν ἄγγελον τὸν τύπτοντα ἐν τῷ λαῷ, καὶ εἶπεν, ἰδοὺ, ἐγώ εἰμι ἠδίκησα· καὶ οὗτοι τὰ πρόβατα τί ἐποίησαν; γενέσθω δὴ ἡ χείρ σου ἐν ἐμοὶ, καὶ ἐν τῷ οἴκῳ τοῦ πατρός μου.
10632	ΒΑΣΙΛΕΙΩΝ Β 24:21	μου ὁ	2	consecutive enclitics	κύριός	βασιλεὺς	\vs{21}Καὶ εἶπεν Ὀρνὰ, τί ὅτι ἦλθεν ὁ κύριός μου ὁ βασιλεὺς πρὸς τὸν δοῦλον αὐτοῦ; καὶ εἶπε Δαυὶδ, κτήσασθαι παρὰ σοῦ τὸν ἅλωνα τοῦ οἰκοδομῆσαι θυσιαστήριον τῷ Κυρίῳ, καὶ συσχεθῇ ἡ θραῦσις ἐπάνω τοῦ λαοῦ.
10633	ΒΑΣΙΛΕΙΩΝ Β 24:22	μου ὁ	2	consecutive enclitics	κύριός	βασιλεὺς	\vs{22}Καὶ εἶπεν Ὀρνὰ πρὸς Δαυὶδ, λαβέτω καὶ ἀνενεγκάτω ὁ κύριός μου ὁ βασιλεὺς τῷ Κυρίῳ τὸ ἀγαθὸν ἐν ὀφθαλμοῖς αὐτοῦ· ἰδοὺ οἱ βόες εἰς ὁλοκαύτωμα, καὶ οἱ τροχοὶ καὶ τὰ σκεύη τῶν βοῶν εἰς ξύλα.
10644	ΒΑΣΙΛΕΙΩΝ Γ 1:2	μου ὁ	2	consecutive enclitics	κύριός	βασιλεύς	\vs{2}Καὶ εἶπον οἱ παῖδες αὐτοῦ, ζητησάτωσαν τῷ βασιλεῖ παρθένον νεάνιδα, καὶ παραστήσεται τῷ βασιλεῖ, καὶ ἔσται αὐτὸν θάλπουσα, καὶ κοιμηθήσεται μετʼ αὐτοῦ, καὶ θερμανθήσεται ὁ κύριός μου ὁ βασιλεύς.
10664	ΒΑΣΙΛΕΙΩΝ Γ 1:19	σου οὐκ	2	consecutive enclitics	δοῦλόν	ἐκάλεσε	\vs{19}Καὶ ἐθυσίασε μόσχους καὶ ἄρνας καὶ πρόβατα εἰς πλῆθος, καὶ ἐκάλεσε πάντας τοὺς υἱοὺς τοῦ βασιλέως, καὶ Ἀβιάθαρ τὸν ἱερέα, καὶ Ἰωὰβ τὸν ἄρχοντα τῆς δυνάμεως· καὶ τὸν Σαλωμὼν τὸν δοῦλόν σου οὐκ ἐκάλεσε.
10666	ΒΑΣΙΛΕΙΩΝ Γ 1:21	μου ὁ	2	consecutive enclitics	κύριός	βασιλεὺς	\vs{21}Καὶ ἔσται ὡς ἂν κοιμηθῇ ὁ κύριός μου ὁ βασιλεὺς μετὰ τῶν πατέρων αὐτοῦ, καὶ ἔσομαι ἐγὼ καὶ Σαλωμὼν ὁ υἱός μου ἁμαρτωλοί.
10672	ΒΑΣΙΛΕΙΩΝ Γ 1:26	σου οὐκ	2	consecutive enclitics	δοῦλόν	ἐκάλεσεν	\vs{26}Καὶ ἐμὲ αὐτὸν τὸν δοῦλόν σου, καὶ Σαδὼκ τὸν ἱερέα, καὶ Βαναίαν υἱὸν Ἰωδαὲ, καὶ Σαλωμὼν τὸν δοῦλόν σου, οὐκ ἐκάλεσεν.
10676	ΒΑΣΙΛΕΙΩΝ Γ 1:29	μου ἐκ	2	consecutive enclitics	ψυχήν	πάσης	\vs{29}Καὶ ὤμοσεν ὁ βασιλεὺς, καὶ εἶπε, ζῇ Κύριος ὃς ἐλυτρώσατο τὴν ψυχήν μου ἐκ πάσης θλίψεως,
10677	ΒΑΣΙΛΕΙΩΝ Γ 1:30	σοι ἐν	2	consecutive enclitics	ὤμοσά	Κυρίῳ	\vs{30}ὅτι καθὼς ὤμοσά σοι ἐν Κυρίῳ Θεῷ Ἰσραὴλ, λέγων, ὅτι Σαλωμὼν ὁ υἱός σου βασιλεύσει μετʼ ἐμὲ, καὶ αὐτὸς καθήσεται ἐπὶ τοῦ θρόνου μου ἀντʼ ἐμοῦ, ὅτι οὕτω ποιήσω τῇ ἡμέρᾳ ταύτῃ.
10677	ΒΑΣΙΛΕΙΩΝ Γ 1:30	μου ἀντ	2	consecutive enclitics	θρόνου	ἐμοῦ	\vs{30}ὅτι καθὼς ὤμοσά σοι ἐν Κυρίῳ Θεῷ Ἰσραὴλ, λέγων, ὅτι Σαλωμὼν ὁ υἱός σου βασιλεύσει μετʼ ἐμὲ, καὶ αὐτὸς καθήσεται ἐπὶ τοῦ θρόνου μου ἀντʼ ἐμοῦ, ὅτι οὕτω ποιήσω τῇ ἡμέρᾳ ταύτῃ.
10678	ΒΑΣΙΛΕΙΩΝ Γ 1:31	μου ὁ	2	consecutive enclitics	κύριός	βασιλεὺς	\vs{31}Καὶ ἔκυψε Βηρσαβεὲ ἐπὶ πρόσωπον ἐπὶ τὴν γῆν, καὶ προσεκύνησε τῷ βασιλεῖ, καὶ εἶπε, ζήτω ὁ κύριός μου ὁ βασιλεὺς Δαυὶδ εἰς τὸν αἰῶνα.
10702	ΒΑΣΙΛΕΙΩΝ Γ 1:51	εἰ οὐ	2	consecutive enclitics	Σαλωμὼν	θανατώσει	\vs{51}Καὶ ἀνηγγέλη τῷ Σαλωμὼν, λέγοντες, ἰδοὺ Ἀδωνίας ἐφοβήθη τὸν βασιλέα Σαλωμὼν, καὶ κατέχει τῶν κεράτων τοῦ θυσιαστηρίου, λέγων, ὀμοσάτω μοι σήμερον Σαλωμὼν, εἰ οὐ θανατώσει τὸν δοῦλον αὐτοῦ ἐν ῥομφαίᾳ.
10710	ΒΑΣΙΛΕΙΩΝ Γ 2:4	μου ἐν	2	consecutive enclitics	ἐνώπιόν	ἀληθείᾳ	\vs{4}Ἵνα στήσῃ Κύριος τὸν λόγον αὐτοῦ ὃν ἐλάλησε, λέγων, ἐὰν φυλάξωσιν οἱ υἱοί σου τὴν ὁδὸν αὐτῶν πορεύεσθαι ἐνώπιόν μου ἐν ἀληθείᾳ, ἐν ὅλῃ καρδίᾳ αὐτῶν, λέγων, οὐκ ἐξολοθρευθήσεταί σοι ἀνὴρ ἐπάνωθεν θρόνου Ἰσραήλ.
10713	ΒΑΣΙΛΕΙΩΝ Γ 2:7	μοι ἐν	2	consecutive enclitics	ἤγγισάν	τῷ	\vs{7}Καὶ τοῖς υἱοῖς Βερζελλὶ τοῦ Γαλααδίτου ποιήσεις ἔλεος, καὶ ἔσονται ἐν τοῖς ἐσθίουσιν τὴν τράπεζάν σου· ὅτι οὕτως ἤγγισάν μοι ἐν τῷ με ἀποδιδράσκειν ἀπὸ προσώπου Ἀβεσσαλὼμ τοῦ ἀδελφοῦ σου.
10714	ΒΑΣΙΛΕΙΩΝ Γ 2:8	μου εἰς	2	consecutive enclitics	ἀπαντήν	τὸν	\vs{8}Καὶ ἰδοὺ μετὰ σοῦ Σεμεῒ υἱὸς Γηρὰ υἱὸς τοῦ Ἰεμινὶ ἐκ Βαουρὶμ, καὶ αὐτὸς κατηράσατό με κατάραν ὀδυνηρὰν τῇ ἡμέρᾳ ᾗ ἐπορευόμην εἰς παρεμβολάς· καὶ αὐτὸς κατέβη εἰς ἀπαντήν μου εἰς τὸν Ἰορδάνην, καὶ ὤμοσα αὐτῷ ἐν Κυρίῳ, λέγων, εἰ θανατώσω σε ἐν ῥομφαίᾳ.
10714	ΒΑΣΙΛΕΙΩΝ Γ 2:8	σε ἐν	2	consecutive enclitics	θανατώσω	ῥομφαίᾳ	\vs{8}Καὶ ἰδοὺ μετὰ σοῦ Σεμεῒ υἱὸς Γηρὰ υἱὸς τοῦ Ἰεμινὶ ἐκ Βαουρὶμ, καὶ αὐτὸς κατηράσατό με κατάραν ὀδυνηρὰν τῇ ἡμέρᾳ ᾗ ἐπορευόμην εἰς παρεμβολάς· καὶ αὐτὸς κατέβη εἰς ἀπαντήν μου εἰς τὸν Ἰορδάνην, καὶ ὤμοσα αὐτῷ ἐν Κυρίῳ, λέγων, εἰ θανατώσω σε ἐν ῥομφαίᾳ.
10730	ΒΑΣΙΛΕΙΩΝ Γ 2:21	σου εἰς	2	consecutive enclitics	ἀδελφῷ	γυναῖκα	\vs{21}Καὶ εἶπε, δοθήτω δὴ Ἀβισὰ ἡ Σωμανίτις τῷ Αδωνίᾳ τῷ ἀδελφῷ σου εἰς γυναῖκα.
10731	ΒΑΣΙΛΕΙΩΝ Γ 2:22	μου ὁ	2	consecutive enclitics	ἀδελφός	μέγας	\vs{22}Καὶ ἀπεκρίθη ὁ βασιλεὺς Σαλωμὼν, καὶ εἶπε τῇ μητρὶ αὐτοῦ, καὶ ἱνατί σὺ ᾔτησαι τὴν Ἀβισὰγ τῷ Ἀδωνίᾳ; καὶ αἴτησαι αὐτῷ τὴν βασιλείαν, ὅτι οὗτος ἀδελφός μου ὁ μέγας ὑπὲρ ἐμέ, καὶ αὐτῷ Ἀβιάθαρ ὁ ἱερεὺς, καὶ αὐτῷ Ἰωὰβ ὁ υἱὸς Σαρουίας ἀρχιστράτηγος ἑταῖρος.
10732	ΒΑΣΙΛΕΙΩΝ Γ 2:23	μοι ὁ	2	consecutive enclitics	ποιήσαι	Θεὸς	\vs{23}Καὶ ὤμοσεν ὁ βασιλεὺς Σαλωμὼν κατὰ τοῦ Κυρίου, λέγων, τάδε ποιήσαι μοι ὁ Θεὸς καὶ τάδε προσθείη, ὅτι κατὰ τῆς ψυχῆς αὐτοῦ ἐλάλησεν Ἀδωνίας τὸν λόγον τοῦτον.
10749	ΒΑΣΙΛΕΙΩΝ Γ 2:35a	ὡς ἡ	2	consecutive enclitics	καρδίας	ἄμμος	\vs{35a}καὶ ἔδωκε Κύριος φρόνησιν τῷ Σαλωμὼν, καὶ σοφίαν πολλὴν σφόδρα, καὶ πλάτος καρδίας, ὡς ἡ ἄμμος ἡ παρὰ τὴν θάλασσαν.
10771	ΒΑΣΙΛΕΙΩΝ Γ 2:39	σου ἐν	2	consecutive enclitics	δοῦλοί	Γέθ	\vs{39}Καὶ ἐγενήθη μετὰ τὰ τρία ἔτη, καὶ ἀπέδρασαν δύο δοῦλοι τοῦ Σεμεῒ πρὸς Ἀγχοὺς υἱὸν Μααχὰ βασιλέα Γέθ· καὶ ἀπηγγέλη τῷ Σεμεῒ, λέγοντες, ἰδοὺ οἱ δοῦλοί σου ἐν Γέθ.
10777	ΒΑΣΙΛΕΙΩΝ Γ 2:44	σου εἰς	2	consecutive enclitics	κακίαν	κεφαλήν	\vs{44}Καὶ εἶπεν ὁ βασιλεὺς πρὸς Σεμεῒ, σὺ οἶδας πᾶσαν τὴν κακίαν σου ἣν οἶδεν ἡ καρδία σου, ἃ ἐποίησας Δαυὶδ τῷ πατρί μου, καὶ ἀνταπέδωκε Κύριος τὴν κακίαν σου εἰς κεφαλήν σου.
10781	ΒΑΣΙΛΕΙΩΝ Γ 2:46a	ὡς ἡ	2	consecutive enclitics	σφόδρα	ἄμμος	\vs{46a}Καὶ ἦν ὁ βασιλεὺς Σαλωμὼν φρόνιμος σφόδρα καὶ σοφός· καὶ Ἰούδα καὶ Ἰσραὴλ πολλοὶ σφόδρα, ὡς ἡ ἄμμος ἡ ἐπὶ τῆς θαλάσσης εἰς πλῆθος, ἐσθίοντες καὶ πίνοντες καὶ χαίροντες·
10801	ΒΑΣΙΛΕΙΩΝ Γ 3:6	σου ἐν	2	consecutive enclitics	ἐνώπιόν	ἀληθείᾳ	\vs{6}Καὶ εἶπε Σαλωμὼν, σὺ ἐποιήσας μετὰ τοῦ δούλου σου Δαυὶδ τοῦ πατρός μου ἔλεος μέγα, καθὼς διῆλθεν ἐνώπιόν σου ἐν ἀληθείᾳ καὶ ἐν δικαιοσύνῃ, καὶ ἐν εὐθύτητι καρδίας μετὰ σοῦ, καὶ ἐφύλαξας αὐτῷ τὸ ἔλεος τὸ μέγα τοῦτο, δοῦναι τὸν υἱὸν αὐτοῦ ἐπὶ τοῦ θρόνου αὐτοῦ, ὡς ἡ ἡμέρα αὕτη.
10801	ΒΑΣΙΛΕΙΩΝ Γ 3:6	ὡς ἡ	2	consecutive enclitics	αὐτοῦ	ἡμέρα	\vs{6}Καὶ εἶπε Σαλωμὼν, σὺ ἐποιήσας μετὰ τοῦ δούλου σου Δαυὶδ τοῦ πατρός μου ἔλεος μέγα, καθὼς διῆλθεν ἐνώπιόν σου ἐν ἀληθείᾳ καὶ ἐν δικαιοσύνῃ, καὶ ἐν εὐθύτητι καρδίας μετὰ σοῦ, καὶ ἐφύλαξας αὐτῷ τὸ ἔλεος τὸ μέγα τοῦτο, δοῦναι τὸν υἱὸν αὐτοῦ ἐπὶ τοῦ θρόνου αὐτοῦ, ὡς ἡ ἡμέρα αὕτη.
10803	ΒΑΣΙΛΕΙΩΝ Γ 3:8	σου ἐν	2	consecutive enclitics	δοῦλός	μέσῳ	\vs{8}Ὁ δὲ δοῦλός σου ἐν μέσῳ τοῦ λαοῦ σου, ὃν ἐξελέξω, λαὸν πολὺν, ὃς οὐκ ἀριθμηθήσεται.
10804	ΒΑΣΙΛΕΙΩΝ Γ 3:9	σου ἐν	2	consecutive enclitics	λαόν	δικαιοσύνῃ	\vs{9}Καὶ δώσεις τῷ δούλῳ σου καρδίαν ἀκούειν καὶ διακρίνειν τὸν λαόν σου ἐν δικαιοσύνῃ, καὶ τοῦ συνιεῖν ἀναμέσον ἀγαθοῦ καὶ κακοῦ· ὅτι τίς δυνηθήσεται κρίνειν τὸν λαόν σου τὸν βαρὺν τοῦτον;
10807	ΒΑΣΙΛΕΙΩΝ Γ 3:11	σου ἀλλ	2	consecutive enclitics	ἐχθρῶν	ᾐτήσω	\vs{11}Καὶ εἶπε Κύριος πρὸς αὐτὸν, ἀνθʼ ὧν ᾐτήσω παρʼ ἐμοῦ τὸ ῥῆμα τοῦτο, καὶ οὐκ ᾐτήσω σεαυτῷ ἡμέρας πολλὰς, καὶ οὐκ ᾐτήσω πλοῦτον, οὐδὲ ᾐτήσω ψυχὰς ἐχθρῶν σου, ἀλλʼ ᾐτήσω σεαυτῷ τοῦ συνιεῖν τοῦ εἰσακούειν κρίμα,
10809	ΒΑΣΙΛΕΙΩΝ Γ 3:13	ὡς οὐ	2	consecutive enclitics	δόξαν	γέγονεν	\vs{13}Καὶ ἃ οὐκ ᾐτήσω δέδωκά σοι, καὶ πλοῦτον καὶ δόξαν, ὡς οὐ γέγονεν ἀνὴρ ὅμοιός σοι ἐν βασιλεῦσι.
10809	ΒΑΣΙΛΕΙΩΝ Γ 3:13	σοι ἐν	2	consecutive enclitics	ὅμοιός	βασιλεῦσι	\vs{13}Καὶ ἃ οὐκ ᾐτήσω δέδωκά σοι, καὶ πλοῦτον καὶ δόξαν, ὡς οὐ γέγονεν ἀνὴρ ὅμοιός σοι ἐν βασιλεῦσι.
10810	ΒΑΣΙΛΕΙΩΝ Γ 3:14	μου ὡς	2	consecutive enclitics	προστάγματά	ἐπορεύθη	\vs{14}Καὶ ἐὰν πορευθῇς ἐν τῇ ὁδῷ μου φυλάσσειν τὰς ἐντολάς μου καὶ τὰ προστάγματά μου, ὡς ἐπορεύθη Δαυὶδ ὁ πατήρ σου, καὶ πληθυνῶ τὰς ἡμέρας σου.
10817	ΒΑΣΙΛΕΙΩΝ Γ 3:20	μου ἐκ	2	consecutive enclitics	υἱόν	τῶν	\vs{20}Καὶ ἀνέστη μέσης τῆς νυκτὸς, καὶ ἔλαβε τὸν υἱόν μου ἐκ τῶν ἀγκαλῶν μου, καὶ ἐκοίμισεν αὐτὸν ἐν τῷ κόλπῳ αὐτῆς, καὶ τὸν υἱὸν αὐτῆς τὸν τεθνηκότα ἐκοίμισεν ἐν τῷ κόλπῳ μου.
10819	ΒΑΣΙΛΕΙΩΝ Γ 3:22	μου ὁ	2	consecutive enclitics	υἱός	ζῶν	\vs{22}Καὶ εἶπεν ἡ γυνὴ ἡ ἑτέρα, οὐχί, ἀλλὰ ὁ υἱός μου ὁ ζῶν, ὁ δὲ υἱός σου ὁ τεθνηκώς· καὶ ἐλάλησαν ἐνώπιον τοῦ βασιλέως.
10819	ΒΑΣΙΛΕΙΩΝ Γ 3:22	σου ὁ	2	consecutive enclitics	υἱός	τεθνηκώς	\vs{22}Καὶ εἶπεν ἡ γυνὴ ἡ ἑτέρα, οὐχί, ἀλλὰ ὁ υἱός μου ὁ ζῶν, ὁ δὲ υἱός σου ὁ τεθνηκώς· καὶ ἐλάλησαν ἐνώπιον τοῦ βασιλέως.
10821	ΒΑΣΙΛΕΙΩΝ Γ 3:23	μου ὁ	2	consecutive enclitics	υἱός	ζῶν	\vs{23}Καὶ εἶπεν ὁ βασιλεὺς αὐταῖς, σὺ λέγεις, οὗτος ὁ υἱός μου ὁ ζῶν, καὶ ὁ υἱὸς ταύτης ὁ τεθνηκώς· καὶ σὺ λέγεις, οὐχί, ἀλλὰ ὁ υἱός μου ὁ ζῶν, καὶ ὁ υἱός σου ὁ τεθνηκώς.
10821	ΒΑΣΙΛΕΙΩΝ Γ 3:23	μου ὁ	2	consecutive enclitics	υἱός	ζῶν	\vs{23}Καὶ εἶπεν ὁ βασιλεὺς αὐταῖς, σὺ λέγεις, οὗτος ὁ υἱός μου ὁ ζῶν, καὶ ὁ υἱὸς ταύτης ὁ τεθνηκώς· καὶ σὺ λέγεις, οὐχί, ἀλλὰ ὁ υἱός μου ὁ ζῶν, καὶ ὁ υἱός σου ὁ τεθνηκώς.
10821	ΒΑΣΙΛΕΙΩΝ Γ 3:23	σου ὁ	2	consecutive enclitics	υἱός	τεθνηκώς	\vs{23}Καὶ εἶπεν ὁ βασιλεὺς αὐταῖς, σὺ λέγεις, οὗτος ὁ υἱός μου ὁ ζῶν, καὶ ὁ υἱὸς ταύτης ὁ τεθνηκώς· καὶ σὺ λέγεις, οὐχί, ἀλλὰ ὁ υἱός μου ὁ ζῶν, καὶ ὁ υἱός σου ὁ τεθνηκώς.
10856	ΒΑΣΙΛΕΙΩΝ Γ 5:9	ὡς ἡ	2	consecutive enclitics	καρδίας	ἄμμος	\vs{9}Καὶ ἔδωκε Κύριος φρόνησιν τῷ Σαλωμὼν καὶ σοφίαν πολλὴν σφόδρα καὶ χύμα καρδίας, ὡς ἡ ἄμμος ἡ παρὰ τὴν θάλασσαν.
11009	ΒΑΣΙΛΕΙΩΝ Γ 8:18	μου ἀνθ	2	consecutive enclitics	πατέρα	ὧν	\vs{18}Καὶ εἶπε Κύριος πρὸς Δαυὶδ τὸν πατέρα μου, ἀνθʼ ὧν ἦλθεν ἐπὶ τὴν καρδίαν σου τοῦ οἰκοδομῆσαι οἶκον τῷ ὀνόματί μου, καλῶς ἐποίησας ὅτι ἐγενήθη ἐπὶ τὴν καρδίαν σου.
11010	ΒΑΣΙΛΕΙΩΝ Γ 8:19	σου ὁ	2	consecutive enclitics	υἱός	ἐξελθὼν	\vs{19}Πλὴν σὺ οὐκ οἰκοδομήσεις τὸν οἶκον, ἀλλʼ ἢ ὁ υἱός σου ὁ ἐξελθὼν ἐκ τῶν πλευρῶν σου, οὗτος οἰκοδομήσει τὸν οἶκον τῷ ὀνόματί μου.
11015	ΒΑΣΙΛΕΙΩΝ Γ 8:23	σου ἐν	2	consecutive enclitics	ἐνώπιόν	ὅλῃ	\vs{23}καὶ εἶπε, Κύριε ὁ Θεὸς Ἰσραὴλ, οὐκ ἔστιν ὡς σὺ Θεὸς ἐν τῷ οὐρανῷ ἄνω καὶ ἐπὶ τῆς γῆς κάτω, φυλάσσων διαθήκην καὶ ἔλεος τῷ δούλῳ σου τῷ πορευομένῳ ἐνώπιόν σου ἐν ὅλῃ τῇ καρδίᾳ αὐτοῦ,
11016	ΒΑΣΙΛΕΙΩΝ Γ 8:24	ὡς ἡ	2	consecutive enclitics	ἐπλήρωσας	ἡμέρα	\vs{24}ἃ ἐφύλαξας τῷ δούλῳ σου Δαυὶδ τῷ πατρί μου· καὶ γὰρ ἐλάλησας ἐν τῷ στόματί σου, καὶ ἐν χερσί σου ἐπλήρωσας, ὡς ἡ ἡμέρα αὕτη.
11020	ΒΑΣΙΛΕΙΩΝ Γ 8:27	εἰ ὁ	2	consecutive enclitics	γῆς	οὐρανὸς	\vs{27}Ὅτι εἰ ἀληθῶς κατοικήσει ὁ Θεὸς μετὰ ἀνθρώπων ἐπὶ τῆς γῆς; εἰ ὁ οὐρανὸς καὶ ὁ οὐρανὸς τοῦ οὐρανοῦ οὐκ ἀρκέσουσί σοι, πλὴν καὶ ὁ οἶκος οὗτος ὃν ᾠκοδόμησα τῷ ὀνόματί σου;
11022	ΒΑΣΙΛΕΙΩΝ Γ 8:29	σου εἰς	2	consecutive enclitics	δοῦλός	τὸν	\vs{29}τοῦ εἶναι τοὺς ὀφθαλμούς σου ἠνεῳγμένους εἰς τὸν οἶκον τοῦτον ἡμέρας καὶ νυκτὸς, εἰς τὸν τόπον ὃν εἶπας, ἔσται τὸ ὄνομά μου ἐκεῖ, τοῦ εἰσακούειν τῆς προσευχῆς ἧς προσεύχεται ὁ δοῦλός σου εἰς τὸν τόπον τοῦτον ἡμέρας καὶ νυκτός.
11023	ΒΑΣΙΛΕΙΩΝ Γ 8:30	σου ἐν	2	consecutive enclitics	κατοικήσεώς	οὐρανῷ	\vs{30}Καὶ εἰσακούσῃ τῆς δεήσεως τοῦ δούλου σου καὶ τοῦ· λαοῦ σου Ἰσραὴλ ἃ ἂν προσεύξωνται εἰς τὸν τόπον τοῦτον· καὶ σὺ εἰσακούσῃ ἐν τῷ τόπῳ τῆς κατοικήσεώς σου ἐν οὐρανῷ· καὶ ποιήσεις καὶ ἵλεως ἔσῃ.
11025	ΒΑΣΙΛΕΙΩΝ Γ 8:31	σου ἐν	2	consecutive enclitics	θυσιαστηρίου	τῷ	\vs{31}Ὅσα ἂν ἁμάρτῃ ἕκαστος τῷ πλησίον αὐτοῦ, καὶ ἐὰν λάβῃ ἐπʼ αὐτὸν ἀρὰν τοῦ ἀράσασθαι αὐτὸν, καὶ ἔλθῃ καὶ ἐξαγορεύσῃ κατὰ πρόσωπον τοῦ θυσιαστηρίου σου ἐν τῷ οἴκῳ τούτῳ,
11041	ΒΑΣΙΛΕΙΩΝ Γ 8:43	σε ὁ	2	consecutive enclitics	ἐπικαλέσηταί	ἀλλότριος	\vs{43}καὶ σὺ εἰσακούσῃ ἐκ τοῦ οὐρανοῦ ἐξ ἑτοίμου κατοικητηρίου σου, καὶ ποιήσεις κατὰ πάντα ὅσα ἂν ἐπικαλέσηταί σε ὁ ἀλλότριος, ὅπως γνῶσι πάντες οἱ λαοὶ τὸ ὄνομά σου, καὶ φοβῶνταί σε, καθὼς ὁ λαός σου Ἰσραὴλ, καὶ γνῶσιν ὅτι τὸ ὄνομά σου ἐπικέκληται ἐπὶ τὸν οἶκον τοῦτον ὃν ᾠκοδόμησα.
11043	ΒΑΣΙΛΕΙΩΝ Γ 8:44	σου εἰς	2	consecutive enclitics	λαός	πόλεμον	\vs{44}Ὅτι ἐξελεύσεται ὁ λαός σου εἰς πόλεμον ἐπὶ τοὺς ἐχθροὺς αὐτοῦ ἐν ὁδῷ ᾗ ἐπιστρέψεις αὐτοὺς, καὶ προσεύξονται ἐν ὀνόματι Κυρίου ὁδὸν τῆς πόλεως ἧς ἑξελέξω ἐν αὐτῇ, καὶ τοῦ οἴκου οὗ ᾠκοδόμησα τῷ ὀνόματί σου,
11065	ΒΑΣΙΛΕΙΩΝ Γ 8:61	ὡς ἡ	2	consecutive enclitics	αὐτοῦ	ἡμέρα	\vs{61}Καὶ ἔστωσαν αἱ καρδίαι ἡμῶν τέλειαι πρὸς Κύριον Θεὸν ἡμῶν, καὶ ὁσίως πορεύεσθαι ἐν τοῖς προστάγμασιν αὐτοῦ, καὶ φυλάσσειν ἐντολὰς αὐτοῦ, ὡς ἡ ἡμέρα αὕτη.
11079	ΒΑΣΙΛΕΙΩΝ Γ 9:4	σου ἐν	2	consecutive enclitics	πατήρ	ὁσιότητι	\vs{4}Καὶ σὺ ἐὰν πορευθῇς ἐνώπιον ἐμοῦ, καθὼς ἐπορεύθη Δαυὶδ ὁ πατήρ σου, ἐν ὁσιότητι καρδίας καὶ ἐν εὐθύτητι, καὶ τοῦ ποιεῖν κατὰ πάντα ἃ ἐνετειλάμην αὐτῷ, καὶ τὰ προστάγματά μου καὶ τὰς ἐντολάς μου φυλάξῃς,
11080	ΒΑΣΙΛΕΙΩΝ Γ 9:5	σου ἐν	2	consecutive enclitics	βασιλείας	Ἰσραὴλ	\vs{5}καὶ ἀναστήσω τὸν θρόνον τῆς βασιλείας σου ἐν Ἰσραὴλ εἰς τὸν αἰῶνα, καθὼς ἐλάλησα Δαυὶδ πατρί σου, λέγων, οὐκ ἐξαρθήσεταί σοι ἀνὴρ ἡγούμενος ἐν Ἰσραήλ.
11151	ΒΑΣΙΛΕΙΩΝ Γ 11:11	σου ἐκ	2	consecutive enclitics	βασιλείαν	χειρός	\vs{11}Καὶ εἶπε Κύριος πρὸς Σαλωμὼν, ἀνθʼ ὧν ἐγένετο ταῦτα μετὰ σοῦ, καὶ οὐκ ἐφύλαξας τὰς ἐντολάς μου καὶ τὰ προστάγματά μου ἃ ἐνετειλάμην σοι, διαῤῥήσσων διαῤῥήξω τὴν βασιλείαν σου ἐκ χειρός σου, καὶ δώσω αὐτὴν τῷ δούλῳ σου.
11152	ΒΑΣΙΛΕΙΩΝ Γ 11:12	σου οὐ	2	consecutive enclitics	ἡμέραις	ποιήσω	\vs{12}Πλὴν ἐν ταῖς ἡμέραις σου οὐ ποιήσω αὐτὰ διὰ Δαυὶδ τὸν πατέρα σου· ἐκ χειρὸς υἱοῦ σου λήψομαι αὐτήν.
11152	ΒΑΣΙΛΕΙΩΝ Γ 11:12	σου ἐκ	2	consecutive enclitics	πατέρα	χειρὸς	\vs{12}Πλὴν ἐν ταῖς ἡμέραις σου οὐ ποιήσω αὐτὰ διὰ Δαυὶδ τὸν πατέρα σου· ἐκ χειρὸς υἱοῦ σου λήψομαι αὐτήν.
11195	ΒΑΣΙΛΕΙΩΝ Γ 12:7	εἰ ἐν	2	consecutive enclitics	λέγοντες	τῇ	\vs{7}Καὶ ἐλάλησαν πρὸς αὐτὸν, λέγοντες, εἰ ἐν τῇ ἡμέρᾳ ταύτῃ ἔσῃ δοῦλος τῷ λαῷ τούτῳ, καὶ δουλεύσεις αὐτοῖς, καὶ λαλήσεις πρὸς αὐτοὺς λόγους ἀγαθοὺς, καὶ ἔσονταί σοι δοῦλοι πάσας τὰς ἡμέρας.
11198	ΒΑΣΙΛΕΙΩΝ Γ 12:9	σου ἐφ	2	consecutive enclitics	πατήρ	ἡμᾶς	\vs{9}Καὶ εἶπεν αὐτοῖς, τί ὑμεῖς συμβουλεύετε; καὶ τί ἀποκριθῶ τῷ λαῷ τούτῳ τοῖς λέγουσι πρὸς μὲ, λεγόντων, κούφισον ἀπὸ τοῦ κλοιοῦ οὗ ἔδωκεν ὁ πατήρ σου ἐφʼ ἡμᾶς;
11235	ΒΑΣΙΛΕΙΩΝ Γ 12:24l	σοι εἰς	2	consecutive enclitics	ἐξελεύσονταί	συνάντησιν	\vs{24l}καὶ εἰσῆλθεν Ἀνὼ πρὸς τὸν ἄνθρωπον τοῦ Θεοῦ, καὶ εἴπεν αὐτῇ Ἀχιὰ, ἱνατί ἐνήνοχάς μοι ἄρτους, καὶ σταφυλὴν, καὶ κολλύρια, καὶ στάμνον μέλιτος; τάδε λέγει Κύριος, ἰδοὺ σὺ ἀπελεύσῃ ἀπʼ ἐμοῦ, καὶ ἔσται εἰσελθούσης σου τὴν πόλιν εἰς Σαριρὰ, καὶ τὰ κοράσιά σου ἐξελεύσονταί σοι εἰς συνάντησιν, καὶ ἐροῦσί σοι, τὸ παιδάριον τέθνηκεν·
11244	ΒΑΣΙΛΕΙΩΝ Γ 12:24r	μου ὁ	2	consecutive enclitics	πατρός	πατήρ	\vs{24r}Καὶ διεσκέδασε Ῥοβοὰμ τὴν βουλὴν αὐτῶν, καὶ οὐκ ἤρεσεν ἐνώπιον αὐτοῦ· καὶ ἀπέστειλε, καὶ εἰσήγαγε τοὺς συντρόφους αὐτοῦ, καὶ ἐλάλησεν αὐτοῖς, ταῦτα καὶ ταῦτα ἀπέσταλκεν ὁ λαὸς πρὸς μὲ, λέγων· καὶ εἶπαν οἱ σύντροφοι αὐτοῦ, οὕτως λαλήσεις πρὸς τὸν λαὸν, λέγων, ἡ μικρότης μου παχυτέρα ὑπὲρ τὴν ὀσφῦν τοῦ πατρός μου· ὁ πατήρ μου ἐμαστίγου ὑμᾶς μάστιξιν, ἐγὼ δὲ κατάρξω ὑμᾶς ἐν σκορπίοις.
11247	ΒΑΣΙΛΕΙΩΝ Γ 12:24t	οὐκ εἰς	2	consecutive enclitics	οὗτος	ἄρχοντα	\vs{24t}καὶ εἶπε πᾶς ὁ λαὸς ὡς ἀνὴρ εἷς ἕκαστος τῷ πλησίον αὐτοῦ, καὶ ἀνέκραξαν ἅπαντες, λέγοντες, οὐ μερὶς ἡμῖν ἐν Δαυὶδ, οὐδὲ κληρονομία ἐν υἱῷ Ἰεσσαί· ἕκαστος εἰς τὰ σκηνώματά σου Ἰσραὴλ, ὅτι ὁ ἄνθρωπος οὗτος οὐκ εἰς ἄρχοντα οὐδὲ εἰς ἡγούμενον·
11256	ΒΑΣΙΛΕΙΩΝ Γ 12:28	σε ἐκ	2	consecutive enclitics	ἀναγαγόντες	γῆς	\vs{28}Καὶ ἐβουλεύσατο ὁ βασιλεὺς, καὶ ἐπορεύθη, καὶ ἐποίησε δύο δαμάλεις χρυσᾶς, καὶ εἶπε πρὸς τὸν λαὸν, ἱκανούσθω ὑμῖν ἀναβαίνειν εἰς Ἱερουσαλήμ· ἰδοὺ θεοί σου Ἰσραὴλ οἱ ἀναγαγόντες σε ἐκ γῆς Αἰγύπτου.
11259	ΒΑΣΙΛΕΙΩΝ Γ 12:31	τι ἐκ	2	consecutive enclitics	μέρος	τοῦ	\vs{31}Καὶ ἐποίησεν οἴκους ἐφʼ ὑψηλῶν, καὶ ἐποίησεν ἱερεῖς μέρος τι ἐκ τοῦ λαοῦ, οἳ οὐκ ἦσαν ἐκ τῶν υἱῶν Λευί.
11267	ΒΑΣΙΛΕΙΩΝ Γ 13:3	ἡ ἐπ	2	consecutive enclitics	πιότης	αὐτῷ	\vs{3}Καὶ δώσει ἐν τῇ ἡμέρᾳ ἐκείνῃ τέρας, λέγων, τοῦτο τὸ ῥῆμα ὃ ἐλάλησε Κύριος, λέγων, ἰδοὺ τὸ θυσιαστήριον ῥήγνυται, καὶ ἐκχυθήσεται ἡ πιότης ἡ ἐπʼ αὐτῷ.
11274	ΒΑΣΙΛΕΙΩΝ Γ 13:8	σου οὐκ	2	consecutive enclitics	οἴκου	εἰσελεύσομαι	\vs{8}Καὶ εἶπεν ὁ ἄνθρωπος τοῦ Θεοῦ πρὸς τὸν βασιλέα, ἐὰν δῷς μοι τὸ ἥμισυ τοῦ οἴκου σου, οὐκ εἰσελεύσομαι μετὰ σοῦ, οὐδὲ μὴ φάγω ἄρτον, οὐδὲ μὴ πίω ὕδωρ ἐν τῷ τόπῳ τούτῳ·
11284	ΒΑΣΙΛΕΙΩΝ Γ 13:17	μοι ἐν	2	consecutive enclitics	ἐντέταλταί	λόγῳ	\vs{17}Ὅτι οὕτως ἐντέταλταί μοι ἐν λόγῳ Κύριος, λέγων, μὴ φάγῃς ἄρτον ἐκεῖ καὶ μὴ πίῃς ὕδωρ καὶ μὴ ἐπιστρέψῃς ἐκεῖ ἐν τῇ ὁδῷ ᾗ ἐπορεύθης ἐν αὐτῇ.
11291	ΒΑΣΙΛΕΙΩΝ Γ 13:22	σου εἰς	2	consecutive enclitics	σῶμά	τὸν	\vs{22}καὶ ἐπέστρεψας, καὶ ἔφαγες ἄρτον καὶ ἔπιες ὕδωρ ἐν τῷ τόπῳ τούτῳ ᾧ ἐλάλησε πρὸς σὲ, λέγων, οὐ μὴ φάγῃς ἄρτον καὶ μὴ πίῃς ὕδωρ, οὐ μὴ εἰσέλθῃ τὸ σῶμά σου εἰς τὸν τάφον τῶν πατέρων σου.
11301	ΒΑΣΙΛΕΙΩΝ Γ 13:31	με ἐν	2	consecutive enclitics	θάψατέ	τῷ	\vs{31}Καὶ ἐγένετο μετὰ τὸ κόψασθαι αὐτὸν, καὶ εἶπε τοῖς υἱοῖς αὐτοῦ, λέγων, ἐὰν ἀποθάνω, θάψατέ με ἐν τῷ τάφῳ τούτῳ οὗ ὁ ἄνθρωπος τοῦ Θεοῦ τέθαπται ἐν αὐτῷ, παρὰ τὰ ὀστᾶ αὐτοῦ θέτε με, ἵνα σωθῶσι τὰ ὀστᾶ μου μετὰ τῶν ὀστῶν αὐτοῦ.
11325	ΒΑΣΙΛΕΙΩΝ Γ 15:3	ὡς ἡ	2	consecutive enclitics	αὐτοῦ	καρδία	\vs{3}Καὶ ἐπορεύθη ἐν ταῖς ἁμαρτίαις τοῦ πατρὸς αὐτοῦ αἷς ἐποίησεν ἐνώπιον αὐτοῦ, καὶ οὐκ ἦν ἡ καρδία αὐτοῦ τελεία μετὰ Κυρίου Θεοῦ αὐτοῦ, ὡς ἡ καρδία τοῦ πατρὸς αὐτοῦ.
11367	ΒΑΣΙΛΕΙΩΝ Γ 16:2	με ἐν	2	consecutive enclitics	παροργίσαι	τοῖς	\vs{2}Ἀνθʼ ὧν ὕψωσά σε ἀπὸ τῆς γῆς, καὶ ἔδωκά σε ἡγούμενον ἐπὶ τὸν λαόν μου Ἰσραήλ, καὶ ἐπορεύθης ἐν τῇ ὁδῷ Ἱεροβοὰμ, καὶ ἐξήμαρτες τὸν λαόν μου τὸν Ἰσραὴλ, τοῦ παροργίσαι με ἐν τοῖς ματαίοις αὐτῶν,
11368	ΒΑΣΙΛΕΙΩΝ Γ 16:3	σου ὡς	2	consecutive enclitics	οἶκόν	τὸν	\vs{3}ἰδοὺ ἐγὼ ἐξεγείρω ὀπίσω Βαασὰ, καὶ ὄπισθεν τοῦ οἴκου αὐτοῦ, καὶ δώσω τὸν οἶκόν σου ὡς τὸν οἶκον Ἱεροβοὰμ υἱοῦ Ναβάτ.
11409	ΒΑΣΙΛΕΙΩΝ Γ 16:28g	μου ἐν	2	consecutive enclitics	παιδάριά	τῇ	\vs{28g}τότε εἶπεν βασιλεὺς Ἰσραὴλ πρὸς Ἰωσαφὰτ, ἐξαποστελῶ τοὺς παῖδάς σου καὶ τὰ παιδάριά μου ἐν τῇ νηΐ· καὶ οὐκ ἐβούλετο Ἰωσαφάτ·
11421	ΒΑΣΙΛΕΙΩΝ Γ 17:1	ὁ ἐκ	2	consecutive enclitics	Θεσβίτης	Θεσβῶν	Καὶ εἶπεν Ἠλιοὺ ὁ προφήτης Θεσβίτης ὁ ἐκ Θεσβῶν τῆς Γαλαὰδ πρὸς Ἀχαὰβ, ζῇ Κύριος ὁ Θεὸς τῶν δυνάμεων ὁ Θεὸς Ἰσραὴλ, ᾧ παρέστην ἐνώπιον αὐτοῦ, εἰ ἔσται τὰ ἔτη ταῦτα δρόσος καὶ ὑετὸς, ὅτι εἰ μὴ διὰ στόματος λόγου μου.
11434	ΒΑΣΙΛΕΙΩΝ Γ 17:12	σου εἰ	2	consecutive enclitics	Θεός	ἔστι	\vs{12}Καὶ εἶπεν ἡ γυνὴ, ζῇ Κύριος ὁ Θεός σου, εἰ ἔστι μοι ἐγκρυφίας, ἀλλʼ ἢ ὅσον δρὰξ ἀλεύρου ἐν τῇ ὑδρίᾳ, καὶ ὀλίγον ἔλαιον ἐν τῷ καψάκῃ· καὶ ἰδοὺ ἐγὼ συλλέξω δύο ξυλάρια, καὶ εἰσελεύσομαι καὶ ποιήσω αὐτὸ ἐμαυτῇ καὶ τοῖς τέκνοις μου, καὶ φαγόμεθα, καὶ ἀποθανούμεθα.
11436	ΒΑΣΙΛΕΙΩΝ Γ 17:13	μοι ἐν	2	consecutive enclitics	ἐξοίσεις	πρώτοις	\vs{13}Καὶ εἶπε πρὸς αὐτὴν Ἠλιοὺ, θάρσει, εἴσελθε καὶ ποίησον κατὰ τὸ ῥῆμά σου· ἀλλὰ ποίησόν μοι ἐκεῖθεν ἐγκρυφίαν μικρὸν, καὶ ἐξοίσεις μοι ἐν πρώτοις, σαυτῇ δὲ καὶ τοῖς τέκνοις σου ποιήσεις ἐπʼ ἐσχάτῳ·
11461	ΒΑΣΙΛΕΙΩΝ Γ 18:9	σου εἰς	2	consecutive enclitics	δοῦλόν	χεῖρα	\vs{9}Καὶ εἶπεν Ἀβδιοὺ, τί ἡμάρτηκα, ὅτι δίδως τὸν δοῦλόν σου εἰς χεῖρα Ἀχαὰβ τοῦ θανατῶσαί με;
11462	ΒΑΣΙΛΕΙΩΝ Γ 18:10	σου εἰ	2	consecutive enclitics	Θεός	ἔστιν	\vs{10}Ζῇ Κύριος ὁ Θεός σου, εἰ ἔστιν ἔθνος ἢ βασιλεία, οὗ οὐκ ἀπέστειλεν ὁ κύριός μου ζητεῖν σε· καὶ εἰ εἶπον, οὐκ ἔστι, καὶ ἐνέπρησε τὴν βασιλείαν καὶ τὰς χώρας αὐτῆς, ὅτι οὐχ εὕρηκέ σε.
11464	ΒΑΣΙΛΕΙΩΝ Γ 18:12	σε εἰς	2	consecutive enclitics	ἀρεῖ	τὴν	\vs{12}Καὶ ἔσται ἐὰν ἐγὼ ἀπέλθω ἀπὸ σοῦ, καὶ πνεῦμα Κυρίου ἀρεῖ σε εἰς τὴν γῆν ἣν οὐκ οἶδα, καὶ εἰσελεύσομαι ἀπαγγεῖλαι τῷ Ἀχαὰβ, καὶ οὐχ εὑρήσει σε, καὶ ἀποκτενεῖ με· καὶ ὁ δοῦλός σου ἐστὶ φοβούμενος τὸν Κύριον ἐκ νεότητος αὐτοῦ.
11471	ΒΑΣΙΛΕΙΩΝ Γ 18:18	σου ἐν	2	consecutive enclitics	πατρός	τῷ	\vs{18}Καὶ εἶπεν Ἠλιοὺ, οὐ διαστρέφω τὸν Ἰσραὴλ, ὅτι ἀλλʼ ἢ σὺ καὶ οἶκος τοῦ πατρός σου, ἐν τῷ καταλιμπάνειν ὑμᾶς τὸν Κύριον Θεὸν ὑμῶν, καὶ ἐπορεύθης ὀπίσω τῶν Βααλίμ.
11485	ΒΑΣΙΛΕΙΩΝ Γ 18:29	ὡς ὁ	2	consecutive enclitics	ἐγένετο	καιρὸς	\vs{29}καὶ προεφήτευον ἕως οὗ παρῆλθε τὸ δειλινόν· καὶ ἐγένετο ὡς ὁ καιρὸς τοὺ ἀναβῆναι τὴν θυσίαν, καὶ ἐλάλησεν Ἠλιοὺ ὁ Θεσβίτης πρὸς τοὺς προφήτας τῶν προσοχθισμάτων, λέγων, μετάστητε ἀπὸ τοῦ νῦν, καὶ ἐγὼ ποιήσω τὸ ὁλοκαύτωμά μου· καὶ μετέστησαν, καὶ ἀπῆλθον.
11504	ΒΑΣΙΛΕΙΩΝ Γ 18:44	σε ὁ	2	consecutive enclitics	καταλάβῃ	ὑετός	\vs{44}Καὶ ἐπέστρεψε τὸ παιδάριον ἑπτάκις· καὶ ἐγένετο ἐν τῷ ἑβδόμῳ, καὶ ἰδοὺ νεφέλη μικρὰ ὡς ἴχνος ἀνδρὸς ἀνάγουσα ὕδωρ· καὶ εἶπεν, ἀνάβηθι, καὶ εἶπον Ἀχαὰβ, ζεῦξον τὸ ἅρμα σου καὶ κατάβηθι, μὴ καταλάβῃ σε ὁ ὑετός.
11510	ΒΑΣΙΛΕΙΩΝ Γ 19:2	μοι ὁ	2	consecutive enclitics	ποιήσαι	θεὸς	\vs{2}Καὶ ἀπέστειλεν Ἰεζάβελ πρὸς Ἠλιοὺ, καὶ εἶπεν, εἰ σὺ εἶ Ἠλιοὺ καὶ ἐγὼ Ἰεζάβελ, τάδε ποιήσαι μοι ὁ θεὸς καὶ τάδε προσθείη, ὅτι ταύτην τὴν ὥραν αὔριον θήσομαι τὴν ψυχήν σου καθὼς ψυχὴν ἑνὸς ἐξ αὐτῶν.
11513	ΒΑΣΙΛΕΙΩΝ Γ 19:4	μου ἀπ	2	consecutive enclitics	ψυχήν	ἐμοῦ	\vs{4}Καὶ αὐτὸς ἐπορεύθη ἐν τῇ ἐρήμῳ ὁδὸν ἡμέρας, καὶ ἦλθε καὶ ἐκάθισεν ὑποκάτω ῥαθμὲν, καὶ ᾐτήσατο τὴν ψυχὴν αὐτοῦ ἀποθανεῖν· καὶ εἶπεν, ἱκανούσθω νῦν, λάβε δὴ τὴν ψυχήν μου ἀπʼ ἐμοῦ Κύριε, ὅτι οὐ κρείσσων ἐγώ εἰμι ὑπὲρ τοὺς πατέρας μου.
11520	ΒΑΣΙΛΕΙΩΝ Γ 19:10	σε οἱ	2	consecutive enclitics	ἐγκατέλιπόν	υἱοὶ	\vs{10}Καὶ εἶπεν Ἠλιοὺ, ζηλῶν ἐζήλωκα τῷ Κυρίῳ παντοκράτορι, ὅτι ἐγκατέλιπόν σε οἱ υἱοὶ Ἰσραήλ· τὰ θυσιαστήριά σου κατέσκαψαν, καὶ τοὺς προφήτας σου ἀπέκτειναν ἐν ῥομφαίᾳ καὶ ὑπολέλειμμαι ἐγὼ μονώτατος, καὶ ζητοῦσι τὴν ψυχήν μου λαβεῖν αὐτήν.
11521	ΒΑΣΙΛΕΙΩΝ Γ 19:11	οὐκ ἐν	2	consecutive enclitics	Κυρίου	τῷ	\vs{11}Καὶ εἶπεν, ἐξελεύσῃ αὔριον, καὶ στήσῃ ἐνώπιον Κυρίου ἐν τῷ ὄρει· ἰδοὺ παρελεύσεται Κύριος. καὶ ἰδοὺ πνεῦμα μέγα κραταιὸν διαλύον ὄρη καὶ συντρίβον πέτρας ἐνώπιον Κυρίου, οὐκ ἐν τῷ πνεύματι Κύριος· καὶ μετὰ τό πνεῦμα συσσεισμὸς, οὐκ ἐν τῷ συσσεισμῷ Κύριος·
11521	ΒΑΣΙΛΕΙΩΝ Γ 19:11	οὐκ ἐν	2	consecutive enclitics	συσσεισμὸς	τῷ	\vs{11}Καὶ εἶπεν, ἐξελεύσῃ αὔριον, καὶ στήσῃ ἐνώπιον Κυρίου ἐν τῷ ὄρει· ἰδοὺ παρελεύσεται Κύριος. καὶ ἰδοὺ πνεῦμα μέγα κραταιὸν διαλύον ὄρη καὶ συντρίβον πέτρας ἐνώπιον Κυρίου, οὐκ ἐν τῷ πνεύματι Κύριος· καὶ μετὰ τό πνεῦμα συσσεισμὸς, οὐκ ἐν τῷ συσσεισμῷ Κύριος·
11522	ΒΑΣΙΛΕΙΩΝ Γ 19:12	οὐκ ἐν	2	consecutive enclitics	πῦρ	τῷ	\vs{12}Καὶ μετὰ τὸν συσσεισμὸν πῦρ, οὐκ ἐν τῷ πυρὶ Κύριος· καὶ μετὰ τὸ πῦρ φωνὴ αὔρας λεπτῆς.
11525	ΒΑΣΙΛΕΙΩΝ Γ 19:14	σου οἱ	2	consecutive enclitics	διαθήκην	υἱοὶ	\vs{14}Καὶ εἶπεν Ἠλιού, ζηλῶν ἐζήλωκα τῷ Κυρίῳ παντοκράτορι, ὅτι ἐγκατέλιπον τὴν διαθήκην σου οἱ υἱοὶ Ἰσραήλ· καὶ τὰ θυσιαστήριά σου καθεῖλαν, καὶ τοὺς προφήτας σου ἀπέκτειναν ἐν ῥομφαίᾳ, καὶ ὑπολέλειμμαι ἐγὼ μονώτατος, καὶ ζητοῦσι τὴν ψυχήν μου λαβεῖν αὐτήν.
11537	ΒΑΣΙΛΕΙΩΝ Γ 20:2	μοι εἰς	2	consecutive enclitics	ἔσται	κῆπον	\vs{2}Καὶ ἐλάλησεν Ἀχαὰβ πρὸς Ναβουθαὶ, λέγων, δός μοι τὸν ἀμπελῶνά σου, καὶ ἔσται μοι εἰς κῆπον λαχάνων, ὅτι ἐγγίζων οὗτος τῷ οἴκῳ μου, καὶ δώσω σοι ἀμπελῶνα ἄλλον ἀγαθὸν ὑπὲρ αὐτόν· εἰ δὲ ἀρέσκει ἐνώπιόν σου, δώσω σοι ἀργύριον ἄλλαγμα ἀμπελῶνός σου τούτου, καὶ ἔσται μοι εἰς κῆπον λαχάνων.
11537	ΒΑΣΙΛΕΙΩΝ Γ 20:2	μοι εἰς	2	consecutive enclitics	ἔσται	κῆπον	\vs{2}Καὶ ἐλάλησεν Ἀχαὰβ πρὸς Ναβουθαὶ, λέγων, δός μοι τὸν ἀμπελῶνά σου, καὶ ἔσται μοι εἰς κῆπον λαχάνων, ὅτι ἐγγίζων οὗτος τῷ οἴκῳ μου, καὶ δώσω σοι ἀμπελῶνα ἄλλον ἀγαθὸν ὑπὲρ αὐτόν· εἰ δὲ ἀρέσκει ἐνώπιόν σου, δώσω σοι ἀργύριον ἄλλαγμα ἀμπελῶνός σου τούτου, καὶ ἔσται μοι εἰς κῆπον λαχάνων.
11560	ΒΑΣΙΛΕΙΩΝ Γ 20:20	με ὁ	2	consecutive enclitics	εὕρηκάς	ἐχθρός	\vs{20}Καὶ εἶπεν Ἀχαὰβ πρὸς Ἠλιοὺ, εἰ εὕρηκάς με ὁ ἐχθρός μου; καὶ εἶπεν, εὕρηκα· διότι μάτην πέπρασαι ποιῆσαι τὸ πονηρὸν ἐνώπιον Κυρίου, παροργίσαι αὐτόν.
11562	ΒΑΣΙΛΕΙΩΝ Γ 20:22	σου ὡς	2	consecutive enclitics	οἶκόν	τὸν	\vs{22}Καὶ δώσω τὸν οἶκόν σου ὡς τὸν οἶκον Ἱεροβοὰμ υἱοῦ Ναβὰτ, καὶ ὡς τὸν οἶκον Βαασὰ υἱοῦ Ἀχιὰ, περὶ τῶν παροργισμάτων ὧν παρώργισας καὶ ἐξήμαρτες τὸν Ἰσραὴλ.
11571	ΒΑΣΙΛΕΙΩΝ Γ 20:29	μου οὐκ	2	consecutive enclitics	προσώπου	ἐπάξω	\vs{29}ἑώρακας ὡς κατενύγη Ἀχαὰβ ἀπὸ προσώπου μου; οὐκ ἐπάξω τὴν κακίαν ἐν ταῖς ἡμέραις αὐτοῦ, ἀλλʼ ἐν ταῖς ἡμέραις τοῦ υἱοῦ αὐτοῦ ἐπάξω τὴν κακίαν.
11571	ΒΑΣΙΛΕΙΩΝ Γ 20:29	ἀλλ ἐν	2	consecutive enclitics	αὐτοῦ	ταῖς	\vs{29}ἑώρακας ὡς κατενύγη Ἀχαὰβ ἀπὸ προσώπου μου; οὐκ ἐπάξω τὴν κακίαν ἐν ταῖς ἡμέραις αὐτοῦ, ἀλλʼ ἐν ταῖς ἡμέραις τοῦ υἱοῦ αὐτοῦ ἐπάξω τὴν κακίαν.
11581	ΒΑΣΙΛΕΙΩΝ Γ 21:7	μου οὐκ	2	consecutive enclitics	χρυσίον	ἀπεκώλυσα	\vs{7}Καὶ ἐκάλεσεν ὁ βασιλεὺς Ἰσραὴλ πάντας τοὺς πρεσβυτέρους τῆς γῆς, καὶ εἶπε, γνῶτε δὴ καὶ ἴδετε ὅτι κακίαν οὗτος ζητεῖ, ὅτι ἀπέσταλκε πρὸς μὲ περὶ τῶν γυναικῶν μου, καὶ περὶ τῶν υἱῶν μου, καὶ περὶ τῶν θυγατέρων μου· τὸ ἀργύριόν μου καὶ τὸ χρυσίον μου οὐκ ἀπεκώλυσα ἀπʼ αὐτοῦ.
11583	ΒΑΣΙΛΕΙΩΝ Γ 21:9	σου ἐν	2	consecutive enclitics	δοῦλόν	πρώτοις	\vs{9}Καὶ εἶπε τοῖς ἀγγέλοις υἱοῦ Ἄδερ, λέγετε τῷ κυρίῳ ὑμῶν, πάντα ὅσα ἀπέσταλκας πρὸς τὸν δοῦλόν σου ἐν πρώτοις ποιήσω, τὸ δὲ ῥῆμα τοῦτο οὐ δυνήσομαι ποιῆσαι· καὶ ἀπῇραν οἱ ἄνδρες, καὶ ἐπέστρεψαν αὐτῷ λόγον.
11585	ΒΑΣΙΛΕΙΩΝ Γ 21:10	μοι ὁ	2	consecutive enclitics	ποιήσαι	Θεὸς	\vs{10}Καὶ ἀπέστειλε πρὸς αὐτὸν υἱὸς Ἄδερ, λέγων, τάδε ποιήσαι μοι ὁ Θεὸς καὶ τάδε προσθείη, εἰ ἐκποιήσει ὁ χοῦς Σαμαρείας ταῖς ἀλώπεξι παντὶ τῷ λαῷ τοῖς πεζοῖς μου.
11586	ΒΑΣΙΛΕΙΩΝ Γ 21:11	ὡς ὁ	2	consecutive enclitics	κυρτὸς	ὀρθός	\vs{11}Καὶ ἀπεκρίθη ὁ βασιλεὺς Ἰσραὴλ, καὶ εἶπεν, ἱκανούσθω· μὴ καυχάσθω ὁ κυρτὸς, ὡς ὁ ὀρθός.
11587	ΒΑΣΙΛΕΙΩΝ Γ 21:12	οἱ μετ	2	consecutive enclitics	βασιλεῖς	αὐτοῦ	\vs{12}Καὶ ἐγένετο ὅτε ἀπεκρίθη αὐτῷ τὸν λόγον τοῦτον, πίνων ἦν αὐτὸς καὶ πάντες οἱ βασιλεῖς οἱ μετʼ αὐτοῦ ἐν σκηναῖς· καὶ εἶπε τοῖς παισὶν αὐτοῦ, οἰκοδομήσατε χάρακα· καὶ ἔθεντο χάρακα ἐπὶ τὴν πόλιν.
11595	ΒΑΣΙΛΕΙΩΝ Γ 21:18	εἰ εἰς	2	consecutive enclitics	αὐτοῖς	εἰρήνην	\vs{18}Καὶ εἶπεν αὐτοῖς, εἰ εἰς εἰρήνην ἐκπορεύονται, συλλαβεῖν αὐτοὺς ζῶντας· καὶ εἰ εἰς πόλεμον, ζῶντας συλλαβεῖν αὐτούς·
11595	ΒΑΣΙΛΕΙΩΝ Γ 21:18	εἰ εἰς	2	consecutive enclitics	καὶ	πόλεμον	\vs{18}Καὶ εἶπεν αὐτοῖς, εἰ εἰς εἰρήνην ἐκπορεύονται, συλλαβεῖν αὐτοὺς ζῶντας· καὶ εἰ εἰς πόλεμον, ζῶντας συλλαβεῖν αὐτούς·
11615	ΒΑΣΙΛΕΙΩΝ Γ 21:34	μου ἐν	2	consecutive enclitics	πατήρ	Σαμαρείᾳ	\vs{34}Καὶ εἶπε πρὸς αὐτὸν, τὰς πόλεις ἃς ἔλαβεν ὁ πατήρ μου παρὰ τοῦ πατρός σου ἀποδώσω σοι· καὶ ἐξόδους θήσεις σεαυτῷ ἐν Δαμασκῷ, καθὼς ἔθετο ὁ πατήρ μου ἐν Σαμαρείᾳ· καὶ ἐγὼ ἐν διαθήκῃ ἐξαποστελῶ σε. Καὶ διέθετο αὐτῷ διαθήκην, καὶ ἐξαπέστειλεν αὐτόν.
11633	ΒΑΣΙΛΕΙΩΝ Γ 22:5	μου ὁ	2	consecutive enclitics	λαός	λαός	\vs{5}Καὶ εἶπεν Ἰωσαφὰτ, καθὼς ἐγὼ, καὶ σὺ οὕτως· καθὼς ὁ λαός μου, ὁ λαός σου· καθὼς οἱ ἵπποι μου, οἱ ἵπποι σου.
11633	ΒΑΣΙΛΕΙΩΝ Γ 22:5	μου οἱ	2	consecutive enclitics	ἵπποι	ἵπποι	\vs{5}Καὶ εἶπεν Ἰωσαφὰτ, καθὼς ἐγὼ, καὶ σὺ οὕτως· καθὼς ὁ λαός μου, ὁ λαός σου· καθὼς οἱ ἵπποι μου, οἱ ἵπποι σου.
11663	ΒΑΣΙΛΕΙΩΝ Γ 22:27	με ἐν	2	consecutive enclitics	ἐπιστρέψαι	εἰρήνῃ	\vs{27}εἶπον θέσθαι τοῦτον ἐν φυλακῇ, καὶ ἐσθίειν αὐτὸν ἄρτον θλίψεως καὶ ὕδωρ θλίψεως ἕως τοῦ ἐπιστρέψαι με ἐν εἰρήνῃ.
11672	ΒΑΣΙΛΕΙΩΝ Γ 22:34	με ἐκ	2	consecutive enclitics	ἐξάγαγέ	τοῦ	\vs{34}Καὶ ἐπέτεινεν εἷς τὸ τόξον εὐστόχως, καὶ ἐπάταξε τὸν βασιλέα Ἰσραὴλ ἀναμέσον τοῦ πνεύμονος καὶ ἀναμέσον τοῦ θώρακος· καὶ εἶπε τῷ ἡνιόχῳ αὐτοῦ, ἐπίστρεψον τὰς χεῖράς σου καὶ ἐξάγαγέ με ἐκ τοῦ πολέμου, ὅτι τέτρωμαι.
11715	ΒΑΣΙΛΕΙΩΝ Δ 1:14	μου ἐν	2	consecutive enclitics	ψυχή	ὀφθαλμοῖς	\vs{14}Ἰδοὺ κατέβη πῦρ ἐκ τοῦ οὐρανοῦ, καὶ κατέφαγε τοὺς δύο πεντηκοντάρχους τοὺς πρώτους· καὶ νῦν ἐντιμωθήτω δὴ ἡ ψυχή μου ἐν ὀφθαλμοῖς σου.
11722	ΒΑΣΙΛΕΙΩΝ Δ 1:18b	ὡς ἡ	2	consecutive enclitics	οὐδὲ	μήτηρ	\vs{18b}καὶ ἐποίησε τὸ πονηρὸν ἐνώπιον Κυρίου· πλὴν οὐχ ὡς οἱ ἀδελφοὶ αὐτοῦ, οὐδὲ ὡς ἡ μήτηρ αὐτοῦ·
11727	ΒΑΣΙΛΕΙΩΝ Δ 2:1	ὡς εἰς	2	consecutive enclitics	Ἠλιοὺ	τὸν	Καὶ ἐγένετο ἐν τῷ ἀνάγειν Κύριον ἐν συσσεισμῷ τὸν Ἠλιοὺ ὡς εἰς τὸν οὐρανὸν, καὶ ἐπορεύθη Ἠλιοὺ καὶ Ἑλισαιὲ ἐκ Γαλγάλων.
11728	ΒΑΣΙΛΕΙΩΝ Δ 2:2	σου εἰ	2	consecutive enclitics	ψυχή	ἐγκαταλείψω	\vs{2}Καὶ εἶπεν Ἠλιοὺ πρὸς Ἑλισαιὲ, κάθου δὴ ἐνταῦθα, ὅτι ὁ Θεὸς ἀπέσταλκέ με ἕως Βαιθήλ· καὶ εἶπεν Ἑλισαιὲ, ζῇ Κύριος καὶ ζῇ ἡ ψυχή σου, εἰ ἐγκαταλείψω σε· καὶ ἦλθον εἰς Βαιθήλ.
11729	ΒΑΣΙΛΕΙΩΝ Δ 2:3	οἱ ἐν	2	consecutive enclitics	προφητῶν	Βαιθὴλ	\vs{3}Καὶ ἦλθον οἱ υἱοὶ τῶν προφητῶν οἱ ἐν Βαιθὴλ πρὸς Ἑλισαιὲ, καὶ εἶπον πρὸς αὐτὸν, εἰ ἔγνως, ὅτι Κύριος σήμερον λαμβάνει τὸν κύριόν σου ἐπάνωθεν τῆς κεφαλῆς σου; καὶ εἶπε, κἀγὼ ἔγνωκα, σιωπᾶτε.
11730	ΒΑΣΙΛΕΙΩΝ Δ 2:4	με εἰς	2	consecutive enclitics	ἀπέσταλκέ	Ἱεριχώ	\vs{4}Καὶ εἶπεν Ἠλιοὺ πρὸς Ἑλισαιὲ, κάθου δὴ ἐνταῦθα, ὅτι Κύριος ἀπέσταλκέ με εἰς Ἱεριχώ· καὶ εἶπε, ζῇ Κύριος καὶ ζῇ ἡ ψυχή σου, εἰ ἐγκαταλείψω σε· καὶ ἦλθον εἰς Ἱεριχώ.
11730	ΒΑΣΙΛΕΙΩΝ Δ 2:4	σου εἰ	2	consecutive enclitics	ψυχή	ἐγκαταλείψω	\vs{4}Καὶ εἶπεν Ἠλιοὺ πρὸς Ἑλισαιὲ, κάθου δὴ ἐνταῦθα, ὅτι Κύριος ἀπέσταλκέ με εἰς Ἱεριχώ· καὶ εἶπε, ζῇ Κύριος καὶ ζῇ ἡ ψυχή σου, εἰ ἐγκαταλείψω σε· καὶ ἦλθον εἰς Ἱεριχώ.
11732	ΒΑΣΙΛΕΙΩΝ Δ 2:5	οἱ ἐν	2	consecutive enclitics	προφητῶν	Ἱεριχὼ	\vs{5}Καὶ ἤγγισαν οἱ υἱοῖ τῶν προφητῶν οἱ ἐν Ἱεριχὼ πρὸς Ἑλισαιὲ, καὶ εἶπον πρὸς αὐτὸν, εἰ ἔγνως, ὅτι σήμερον λαμβάνει Κύριος τὸν κύρίον σου ἐπάνωθεν τῆς κεφαλῆς σου; καὶ εἶπε, καί γε ἐγὼ ἔγνων, σιωπᾶτε.
11733	ΒΑΣΙΛΕΙΩΝ Δ 2:6	σου εἰ	2	consecutive enclitics	ψυχή	ἐγκαταλείψω	\vs{6}Καὶ εἶπεν αὐτῷ Ἠλιοὺ, κάθου δὴ ὧδε, ὅτι Κύριος ἀπέσταλκέ με ἕως εἰς τὸν Ἰορδάνην· καὶ εἶπεν Ἑλισαιὲ, ζῇ Κύριος καὶ ζῇ ἡ ψυχή σου, εἰ ἐγκαταλείψω σε· καὶ ἐπορεύθησαν ἀμφότεροι,
11737	ΒΑΣΙΛΕΙΩΝ Δ 2:9	σου ἐπ	2	consecutive enclitics	πνεύματί	ἐμέ	\vs{9}Καὶ ἐγένετο ἐν τῷ διαβῆναι αὐτοὺς, καὶ Ἠλιοὺ εἶπε πρὸς Ἑλισαιὲ, αἴτησαι τί ποιήσω σοι πρὶν ἢ ἀναληφθῆναί με ἀπὸ σοῦ· καὶ εἶπεν Ἑλισαιὲ, γενηθήτω δὴ διπλᾶ ἐν πνεύματί σου ἐπʼ ἐμέ.
11740	ΒΑΣΙΛΕΙΩΝ Δ 2:11	ὡς εἰς	2	consecutive enclitics	συσσεισμῷ	τὸν	\vs{11}Καὶ ἐγένετο αὐτῶν πορευομένων, ἐπορεύοντο καὶ ἐλάλουν· καὶ ἰδοὺ ἅρμα πυρὸς καὶ ἵπποι πυρὸς, καὶ διέστειλεν ἀναμέσον ἀμφοτέρων· καὶ ἀνελήμφθη Ἠλιοὺ ἐν συσσεισμῷ ὡς εἰς τὸν οὐρανόν.
11745	ΒΑΣΙΛΕΙΩΝ Δ 2:15	οἱ ἐν	2	consecutive enclitics	προφητῶν	Ἱεριχὼ	\vs{15}Καὶ εἶδον αὐτὸν οἱ υἱοὶ τῶν προφητῶν οἱ ἐν Ἱεριχὼ ἐξεναντίας, καὶ εἶπον, ἐπαναπέπαυται τὸ πνεῦμα Ἠλιοὺ ἐπὶ Ἑλισαιέ· καὶ ἦλθον εἰς συναντὴν αὐτοῦ, καὶ προσεκύνησαν αὐτῷ ἐπὶ τὴν γῆν,
11768	ΒΑΣΙΛΕΙΩΝ Δ 3:7	μου ὁ	2	consecutive enclitics	λαός	λαός	\vs{7}Καὶ ἐπορεύθη καὶ ἐξαπέστειλε πρὸς Ἰωσαφὰτ βασιλέα Ἰούδα, λέγων, βασιλεὺς Μωὰβ ἠθέτησεν ἐν ἐμοί· εἰ πορεύσῃ μετʼ ἐμοῦ εἰς Μωὰβ εἰς πόλεμον; καὶ εἶπεν, ἀναβήσομαι· ὅμοιός μοι, ὅμοιός σοι· ὡς ὁ λαός μου, ὁ λαός σου· ὡς οἱ ἵπποι μου, οἱ ἵπποι σου.
11768	ΒΑΣΙΛΕΙΩΝ Δ 3:7	μου οἱ	2	consecutive enclitics	ἵπποι	ἵπποι	\vs{7}Καὶ ἐπορεύθη καὶ ἐξαπέστειλε πρὸς Ἰωσαφὰτ βασιλέα Ἰούδα, λέγων, βασιλεὺς Μωὰβ ἠθέτησεν ἐν ἐμοί· εἰ πορεύσῃ μετʼ ἐμοῦ εἰς Μωὰβ εἰς πόλεμον; καὶ εἶπεν, ἀναβήσομαι· ὅμοιός μοι, ὅμοιός σοι· ὡς ὁ λαός μου, ὁ λαός σου· ὡς οἱ ἵπποι μου, οἱ ἵπποι σου.
11809	ΒΑΣΙΛΕΙΩΝ Δ 4:13	σοι εἰ	2	consecutive enclitics	ποιῆσαί	ἔστι	\vs{13}Καὶ εἶπεν αὐτῷ, εἶπον δὴ πρὸς αὐτὴν, ἰδοὺ, ἐξέστησας ἡμῖν πᾶσαν τὴν ἔκστασιν ταύτην, τί δεῖ ποιῆσαί σοι; εἰ ἔστι λόγος σοι πρὸς τὸν βασιλέα, ἢ πρὸς τὸν ἄρχοντα τῆς δυνάμεως; ἡ δὲ εἶπεν, ἐν μέσῳ τοῦ λαοῦ ἐγώ εἰμι οἰκῶ.
11813	ΒΑΣΙΛΕΙΩΝ Δ 4:16	ὡς ἡ	2	consecutive enclitics	τοῦτον	ὥρα	\vs{16}Καὶ εἶπεν Ἐλισαιὲ πρὸς αὐτήν, εἰς τὸν καιρὸν τοῦτον, ὡς ἡ ὥρα, ζῶσα σὺ, περιειληφυῖα υἱόν· ἡ δὲ εἶπε, μή κύριε, μὴ διαψεύσῃ τὴν δούλην σου.
11814	ΒΑΣΙΛΕΙΩΝ Δ 4:17	ὡς ἡ	2	consecutive enclitics	τοῦτον	ὥρα	\vs{17}Καὶ ἐν γαστρὶ ἔλαβεν ἡ γυνή, καὶ ἔτεκεν υἱὸν εἰς τὸν καιρὸν τοῦτον, ὡς ἡ ὥρα, ζῶσα, ὡς ἐλάλησε πρὸς αὐτὴν Ἑλισαιὲ.
11825	ΒΑΣΙΛΕΙΩΝ Δ 4:26	σοι ἡ	2	consecutive enclitics	εἰρήνη	εἰρήνη	\vs{26}Νῦν δράμε εἰς ἀπαντὴν αὐτῆς, καὶ ἐρεῖς, ἡ εἰρήνη σοι; ἡ εἰρήνη τῷ ἀνδρί σου; ἡ εἰρήνη τῷ παιδαρίῳ; ἡ δὲ εἶπεν, εἰρήνη.
11825	ΒΑΣΙΛΕΙΩΝ Δ 4:26	σου ἡ	2	consecutive enclitics	ἀνδρί	εἰρήνη	\vs{26}Νῦν δράμε εἰς ἀπαντὴν αὐτῆς, καὶ ἐρεῖς, ἡ εἰρήνη σοι; ἡ εἰρήνη τῷ ἀνδρί σου; ἡ εἰρήνη τῷ παιδαρίῳ; ἡ δὲ εἶπεν, εἰρήνη.
11829	ΒΑΣΙΛΕΙΩΝ Δ 4:29	μου ἐν	2	consecutive enclitics	βακτηρίαν	τῇ	\vs{29}Καὶ εἶπεν Ἐλισαιὲ τῷ Γιεζί, ζῶσαι τὴν ὀσφύν σου, καὶ λάβε τὴν βακτηρίαν μου ἐν τῇ χειρί σου, καὶ δεῦρο, ὅτι ἐὰν εὕρῃς ἄνδρα οὐκ εὐλογήσεις αὐτὸν, καὶ ἐὰν εὐλογήσῃ σε ἀνὴρ οὐκ ἀποκριθήσῃ αὐτῷ· καὶ ἐπιθήσεις τὴν βακτηρίαν μου ἐπὶ πρόσωπον τοῦ παιδαρίου.
11830	ΒΑΣΙΛΕΙΩΝ Δ 4:30	σου εἰ	2	consecutive enclitics	ψυχή	ἐνκαταλείψω	\vs{30}Καὶ εἶπεν ἡ μήτηρ τοῦ παιδαρίου, ζῇ Κύριος καὶ ζῇ ἡ ψυχή σου, εἰ ἐνκαταλείψω σε· καὶ ἀνέστη Ἑλισαιὲ, καὶ ἐπορεύθη ὀπίσω αὐτῆς.
11853	ΒΑΣΙΛΕΙΩΝ Δ 5:4	ἡ ἐκ	2	consecutive enclitics	νεᾶνις	γῆς	\vs{4}Καὶ εἰσῆλθε καὶ ἀπήγγειλε τῷ κυρίῳ ἑαυτῆς, καὶ εἶπεν, οὕτως καὶ οὕτως ἐλάλησεν ἡ νεᾶνις ἡ ἐκ γῆς Ἰσραήλ.
11871	ΒΑΣΙΛΕΙΩΝ Δ 5:18	σου ἐν	2	consecutive enclitics	δούλῳ	τῷ	\vs{18}Καὶ ἱλάσεται Κύριος τῷ δούλῳ σου ἐν τῷ εἰσπορεύεσθαι τὸν κύριόν μου εἰς οἶκον Ῥεμμὰν προσκυνῆσαι ἐκεῖ· καὶ αὐτὸς ἐπαναπαύσεται ἐπὶ τῆς χειρός μου, καὶ προσκυνήσω ἐν οἴκῳ Ῥεμμὰν ἐν τῷ προσκυνεῖν αὐτὸν ἐν οἴκῳ Ῥεμμάν· καὶ ἱλάσεται δὴ Κύριος τῷ δούλῳ σου ἐν τῷ λόγῳ τούτῳ.
11871	ΒΑΣΙΛΕΙΩΝ Δ 5:18	μου εἰς	2	consecutive enclitics	κύριόν	οἶκον	\vs{18}Καὶ ἱλάσεται Κύριος τῷ δούλῳ σου ἐν τῷ εἰσπορεύεσθαι τὸν κύριόν μου εἰς οἶκον Ῥεμμὰν προσκυνῆσαι ἐκεῖ· καὶ αὐτὸς ἐπαναπαύσεται ἐπὶ τῆς χειρός μου, καὶ προσκυνήσω ἐν οἴκῳ Ῥεμμὰν ἐν τῷ προσκυνεῖν αὐτὸν ἐν οἴκῳ Ῥεμμάν· καὶ ἱλάσεται δὴ Κύριος τῷ δούλῳ σου ἐν τῷ λόγῳ τούτῳ.
11871	ΒΑΣΙΛΕΙΩΝ Δ 5:18	σου ἐν	2	consecutive enclitics	δούλῳ	τῷ	\vs{18}Καὶ ἱλάσεται Κύριος τῷ δούλῳ σου ἐν τῷ εἰσπορεύεσθαι τὸν κύριόν μου εἰς οἶκον Ῥεμμὰν προσκυνῆσαι ἐκεῖ· καὶ αὐτὸς ἐπαναπαύσεται ἐπὶ τῆς χειρός μου, καὶ προσκυνήσω ἐν οἴκῳ Ῥεμμὰν ἐν τῷ προσκυνεῖν αὐτὸν ἐν οἴκῳ Ῥεμμάν· καὶ ἱλάσεται δὴ Κύριος τῷ δούλῳ σου ἐν τῷ λόγῳ τούτῳ.
11882	ΒΑΣΙΛΕΙΩΝ Δ 5:27	σου εἰς	2	consecutive enclitics	σπέρματί	τὸν	\vs{27}Καὶ ἡ λέπρα Ναιμὰν κολληθήσεται ἐν σοὶ καὶ ἐν τῷ σπέρματί σου εἰς τὸν αἰῶνα· καὶ ἐξῆλθεν ἐκ προσώπου αὐτοῦ λελεπρωμένος ὡσεὶ χιών.
11898	ΒΑΣΙΛΕΙΩΝ Δ 6:12	ὁ ἐν	2	consecutive enclitics	προφήτης	Ἰσραὴλ	\vs{12}Καὶ εἶπεν εἷς τῶν παίδων αὐτοῦ, οὐχί κύριέ μου βασιλεῦ, ὅτι Ἐλισαιὲ ὁ προφήτης ὁ ἐν Ἰσραὴλ ἀναγγέλλει τῷ βασιλεῖ Ἰσραὴλ πάντας τοὺς λόγους, οὓς ἐὰν λαλήσῃς ἐν τῷ ταμείῳ τοῦ κοιτῶνός σου.
11903	ΒΑΣΙΛΕΙΩΝ Δ 6:16	οἱ μεθ	2	consecutive enclitics	πλείους	ἡμῶν	\vs{16}Καὶ εἶπεν Ἐλισαιὲ, μὴ φοβοῦ, ὅτι πλείους οἱ μεθʼ ἡμῶν ὑπὲρ τοὺς μετʼ αὐτῶν.
11918	ΒΑΣΙΛΕΙΩΝ Δ 6:28	ἐστι σοι	2	consecutive enclitics	τί	καὶ	\vs{28}Καὶ εἶπεν αὐτῇ ὁ βασιλεύς, τί ἐστι σοι; καὶ εἶπεν ἡ γυνή, αὕτη εἶπε πρὸς μέ, δὸς τὸν υἱόν σου καὶ φαγόμεθα αὐτὸν σήμερον, καὶ τὸν υἱόν μου φαγόμεθα αὐτὸν αὔριον.
11921	ΒΑΣΙΛΕΙΩΝ Δ 6:31	μοι ὁ	2	consecutive enclitics	ποιήσαι	Θεὸς	\vs{31}Καὶ εἶπε, τάδε ποιήσαι μοι ὁ Θεὸς καὶ τάδε προσθείη, εἰ στήσεται ἡ κεφαλὴ Ἑλισαιὲ ἐπʼ αὐτῷ σήμερον.
11927	ΒΑΣΙΛΕΙΩΝ Δ 7:1	ὡς ἡ	2	consecutive enclitics	Κύριος	ὥρα	Καὶ εἶπεν Ἑλισαιὲ ἄκουσον λόγον Κυρίου· τάδε λέγει Κύριος, ὡς ἡ ὥρα αὕτη, αὔριον μέτρον σεμιδάλεως σίκλου, καὶ δίμετρον κριθῶν σίκλου, ἐν ταῖς πύλαις Σαμαρείας.
11949	ΒΑΣΙΛΕΙΩΝ Δ 7:18	ὡς ἡ	2	consecutive enclitics	ἔσται	ὥρα	\vs{18}Καὶ ἐγένετο καθὰ ἐλάλησεν Ἑλισαιὲ πρὸς τὸν βασιλέα, λέγων, δίμετρον κριθῆς σίκλου καὶ μέτρον σεμιδάλεως σίκλου· καὶ ἔσται ὡς ἡ ὥρα αὔριον ἐν τῇ πύλῃ Σαμαρείας.
11968	ΒΑΣΙΛΕΙΩΝ Δ 8:13	ἐστιν ὁ	2	consecutive enclitics	τίς	δοῦλός	\vs{13}Καὶ εἶπεν Ἀζαὴλ, τίς ἐστιν ὁ δοῦλός σου, ὁ κύων ὁ τεθνηκὼς, ὅτι ποιήσει τὸ ῥῆμα τοῦτο; καὶ εἶπεν Ἑλισαιὲ, ἔδειξέ μοι Κύριός σε βασιλεύοντα ἐπὶ Συρίαν.
11968	ΒΑΣΙΛΕΙΩΝ Δ 8:13	σου ὁ	2	consecutive enclitics	δοῦλός	κύων	\vs{13}Καὶ εἶπεν Ἀζαὴλ, τίς ἐστιν ὁ δοῦλός σου, ὁ κύων ὁ τεθνηκὼς, ὅτι ποιήσει τὸ ῥῆμα τοῦτο; καὶ εἶπεν Ἑλισαιὲ, ἔδειξέ μοι Κύριός σε βασιλεύοντα ἐπὶ Συρίαν.
11993	ΒΑΣΙΛΕΙΩΝ Δ 9:3	σε εἰς	2	consecutive enclitics	κέχρικά	βασιλέα	\vs{3}Καὶ λήψῃ τὸν φακὸν τοῦ ἐλαίου, καὶ ἐπιχεεῖς ἐπὶ τὴν κεφαλὴν αὐτοῦ, καὶ εἰπον, τάδε λέγει Κύριος, κέχρικά σε εἰς βασιλέα ἐπὶ Ἰσραήλ· καὶ ἀνοίξεις τὴν θύραν, καὶ φεύξῃ καὶ οὐ μενεῖς.
11997	ΒΑΣΙΛΕΙΩΝ Δ 9:6	σε εἰς	2	consecutive enclitics	κέχρικά	βασιλέα	\vs{6}Καὶ ἀνέστη καὶ εἰσῆλθεν εἰς τὸν οἶκον, καὶ ἐπέχεε τὸ ἔλαιον ἐπὶ τὴν κεφαλὴν αὐτοῦ, καὶ εἶπεν αὐτῷ, τάδε λέγει Κύριος ὁ Θεὸς Ἰσραήλ, κέχρικά σε εἰς βασιλέα ἐπὶ λαὸν Κυρίου ἐπὶ τὸν Ἰσραὴλ.
11998	ΒΑΣΙΛΕΙΩΝ Δ 9:7	σου ἐκ	2	consecutive enclitics	κυρίου	προσώπου	\vs{7}Καὶ ἐξολοθρεύσεις τὸν οἶκον Ἀχαὰβ τοῦ κυρίου σου ἐκ προσώπου σου, καὶ ἐκδικήσεις τὰ αἵματα τῶν δούλων μου τῶν προφητῶν, καὶ τὰ αἵματα πάντων τῶν δούλων Κυρίου ἐκ χειρὸς Ἰεζάβελ,
12004	ΒΑΣΙΛΕΙΩΝ Δ 9:12	σε εἰς	2	consecutive enclitics	κέχρικά	βασιλέα	\vs{12}Καὶ εἶπον, ἄδικον, ἀπάγγειλον δὴ ἡμῖν. Καὶ εἶπεν Ἰοὺ πρὸς αὐτοὺς, οὕτω καὶ οὕτω ἐλάλησε πρὸς μὲ, λέγων, καὶ εἶπε, τάδε λέγει Κύριος, κέχρικά σε εἰς βασιλέα ἐπὶ Ἰσραήλ.
12045	ΒΑΣΙΛΕΙΩΝ Δ 10:6	ὡς ἡ	2	consecutive enclitics	μὲ	ὥρα	\vs{6}Καὶ ἔγραψε πρὸς αὐτοὺς Ἰοὺ βιβλίον δεύτερον, λέγων, εἰ ἐμοὶ ὑμεῖς, καὶ τῆς φωνῆς μου ὑμεῖς εἰσακούετε, λάβετε τὴν κεφαλὴν ἀνδρῶν τῶν υἱῶν τοῦ κυρίου ὑμῶν, καὶ ἐνέγκατε πρὸς μὲ, ὡς ἡ ὥρα αὔριον ἐν Ἰεζράελ· καὶ οἱ υἱοὶ τοῦ βασιλέως ἦσαν ἑβδομήκοντα ἄνδρες, οὗτοι ἁδροὶ τῆς πόλεως ἐξέτρεφον αὐτούς.
12177	ΒΑΣΙΛΕΙΩΝ Δ 14:3	οὐχ ὡς	2	consecutive enclitics	πλὴν	Δαυὶδ	\vs{3}Καὶ ἐποίησε τὸ εὐθὲς ἐν ὀφθαλμοῖς Κυρίου, πλὴν οὐχ ὡς Δαυὶδ ὁ πατὴρ αὐτοῦ· κατὰ πάντα ὅσα ἐποίησεν Ἰωὰς ὁ πατὴρ αὐτοῦ ἐποίησε.
12184	ΒΑΣΙΛΕΙΩΝ Δ 14:9	ὁ ἐν	2	consecutive enclitics	ἄκαν	τῷ	\vs{9}Καὶ ἀπέστειλεν Ἰωὰς βασιλεὺς Ἰσραὴλ πρὸς Ἀμεσσίαν βασιλέα Ἰούδα, λέγων, ὁ ἄκαν ὁ ἐν τῷ Λιβάνῳ ἀπέστειλε πρὸς τὴν κέδρον τὴν ἐν τῷ Λιβάνῳ, λέγων δὸς τὴν θυγατέρα σου τῷ υἱῷ μου εἰς γυναῖκα· καὶ διῆλθον τὰ θηρία τοῦ ἀγροῦ τὰ ἐν τῷ Λιβάνῳ, καὶ συνεπάτησαν τὴν ἄκανα.
12184	ΒΑΣΙΛΕΙΩΝ Δ 14:9	μου εἰς	2	consecutive enclitics	υἱῷ	γυναῖκα	\vs{9}Καὶ ἀπέστειλεν Ἰωὰς βασιλεὺς Ἰσραὴλ πρὸς Ἀμεσσίαν βασιλέα Ἰούδα, λέγων, ὁ ἄκαν ὁ ἐν τῷ Λιβάνῳ ἀπέστειλε πρὸς τὴν κέδρον τὴν ἐν τῷ Λιβάνῳ, λέγων δὸς τὴν θυγατέρα σου τῷ υἱῷ μου εἰς γυναῖκα· καὶ διῆλθον τὰ θηρία τοῦ ἀγροῦ τὰ ἐν τῷ Λιβάνῳ, καὶ συνεπάτησαν τὴν ἄκανα.
12270	ΒΑΣΙΛΕΙΩΝ Δ 16:7	με ἐκ	2	consecutive enclitics	σῶσόν	χειρὸς	\vs{7}Καὶ ἀπέστειλεν Ἄχαζ ἀγγέλους πρὸς Θαλγαθφελλασὰρ βασιλέα Ἀσσυρίων, λέγων, δοῦλός σου καὶ υἱός σου ἐγὼ, ἀνάβηθι, σῶσόν με ἐκ χειρὸς βασιλέως Συρίας, καὶ ἐκ χειρὸς βασιλέως Ἰσραὴλ, τῶν ἐπανισταμένων ἐπʼ ἐμέ.
12280	ΒΑΣΙΛΕΙΩΝ Δ 16:15	μοι εἰς	2	consecutive enclitics	ἔσται	τοπρωΐ	\vs{15}Καὶ ἐνετείλατο ὁ βασιλεὺς Ἄχαζ τῷ Οὐρίᾳ τῷ ἱερεῖ, λέγων, ἐπὶ τὸ θυσιαστήριον τὸ μέγα πρόσφερε τὴν ὁλοκαύτωσιν τὴν πρωϊνὴν καὶ τὴν θυσίαν τὴν ἑσπερινήν, καὶ τὴν ὁλοκαύτωσιν τοῦ βασιλέως καὶ τὴν θυσίαν αὐτοῦ, καὶ τὴν ὁλοκαύτωσιν παντὸς τοῦ λαοῦ, καὶ τὴν θυσίαν αὐτῶν καὶ τὴν σπονδὴν αὐτῶν, καὶ πᾶν αἷμα ὁλοκαυτώσεως, καὶ πᾶν αἷμα θυσίας ἐπʼ αὐτῶ ἐκχεεῖς· καὶ τὸ θυσιαστήριον τὸ χαλκοῦν ἔσται μοι εἰς τοπρωΐ.
12338	ΒΑΣΙΛΕΙΩΝ Δ 17:41	γε οἱ	2	consecutive enclitics	καί	υἱοὶ	\vs{41}Καὶ ἦσαν τὰ ἔθνη ταῦτα φοβούμενοι τὸν Κύριον, καὶ τοῖς γλυπτοῖς αὐτῶν ἦσαν δουλεύοντες· καί γε οἱ υἱοὶ καὶ υἱοὶ τῶν υἱῶν αὐτῶν, καθὰ ἐποίησαν οἱ πατέρες αὐτῶν, ποιοῦσιν ἕως τῆς ἡμέρας ταύτης.
12361	ΒΑΣΙΛΕΙΩΝ Δ 18:17	ἐστιν ἐν	2	consecutive enclitics	ἥ	τῇ	\vs{17}Καὶ ἀπέστειλε βασιλεὺς Ἀσσυρίων τὸν Θανθὰν καὶ τὸν Ῥαφὶς καὶ τὸν Ῥαψάκην ἐκ Λαχὶς πρὸς τὸν βασιλέα Ἑζεκίαν ἐν δυνάμει βαρείᾳ ἐπὶ Ἱερουσαλήμ· καὶ ἀνέβησαν καὶ ἦλθον εἰς Ἱερουσαλὴμ, καὶ ἔστησαν ἐν τῷ ὑδραγωγῷ τῆς κολυμβήθρας τῆς ἄνω, ἥ ἐστιν ἐν τῇ ὁδῷ τοῦ ἀγροῦ τοῦ γναφέως.
12373	ΒΑΣΙΛΕΙΩΝ Δ 18:27	με ὁ	2	consecutive enclitics	ἀπέστειλέ	κύριός	\vs{27}Καὶ εἶπε πρὸς αὐτοὺς Ῥαψάκης, μὴ ἐπὶ τὸν κύριόν σου καὶ πρὸς σὲ ἀπέστειλέ με ὁ κύριός μου λαλῆσαι τοὺς λόγους τούτους; οὐχὶ ἐπὶ τοὺς ἄνδρας τοὺς καθημένους ἐπὶ τοῦ τείχους, τοῦ φαγεῖν τὴν κόπρον αὐτῶν, καὶ πιεῖν τὸ οὖρον αὐτῶν μεθʼ ὑμῶν ἅμα;
12381	ΒΑΣΙΛΕΙΩΝ Δ 18:34	ἐστιν ὁ	2	consecutive enclitics	Ποῦ	θεὸς	\vs{34}Ποῦ ἐστιν ὁ θεὸς Αἱμὰθ, καὶ Ἀρφάδ; ποῦ ἐστιν ὁ θεὸς Σεπφαρουαῒμ, Ἀνὰ, καὶ Ἀβὰ, ὅτι ἐξείλαντο Σαμάρειαν ἐκ χειρός μου;
12381	ΒΑΣΙΛΕΙΩΝ Δ 18:34	ἐστιν ὁ	2	consecutive enclitics	ποῦ	θεὸς	\vs{34}Ποῦ ἐστιν ὁ θεὸς Αἱμὰθ, καὶ Ἀρφάδ; ποῦ ἐστιν ὁ θεὸς Σεπφαρουαῒμ, Ἀνὰ, καὶ Ἀβὰ, ὅτι ἐξείλαντο Σαμάρειαν ἐκ χειρός μου;
12399	ΒΑΣΙΛΕΙΩΝ Δ 19:10	σε ὁ	2	consecutive enclitics	ἐπαιρέτω	Θεός	\vs{10}μὴ ἐπαιρέτω σε ὁ Θεός σου ἐφʼ ᾧ σὺ πέποιθας ἐν αὐτῷ, λέγων, οὐ μὴ παραδοθῇ Ἱερουσαλὴμ εἰς χεῖρας βασιλέως Ἀσσυρίων.
12399	ΒΑΣΙΛΕΙΩΝ Δ 19:10	σου ἐφ	2	consecutive enclitics	Θεός	ᾧ	\vs{10}μὴ ἐπαιρέτω σε ὁ Θεός σου ἐφʼ ᾧ σὺ πέποιθας ἐν αὐτῷ, λέγων, οὐ μὴ παραδοθῇ Ἱερουσαλὴμ εἰς χεῖρας βασιλέως Ἀσσυρίων.
12402	ΒΑΣΙΛΕΙΩΝ Δ 19:13	ἐστιν ὁ	2	consecutive enclitics	Ποῦ	βασιλεὺς	\vs{13}Ποῦ ἐστιν ὁ βασιλεὺς Αἱμὰθ, καὶ ὁ βασιλεὺς Ἀρφάδ; καὶ ποῦ ἐστιν ὁ βασιλεὺς τῆς πόλεως Σεπφαρουαῒν, Ἀνὰ, καὶ Ἀβά;
12402	ΒΑΣΙΛΕΙΩΝ Δ 19:13	ἐστιν ὁ	2	consecutive enclitics	ποῦ	βασιλεὺς	\vs{13}Ποῦ ἐστιν ὁ βασιλεὺς Αἱμὰθ, καὶ ὁ βασιλεὺς Ἀρφάδ; καὶ ποῦ ἐστιν ὁ βασιλεὺς τῆς πόλεως Σεπφαρουαῒν, Ἀνὰ, καὶ Ἀβά;
12408	ΒΑΣΙΛΕΙΩΝ Δ 19:18	εἰσιν ἀλλ	2	consecutive enclitics	θεοί	ἢ	\vs{18}καὶ ἔδωκαν τοὺς θεοὺς αὐτῶν εἰς τὸ πῦρ, ὅτι οὐ θεοί εἰσιν, ἀλλʼ ἢ ἔργα χειρῶν ἀνθρώπων ξύλα καὶ λίθος· καὶ ἀπώλεσαν αὐτούς.
12413	ΒΑΣΙΛΕΙΩΝ Δ 19:22	σου εἰς	2	consecutive enclitics	ὀφθαλμούς	τὸν	\vs{22}Τίνα ὠνείδισας, καὶ τίνα ἐβλασφήμησας; καὶ ἐπὶ τίνα ὕψωσας φωνὴν, καὶ ἦρας εἰς ὕψος τοὺς ὀφθαλμούς σου; εἰς τὸν ἅγιον τοῦ Ἰσραήλ;
12419	ΒΑΣΙΛΕΙΩΝ Δ 19:27	σου ἐπ	2	consecutive enclitics	θυμόν	ἐμὲ	\vs{27}Καὶ τὴν καθέδραν σου καὶ τὴν ἔξοδόν σου ἔγνων, καὶ τὸν θυμόν σου ἐπʼ ἐμὲ,
12420	ΒΑΣΙΛΕΙΩΝ Δ 19:28	σε ἐπ	2	consecutive enclitics	ὀργισθῆναί	ἐμὲ	\vs{28}διὰ τὸ ὀργισθῆναί σε ἐπʼ ἐμὲ, καὶ τὸ στρῆνός σου ἀνέβη ἐν τοῖς ὠσί μου· καὶ θήσω τὰ ἄγκιστρά μου ἐν τοῖς μυκτῆρσί σου, καὶ χαλινὸν ἐν τοῖς χείλεσί σου, καὶ ἀποστρέψω σε ἐν τῇ ὁδῷ ᾗ ἦλθες ἐν αὐτῇ.
12420	ΒΑΣΙΛΕΙΩΝ Δ 19:28	μου ἐν	2	consecutive enclitics	ἄγκιστρά	τοῖς	\vs{28}διὰ τὸ ὀργισθῆναί σε ἐπʼ ἐμὲ, καὶ τὸ στρῆνός σου ἀνέβη ἐν τοῖς ὠσί μου· καὶ θήσω τὰ ἄγκιστρά μου ἐν τοῖς μυκτῆρσί σου, καὶ χαλινὸν ἐν τοῖς χείλεσί σου, καὶ ἀποστρέψω σε ἐν τῇ ὁδῷ ᾗ ἦλθες ἐν αὐτῇ.
12420	ΒΑΣΙΛΕΙΩΝ Δ 19:28	σε ἐν	2	consecutive enclitics	ἀποστρέψω	τῇ	\vs{28}διὰ τὸ ὀργισθῆναί σε ἐπʼ ἐμὲ, καὶ τὸ στρῆνός σου ἀνέβη ἐν τοῖς ὠσί μου· καὶ θήσω τὰ ἄγκιστρά μου ἐν τοῖς μυκτῆρσί σου, καὶ χαλινὸν ἐν τοῖς χείλεσί σου, καὶ ἀποστρέψω σε ἐν τῇ ὁδῷ ᾗ ἦλθες ἐν αὐτῇ.
12439	ΒΑΣΙΛΕΙΩΝ Δ 20:3	σου ἐν	2	consecutive enclitics	ἐνώπιόν	ἀληθείᾳ	\vs{3}Κύριε, μνήσθητι δὴ ὅσα περιεπάτησα ἐνώπιόν σου ἐν ἀληθείᾳ καὶ καρδίᾳ πλήρει, καὶ τὸ ἀγαθὸν ἐν ὀφθαλμοῖς σου ἐποίησα· καὶ ἔκλαυσεν Ἐζεκίας κλαυθμῷ μεγάλῳ.
12470	ΒΑΣΙΛΕΙΩΝ Δ 21:7	μου εἰς	2	consecutive enclitics	ὄνομά	τὸν	\vs{7}Καὶ ἔθηκε τὸ γλυπτὸν τοῦ ἄλσους ἐν τῷ οἴκῳ ᾧ εἶπε Κύριος πρὸς Δαυὶδ καὶ πρὸς Σαλωμὼν τὸν υἱὸν αὐτοῦ, ἐν τῷ οἴκῳ τούτῳ καὶ ἐν Ἰερουσαλὴμ ᾗ ἐξελεξάμην ἐκ πασῶν φυλῶν τοῦ Ἰσραὴλ καὶ θήσω τὸ ὄνομά μου εἰς τὸν αἰῶνα,
12516	ΒΑΣΙΛΕΙΩΝ Δ 22:17	με ἐν	2	consecutive enclitics	παροργίσωσί	τοῖς	\vs{17}ἀνθʼ ὧν ἐγκατέλιπόν με, καὶ ἐθυμίων θεοῖς ἑτέροις, ὅπως παροργίσωσί με ἐν τοῖς ἔργοις τῶν χειρῶν αὐτῶν, καὶ ἐκκαυθήσεται θυμός μου ἐν τῷ τόπῳ τούτῳ καὶ οὐ σβεσθήσεται.
12516	ΒΑΣΙΛΕΙΩΝ Δ 22:17	μου ἐν	2	consecutive enclitics	θυμός	τῷ	\vs{17}ἀνθʼ ὧν ἐγκατέλιπόν με, καὶ ἐθυμίων θεοῖς ἑτέροις, ὅπως παροργίσωσί με ἐν τοῖς ἔργοις τῶν χειρῶν αὐτῶν, καὶ ἐκκαυθήσεται θυμός μου ἐν τῷ τόπῳ τούτῳ καὶ οὐ σβεσθήσεται.
12519	ΒΑΣΙΛΕΙΩΝ Δ 22:20	σου ἐν	2	consecutive enclitics	τάφον	εἰρήνῃ	\vs{20}Οὐχ οὕτως· ἰδοὺ προστίθημί σε πρὸς τοὺς πατέρας σου, καὶ συναχθήσῃ εἰς τὸν τάφον σου ἐν εἰρήνῃ, καὶ οὐκ ὀφθήσεται ἐν τοῖς ὀφθαλμοῖς σου ἐν πᾶσι τοῖς κακοῖς οἷς ἐγώ εἰμι ἐπάγω ἐπὶ τὸν τόπον τοῦτον.
12519	ΒΑΣΙΛΕΙΩΝ Δ 22:20	σου ἐν	2	consecutive enclitics	ὀφθαλμοῖς	πᾶσι	\vs{20}Οὐχ οὕτως· ἰδοὺ προστίθημί σε πρὸς τοὺς πατέρας σου, καὶ συναχθήσῃ εἰς τὸν τάφον σου ἐν εἰρήνῃ, καὶ οὐκ ὀφθήσεται ἐν τοῖς ὀφθαλμοῖς σου ἐν πᾶσι τοῖς κακοῖς οἷς ἐγώ εἰμι ἐπάγω ἐπὶ τὸν τόπον τοῦτον.
12798	ΠΑΡΑΛΕΙΠΟΜΕΝΩΝ Α 4:10	σου μετ	2	consecutive enclitics	χείρ	ἐμοῦ	\vs{10}Καὶ ἐπεκαλέσατο Ἰγαβὴς τὸν Θεὸν Ἰσραὴλ, λέγων, ἐὰν εὐλογῶν εὐλογήσῃς με, καὶ πληθύνῃς τὰ ὅριά μου, καὶ ᾖ ἡ χείρ σου μετʼ ἐμοῦ, καὶ ποιήσῃς γνῶσιν τοῦ μὴ ταπεινῶσαί με· καὶ ἐπήγαγεν ὁ Θεὸς πάντα ὅσα ᾐτήσατο.
13116	ΠΑΡΑΛΕΙΠΟΜΕΝΩΝ Α 10:4	με ἐν	2	consecutive enclitics	ἐκκέντησόν	αὐτῇ	\vs{4}Καὶ εἶπε Σαοὺλ τῷ αἴροντι τὰ σκεύη αὐτοῦ, σπάσαι τὴν ῥομφαίαν σου, καὶ ἐκκέντησόν με ἐν αὐτῇ, μὴ ἔλθωσιν οἱ ἀπερίτμητοι οὗτοι καὶ ἐμπαίξωσί μοι· καὶ οὐκ ἐβούλετο ὁ αἴρων τὰ σκεύη αὐτοῦ, ὅτι ἐφοβεῖτο σφόδρα· καὶ ἔλαβε Σαοὺλ τὴν ῥομφαίαν, καὶ ἐπέπεσεν ἐπʼ αὐτήν.
13119	ΠΑΡΑΛΕΙΠΟΜΕΝΩΝ Α 10:7	ὁ ἐν	2	consecutive enclitics	Ἰσραὴλ	τῷ	\vs{7}Καὶ εἶδε πᾶς ἀνὴρ Ἰσραὴλ ὁ ἐν τῷ αὐλῶνι ὅτι ἔφυγεν Ἰσραὴλ, καὶ ὅτι ἀπέθανε Σαοὺλ καὶ οἱ υἱοὶ αὐτοῦ, καὶ κατέλιπον τὰς πόλεις αὐτῶν καὶ ἔφυγον· καὶ ἦλθον ἀλλόφυλοι, καὶ κατῴκησαν ἐν αὐταῖς.
13152	ΠΑΡΑΛΕΙΠΟΜΕΝΩΝ Α 11:19	μοι ὁ	2	consecutive enclitics	ἵλεώς	θεὸς	\vs{19}καὶ εἶπεν, ἵλεώς μοι ὁ θεὸς τοῦ ποιῆσαι τὸ ῥῆμα τοῦτο· εἰ αἷμα ἀνδρῶν τούτων πίομαι ἐν ψυχαῖς αὐτῶν; ὅτι ἐν ψυχαῖς αὐτῶν ἤνεγκαν· καὶ οὐκ ἐβούλετο πιεῖν αὐτό· ταῦτα ἐποίησαν οἱ τρεῖς δυνατοί.
13205	ΠΑΡΑΛΕΙΠΟΜΕΝΩΝ Α 12:18	εἰ εἰς	2	consecutive enclitics	αὐτοῖς	εἰρήνην	\vs{18}Καὶ Δαυὶδ ἐξῆλθεν εἰς ἀπάντησιν αὐτῶν, καὶ εἶπεν αὐτοῖς, εἰ εἰς εἰρήνην ἥκατε πρὸς μέ, εἴη μοι καρδία καθʼ ἑαυτὴν ἐφʼ ὑμᾶς· καὶ εἰ τοῦ παραδοῦναί με τοῖς ἐχθροῖς μου οὐκ ἐν ἀληθείᾳ χειρὸς, ἴδοι ὁ Θεὸς τῶν πατέρων ὑμῶν καὶ ἐλέγξαιτο.
13206	ΠΑΡΑΛΕΙΠΟΜΕΝΩΝ Α 12:19	σοι ὁ	2	consecutive enclitics	ἐβοήθησέ	Θεός	\vs{19}Καὶ πνεῦμα ἐνέδυσε τὸν Ἀμασαὶ ἄρχοντα τῶν τριάκοντα, καὶ εἶπε, πορεύου καὶ ὁ λαός σου Δαυὶδ υἱὸς Ἰεσσαὶ, εἰρήνη εἰρήνη σοι, καὶ εἰρήνη τοῖς βοηθοῖς σου, ὅτι ἐβοήθησέ σοι ὁ Θεός σου· καὶ προσεδέξατο αὐτοὺς Δαυὶδ, καὶ κατέστησεν αὐτοὺς ἄρχοντας τῶν δυνάμεων.
13236	ΠΑΡΑΛΕΙΠΟΜΕΝΩΝ Α 13:2	εἰ ἐφ	2	consecutive enclitics	Ἰσραὴλ	ὑμῖν	\vs{2}Καὶ εἶπε Δαυὶδ πάσῃ ἐκκλησίᾳ Ἰσραὴλ, εἰ ἐφʼ ὑμῖν ἀγαθὸν, καὶ παρὰ Κυρίου τοῦ Θεοῦ ἡμῶν εὐοδωθῇ, ἀποστείλωμεν πρὸς τοὺς ἀδελφοὺς ἡμῶν τοὺς ὑπολελειμμένους ἐν πάσῃ γῇ Ἰσραὴλ, καὶ μετʼ αὐτῶν οἱ ἱερεῖς οἱ Λευῖται ἐν πόλεσι κατασχέσεως αὐτῶν, καὶ συναχθήσονται πρὸς ἡμᾶς,
13266	ΠΑΡΑΛΕΙΠΟΜΕΝΩΝ Α 14:11	μου ἐν	2	consecutive enclitics	ἐχθρούς	χειρί	\vs{11}Καὶ ἀνέβη εἰς Βαὰλ Φαρασὶν, καὶ ἐπάταξεν αὐτοὺς ἐκεῖ Δανίδ· καὶ εἶπε Δαυὶδ, διέκοψεν ὁ Θεὸς τοὺς ἐχθρούς μου ἐν χειρί μου, ὡς διακοπὴν ὕδατος· διὰ τοῦτο ἐκάλεσε τὸ ὄνομα τοῦ τόπου ἐκείνου, Διακοπὴ Φαρασίν.
13266	ΠΑΡΑΛΕΙΠΟΜΕΝΩΝ Α 14:11	μου ὡς	2	consecutive enclitics	χειρί	διακοπὴν	\vs{11}Καὶ ἀνέβη εἰς Βαὰλ Φαρασὶν, καὶ ἐπάταξεν αὐτοὺς ἐκεῖ Δανίδ· καὶ εἶπε Δαυὶδ, διέκοψεν ὁ Θεὸς τοὺς ἐχθρούς μου ἐν χειρί μου, ὡς διακοπὴν ὕδατος· διὰ τοῦτο ἐκάλεσε τὸ ὄνομα τοῦ τόπου ἐκείνου, Διακοπὴ Φαρασίν.
13290	ΠΑΡΑΛΕΙΠΟΜΕΝΩΝ Α 15:13	οὐκ ἐν	2	consecutive enclitics	Ὅτι	τῷ	\vs{13}Ὅτι οὐκ ἐν τῷ πρότερον ὑμᾶς εἶναι, διέκοψεν ὁ Θεὸς ἡμῶν ἐν ἡμῖν, ὅτι οὐκ ἐξεζητήσαμεν ἐν κρίματι.
13369	ΠΑΡΑΛΕΙΠΟΜΕΝΩΝ Α 17:4	με ἐν	2	consecutive enclitics	κατοικῆσαί	αὐτῷ	\vs{4}Πορεύου καὶ εἶπον πρὸς Δαυὶδ τὸν δοῦλόν μου, οὕτως εἶπε Κύριος, οὐ σὺ οἰκοδομήσεις μοι οἶκον τοῦ κατοικῆσαί με ἐν αὐτῷ.
13372	ΠΑΡΑΛΕΙΠΟΜΕΝΩΝ Α 17:7	σε ἐκ	2	consecutive enclitics	ἔλαβον	τῆς	\vs{7}Καὶ νῦν οὕτως ἐρεῖς τῷ δούλῳ μου Δαυὶδ, τάδε λέγει Κύριος παντοκράτωρ, ἐγὼ ἔλαβον σε ἐκ τῆς μάνδρας ἐξόπισθεν τῶν ποιμνίων τοῦ εἶναι εἰς ἡγούμενον ἐπὶ τὸν λαόν μου Ἰσραήλ·
13378	ΠΑΡΑΛΕΙΠΟΜΕΝΩΝ Α 17:13	μοι εἰς	2	consecutive enclitics	ἔσται	υἱόν	\vs{13}Ἐγὼ ἔσομαι αὐτῷ εἰς πατέρα, καὶ αὐτὸς ἔσται μοι εἰς υἱόν· καὶ τὸ ἔλεός μου οὐκ ἀποστήσω ἀπʼ αὐτοῦ, ὡς ἀπέστησα ἀπὸ τῶν ὄντων ἔμπροσθέν σου.
13378	ΠΑΡΑΛΕΙΠΟΜΕΝΩΝ Α 17:13	μου οὐκ	2	consecutive enclitics	ἔλεός	ἀποστήσω	\vs{13}Ἐγὼ ἔσομαι αὐτῷ εἰς πατέρα, καὶ αὐτὸς ἔσται μοι εἰς υἱόν· καὶ τὸ ἔλεός μου οὐκ ἀποστήσω ἀπʼ αὐτοῦ, ὡς ἀπέστησα ἀπὸ τῶν ὄντων ἔμπροσθέν σου.
13384	ΠΑΡΑΛΕΙΠΟΜΕΝΩΝ Α 17:17	σου ὁ	2	consecutive enclitics	ἐνώπιόν	Θεὸς	\vs{17}Καὶ ἐσμικρύνθη ταῦτα ἐνώπιόν σου ὁ Θεὸς, καὶ ἐλάλησας ἐπὶ τὸν οἶκον τοῦ παιδός σου ἐκ μακρῶν, καὶ ἐπεῖδές με ὡς ὅρασις ἀνθρώπου, καὶ ὕψωσάς με Κύριε ὁ Θεός.
13384	ΠΑΡΑΛΕΙΠΟΜΕΝΩΝ Α 17:17	σου ἐκ	2	consecutive enclitics	παιδός	μακρῶν	\vs{17}Καὶ ἐσμικρύνθη ταῦτα ἐνώπιόν σου ὁ Θεὸς, καὶ ἐλάλησας ἐπὶ τὸν οἶκον τοῦ παιδός σου ἐκ μακρῶν, καὶ ἐπεῖδές με ὡς ὅρασις ἀνθρώπου, καὶ ὕψωσάς με Κύριε ὁ Θεός.
13384	ΠΑΡΑΛΕΙΠΟΜΕΝΩΝ Α 17:17	με ὡς	2	consecutive enclitics	ἐπεῖδές	ὅρασις	\vs{17}Καὶ ἐσμικρύνθη ταῦτα ἐνώπιόν σου ὁ Θεὸς, καὶ ἐλάλησας ἐπὶ τὸν οἶκον τοῦ παιδός σου ἐκ μακρῶν, καὶ ἐπεῖδές με ὡς ὅρασις ἀνθρώπου, καὶ ὕψωσάς με Κύριε ὁ Θεός.
13388	ΠΑΡΑΛΕΙΠΟΜΕΝΩΝ Α 17:21	ὡς ὁ	2	consecutive enclitics	ἔστιν	λαός	\vs{21}Καὶ οὐκ ἔστιν ὡς ὁ λαός σου Ἰσραὴλ ἔθνος ἔτι ἐτὶ τῆς γῆς, ὡς ὡδήγησεν αὐτὸν ὁ Θεὸς τοῦ λυτρώσασθαι λαὸν ἑαυτῷ, τοῦ θέσθαι ἑαυτῷ ὄνομα μέγα καὶ ἐπιφανὲς, τοῦ ἐκβαλεῖν ἀπὸ προσώπου λαοῦ σου οὕς ἐλυτρώσω ἐξ Αἰγύπτου ἔθνη.
13434	ΠΑΡΑΛΕΙΠΟΜΕΝΩΝ Α 19:12	μοι εἰς	2	consecutive enclitics	ἔσῃ	σωτηρίαν	\vs{12}καὶ εἶπεν, Ἐὰν κρατήσῃ ὑπὲρ ἐμὲ Σύρος, καὶ ἔσῃ μοι εἰς σωτηρίαν· καὶ ἐὰν υἱοὶ Ἀμμὼν κρατήσωσιν ὑπὲρ σέ, καὶ σώσω σε.
13437	ΠΑΡΑΛΕΙΠΟΜΕΝΩΝ Α 19:14	ὁ μετ	2	consecutive enclitics	λαὸς	αὐτοῦ	\vs{14}Καὶ παρετάξατο Ἰωὰβ καὶ ὁ λαὸς ὁ μετʼ αὐτοῦ κατέναντι Σύρων εἰς πόλεμον, καὶ ἔφυγον ἀπʼ αὐτοῦ.
13472	ΠΑΡΑΛΕΙΠΟΜΕΝΩΝ Α 21:12	σε ἐκ	2	consecutive enclitics	φεύγειν	προσώπου	\vs{12}ἢ τρία ἔτη λιμοῦ, ἢ τρεῖς μῆνας φεύγειν σε ἐκ προσώπου ἐχθρῶν σου, καὶ μάχαιρα ἐξ ἐχθρῶν σου τοῦ ἐξολεθρεῦσαι, ἢ τρεῖς ἡμέρας ῥομφαίαν Κυρίου καὶ θάνατον ἐν τῇ γῇ, καὶ ἄγγελος Κυρίου ἐξολεθρεύων ἐν πάσῃ κληρονομίᾳ Ἰσραήλ· καὶ νῦν ἴδε τί ἀποκριθῶ τῷ ἀποστείλαντι λόγον.
13479	ΠΑΡΑΛΕΙΠΟΜΕΝΩΝ Α 21:17	εἰμι ὁ	2	consecutive enclitics	ἐγώ	ἁμαρτών	\vs{17}Καὶ εἶπεν Δαυὶδ πρὸς τὸν Θεόν, Οὐκ ἐγὼ εἶπα τοῦ ἀριθμῆσαι τῷ λαῷ; καὶ ἐγώ εἰμι ὁ ἁμαρτών, κακοποιῶν ἐκακοποίησα, καὶ ταῦτα τὰ πρόβατα τί ἐποίησαν; Κύριε ὁ Θεός, γενηθήτω ἡ χείρ σου ἐν ἐμοὶ καὶ ἐν τῷ οἴκῳ τοῦ πατρός μου, καὶ μὴ ἐν τῷ λαῷ σου εἰς ἀπώλειαν, Κύριε.
13479	ΠΑΡΑΛΕΙΠΟΜΕΝΩΝ Α 21:17	σου ἐν	2	consecutive enclitics	χείρ	ἐμοὶ	\vs{17}Καὶ εἶπεν Δαυὶδ πρὸς τὸν Θεόν, Οὐκ ἐγὼ εἶπα τοῦ ἀριθμῆσαι τῷ λαῷ; καὶ ἐγώ εἰμι ὁ ἁμαρτών, κακοποιῶν ἐκακοποίησα, καὶ ταῦτα τὰ πρόβατα τί ἐποίησαν; Κύριε ὁ Θεός, γενηθήτω ἡ χείρ σου ἐν ἐμοὶ καὶ ἐν τῷ οἴκῳ τοῦ πατρός μου, καὶ μὴ ἐν τῷ λαῷ σου εἰς ἀπώλειαν, Κύριε.
13479	ΠΑΡΑΛΕΙΠΟΜΕΝΩΝ Α 21:17	σου εἰς	2	consecutive enclitics	λαῷ	ἀπώλειαν	\vs{17}Καὶ εἶπεν Δαυὶδ πρὸς τὸν Θεόν, Οὐκ ἐγὼ εἶπα τοῦ ἀριθμῆσαι τῷ λαῷ; καὶ ἐγώ εἰμι ὁ ἁμαρτών, κακοποιῶν ἐκακοποίησα, καὶ ταῦτα τὰ πρόβατα τί ἐποίησαν; Κύριε ὁ Θεός, γενηθήτω ἡ χείρ σου ἐν ἐμοὶ καὶ ἐν τῷ οἴκῳ τοῦ πατρός μου, καὶ μὴ ἐν τῷ λαῷ σου εἰς ἀπώλειαν, Κύριε.
13486	ΠΑΡΑΛΕΙΠΟΜΕΝΩΝ Α 21:23	μου ὁ	2	consecutive enclitics	κύριός	βασιλεὺς	\vs{23}Καὶ εἶπεν Ὀρνὰ πρὸς Δαυίδ, Λάβε σεαυτῷ, καὶ ποιησάτω ὁ κύριός μου ὁ βασιλεὺς τὸ ἀγαθὸν ἐναντίον εαὐτοῦ· ἴδε δέδωκα τοὺς μόσχους εἰς ὁλοκαύτωσιν, καὶ τὸ ἄροτρον εἰς ξύλα, καὶ τὸν σῖτον εἰς θυσίαν, τὰ πάντα δέδωκα.
13497	ΠΑΡΑΛΕΙΠΟΜΕΝΩΝ Α 22:1	ἐστιν ὁ	2	consecutive enclitics	Οὗτός	οἶκος	Καὶ εἶπε Δαυὶδ, Οὗτός ἐστιν ὁ οἶκος Κυρίου τοῦ Θεοῦ, καὶ τοῦτο τὸ θυσιαστήριον εἰς ὁλοκαύτωσιν τῷ Ἰσραήλ.
13508	ΠΑΡΑΛΕΙΠΟΜΕΝΩΝ Α 22:10	μοι εἰς	2	consecutive enclitics	ἔσται	υἱὸν	\vs{10}Οὗτος οἰκοδομήσει οἶκον τῷ ὀνόματί μου, καὶ οὗτος ἔσται μοι εἰς υἱὸν, κἀγὼ αὐτῷ εἰς πατέρα, καὶ ἀνορθώσω θρόνον βασιλείας αὐτοῦ ἐν Ἰσραὴλ ἕως αἰῶνος.
13509	ΠΑΡΑΛΕΙΠΟΜΕΝΩΝ Α 22:11	σου ὡς	2	consecutive enclitics	Θεῷ	ἐλάλησε	\vs{11}Καὶ νῦν, υἱέμου, ἔσται μετὰ σοῦ Κύριος, καὶ εὐοδώσει, καὶ οἰκοδομήσεις οἶκον τῷ Κυρίῳ Θεῷ σου. ὡς ἐλάλησε περὶ σοῦ.
13684	ΠΑΡΑΛΕΙΠΟΜΕΝΩΝ Α 27:10	ὁ ἐκ	2	consecutive enclitics	Χελλὴς	Φαλλοῦς	\vs{10}Ὁ ἕβδομος τῷ μηνὶ τῷ ἐβδόμῳ Χελλὴς ὁ ἐκ Φαλλοῦς ἀπὸ τῶν υἱῶν Ἐφραὶμ, καὶ ἑπὶ τῆς διαιρέσεως αὐτοῦ εἴκοσι καὶ τέσσαρες χιλιάδες.
13686	ΠΑΡΑΛΕΙΠΟΜΕΝΩΝ Α 27:12	ὁ ἐξ	2	consecutive enclitics	Ἀβιέζερ	Ἀναθὼθ	\vs{12}Ὁ ἔννατος τῷ μηνὶ τῷ ἐννάτῳ Ἀβιέζερ ὁ ἐξ Ἀναθὼθ ὁ ἐκ γῆς Βενιαμὶν, καὶ ἐπὶ τῆς διαιρέσεως αὐτοῦ τέσσαρες καὶ εἴκοσι χιλιάδες.
13686	ΠΑΡΑΛΕΙΠΟΜΕΝΩΝ Α 27:12	ὁ ἐκ	2	consecutive enclitics	Ἀναθὼθ	γῆς	\vs{12}Ὁ ἔννατος τῷ μηνὶ τῷ ἐννάτῳ Ἀβιέζερ ὁ ἐξ Ἀναθὼθ ὁ ἐκ γῆς Βενιαμὶν, καὶ ἐπὶ τῆς διαιρέσεως αὐτοῦ τέσσαρες καὶ εἴκοσι χιλιάδες.
13687	ΠΑΡΑΛΕΙΠΟΜΕΝΩΝ Α 27:13	ὁ ἐκ	2	consecutive enclitics	Μεηρὰ	Νετωφαθὶ	\vs{13}Ὁ δέκατος τῷ μηνὶ τῷ δεκάτῳ Μεηρὰ ὁ ἐκ Νετωφαθὶ τῷ Ζαραῒ, καὶ ἐπὶ τῆς διαιρέσεως αὐτοῦ εἴκοσι καὶ τέσσαρες χιλιάδες.
13688	ΠΑΡΑΛΕΙΠΟΜΕΝΩΝ Α 27:14	ὁ ἐκ	2	consecutive enclitics	Βαναίας	Φαραθὼν	\vs{14}Ὁ ἑνδέκατος τῷ μηνὶ τῷ ἑνδεκάτῳ Βαναίας ὁ ἐκ Φαραθὼν ἐκ τῶν υἱῶν Ἐφραὶμ, καὶ ἐπὶ τῆς διαιρέσεως αὐτοῦ εἴκοσι καὶ τέσσαρες χιλιάδες.
13689	ΠΑΡΑΛΕΙΠΟΜΕΝΩΝ Α 27:15	ὁ ἐκ	2	consecutive enclitics	Χολδία	Νετωφαθὶ	\vs{15}Ὁ δωδέκατος εἰς τὸν μῆνα τὸν δωδέκατον Χολδία ὁ ἐκ Νετωφαθὶ τῷ Γοθονιὴλ, καὶ ἐπὶ τῆς διαιρέσεως αὐτοῦ εἴκοσι καὶ τέσσαρες χιλιάδες.
13704	ΠΑΡΑΛΕΙΠΟΜΕΝΩΝ Α 27:27	ὁ ἐκ	2	consecutive enclitics	Σεμεῒ	Ῥαὴλ	\vs{27}Καὶ ἐπὶ τῶν χωρίων, Σεμεῒ ὁ ἐκ Ῥαὴλ, καὶ ἐπὶ τῶν θησαυρῶν τῶν ἐν τοῖς χωρίοις τοῦ οἴνου, Ζαβδὶ ὁ τοῦ Σεφνί.
13707	ΠΑΡΑΛΕΙΠΟΜΕΝΩΝ Α 27:30	ὁ ἐκ	2	consecutive enclitics	Ἰαδίας	Μεραθών	\vs{30}Ἐπὶ δὲ τῶν καμήλων, Ἀβίας ὁ Ἰσμαηλίτης· ἐπὶ δὲ τῶν ὄνων, Ἰαδίας ὁ ἐκ Μεραθών.
13718	ΠΑΡΑΛΕΙΠΟΜΕΝΩΝ Α 28:3	μου ἐπ	2	consecutive enclitics	ὄνομά	αὐτῷ	\vs{3}Καὶ ὁ Θεὸς εἶπεν, οὐκ οἰκοδομήσεις ἐμοὶ οἶκον τοῦ ἐπονομάσαι τὸ ὄνομά μου ἐπʼ αὐτῷ, ὅτι ἄνθρωπος πολεμιστὴς εἶ σὺ, καὶ αἷμα ἐξέχεας.
13719	ΠΑΡΑΛΕΙΠΟΜΕΝΩΝ Α 28:4	μου ἐν	2	consecutive enclitics	πατρός	ἐμοὶ	\vs{4}Καὶ ἐξελέξατο Κύριος ὁ Θεὸς Ἰσραὴλ ἐν ἐμοὶ ἀπὸ παντὸς οἴκου πατρός μου εἶναι βασιλέα ἐπὶ Ἰσραὴλ εἰς τὸν αἰῶνα, καὶ ἐν Ἰούδα ᾑρέτικε τὸ βασίλειον, καὶ ἐξ οἴκου Ἰούδα τὸν οἶκον τοῦ πατρός μου· καὶ ἐν τοῖς υἱοῖς τοῦ πατρός μου, ἐν ἐμοὶ ἠθέλησε τοῦ γενέσθαι με εἰς βασιλέα ἐπὶ παντὶ Ἰσραήλ.
13719	ΠΑΡΑΛΕΙΠΟΜΕΝΩΝ Α 28:4	με εἰς	2	consecutive enclitics	γενέσθαι	βασιλέα	\vs{4}Καὶ ἐξελέξατο Κύριος ὁ Θεὸς Ἰσραὴλ ἐν ἐμοὶ ἀπὸ παντὸς οἴκου πατρός μου εἶναι βασιλέα ἐπὶ Ἰσραὴλ εἰς τὸν αἰῶνα, καὶ ἐν Ἰούδα ᾑρέτικε τὸ βασίλειον, καὶ ἐξ οἴκου Ἰούδα τὸν οἶκον τοῦ πατρός μου· καὶ ἐν τοῖς υἱοῖς τοῦ πατρός μου, ἐν ἐμοὶ ἠθέλησε τοῦ γενέσθαι με εἰς βασιλέα ἐπὶ παντὶ Ἰσραήλ.
13721	ΠΑΡΑΛΕΙΠΟΜΕΝΩΝ Α 28:6	μοι ὁ	2	consecutive enclitics	εἶπέ	Θεὸς	\vs{6}Καὶ εἶπέ μοι ὁ Θεὸς, Σαλωμὼν ὁ υἱός σου οἰκοδομήσει τὸν οἶκόν μου καὶ τὴν αὐλήν μου, ὅτι ᾑρέτικα ἐν αὐτῷ εἶναί μου υἱὸν, κᾀγὼ ἔσομαι αὐτῷ εἰς πατέρα.
13725	ΠΑΡΑΛΕΙΠΟΜΕΝΩΝ Α 28:9	σε εἰς	2	consecutive enclitics	καταλείψει	τέλος	\vs{9}Καὶ νῦν Σαλωμὼν υἱὲ, γνῶθι τὸν Θεὸν τῶν πατέρων σου, καὶ δούλευε αὐτῷ ἐν καρδίᾳ τελείᾳ· καὶ ψυχῇ θελούσῃ, ὅτι πάσας καρδίας ἐτάζει Κύριος, καὶ πᾶν ἐνθύμημα γινώσκει· ἐὰν ζητήσῃς αὐτὸν, εὑρεθήσεταί σοι, καὶ ἐὰν καταλείψῃς αὐτὸν, καταλείψει σε εἰς τέλος.
13742	ΠΑΡΑΛΕΙΠΟΜΕΝΩΝ Α 29:1	μου εἰς	2	consecutive enclitics	υἱός	ὃν	Καὶ εἶπε Δαυὶδ ὁ βασιλεὺς πάσῃ τῇ ἐκκλησίᾳ, Σαλωμὼν ὁ υἱός μου, εἰς ὃν ᾑρέτικεν ἐν αὐτῷ Κύριος, νέος καὶ ἁπαλὸς, καὶ τὸ ἔργον μέγα, ὅτι οὐκ ἀνθρώπῳ, ἀλλʼ ἢ Κυρίῳ Θεῷ.
13744	ΠΑΡΑΛΕΙΠΟΜΕΝΩΝ Α 29:3	με ἐν	2	consecutive enclitics	εὐδοκῆσαί	οἴκῳ	\vs{3}Καὶ ἔτι ἐν τῷ εὐδοκῆσαί με ἐν οἴκῳ Θεοῦ μου, ἔστι μοι ὃ περιπεποίημαι χρυσίον καὶ ἀργύριον, καὶ ἰδοὺ δέδωκα εἰς οἶκον Θεοῦ μου εἰς ὕψος, ἐκτὸς ὧν ἡτοίμακα εἰς τὸν οἶκον τῶν ἁγίων,
13744	ΠΑΡΑΛΕΙΠΟΜΕΝΩΝ Α 29:3	μου εἰς	2	consecutive enclitics	Θεοῦ	ὕψος	\vs{3}Καὶ ἔτι ἐν τῷ εὐδοκῆσαί με ἐν οἴκῳ Θεοῦ μου, ἔστι μοι ὃ περιπεποίημαι χρυσίον καὶ ἀργύριον, καὶ ἰδοὺ δέδωκα εἰς οἶκον Θεοῦ μου εἰς ὕψος, ἐκτὸς ὧν ἡτοίμακα εἰς τὸν οἶκον τῶν ἁγίων,
13760	ΠΑΡΑΛΕΙΠΟΜΕΝΩΝ Α 29:16	σου ἐκ	2	consecutive enclitics	ἁγίῳ	χειρός	\vs{16}Κύριε ὁ Θεὸς ἡμῶν, πρὸς πᾶν τὸ πλῆθος τοῦτο ὃ ἡτοίμακα οἰκοδομηθῆναι οἶκον τῷ ὀνόματι τῷ ἁγίῳ σου, ἐκ χειρός σου ἐστὶ, καὶ σοὶ τὰ πάντα.
13762	ΠΑΡΑΛΕΙΠΟΜΕΝΩΝ Α 29:18	σου εἰς	2	consecutive enclitics	λαοῦ	τὸν	\vs{18}Κύριε ὁ Θεὸς Ἁβραὰμ, καὶ Ἰσαὰκ, καὶ Ἰσραὴλ, τῶν πατέρων ἡμῶν, φύλαξον ταῦτα ἐν διανοίᾳ καρδίας λαοῦ σου εἰς τὸν αἰῶνα, καὶ κατεύθυνον τὰς καρδίας αὐτῶν πρὸς σέ.
13792	ΠΑΡΑΛΕΙΠΟΜΕΝΩΝ Β 1:8	με ἀντ	2	consecutive enclitics	ἐβασίλευσάς	αὐτοῦ	\vs{8}Καὶ εἶπε Σαλωμὼν πρὸς τὸν Θεὸν, σὺ ἐποίησας μετὰ Δαυὶδ τοῦ πατρός μου ἔλεος μέγα, καὶ ἐβασίλευσάς με ἀντʼ αὐτοῦ.
13793	ΠΑΡΑΛΕΙΠΟΜΕΝΩΝ Β 1:9	ὡς ὁ	2	consecutive enclitics	πολὺν	χοῖς	\vs{9}Καὶ νῦν, Κύριε ὁ Θεὸς, πιστωθήτω δὴ τὸ ὄνομά σου ἐπὶ Δαυὶδ τὸν πατέρα μου, ὅτι σὺ ἐβασίλευσάς με ἐπὶ λαὸν πολὺν, ὡς ὁ χοῖς τῆς γῆς.
13796	ΠΑΡΑΛΕΙΠΟΜΕΝΩΝ Β 1:11	μου ἐφ	2	consecutive enclitics	λαόν	ὃν	\vs{11}Καὶ εἶπεν ὁ Θεὸς πρὸς Σαλωμὼν, ἀνθʼ ὧν ἐγένετο τοῦτο ἐν τῇ καρδίᾳ σου, καὶ οὐκ ᾐτήσω πλοῦτον χρημάτων, οὐδὲ δόξαν, οὐδὲ τὴν ψυχὴν τῶν ὑπεναντίων, καὶ ἡμέρας πολλὰς οὐκ ᾐτήσω, καὶ ᾔτησας σεαυτῷ σοφίαν καὶ σύνεσιν, ὅπως κρίνῃς τὸν λαόν μου, ἐφʼ ὃν ἐβασίλευσά σε ἐπʼ αὐτὸν,
13796	ΠΑΡΑΛΕΙΠΟΜΕΝΩΝ Β 1:11	σε ἐπ	2	consecutive enclitics	ἐβασίλευσά	αὐτὸν	\vs{11}Καὶ εἶπεν ὁ Θεὸς πρὸς Σαλωμὼν, ἀνθʼ ὧν ἐγένετο τοῦτο ἐν τῇ καρδίᾳ σου, καὶ οὐκ ᾐτήσω πλοῦτον χρημάτων, οὐδὲ δόξαν, οὐδὲ τὴν ψυχὴν τῶν ὑπεναντίων, καὶ ἡμέρας πολλὰς οὐκ ᾐτήσω, καὶ ᾔτησας σεαυτῷ σοφίαν καὶ σύνεσιν, ὅπως κρίνῃς τὸν λαόν μου, ἐφʼ ὃν ἐβασίλευσά σε ἐπʼ αὐτὸν,
13797	ΠΑΡΑΛΕΙΠΟΜΕΝΩΝ Β 1:12	σοι ἐν	2	consecutive enclitics	ὅμοιός	τοῖς	\vs{12}τὴν σοφίαν καὶ τὴν σύνεσιν δίδωμί σοι, καὶ πλοῦτον καὶ χρήματα καὶ δόξαν δώσω σοι, ὡς οὐκ ἐγενήθη ὅμοιός σοι ἐν τοῖς βασιλεῦσι τοῖς ἔμπροσθέν σου, καὶ μετὰ σὲ οὐκ ἔσται οὕτως.
13815	ΠΑΡΑΛΕΙΠΟΜΕΝΩΝ Β 2:7	ὡς οἱ	2	consecutive enclitics	οἶδα	δοῦλοί	\vs{7}Καὶ ἀπόστειλόν μοι ξύλα κέδρινα καὶ ἀρκεύθινα καὶ πεύκινα ἐκ τοῦ Λιβάνου, ὅτι ἐγὼ οἶδα ὡς οἱ δοῦλοί σου οἴδασι κόπτειν ξύλα ἐκ τοῦ Λιβάνου· καὶ ἰδοὺ οἱ παῖδές σου μετὰ τῶν παίδων μου
13819	ΠΑΡΑΛΕΙΠΟΜΕΝΩΝ Β 2:10	σε ἐπ	2	consecutive enclitics	ἔδωκέ	αὐτοὺς	\vs{10}Καὶ εἶπε Χιρὰμ βασιλεὺς Τύρου ἐν γραφῇ, καὶ ἀνέστειλε πρὸς Σαλωμὼν, λέγων, ἐν τῷ ἀγαπῆσαι Κύριον τὸν λαὸν αὐτοῦ, ἔδωκέ σε ἐπʼ αὐτοὺς βασιλέα.
13904	ΠΑΡΑΛΕΙΠΟΜΕΝΩΝ Β 6:5	μου ἐκ	2	consecutive enclitics	λαόν	γῆς	\vs{5}ἀπὸ τῆς ἡμέρας ἧς ἀνήγαγον τὸν λαόν μου ἐκ γῆς Αἰγύπτου, οὐκ ἐξελεξάμην ἐν πόλει ἀπὸ πασῶν φυλῶν Ἰσραὴλ, τοῦ οἰκοδομῆσαι οἶκον τοῦ εἶναι τὸ ὄνομά μου ἐκεῖ, καὶ οὐκ ἐξελεξάμην ἐν ἀνδρὶ τοῦ εἶναι εἰς ἡγούμενον ἐπὶ τὸν λαόν μου Ἰσραήλ·
13916	ΠΑΡΑΛΕΙΠΟΜΕΝΩΝ Β 6:14	σου ἐν	2	consecutive enclitics	ἐναντίον	ὅλῃ	Κύριε ὁ Θεὸς Ἰσραὴλ, οὐκ ἔστιν ὅμοιός σοι Θεὸς ἐν οὐρανῷ καὶ ἐπὶ τῆς γῆς, φυλάσσων τὴν διαθήκην καὶ τὸ ἔλεος τοῖς παισὶ σου τοῖς πορευομένοις ἐναντίον σου ἐν ὅλῃ καρδίᾳ·
13917	ΠΑΡΑΛΕΙΠΟΜΕΝΩΝ Β 6:15	ὡς ἡ	2	consecutive enclitics	ἐπλήρωσας	ἡμέρα	\vs{15}Ἃ ἐφύλαξας τῷ παιδί σου Δαυὶδ τῷ πατρί μου, ἃ ἐλάλησας αὐτῷ, λέγων· καὶ ἐλάλησας ἐν στόματί σου, καὶ ἐν χερσί σου ἐπλήρωσας, ὡς ἡ ἡμέρα αὕτη.
13918	ΠΑΡΑΛΕΙΠΟΜΕΝΩΝ Β 6:16	μου ὡς	2	consecutive enclitics	νόμῳ	ἐπορεύθης	\vs{16}Καὶ νῦν, Κύριε ὁ Θεὸς Ἰσραὴλ, φύλαξον τῷ παιδί σου τῷ Δαυὶδ τῷ πατρί μου ἃ ἐλάλησας αὐτῷ, λέγων, οὐκ ἐκλείψει σοι ἀνὴρ ἀπὸ προσώπου μου καθήμενος ἐπὶ θρόνου Ἰσραὴλ, πλὴν ἐὰν φυλάξωσιν οἱ υἱοί σου τὴν ὁδὸν αὐτῶν τοῦ πορεύεσθαι ἐν τῷ νόμῳ μου, ὡς ἐπορεύθης ἐναντίον μου.
13921	ΠΑΡΑΛΕΙΠΟΜΕΝΩΝ Β 6:18	εἰ ὁ	2	consecutive enclitics	γῆς	οὐρανὸς	\vs{18}Ὅτι εἰ ἀληθῶς κατοικήσει Θεὸς μετὰ ἀνθρώπων ἐπὶ τῆς γῆς; εἰ ὁ οὐρανὸς καὶ ὁ οὐρανὸς τοῦ οὐρανοῦ οὐκ ἀρκέσουσί σοι, καὶ τίς ὁ οἶκος οὗτος ὃν ᾠκοδόμησα;
13923	ΠΑΡΑΛΕΙΠΟΜΕΝΩΝ Β 6:20	σου εἰς	2	consecutive enclitics	παῖς	τὸν	\vs{20}τοῦ εἶναι ὀφθαλμούς σου ἀνεῳγμένους ἐπὶ τὸν οἶκον τοῦτον ἡμέρας καὶ νυκτὸς εἰς τὸν τόπον τοῦτον, ὃν εἶπας ἐπικληθῆναι τὸ ὄνομά σου ἐκεῖ, τοῦ ἀκοῦσαι τῆς προσευχῆς ἧς προσεύχεται ὁ παῖς σου εἰς τὸν τόπον τοῦτον·
13924	ΠΑΡΑΛΕΙΠΟΜΕΝΩΝ Β 6:21	σου ἐκ	2	consecutive enclitics	κατοικήσεώς	τοῦ	\vs{21}Καὶ ἀκούσῃ τῆς δεήσεως τοῦ παιδός σου, καὶ λαοῦ σου Ἰσραὴλ, ἃ ἂν προσεύξωνται εἰς τὸν τόπον τοῦτον· καὶ σὺ εἰσακούσῃ ἐν τῷ τόπῳ τῆς κατοικήσεώς σου ἐκ τοῦ οὐρανοῦ, καὶ ἀκούσῃ καὶ ἵλεως ἔσῃ.
13929	ΠΑΡΑΛΕΙΠΟΜΕΝΩΝ Β 6:24	σου ἐν	2	consecutive enclitics	ἐναντίον	τῷ	\vs{24}Καὶ ἐὰν θραυσθῇ ὁ λαός σου Ἰσραὴλ κατέναντι τοῦ ἐχθροῦ, ἐὰν ἁμάρτωσί σοι, καὶ ἐπιστρέψωσι καὶ ἐξομολογήσωνται τῷ ὀνόματί σου, καὶ προσεύξωνται καὶ δεηθῶσιν ἐναντίον σου ἐν τῷ οἴκῳ τούτῳ,
13933	ΠΑΡΑΛΕΙΠΟΜΕΝΩΝ Β 6:27	σου εἰς	2	consecutive enclitics	λαῷ	κληρονομίαν	\vs{27}καὶ σὺ εἰσακούσῃ ἐκ τοῦ οὐρανοῦ, καὶ ἵλεως ἔσῃ ταῖς ἁμαρτίαις τῶν παίδων καὶ τοῦ λαοῦ σου Ἰσραὴλ, ὅτι δηλώσεις αὐτοῖς τὴν ὁδὸν τὴν ἀγαθὴν, ἐν ᾗ πορεύσονται ἐν αὐτῇ, καὶ δώσεις ὑετὸν ἐπὶ τὴν γῆν σου, ἣν ἔδωκας τῷ λαῷ σου εἰς κληρονομίαν.
13940	ΠΑΡΑΛΕΙΠΟΜΕΝΩΝ Β 6:32	οὐκ ἐκ	2	consecutive enclitics	ὃς	τοῦ	\vs{32}Καὶ πᾶς ἀλλότριος ὃς οὐκ ἐκ τοῦ λαοῦ σου Ἰσραήλ ἐστιν αὐτὸς, καὶ ἔλθῃ ἐκ γῆς μακρόθεν διὰ τὸ ὄνομά σου τὸ μέγα, καὶ τὴν χεῖρά σου τὴν κραταιὰν, καὶ τὸν βραχίονά σου τὸν ὑψηλὸν, καὶ ἔλθωσι καὶ προσεύξωνται εἰς τὸν τόπον τοῦτον,
13941	ΠΑΡΑΛΕΙΠΟΜΕΝΩΝ Β 6:33	σε ὁ	2	consecutive enclitics	ἐπικαλέσηταί	ἀλλότριος	\vs{33}καὶ σὺ εἰσακούσῃ ἐκ τοῦ οὐρανοῦ ἐξ ἑτοίμου κατοικητηρίου σου, καὶ ποιήσεις κατὰ πάντα ὅσα ἂν ἐπικαλέσηταί σε ὁ ἀλλότριος, ὅπως γνῶσι πάντες οἱ λαοὶ τῆς γῆς τὸ ὄνομά σου, καὶ τοῦ φοβεῖσθαί σε, ὡς ὁ λαός σου Ἰσραὴλ, καὶ τοῦ γνῶναι ὅτι τὸ ὄνομά σου ἐπικέκληται ἐπὶ τὸν οἶκον τοῦτον, ὃν ᾠκοδόμησα.
13943	ΠΑΡΑΛΕΙΠΟΜΕΝΩΝ Β 6:34	σου εἰς	2	consecutive enclitics	λαός	πόλεμον	\vs{34}Ἐὰν δὲ ἐξέλθῃ ὁ λαός σου εἰς πόλεμον ἐπὶ τοὺς ἐχθροὺς αὐτοῦ ἐν ὁδῷ ᾗ ἀποστελεῖς αὐτούς, καὶ προσεύξωνται πρὸς σὲ κατὰ τὴν ὁδὸν τῆς πόλεως ταύτης ἣν ἐξελέξω ἐν αὐτῇ, καὶ οἴκου οὗ ᾠκοδόμηκα τῷ ὀνόματί σου,
13947	ΠΑΡΑΛΕΙΠΟΜΕΝΩΝ Β 6:37	σου ἐν	2	consecutive enclitics	δεηθῶσί	τῇ	\vs{37}καὶ ἐπιστρέψωσι καρδίαν αὐτῶν ἐν τῇ γῇ αὐτῶν οὗ μετήχθησαν ἐκεῖ, καί γε ἐπιστρέψωσι καὶ δεηθῶσί σου ἐν τῇ αἰχμαλωσίᾳ αὐτῶν, λέγοντες, ἡμάρτομεν, ἠνομήσαμεν, ἠδικήσαμεν,
13973	ΠΑΡΑΛΕΙΠΟΜΕΝΩΝ Β 7:14	μου ἐφ	2	consecutive enclitics	λαός	οὓς	\vs{14}καὶ ἐὰν ἐντραπῇ ὁ λαός μου ἐφʼ οὓς ἐπικέκληται τὸ ὄνομά μου ἐπʼ αὐτοὺς, καὶ προσεύξωνται καὶ ζητήσωσι τὸ πρόσωπόν μου, καὶ ἀποστρέψωσιν ἀπὸ τῶν ὁδῶν αὐτῶν τῶν πονηρῶν, καὶ ἐγὼ εἰσακούσομαι ἐκ τοῦ οὐρανοῦ, καὶ ἵλεως ἔσομαι ταῖς ἁμαρτίαις αὐτῶν, καὶ ἰάσομαι τὴν γῆν αὐτῶν.
13973	ΠΑΡΑΛΕΙΠΟΜΕΝΩΝ Β 7:14	μου ἐπ	2	consecutive enclitics	ὄνομά	αὐτοὺς	\vs{14}καὶ ἐὰν ἐντραπῇ ὁ λαός μου ἐφʼ οὓς ἐπικέκληται τὸ ὄνομά μου ἐπʼ αὐτοὺς, καὶ προσεύξωνται καὶ ζητήσωσι τὸ πρόσωπόν μου, καὶ ἀποστρέψωσιν ἀπὸ τῶν ὁδῶν αὐτῶν τῶν πονηρῶν, καὶ ἐγὼ εἰσακούσομαι ἐκ τοῦ οὐρανοῦ, καὶ ἵλεως ἔσομαι ταῖς ἁμαρτίαις αὐτῶν, καὶ ἰάσομαι τὴν γῆν αὐτῶν.
13977	ΠΑΡΑΛΕΙΠΟΜΕΝΩΝ Β 7:17	μου ὡς	2	consecutive enclitics	ἐναντίον	Δαυὶδ	\vs{17}Καὶ σὺ ἐὰν πορευθῇς ἐναντίον μου ὡς Δαυὶδ ὁ πατήρ σου, καὶ ποιήσῃς κατὰ πάντα ἃ ἐνετειλάμην σοι, καὶ τὰ προστάγματά μου καὶ τὰ κρίματά μου φυλάξῃ,
13978	ΠΑΡΑΛΕΙΠΟΜΕΝΩΝ Β 7:18	σου ὡς	2	consecutive enclitics	βασιλείας	διεθέμην	\vs{18}καὶ ἀναστήσω τὸν θρόνον τῆς βασιλείας σου ὡς διεθέμην Δαυὶδ τῷ πατρί σου, λέγων, οὐκ ἐξαρθήσεταί σοι ἡγούμενος ἀνὴρ ἐν Ἰσραήλ.
13999	ΠΑΡΑΛΕΙΠΟΜΕΝΩΝ Β 8:11	μου ἐν	2	consecutive enclitics	γυνή	πόλει	\vs{11}Καὶ τὴν θυγατέρα Φαραὼ ἀνήγαγε Σαλωμὼν ἐκ πόλεως Δαυὶδ εἰς τὸν οἶκον ὃν ᾠκοδόμησεν αὐτῇ, ὅτι εἶπεν, οὐ κατοικήσει ἡ γυνή μου ἐν πόλει Δαυὶδ τοῦ βασιλέως Ἰσραὴλ, ὅτι ἅγιός ἐστιν οὗ εἰσῆλθεν ἐκεῖ κιβωτὸς Κυρίου.
14019	ΠΑΡΑΛΕΙΠΟΜΕΝΩΝ Β 9:8	σου ἐν	2	consecutive enclitics	Θεῷ	τῷ	\vs{8}Ἔστω Κύριος ὁ Θεός σου εὐλογημένος, ὃς ἠθέλησεν ἐν σοὶ τοῦ δοῦναί σε ἐπὶ θρόνον αὐτοῦ εἰς βασιλέα Κυρίῳ Θεῷ σου· ἐν τῷ ἀγαπῆσαι Κύριον τὸν Θεόν σου τὸν Ἰσραὴλ τοῦ στῆσαι αὐτὸν εἰς αἰῶνα, καὶ ἔδωκέ σε ἐπʼ αὐτοὺς εἰς βασιλέα τοῦ ποιῆσαι κρίμα καὶ δικαιοσύνην.
14019	ΠΑΡΑΛΕΙΠΟΜΕΝΩΝ Β 9:8	σε ἐπ	2	consecutive enclitics	ἔδωκέ	αὐτοὺς	\vs{8}Ἔστω Κύριος ὁ Θεός σου εὐλογημένος, ὃς ἠθέλησεν ἐν σοὶ τοῦ δοῦναί σε ἐπὶ θρόνον αὐτοῦ εἰς βασιλέα Κυρίῳ Θεῷ σου· ἐν τῷ ἀγαπῆσαι Κύριον τὸν Θεόν σου τὸν Ἰσραὴλ τοῦ στῆσαι αὐτὸν εἰς αἰῶνα, καὶ ἔδωκέ σε ἐπʼ αὐτοὺς εἰς βασιλέα τοῦ ποιῆσαι κρίμα καὶ δικαιοσύνην.
14062	ΠΑΡΑΛΕΙΠΟΜΕΝΩΝ Β 10:9	σου ἐφ	2	consecutive enclitics	πατήρ	ἡμᾶς	\vs{9}Καὶ εἶπεν αὐτοῖς, τί ὑμεῖς βουλεύεσθε, καὶ ἀποκριθήσομαι λόγον τῷ λαῷ τούτῳ, οἳ ἐλάλησαν πρὸς μὲ, λέγοντες, ἄνες ἀπὸ τοῦ ζυγοῦ οὗ ἔδωκεν ὁ πατήρ σου ἐφʼ ἡμᾶς;
14114	ΠΑΡΑΛΕΙΠΟΜΕΝΩΝ Β 12:7	μου ἐν	2	consecutive enclitics	θυμός	Ἱερουσαλὴμ	\vs{7}Καὶ ἐν τῷ ἰδεῖν Κύριον ὅτι ἐνετράπησαν, καὶ ἐγένετο λόγος Κυρίου πρὸς Σαμαίαν, λέγων, ἐνετράπησαν, οὐ καταφθερῶ αὐτοὺς, καὶ δώσω αὐτοὺς ὡς μικρὸν εἰς σωτηρίαν, καὶ οὐ μὴ στάξῃ ὁ θυμός μου ἐν Ἱερουσαλὴμ·
14120	ΠΑΡΑΛΕΙΠΟΜΕΝΩΝ Β 12:12	οὐκ εἰς	2	consecutive enclitics	καὶ	καταφθορὰν	\vs{12}Καὶ ἐν τῷ ἐντραπῆναι αὐτὸν, ἀπεστράφη ἀπʼ αὐτοῦ ὀργὴ Κυρίου, καὶ οὐκ εἰς καταφθορὰν εἰς τέλος· καὶ γὰρ ἐν Ἰούδα ἦσαν λόγοι ἀγαθοί.
14135	ΠΑΡΑΛΕΙΠΟΜΕΝΩΝ Β 13:4	ἐστιν ἐν	2	consecutive enclitics	ὅ	τῷ	\vs{4}Καὶ ἀνέστη Ἀβιὰ ἀπὸ τοῦ ὄρους Σομόρων, ὅ ἐστιν ἐν τῷ ὄρει Ἐφραὶμ, καὶ εἶπεν, ἀκούσατε Ἱεροβοὰμ καὶ πᾶς Ἰσραήλ·
14180	ΠΑΡΑΛΕΙΠΟΜΕΝΩΝ Β 15:3	ἐν οὐ	2	consecutive enclitics	Ἰσραὴλ	Θεῷ	\vs{3}Καὶ ἡμέραι πολλαὶ τῷ Ἰσραὴλ ἐν οὐ Θεῷ ἀληθινῷ, καὶ οὐχ ἱερέως ὑποδεικνῦντος, καὶ ἐν οὐ νόμῳ.
14180	ΠΑΡΑΛΕΙΠΟΜΕΝΩΝ Β 15:3	ἐν οὐ	2	consecutive enclitics	καὶ	νόμῳ	\vs{3}Καὶ ἡμέραι πολλαὶ τῷ Ἰσραὴλ ἐν οὐ Θεῷ ἀληθινῷ, καὶ οὐχ ἱερέως ὑποδεικνῦντος, καὶ ἐν οὐ νόμῳ.
14197	ΠΑΡΑΛΕΙΠΟΜΕΝΩΝ Β 15:17	ἀλλ ἡ	2	consecutive enclitics	Ἰσραήλ	καρδία	\vs{17}Πλὴν τὰ ὑψηλὰ οὐκ ἀπέστησαν, ἔτι ὑπῆρχεν ἐν τῷ Ἰσραήλ· ἀλλʼ ἡ καρδία Ἀσὰ ἐγένετο πλήρης πάσας τὰς ἡμέρας αὐτοῦ.
14213	ΠΑΡΑΛΕΙΠΟΜΕΝΩΝ Β 16:8	Οὐχ οἱ	2	consecutive enclitics		Αἰθίοπες	\vs{8}Οὐχ οἱ Αἰθίοπες καὶ Λίβυες ἦσαν εἰς δύναμιν πολλὴν, εἰς θάρσος, εἰς ἱππεῖς, εἰς πλῆθος σφόδρα; καὶ ἐν τῷ πεποιθέναι σε ἐπὶ Κύριον παρέδωκεν εἰς τὰς χεῖράς σου;
14227	ΠΑΡΑΛΕΙΠΟΜΕΝΩΝ Β 17:4	οὐχ ὡς	2	consecutive enclitics	καὶ	τὰ	\vs{4}ἀλλὰ Κύριον τὸν Θεὸν τοῦ πατρὸς αὐτοῦ ἐξεζήτησε, καὶ ἐν ταῖς ἐντολαῖς τοῦ πατρὸς αὐτοῦ ἐπορεύθη, καὶ οὐχ ὡς τὰ ἔργα τοῦ Ἰσραήλ.
14232	ΠΑΡΑΛΕΙΠΟΜΕΝΩΝ Β 17:8	οἱ μετ	2	consecutive enclitics	καὶ	αὐτῶν	\vs{8}Καὶ μετʼ αὐτῶν οἱ Λευῖται, Σαμαίας, καὶ Ναθανίας, καὶ Ζαβδίας, καὶ Ἀσιὴλ, καὶ Σεμιραμὼθ, καὶ Ἰωνάθαν, καὶ Ἀδωνίας, καὶ Τωβίας, καὶ Τωβαδωνίας, Λευῖται, καὶ οἱ μετʼ αὐτῶν Ἐλισαμὰ, καὶ Ἰωρὰμ, οἱ ἱερεῖς.
14250	ΠΑΡΑΛΕΙΠΟΜΕΝΩΝ Β 18:3	ὡς ὁ	2	consecutive enclitics	σύ	λαός	\vs{3}Καὶ εἶπεν Ἀχαὰβ βασιλεὺς Ἰσραὴλ πρὸς Ἰωσαφὰτ βασιλέα Ἰούδα, εἰ πορεύσῃ μετʼ ἐμοῦ εἰς Ῥαμὼθ τῆς Γαλααδίτιδος; καὶ εἶπεν αὐτῷ, ὡς ἐγὼ, οὕτω καὶ σύ· ὡς ὁ λαός σου, καὶ ὁ λαός μου μετὰ σοῦ εἰς πόλεμον.
14262	ΠΑΡΑΛΕΙΠΟΜΕΝΩΝ Β 18:12	σου ὡς	2	consecutive enclitics	λόγοι	ἑνὸς	\vs{12}Καὶ ὁ ἄγγελος ὁ πορευθεὶς τοῦ καλέσαι τὸν Μιχαίαν, ἐλάλησεν αὐτῷ, λέγων, ἰδοὺ ἐλάλησαν οἱ προφῆται ἐν στόματι ἑνὶ ἀγαθὰ περὶ τοῦ βασιλέως, καὶ ἔστωσαν δὴ οἱ λόγοι σου ὡς ἑνὸς αὐτῶν, καὶ λαλήσεις ἀγαθά.
14280	ΠΑΡΑΛΕΙΠΟΜΕΝΩΝ Β 18:26	με ἐν	2	consecutive enclitics	ἐπιστρέψαι	εἰρήνῃ	\vs{26}καὶ ἐρεῖτε, οὕτως εἶπεν ὁ βασιλεὺς, ἀπόθεσθε τοῦτον εἰς οἶκον φυλακῆς, καὶ ἐσθιέτω ἄρτον θλίψεως καὶ ὕδωρ θλίψεως, ἕως τοῦ ἐπιστρέψαι με ἐν εἰρήνῃ.
14288	ΠΑΡΑΛΕΙΠΟΜΕΝΩΝ Β 18:33	με ἐκ	2	consecutive enclitics	ἐξάγαγέ	τοῦ	\vs{33}Καὶ ἀνὴρ ἔτεινε τόξον εὐστόχως, καὶ ἐπάταξε τὸν βασιλέα Ἰσραὴλ ἀναμέσον τοῦ πνεύμονος καὶ ἀναμέσον τοῦ θώρακος· καὶ εἶπε τῷ ἡνίοχῳ, ἐπίστρεφε τὴν χεῖρά σου, ἐξάγαγέ με ἐκ τοῦ πολέμου, ὅτι ἐπόνεσα.
14301	ΠΑΡΑΛΕΙΠΟΜΕΝΩΝ Β 19:8	γε ἐν	2	consecutive enclitics	Καί	Ἱερουσαλὴμ	\vs{8}Καί γε ἐν Ἱερουσαλὴμ κατέστησεν Ἰωσαφὰτ τῶν ἱερέων καὶ τῶν Λευιτῶν καὶ τῶν πατριαρχῶν Ἰσραὴλ εἰς κρίσιν Κυρίου, καὶ κρίνειν τοὺς κατοικοῦντας ἐν Ἱερουσαλήμ.
14308	ΠΑΡΑΛΕΙΠΟΜΕΝΩΝ Β 20:2	εἰσιν ἐν	2	consecutive enclitics	ἰδού	Ἀσασὰν	\vs{2}Καὶ ἦλθον καὶ ὑπέδειξαν τῷ Ἰωσαφὰτ, λέγοντες, ἥκει ἐπὶ σὲ πλῆθος πολὺ ἐκ πέραν τῆς θαλάσσης ἀπὸ Συρίας, καὶ ἰδού εἰσιν ἐν Ἀσασὰν Θαμὰρ, αὕτη ἐστὶν Ἐγγαδί.
14314	ΠΑΡΑΛΕΙΠΟΜΕΝΩΝ Β 20:7	σου εἰς	2	consecutive enclitics	ἠγαπημένῳ	τὸν	\vs{7}Οὐχὶ σὺ ὁ Κύριος ὁ ἐξολοθρεύσας τοὺς κατοικοῦντας τὴν γῆν ταύτην ἀπὸ προσώπου τοῦ λαοῦ σου Ἰσραὴλ, καὶ ἔδωκας αὐτὴν σπέρματι Ἁβραὰμ τῷ ἠγαπημένῳ σου εἰς τὸν αἰῶνα;
14323	ΠΑΡΑΛΕΙΠΟΜΕΝΩΝ Β 20:15	ἐστιν ἡ	2	consecutive enclitics	ὑμῖν	παράταξις	\vs{15}Καὶ εἶπεν, ἀκούσατε πᾶς Ἰούδα καὶ οἱ κατοικοῦντες ἐν Ἱερουσαλὴμ καὶ ὁ βασιλεὺς Ἰωσαφάτ· τάδε λέγει Κύριος ὑμῖν αὐτοῖς, μὴ φοβεῖσθε, μηδὲ πτοηθῆτε ἀπὸ προσώπου τοῦ ὄχλου τοῦ πολλοῦ τούτου, ὅτι οὐχ ὑμῖν ἐστιν ἡ παράταξις, ἀλλʼ ἢ τῷ Θεῷ.
14369	ΠΑΡΑΛΕΙΠΟΜΕΝΩΝ Β 21:12	σου ἀνθ	2	consecutive enclitics	πατρός	ὧν	\vs{12}Καὶ ἦλθεν αὐτῷ ἐν γραφῇ παρὰ Ἠλιοὺ τοῦ προφήτου, λέγων, τάδε λέγει Κύριος Θεὸς Δαυὶδ τοῦ πατρός σου, ἀνθʼ ὧν οὐκ ἐπορεύθης ἐν ὁδῷ Ἰωσαφὰτ τοῦ πατρός σου, καὶ ἐν ὁδοῖς Ἀσὰ βασιλέως Ἰούδα,
14378	ΠΑΡΑΛΕΙΠΟΜΕΝΩΝ Β 21:20	οὐκ ἐν	2	consecutive enclitics	ἐπορεύθη	ἐπαίνῳ	\vs{20}Ἦν τριάκοντα καὶ δύο ἐτῶν ὅτε ἐβασίλευσε, καὶ ὀκτὼ ἔτη ἐβασίλευσεν ἐν Ἱερουσαλήμ· καὶ ἐπορεύθη οὐκ ἐν ἐπαίνῳ, καὶ ἐτάφη ἐν πόλει Δαυὶδ, καὶ οὐκ ἐν τάφοις τῶν βασιλέων.
14378	ΠΑΡΑΛΕΙΠΟΜΕΝΩΝ Β 21:20	οὐκ ἐν	2	consecutive enclitics	καὶ	τάφοις	\vs{20}Ἦν τριάκοντα καὶ δύο ἐτῶν ὅτε ἐβασίλευσε, καὶ ὀκτὼ ἔτη ἐβασίλευσεν ἐν Ἱερουσαλήμ· καὶ ἐπορεύθη οὐκ ἐν ἐπαίνῳ, καὶ ἐτάφη ἐν πόλει Δαυὶδ, καὶ οὐκ ἐν τάφοις τῶν βασιλέων.
14485	ΠΑΡΑΛΕΙΠΟΜΕΝΩΝ Β 25:18	ὁ ἐν	2	consecutive enclitics	ἀκχοὺχ	τῷ	\vs{18}Καὶ ἀπέστειλεν Ἰωὰς βασιλεὺς Ἰσραὴλ πρὸς Ἀμασίαν βασιλέα Ἰούδα, λέγων, ὁ ἀκχοὺχ ὁ ἐν τῷ Λιβάνῳ ἀπέστειλε πρὸς τὴν κέδρον τὴν ἐν τῷ Λιβάνῳ, λέγων, δὸς τὴν θυγατέρα σου τῷ υἱῷ μου εἰς γυναῖκα, καὶ ἰδοὺ ἐλεύσεται τὰ θηρία τοῦ ἀγροῦ τὰ ἐν τῷ Λιβάνῳ· καὶ ἦλθον τὰ θηρία, καὶ κατεπάτησαν τὸν ἀκχούχ.
14485	ΠΑΡΑΛΕΙΠΟΜΕΝΩΝ Β 25:18	μου εἰς	2	consecutive enclitics	υἱῷ	γυναῖκα	\vs{18}Καὶ ἀπέστειλεν Ἰωὰς βασιλεὺς Ἰσραὴλ πρὸς Ἀμασίαν βασιλέα Ἰούδα, λέγων, ὁ ἀκχοὺχ ὁ ἐν τῷ Λιβάνῳ ἀπέστειλε πρὸς τὴν κέδρον τὴν ἐν τῷ Λιβάνῳ, λέγων, δὸς τὴν θυγατέρα σου τῷ υἱῷ μου εἰς γυναῖκα, καὶ ἰδοὺ ἐλεύσεται τὰ θηρία τοῦ ἀγροῦ τὰ ἐν τῷ Λιβάνῳ· καὶ ἦλθον τὰ θηρία, καὶ κατεπάτησαν τὸν ἀκχούχ.
14486	ΠΑΡΑΛΕΙΠΟΜΕΝΩΝ Β 25:19	σε ἡ	2	consecutive enclitics	ἐπαίρει	καρδία	\vs{19}Εἶπας, ἰδοὺ ἐπάταξα τὴν Ἰδουμαίαν, καὶ ἐπαίρει σε ἡ καρδία σου ἡ βαρεῖα· νῦν κάθισον ἐν οἴκῳ σου, καὶ ἱνατί συμβάλλεις ἐν κακίᾳ, καὶ πεσῇ σὺ καὶ Ἰούδας μετὰ σοῦ;
14486	ΠΑΡΑΛΕΙΠΟΜΕΝΩΝ Β 25:19	σου ἡ	2	consecutive enclitics	καρδία	βαρεῖα	\vs{19}Εἶπας, ἰδοὺ ἐπάταξα τὴν Ἰδουμαίαν, καὶ ἐπαίρει σε ἡ καρδία σου ἡ βαρεῖα· νῦν κάθισον ἐν οἴκῳ σου, καὶ ἱνατί συμβάλλεις ἐν κακίᾳ, καὶ πεσῇ σὺ καὶ Ἰούδας μετὰ σοῦ;
14532	ΠΑΡΑΛΕΙΠΟΜΕΝΩΝ Β 27:2	ἀλλ οὐκ	2	consecutive enclitics	αὐτοῦ	εἰσῆλθεν	\vs{2}Καὶ ἐποίησε τὸ εὐθὲς ἐνώπιον Κυρίου, κατὰ πάντα ἃ ἐποίησεν Ὀζίας ὁ πατὴρ αὐτοῦ, ἀλλʼ οὐκ εἰσῆλθεν εἰς τὸν ναὸν Κυρίου. Καὶ ἔτι ὁ λαὸς κατεφθείρετο.
14553	ΠΑΡΑΛΕΙΠΟΜΕΝΩΝ Β 28:10	εἰμι μεθ	2	consecutive enclitics	ἰδού	ὑμῶν	\vs{10}Καὶ νῦν υἱοὺς Ἰούδα καὶ Ἱερουσαλὴμ ὑμεῖς λέγετε κατακτήσασθαι εἰς δούλους καὶ δούλας· οὐκ ἰδού εἰμι μεθʼ ὑμῶν μαρτυρῆσαι Κυρίῳ Θεῷ ὑμῶν;
14566	ΠΑΡΑΛΕΙΠΟΜΕΝΩΝ Β 28:21	οὐκ εἰς	2	consecutive enclitics	καὶ	βοήθειαν	\vs{21}Καὶ ἔλαβεν Ἄχας τὰ ἐν οἴκῳ Κυρίου, καὶ τὰ ἐν οἴκῳ τοῦ βασιλέως καὶ τῶν ἀρχόντων, καὶ ἔδωκε τῷ βασιλεῖ Ἀσσούρ· καὶ οὐκ εἰς βοήθειαν αὐτῷ ἦν,
14631	ΠΑΡΑΛΕΙΠΟΜΕΝΩΝ Β 30:8	ὡς οἱ	2	consecutive enclitics	ὑμῶν	πατέρες	\vs{8}Καὶ νῦν μὴ σκληρύνητε τὰς καρδίας ὑμῶν ὡς οἱ πατέρες ὑμῶν, δότε δόξαν Κυρίῳ τῷ Θεῷ, καὶ εἰσέλθετε εἰς τὸ ἁγίασμα αὐτοῦ ὃ ἡγίασεν εἰς τὸν αἰῶνα, καὶ δουλεύσατε τῷ Κυρίῳ Θεῷ ὑμῶν, καὶ ἀποστρέψει ἀφʼ ὑμῶν θυμὸν ὀργῆς.
14706	ΠΑΡΑΛΕΙΠΟΜΕΝΩΝ Β 32:17	ὡς οἱ	2	consecutive enclitics	λέγων	θεοὶ	\vs{17}Καὶ βιβλίον ἔγραψεν ὀνειδίζειν τὸν Κύριον Θεὸν Ἰσραὴλ, καὶ εἶπε περὶ αὐτοῦ, λέγων, ὡς οἱ θεοὶ τῶν ἐθνῶν τῆς γῆς οὐκ ἐξείλαντο λαοὺς αὐτῶν ἐκ χειρός μου, οὕτως οὐ μὴ ἐξέληται ὁ Θεὸς Ἐζεκίου λαὸν αὐτοῦ ἐκ χειρός μου.
14732	ΠΑΡΑΛΕΙΠΟΜΕΝΩΝ Β 33:4	μου εἰς	2	consecutive enclitics	ὄνομά	τὸν	\vs{4}Καὶ ᾠκοδόμησε θυσιαστήρια ἐν οἴκῳ Κυρίου, οὗ εἶπε Κύριος, ἐν Ἱερουσαλὴμ ἔσται τὸ ὄνομά μου εἰς τὸν αἰῶνα.
14735	ΠΑΡΑΛΕΙΠΟΜΕΝΩΝ Β 33:7	μου εἰς	2	consecutive enclitics	ὄνομά	τὸν	\vs{7}Καὶ ἔθηκε τὸ γλυπτὸν, τὸ χωνευτὸν, εἰκόνα ἣν ἐποίησεν ἐν οἴκῳ Θεοῦ, οὗ εἶπε Θεὸς πρὸς Δαυὶδ καὶ πρὸς Σαλωμὼν υἱὸν αὐτοῦ, ἐν τῷ οἴκῳ τούτῳ καὶ Ἱερουσαλὴμ ἣν ἐξελεξάμην ἐκ πασῶν φυλῶν Ἰσραὴλ, θήσω τὸ ὄνομά μου εἰς τὸν αἰῶνα.
14789	ΠΑΡΑΛΕΙΠΟΜΕΝΩΝ Β 34:25	με ἐν	2	consecutive enclitics	παροργίσωσίν	πᾶσιν	\vs{25}ἀνθʼ ὧν ἐγκατέλιπόν με καὶ ἐθυμίασαν θεοῖς ἀλλοτρίοις, ἵνα παροργίσωσίν με ἐν πᾶσιν τοῖς ἔργοις τῶν χειρῶν αὐτῶν· καὶ ἐξεκαύθη ὁ θυμός μου ἐν τῷ τόπῳ τούτῳ, καὶ οὐ σβεσθήσεται.
14789	ΠΑΡΑΛΕΙΠΟΜΕΝΩΝ Β 34:25	μου ἐν	2	consecutive enclitics	θυμός	τῷ	\vs{25}ἀνθʼ ὧν ἐγκατέλιπόν με καὶ ἐθυμίασαν θεοῖς ἀλλοτρίοις, ἵνα παροργίσωσίν με ἐν πᾶσιν τοῖς ἔργοις τῶν χειρῶν αὐτῶν· καὶ ἐξεκαύθη ὁ θυμός μου ἐν τῷ τόπῳ τούτῳ, καὶ οὐ σβεσθήσεται.
14791	ΠΑΡΑΛΕΙΠΟΜΕΝΩΝ Β 34:27	μου ἐν	2	consecutive enclitics	προσώπου	τῷ	\vs{27}καὶ ἐνετράπη ἡ καρδία σου, καὶ ἐταπεινώθης ἀπὸ προσώπου μου ἐν τῷ ἀκοῦσαί σε τοὺς λόγους μου ἐπὶ τὸν τόπον τοῦτον καὶ ἐπὶ τοὺς κατοικοῦντας αὐτὸν, καὶ ἐταπεινώθης ἐναντίον μου, καὶ διέῤῥηξας τὰ ἱμάτιά σου, καὶ ἔκλαυσας κατεναντίον μου, καὶ ἐγὼ ἤκουσα, φησὶ Κύριος.
14792	ΠΑΡΑΛΕΙΠΟΜΕΝΩΝ Β 34:28	σου ἐν	2	consecutive enclitics	μνήματά	εἰρήνῃ	\vs{28}Ἰδοὺ προστίθημί σε πρὸς τοὺς πατέρας σου, καὶ προστεθήσῃ πρὸς τὰ μνήματά σου ἐν εἰρήνῃ, καὶ οὐκ ὄψονται οἱ ὀφθαλμοί σου ἐν πᾶσι τοῖς κακοῖς οἷς ἐγὼ ἐπάγω ἐπὶ τὸν τόπον τοῦτον, καὶ ἐπὶ τοὺς κατοικοῦντας αὐτόν. Καὶ ἀπέδωκαν τῷ βασιλεῖ λόγον.
14792	ΠΑΡΑΛΕΙΠΟΜΕΝΩΝ Β 34:28	σου ἐν	2	consecutive enclitics	ὀφθαλμοί	πᾶσι	\vs{28}Ἰδοὺ προστίθημί σε πρὸς τοὺς πατέρας σου, καὶ προστεθήσῃ πρὸς τὰ μνήματά σου ἐν εἰρήνῃ, καὶ οὐκ ὄψονται οἱ ὀφθαλμοί σου ἐν πᾶσι τοῖς κακοῖς οἷς ἐγὼ ἐπάγω ἐπὶ τὸν τόπον τοῦτον, καὶ ἐπὶ τοὺς κατοικοῦντας αὐτόν. Καὶ ἀπέδωκαν τῷ βασιλεῖ λόγον.
14886	ΕΣΔΡΑΣ 1:1	γε ἐν	2	consecutive enclitics	καί	γραπτῷ	\lettrine[lines=2, loversize=0.2, nindent=0em, findent=.25em]{\textcolor{bookheadingcolor}{Κ}}{ΑΙ} ἐν τῷ πρώτῳ ἔτει Κύρου τοῦ βασιλέως Περσῶν, τοῦ τελεσθῆναι λόγον Κυρίου ἀπὸ στόματος Ἱερεμίου, ἐξήγειρε Κύριος τὸ πνεῦμα Κύρου βασιλέως Περσῶν, καὶ παρήγγειλε φωνὴν ἐν πάσῃ βασιλείᾳ αὐτοῦ, καί γε ἐν γραπτῷ, λέγων,
14889	ΕΣΔΡΑΣ 1:3	ὁ ἐν	2	consecutive enclitics	Θεὸς	Ἱερουσαλήμ	\vs{3}Τίς ἐν ὑμῖν ἀπὸ παντὸς τοῦ λαοῦ αὐτοῦ; καὶ ἔσται ὁ Θεὸς αὐτοῦ μετʼ αὐτοῦ, καὶ ἀναβήσεται εἰς Ἱερουσαλὴμ τὴν ἐν τῇ Ἰουδαίᾳ, καὶ οἰκοδομησάτω τὸν οἶκον Θεοῦ Ἰσραὴλ· αὐτὸς ὁ Θεὸς ὁ ἐν Ἱερουσαλήμ.
14999	ΕΣΔΡΑΣ 2:59	εἰ ἐξ	2	consecutive enclitics	αὐτῶν	Ἰσραήλ	\vs{59}Καὶ οὗτοι οἱ ἀναβάντες ἀπὸ Θελμελὲχ, Θελαρησὰ, Χεροὺβ, Ἡδὰν, Ἐμμὴρ· καὶ οὐκ ἐδυνάσθησαν τοῦ ἀναγγεῖλαι οἶκον πατριᾶς αὐτῶν καὶ σπέρμα αὐτῶν, εἰ ἐξ Ἰσραήλ εἰσιν·
15011	ΕΣΔΡΑΣ 2:69	ὡς ἡ	2	consecutive enclitics		δύναμις	\vs{69}ὡς ἡ δύναμις αὐτῶν, ἔδωκαν εἰς θησαυρὸν τοῦ ἔργου χρυσίον καθαρὸν μναὶ ἓξ μυριάδες καὶ χίλιαι, καὶ ἀργυρίου μνὰς πεντακισχιλίας, καὶ κόθωνοι τῶν ἱερέων ἑκατόν.
15020	ΕΣΔΡΑΣ 3:4	ὡς ἡ	2	consecutive enclitics	ἀριθμῷ	κρίσις	\vs{4}Καὶ ἐποίησαν τὴν ἑορτὴν τῶν σκηνῶν κατὰ τὸ γεγραμμένον, καὶ ὁλοκαυτώσεις ἡμέραν ἐν ἡμέρᾳ ἐν ἀριθμῷ ὡς ἡ κρίσις, λόγον ἡμέρας ἐν ἡμέρᾳ αὐτοῦ·
15071	ΕΣΔΡΑΣ 5:6	οἱ ἐν	2	consecutive enclitics	Ἀφαρσαχαῖοι	τῷ	\vs{6}διασάφησις ἐπιστολῆς, ἧς ἀπέστειλε Θανθαναῒ, ὁ ἔπαρχος τοῦ πέραν τοῦ ποταμοῦ, καὶ Σαθαρβουζαναῒ καὶ οἱ σύνδουλοι αὐτῶν Ἀφαρσαχαῖοι οἱ ἐν τῷ πέραν τοῦ ποταμοῦ, Δαρείῳ τῷ βασιλεῖ·
15079	ΕΣΔΡΑΣ 5:13	Αλλ ἐν	2	consecutive enclitics		ἔτει	\vs{13}Αλλʼ ἐν ἔτει πρώτῳ Κύρου τοῦ βασιλέως, Κύρος ὁ βασιλεὺς ἔθετο γνώμην τὸν οἶκον τοῦ Θεοῦ τοῦτον οἰκοδομηθῆναι·
15093	ΕΣΔΡΑΣ 6:6	οἱ ἐν	2	consecutive enclitics	Ἀφαρσαχαῖοι	τῷ	\vs{6}Νῦν δώσετε ἔπαρχοι πέραν τοῦ ποταμοῦ Σαθαρβουζαναῒ, καὶ οἱ σύνδουλοι αὐτῶν Ἀφαρσαχαῖοι οἱ ἐν τῷ πέραν τοῦ ποταμοῦ μακρὰν ὄντες ἐκεῖθεν,
15136	ΕΣΔΡΑΣ 7:19	σοι εἰς	2	consecutive enclitics	διδόμενά	λειτουργίαν	\vs{19}Καὶ τὰ σκεύη τὰ διδόμενά σοι εἰς λειτουργίαν οἴκου Θεοῦ, παράδος ἐνώπιον τοῦ Θεοῦ ἐν Ἱερουσαλήμ.
15141	ΕΣΔΡΑΣ 7:23	ἐστιν ἐν	2	consecutive enclitics	ὅ	γνώμῃ	\vs{23}Πᾶν ὅ ἐστιν ἐν γνώμῃ Θεοῦ τοῦ οὐρανοῦ, γινέσθω· προσέχετε μήτις ἐπιχειρήσῃ εἰς τὸν οἶκον Θεοῦ τοῦ οὐρανοῦ, μή ποτε γένηται ὀργὴ ἐπὶ τὴν βασιλείαν τοῦ βασιλέως καὶ τῶν υἱῶν αὐτοῦ.
15142	ΕΣΔΡΑΣ 7:24	σοι οὐκ	2	consecutive enclitics	ἔστω	ἐξουσιάσεις	\vs{24}Καὶ ὑμῖν ἐγνώρισται ἐν πᾶσι τοῖς ἱερεῦσι, καὶ τοῖς Λευίταις, ᾄδουσι, πυλωροῖς, Ναθινὶμ, καὶ λειτουργοῖς οἴκου Θεοῦ τοῦτο, φόρος μὴ ἔστω σοι, οὐκ ἐξουσιάσεις καταδουλοῦσθαι αὐτούς.
15143	ΕΣΔΡΑΣ 7:25	ὡς ἡ	2	consecutive enclitics	Ἔσδρα	σοφία	\vs{25}Καὶ σὺ Ἔσδρα, ὡς ἡ σοφία τοῦ Θεοῦ ἐν χειρί σου, κατάστησον γραμματεῖς καὶ κριτὰς, ἵνα ὦσι κρίνοντες παντὶ τῷ λαῷ τῷ ἐν πέρα τοῦ ποταμοῦ πᾶσι τοῖς εἰδόσι νόμον τοῦ Θεοῦ σου, καὶ τῷ μὴ εἰδότι γνωριεῖτε.
15145	ΕΣΔΡΑΣ 7:26	τε εἰς	2	consecutive enclitics	ἐάν	θάνατον	\vs{26}Καὶ πὰς ὃς ἂν μὴ ᾖ ποιῶν νόμον τοῦ Θεοῦ καὶ νόμον τοῦ βασιλέως ἑτοίμως, τὸ κρίμα ἔσται γινόμενον ἐξ αὐτοῦ, ἐάν τε εἰς θάνατον, ἐάν τε εἰς παιδείαν, ἐάν τε εἰς ζημίαν τοῦ βίου. ἐάν τε εἰς παράδοσιν.
15145	ΕΣΔΡΑΣ 7:26	τε εἰς	2	consecutive enclitics	ἐάν	παιδείαν	\vs{26}Καὶ πὰς ὃς ἂν μὴ ᾖ ποιῶν νόμον τοῦ Θεοῦ καὶ νόμον τοῦ βασιλέως ἑτοίμως, τὸ κρίμα ἔσται γινόμενον ἐξ αὐτοῦ, ἐάν τε εἰς θάνατον, ἐάν τε εἰς παιδείαν, ἐάν τε εἰς ζημίαν τοῦ βίου. ἐάν τε εἰς παράδοσιν.
15145	ΕΣΔΡΑΣ 7:26	τε εἰς	2	consecutive enclitics	ἐάν	ζημίαν	\vs{26}Καὶ πὰς ὃς ἂν μὴ ᾖ ποιῶν νόμον τοῦ Θεοῦ καὶ νόμον τοῦ βασιλέως ἑτοίμως, τὸ κρίμα ἔσται γινόμενον ἐξ αὐτοῦ, ἐάν τε εἰς θάνατον, ἐάν τε εἰς παιδείαν, ἐάν τε εἰς ζημίαν τοῦ βίου. ἐάν τε εἰς παράδοσιν.
15145	ΕΣΔΡΑΣ 7:26	τε εἰς	2	consecutive enclitics	ἐάν	παράδοσιν	\vs{26}Καὶ πὰς ὃς ἂν μὴ ᾖ ποιῶν νόμον τοῦ Θεοῦ καὶ νόμον τοῦ βασιλέως ἑτοίμως, τὸ κρίμα ἔσται γινόμενον ἐξ αὐτοῦ, ἐάν τε εἰς θάνατον, ἐάν τε εἰς παιδείαν, ἐάν τε εἰς ζημίαν τοῦ βίου. ἐάν τε εἰς παράδοσιν.
15201	ΕΣΔΡΑΣ 9:7	ὡς ἡ	2	consecutive enclitics	ἡμῶν	ἡμέρα	\vs{7}Ἀπὸ ἡμερῶν πατέρων ἡμῶν ἐσμὲν ἐν πλημμελείᾳ μεγάλῃ ἕως τῆς ἡμέρας ταύτης· καὶ ἐν ταῖς ἀνομίαις ἡμῶν παρεδόθημεν ἡμεῖς καὶ οἱ βασιλεῖς ἡμῶν καὶ οἱ υἱοὶ ἡμῶν ἐν χειρὶ βασιλέων τῶν ἐθνῶν ἐν ῥομφαίᾳ, καὶ ἐν αἰχμαλωσίᾳ, καὶ ἐν διαρπαγῇ, καὶ ἐν αἰσχύνῃ προσώπου ἡμῶν, ὡς ἡ ἡμέρα αὕτη.
15208	ΕΣΔΡΑΣ 9:13	ὡς ὁ	2	consecutive enclitics	ἔστιν	Θεὸς	\vs{13}Καὶ μετὰ πᾶν τὸ ἐρχόμενον ἐφʼ ἡμᾶς ἐν ποιήμασιν ἡμῶν τοῖς πονηροῖς καὶ ἐν πλημμελείᾳ ἡμῶν τῇ μεγάλῃ, ὅτι οὐκ ἔστιν ὡς ὁ Θεὸς ἡμῶν, ὅτι ἐκούφισας ἡμῶν τὰς ἀνομίας, καὶ ἔδωκας ἡμῖν σωτηρίαν·
15210	ΕΣΔΡΑΣ 9:15	ὡς ἡ	2	consecutive enclitics	διασωζόμενοι	ἡμέρα	\vs{15}Κύριε ὁ Θεὸς Ἰσραὴλ, δίκαιος σὺ, ὅτι κατελείφθημεν διασωζόμενοι, ὡς ἡ ἡμέρα αὕτη· ἰδοὺ ἡμεις ἐναντίον σου ἐν πλημμελείαις ἡμῶν, ὅτι οὐκ ἔστι στῆναι ἐνώπιόν σου ἐπὶ τούτῳ.
15210	ΕΣΔΡΑΣ 9:15	σου ἐν	2	consecutive enclitics	ἐναντίον	πλημμελείαις	\vs{15}Κύριε ὁ Θεὸς Ἰσραὴλ, δίκαιος σὺ, ὅτι κατελείφθημεν διασωζόμενοι, ὡς ἡ ἡμέρα αὕτη· ἰδοὺ ἡμεις ἐναντίον σου ἐν πλημμελείαις ἡμῶν, ὅτι οὐκ ἔστι στῆναι ἐνώπιόν σου ἐπὶ τούτῳ.
15215	ΕΣΔΡΑΣ 10:3	ὡς ὁ	2	consecutive enclitics	καὶ	νόμος	\vs{3}Καὶ νῦν διαθώμεθα διαθήκην τῷ Θεῷ ἡμῶν ἐκβαλεῖν πάσας τὰς γυναῖκας, καὶ τὰ γενόμενα ἐξ αὐτῶν, ὡς ἂν βούλῃ· ἀνάστηθι, καὶ φοβέρισον αὐτοὺς ἐν ἐντολαῖς Θεοῦ ἡμῶν, καὶ ὡς ὁ νόμος, γενηθήτω.
15221	ΕΣΔΡΑΣ 10:8	ὡς ἡ	2	consecutive enclitics	ἡμέρας	βουλὴ	\vs{8}Πᾶς ὃς ἂν μὴ ἔλθῃ εἰς τρεῖς ἡμέρας, ὡς ἡ βουλὴ τῶν ἀρχόντων καὶ τῶν πρεσβυτέρων, ἀναθεματισθήσεται πᾶσα ἡ ὕπαρξις αὐτοῦ, καὶ αὐτὸς διασταλήσεται ἀπὸ ἐκκλησίας τῆς ἀποικίας.
15227	ΕΣΔΡΑΣ 10:12	σου ἐφ	2	consecutive enclitics	ῥῆμά	ἡμᾶς	\vs{12}Καὶ ἀπεκρίθησαν πᾶσα ἡ ἐκκλησία, καὶ εἶπαν, μέγα τοῦτο τὸ ῥῆμά σου ἐφʼ ἡμᾶς ποιῆσαι.
15228	ΕΣΔΡΑΣ 10:13	οὐκ εἰς	2	consecutive enclitics	ἔργον	ἡμέραν	\vs{13}Ἀλλὰ ὁ λαὸς πολὺς, καὶ ὁ καιρὸς χειμερινὸς, καὶ οὐκ ἔστι δύναμις στῆναι ἔξω· καὶ τὸ ἔργον οὐκ εἰς ἡμέραν μίαν καὶ οὐκ εἰς δύο, ὅτι ἐπληθύναμεν τοῦ ἀδικῆσαι ἐν τῷ ῥῆματι τούτῳ·
15228	ΕΣΔΡΑΣ 10:13	οὐκ εἰς	2	consecutive enclitics	καὶ	δύο	\vs{13}Ἀλλὰ ὁ λαὸς πολὺς, καὶ ὁ καιρὸς χειμερινὸς, καὶ οὐκ ἔστι δύναμις στῆναι ἔξω· καὶ τὸ ἔργον οὐκ εἰς ἡμέραν μίαν καὶ οὐκ εἰς δύο, ὅτι ἐπληθύναμεν τοῦ ἀδικῆσαι ἐν τῷ ῥῆματι τούτῳ·
15286	ΝΕΕΜΙΑΣ 2:2	μοι ὁ	2	consecutive enclitics	εἶπέ	βασιλεὺς	\vs{2}Καὶ εἶπέ μοι ὁ βασιλεὺς, διὰ τί τὸ πρόσωπόν σου πονηρὸν, καὶ οὐκ εἶ μετριάζων; καὶ οὐκ ἔστι τοῦτο, εἰ μὴ πονηρία καρδίας· καὶ ἐφοβήθην πολὺ σφόδρα,
15288	ΝΕΕΜΙΑΣ 2:4	μοι ὁ	2	consecutive enclitics	εἶπέ	βασιλεύς	\vs{4}Καὶ εἶπέ μοι ὁ βασιλεύς, περὶ τίνος τοῦτο σὺ ζητεῖς; καὶ προσηυξάμην πρὸς τὸν Θεὸν τοῦ οὐρανοῦ,
15291	ΝΕΕΜΙΑΣ 2:6	μοι ὁ	2	consecutive enclitics	εἶπέ	βασιλεὺς	\vs{6}Καὶ εἶπέ μοι ὁ βασιλεὺς, καὶ ἡ παλλακὴ ἡ καθημένη ἐχόμενα αὐτοῦ, ἕως πότε ἔσται ἡ πορεία σου, καὶ πότε ἐπιστρέψεις; καὶ ἠγαθύνθη ἐνώπιον τοῦ βασιλέως, καὶ ἀπέστειλέ με, καὶ ἔδωκα αὐτῷ ὅρον.
15293	ΝΕΕΜΙΑΣ 2:8	μοι ὁ	2	consecutive enclitics	ἔδωκέ	βασιλεὺς	\vs{8}καὶ ἐπιστολὴν ἐπὶ Ἀσὰφ φύλακα τοῦ παραδείσου ὅς ἐστι τῷ βασιλεῖ, ὥστε δοῦναί μοι ξύλα στεγάσαι τὰς πύλας, καὶ εἰς τὸ τεῖχος τῆς πόλεως, καὶ εἰς οἶκον ὃν εἰσελεύσομαι εἰς αὐτόν· καὶ ἔδωκέ μοι ὁ βασιλεὺς ὡς χεὶρ Θεοῦ ἡ ἀγαθή.
15389	ΝΕΕΜΙΑΣ 5:7	μου ἐπ	2	consecutive enclitics	καρδία	ἐμέ	\vs{7}Καὶ ἐβουλεύσατο καρδία μου ἐπʼ ἐμέ· καὶ ἐμαχεσάμην πρὸς τους ἐντίμους καὶ τοὺς ἄρχοντας, καὶ εἶπα αὐτοῖς, ἀπαιτήσει ἀνὴρ τὸν ἀδελφὸν αὐτοῦ, ἃ ὑμεῖς ἀπαιτεῖτε; καὶ ἔδωκα ἐπʼ αὐτοὺς ἐκκλησίαν μεγάλην,
15404	ΝΕΕΜΙΑΣ 5:19	μου ὁ	2	consecutive enclitics	Μνήσθητί	Θεὸς	\vs{19}Μνήσθητί μου ὁ Θεὸς εἰς ἀγαθὸν πάντα ὅσα ἐποίησα τῷ λαῷ τούτῳ.
15415	ΝΕΕΜΙΑΣ 6:8	ὡς οἱ	2	consecutive enclitics	ἐγενήθη	λόγοι	\vs{8}Καὶ ἀπέστειλα πρὸς αὐτὸν, λέγων, οὐκ ἐγενήθη ὡς οἱ λόγοι οὗτοι ὧς σὺ λέγεις, ὅτι ἀπὸ καρδίας σου σὺ ψεύδῃ αὐτούς.
15419	ΝΕΕΜΙΑΣ 6:11	ἐστιν ὁ	2	consecutive enclitics	τίς	ἀνὴρ	\vs{11}Καὶ εἶπα, τίς ἐστιν ὁ ἀνὴρ ὃς εἰσελεύσεται εἰς τὸν οἶκον, καὶ ζήσεται;
15588	ΝΕΕΜΙΑΣ 9:10	ὡς ἡ	2	consecutive enclitics	ὄνομα	ἡμέρα	\vs{10}Καὶ ἔδωκας σημεῖα καὶ τέρατα ἐν Αἰγύπτῳ ἐν Φαραῷ, καὶ ἐν πᾶσι τοῖς παισὶν αὐτοῦ, καὶ ἐν παντὶ τῷ λαῷ τῆς γῆς αὐτοῦ, ὅτι ἔγνως ὅτι ὑπερηφάνησαν ἐπʼ αὐτοὺς καὶ ἐποίησας σεαυτῷ ὄνομα ὡς ἡ ἡμέρα αὕτη.
15601	ΝΕΕΜΙΑΣ 9:20	σου οὐκ	2	consecutive enclitics	μάννα	ἀφυστέρησας	\vs{20}Καὶ τὸ πνεῦμά σου τὸ ἀγαθὸν ἔδωκας συνετίσαι αὐτούς· καὶ τὸ μάννα σου οὐκ ἀφυστέρησας ἀπὸ στόματος αὐτῶν, καὶ ὕδωρ ἔδωκας αὐτοῖς ἐν τῷ δίψει αὐτῶν.
15613	ΝΕΕΜΙΑΣ 9:29	ἀλλ ἐν	2	consecutive enclitics	ἤκουσαν	ταῖς	\vs{29}Καὶ ἐπεμαρτύρω αὐτοῖς ἐπιστρέψαι αὐτοὺς εἰς τὸν νόμον σου· καὶ οὐκ ἤκουσαν, ἀλλʼ ἐν ταῖς ἐντολαῖς σου καὶ κρίμασί σου ἡμάρτοσαν, ἃ ποιήσας αὐτὰ ἄνθρωπος ζήσεται ἐν αὐτοῖς· καὶ ἔδωκαν νῶτον ἀπειθοῦντα, καὶ τράχηλον αὐτῶν ἐσκλήρυναν καὶ οὐκ ἤκουσαν.
15614	ΝΕΕΜΙΑΣ 9:30	σου ἐν	2	consecutive enclitics	πνεύματί	χειρὶ	\vs{30}Καὶ εἵλκυσας ἐπʼ αὐτοὺς ἔτη πολλὰ, καὶ ἐπεμαρτύρω αὐτοῖς ἐν πνεύματί σου ἐν χειρὶ προφητῶν σου, καὶ οὐκ ἐνωτίσαντο, καὶ ἔδωκας αὐτοὺς ἐν χειρὶ λαῶν τῆς γῆς.
15776	ΝΕΕΜΙΑΣ 13:14	μου ὁ	2	consecutive enclitics	Μνήσθητί	Θεὸς	\vs{14}Μνήσθητί μου ὁ Θεὸς ἐν ταὐτῇ, καὶ μὴ ἐξαλειφθήτω ἔλεός μου ὃ ἐποίησα ἐν οἴκῳ Κυρίου τοῦ Θεοῦ.
15785	ΝΕΕΜΙΑΣ 13:21	μου ἐν	2	consecutive enclitics	χεῖρά	ὑμῖν	\vs{21}Καὶ ἐπεμαρτυράμην ἐν αὐτοῖς, καὶ εἶπα πρὸς αὐτοὺς, διὰ τί ὑμεῖς αὐλίζεσθε ἀπέναντι τοῦ τείχους; ἐὰν δευτερώσητε, ἐκτενῶ χεῖρά μου ἐν ὑμῖν· ἀπὸ τοῦ καιροῦ ἐκείνου οὐκ ἤλθοσαν ἐν σαββάτῳ.
15788	ΝΕΕΜΙΑΣ 13:22	μου ὁ	2	consecutive enclitics	μνήσθητί	Θεὸς	Πρὸς ταῦτα μνήσθητί μου ὁ Θεὸς, καὶ φεῖσαί μου κατὰ τὸ πλῆθος τοῦ ἐλέους σου.
15800	ΝΕΕΜΙΑΣ 13:31	μου ὁ	2	consecutive enclitics	Μνήσθητί	Θεὸς	\vs{31}Καὶ τὸ δῶρον τῶν ξυλοφόρων ἐν καιροῖς ἀπὸ χρόνων, καὶ ἐν τοῖς βακχουρίοις. Μνήσθητί μου ὁ Θεὸς ἡμῶν εἰς ἀγαθωσύνην.
15887	ΕΣΘΗΡ 3:2	οἱ ἐν	2	consecutive enclitics	πάντες	τῇ	\vs{2}καὶ πάντες οἱ ἐν τῇ αὐλῇ προσεκύνουν αὐτῷ· οὕτως γὰρ προσέταξεν ὁ βασιλεὺς ποιῆσαι· ὁ δὲ Μαρδοχαῖος οὐ προσεκύνει αὐτῷ.
15888	ΕΣΘΗΡ 3:3	οἱ ἐν	2	consecutive enclitics	ἐλάλησαν	τῇ	\vs{3}Καὶ ἐλάλησαν οἱ ἐν τῇ αὐλῇ τοῦ βασιλέως τῷ Μαρδοχαίῳ, Μαρδοχαῖε, τί παρακούεις τὰ ὑπὸ τοῦ βασιλέως λεγόμενα;
15895	ΕΣΘΗΡ 3:8	σου οἱ	2	consecutive enclitics	βασιλείᾳ	δὲ	\vs{8}Καὶ ἐλάλησε πρὸς τὸν βασιλέα Ἀρταξέρξην, λέγων, ὑπάρχει ἔθνος διεσπαρμένον ἐν τοῖς ἔθνεσιν ἐν πάσῃ τῇ βασιλείᾳ σου, οἱ δὲ νόμοι αὐτῶν ἔξαλλοι παρὰ πάντα τὰ ἔθνη, τῶν δὲ νόμων τοῦ βασιλέως παρακούουσι, καὶ οὐ συμφέρει τῷ βασιλεῖ ἐᾶσαι αὐτούς.
15922	ΕΣΘΗΡ 4:8	σου ὡς	2	consecutive enclitics	ταπεινώσεώς	ἐτράφης	\vs{8}καὶ τὸ ἀντίγραφον τὸ ἐν Σούσοις ἐκτεθὲν ὑπὲρ τοῦ ἀπολέσθαι αὐτοὺς, ἔδωκεν αὐτῷ δεῖξαι τῇ Ἐσθήρ· καὶ εἶπεν αὐτῷ, ἐντείλασθαι αὐτῇ εἰσελθούσῃ παραιτήσασθαι τὸν βασιλέα, καὶ ἀξιῶσαι αὐτὸν περὶ τοῦ λαοῦ, μνησθεῖσα ἡμερῶν ταπεινώσεώς σου, ὡς ἐτράφης ἐν χειρί μου, διότι Ἀμὰν ὁ δευτερεύων τῷ βασιλεῖ ἐλάλησεν καθʼ ἡμῶν εἰς θάνατον· ἐπικάλεσαι τὸν Κύριον, καὶ λάλησον τῷ βασιλεῖ περὶ ἡμῶν, ῥύσαι ἡμᾶς ἐκ θανάτου.
15930	ΕΣΘΗΡ 4:14	εἰ εἰς	2	consecutive enclitics	εἶδεν	τὸν	\vs{14}Ὡς ὅτι ἐὰν παρακούσῃς ἐν τούτῳ τῷ καιρῷ, ἄλλοθεν βοήθεια καὶ σκέπη ἔσται τοῖς Ἰουδαίοις· σὺ δὲ καὶ ὁ οἶκος τοῦ πατρός σου ἀπολεῖσθε· καὶ τίς εἶδεν, εἰ εἰς τὸν καιρὸν τοῦτον ἐβασίλευσας;
15936	ΕΣΘΗΡ 4:17b	σοι ἐν	2	consecutive enclitics	ἀντιδοξῶν	τῷ	\vs{17b}Κύριε Κύριε βασιλεῦ πάντων κρατῶν, ὅτι ἐν ἐξουσίᾳ σου τὸ πᾶν ἐστι, καὶ οὐκ ἔστιν ὁ ἀντιδοξῶν σοι ἐν τῷ θέλειν σε σῶσαι τὸν Ἰσραήλ.
15938	ΕΣΘΗΡ 4:17d	οὐκ ἐν	2	consecutive enclitics	ὅτι	ὕβρει	\vs{17d}Σὺ πάντα γινώσκεις· σὺ οἶδας, Κύριε, ὅτι οὐκ ἐν ὕβρει, οὐδὲ ἐν ὑπερηφανείᾳ, οὐδὲ ἐν φιλοδοξίᾳ ἐποίησα τοῦτο, τὸ μὴ προσκυνεῖν τὸν ὑπερήφανον Ἀμάν. Ὅτι ηὐδόκουν φιλεῖν πέλματα ποδῶν αὐτοῦ πρὸς σωτηρίαν Ἰσραήλ.
15948	ΕΣΘΗΡ 4:17l	μου ἐν	2	consecutive enclitics	κίνδυνός	χειρί	\vs{17l}Κύριέ μου βασιλεὺς ἡμῶν σὺ εἶ μόνος, βοήθησόν μοι τῇ μόνῃ, καὶ μὴ ἐχούσῃ βοηθὸν εἰ μὴ σὲ, ὅτι κίνδυνός μου ἐν χειρί μου.
15949	ΕΣΘΗΡ 4:17m	μου ἐν	2	consecutive enclitics	γενετῆς	φυλῇ	\vs{17m}Ἐγὼ ἤκουον ἐκ γενετῆς μου ἐν φυλῇ πατριᾶς μου, ὅτι σὺ Κύριε ἔλαβες τὸν Ἰσραὴλ ἐκ πάντων τῶν ἐθνῶν, καὶ τοὺς πατέρας ἡμῶν ἐκ πάντων τῶν προγόνων αὐτῶν εἰς κληρονομίαν αἰώνιον, καὶ ἐποίησας αὐτοῖς ὅσα ἐλάλησας.
15959	ΕΣΘΗΡ 4:17w	μου ἐν	2	consecutive enclitics	κεφαλῆς	ἡμέραις	\vs{17w}Σὺ οἶδας τὴν ἀνάγκην μου, ὅτι βδελύσσομαι τὸ σημεῖον τῆς ὑπερηφανίας μου, ὅ ἐστιν ἐπὶ τῆς κεφαλῆς μου ἐν ἡμέραις ὁπτασίας μου· βδελύσσομαι αὐτὸ ὡς ῥάκος καταμηνίων, καὶ οὐ φορῶ αὐτὸ ἐν ἡμέραις ἡσυχίας μου.
15961	ΕΣΘΗΡ 4:17y	σου ἀφ	2	consecutive enclitics	δούλη	ἡμέρας	\vs{17y}Καὶ οὐκ ηὐφράνθη ἡ δούλη σου ἀφʼ ἡμέρας μεταβολῆς μου μέχρι νῦν, πλὴν ἐπὶ σοὶ, Κύριε ὁ Θεὸς Ἁβραάμ.
15962	ΕΣΘΗΡ 4:17z	με ἐκ	2	consecutive enclitics	ῥῦσαί	τοῦ	\vs{17z}Ὁ Θεὸς ὁ ἰσχύων ἐπὶ πάντας, εἰσάκουσον φωνὴν ἀπηλπισμένων, καὶ ῥύσαι ἡμᾶς ἐκ χειρὸς τῶν πονηρευομένων, καὶ ῥῦσαί με ἐκ τοῦ φόβου μου.
15978	ΕΣΘΗΡ 5:4	ἐστιν εἰ	2	consecutive enclitics	σήμερόν	οὖν	\vs{4}Εἶπε δὲ Ἐσθὴρ, ἡμέρα μου ἐπίσημος σήμερόν ἐστιν· εἰ οὖν δοκεῖ τῷ βασιλεῖ, ἐλθάτω καὶ αὐτὸς καὶ Ἀμὰν εἰς τὴν δοχὴν, ἣν ποιήσω σήμερον.
15989	ΕΣΘΗΡ 5:13	μοι οὐκ	2	consecutive enclitics	ταῦτά	ἀρέσκει	\vs{13}Καὶ ταῦτά μοι οὐκ ἀρέσκει, ὅταν ἴδω Μαρδοχαῖον τὸν Ἰουδαῖον ἐν τῇ αὐλῇ.
16009	ΕΣΘΗΡ 6:13	εἰ ἐκ	2	consecutive enclitics	γυνή	γένους	\vs{13}Καὶ διηγήσατο Ἀμὰν τὰ συμβεβηκότα αὐτῷ Ζωσάρᾳ τῇ γυναικὶ αὐτοῦ, καὶ τοῖς φίλοις· καὶ εἶπαν πρὸς αὐτὸν οἱ φίλοι, καὶ ἡ γυνή εἰ ἐκ γένους Ἰουδαίων Μαρδοχαῖος, ἦρξαι ταπεινοῦσθαι ἐνώπιον αὐτοῦ, πεσὼν πεσῇ· καὶ οὐ μὴ δύνῃ αὐτὸν ἀμύνασθαι, ὅτι Θεὸς ζῶν μετʼ αὐτοῦ.
16016	ΕΣΘΗΡ 7:4	μου εἰς	2	consecutive enclitics	λαός	ἀπώλειαν	\vs{4}Ἐπράθημεν γὰρ ἐγώ τε καὶ ὁ λαός μου εἰς ἀπώλειαν καὶ διαρπαγὴν καὶ δουλείαν, ἡμεῖς καὶ τὰ τέκνα ἡμῶν εἰς παῖδας καὶ παιδίσκας, καὶ παρήκουσα· οὐ γὰρ ἄξιος ὁ διάβολος τῆς αὐλῆς τοῦ βασιλέως.
16032	ΕΣΘΗΡ 8:5	εἰσιν ἐν	2	consecutive enclitics	οἵ	τῇ	\vs{5}καὶ εἶπεν Ἐσθὴρ, εἰ δοκεῖ σοι, καὶ εὗρον χάριν, πεμφθήτω ἀποστραφῆναι τὰ γράμματα τὰ ἀπεσταλμένα ὑπὸ Ἀμὰν, τὰ γραφέντα ἀπολέσθαι τοὺς Ἰουδαίους, οἵ εἰσιν ἐν τῇ βασιλείᾳ σου.
16036	ΕΣΘΗΡ 8:8	μου ὡς	2	consecutive enclitics	ὀνόματός	δοκεῖ	\vs{8}Γράψατε καὶ ὑμεῖς ἐκ τοῦ ὀνόματός μου, ὡς δοκεῖ ὑμῖν, καὶ σφραγίσατε τῷ δακτυλίῳ μου· ὅσα γὰρ γράφεται τοῦ βασιλέως ἐπιτάξαντος, καὶ σφραγισθῇ τῷ δακτυλίῳ μου, οὐκ ἔστιν αὐτοῖς ἀντειπεῖν.
16036	ΕΣΘΗΡ 8:8	μου οὐκ	2	consecutive enclitics	δακτυλίῳ	ἔστιν	\vs{8}Γράψατε καὶ ὑμεῖς ἐκ τοῦ ὀνόματός μου, ὡς δοκεῖ ὑμῖν, καὶ σφραγίσατε τῷ δακτυλίῳ μου· ὅσα γὰρ γράφεται τοῦ βασιλέως ἐπιτάξαντος, καὶ σφραγισθῇ τῷ δακτυλίῳ μου, οὐκ ἔστιν αὐτοῖς ἀντειπεῖν.
16074	ΕΣΘΗΡ 8:15	οἱ ἐν	2	consecutive enclitics	δὲ	Σούσοις	\vs{15}Ὁ δὲ Μαρδοχαῖος ἐξῆλθεν ἐστολισμένος τὴν βασιλικὴν στολὴν, καὶ στέφανον ἔχων χρυσοῦν, καὶ διάδημα βύσσινον πορφυροῦν· ἰδόντες δὲ οἱ ἐν Σούσοις ἐχάρησαν.
16088	ΕΣΘΗΡ 9:11	τε ὁ	2	consecutive enclitics	ἐπεδόθη	ἀριθμὸς	\vs{11}ἐν αὐτῇ τῇ ἡμέρᾳ· ἐπεδόθη τε ὁ ἀριθμὸς τῷ βασιλεῖ τῶν ἀπολωλότων ἐν Σούσοις.
16095	ΕΣΘΗΡ 9:16	οἱ ἐν	2	consecutive enclitics	Ἰουδαίων	τῇ	\vs{16}Οἱ δὲ λοιποὶ τῶν Ἰουδαίων οἱ ἐν τῇ βασιλείᾳ συνήχθησαν, καὶ ἑαυτοῖς ἐβοήθουν, καὶ ἀνεπαύσαντο ἀπὸ τῶν πολεμίων· ἀπώλεσαν γὰρ αὐτῶν μυρίους πεντακισχιλίους τῇ τρισκαιδεκάτῃ τοῦ Ἀδὰρ, καὶ οὐδὲν διήρπασαν.
16122	ΕΣΘΗΡ 10:3c	ἐστιν ὁ	2	consecutive enclitics	Ἐσθήρ	ποταμός	\vs{3c}Ἡ μικρὰ πηγὴ ἣ ἐγένετο ποταμός, καὶ ἦν φῶς καὶ ἥλιος καὶ ὕδωρ πολύ. Ἐσθήρ ἐστιν ὁ ποταμός, ἣν ἐγάμησεν ὁ βασιλεὺς, καὶ ἐποίησε βασίλισσαν.
16145	ΙΩΒ 1:5	ποτε οἱ	2	consecutive enclitics	μή	υἱοί	\vs{5}Καὶ ὡς ἂν συνετελέσθησαν αἱ ἡμέραι τοῦ πότου, ἀπέστελλεν Ἰὼβ καὶ ἐκαθάριζεν αὐτοὺς ἀνιστάμενος τοπρωῒ, καὶ προσέφερε περὶ αὐτῶν θυσίας, κατὰ τὸν ἀριθμὸν αὐτῶν, καὶ μόσχον ἕνα περὶ ἁμαρτίας περὶ τῶν ψυχῶν αὐτῶν· ἔλεγε γὰρ Ἰὼβ, μή ποτε οἱ υἱοί μου ἐν τῇ διανοίᾳ αὐτῶν κακὰ ἐνενόησαν πρὸς Θεόν· οὕτως οὖν ἐποίει Ἰὼβ πάσας τὰς ἡμέρας.
16145	ΙΩΒ 1:5	μου ἐν	2	consecutive enclitics	υἱοί	τῇ	\vs{5}Καὶ ὡς ἂν συνετελέσθησαν αἱ ἡμέραι τοῦ πότου, ἀπέστελλεν Ἰὼβ καὶ ἐκαθάριζεν αὐτοὺς ἀνιστάμενος τοπρωῒ, καὶ προσέφερε περὶ αὐτῶν θυσίας, κατὰ τὸν ἀριθμὸν αὐτῶν, καὶ μόσχον ἕνα περὶ ἁμαρτίας περὶ τῶν ψυχῶν αὐτῶν· ἔλεγε γὰρ Ἰὼβ, μή ποτε οἱ υἱοί μου ἐν τῇ διανοίᾳ αὐτῶν κακὰ ἐνενόησαν πρὸς Θεόν· οὕτως οὖν ἐποίει Ἰὼβ πάσας τὰς ἡμέρας.
16147	ΙΩΒ 1:6	ὡς ἡ	2	consecutive enclitics	ἐγένετο	ἡμέρα	\vs{6}Καὶ ἐγένετο ὡς ἡ ἡμέρα αὕτη, καὶ ἰδοὺ ἦλθον οἱ ἄγγελοι τοῦ Θεοῦ παραστῆναι ἐνώπιον τοῦ Κυρίου, καὶ ὁ διάβολος ἦλθε μετʼ αὐτῶν.
16153	ΙΩΒ 1:12	σου ἀλλ	2	consecutive enclitics	χειρί	αὐτοῦ	\vs{12}Τότε εἶπεν ὁ Κύριος τῷ διαβόλῳ, ἰδοὺ πάντα ὅσα ἐστὶν αὐτῷ, δίδωμι ἐν τῇ χειρί σου, ἀλλʼ αὐτοῦ μὴ ἅψῃ· καὶ ἐξῆλθεν ὁ διάβολος παρὰ τοῦ Κυρίου.
16155	ΙΩΒ 1:13	ὡς ἡ	2	consecutive enclitics	ἦν	ἡμέρα	\vs{13}Καὶ ἦν ὡς ἡ ἡμέρα αὕτη, οἱ υἱοὶ Ἰὼβ καὶ αἱ θυγατέρες αὐτοῦ ἔπινον οἶνον ἐν τῇ οἰκίᾳ τοῦ ἀδελφοῦ αὐτῶν τοῦ πρεσβυτέρου.
16168	ΙΩΒ 2:1	ὡς ἡ	2	consecutive enclitics	δὲ	ἡμέρα	Ἐγένετο δὲ ὡς ἡ ἡμέρα αὕτη, καὶ ἦλθον οἱ ἄγγελοι τοῦ Θεοῦ παραστῆναι ἔναντι Κυρίου, καὶ ὁ διάβολος ἦλθεν ἐν μέσῳ αὐτῶν παραστῆναι ἐναντίον τοῦ Κυρίου.
16230	ΙΩΒ 4:6	οὐχ ὁ	2	consecutive enclitics	Πότερον	φόβος	\vs{6}Πότερον οὐχ ὁ φόβος σου ἐστὶν ἐν ἀφροσύνῃ, καὶ ἡ ἐλπίς σου καὶ ἡ κακία τῆς ὁδοῦ σου;
16242	ΙΩΒ 4:16	μου ἀλλ	2	consecutive enclitics	ὀφθαλμῶν	ἢ	\vs{16}Ἀνέστην καὶ οὐκ ἐπέγνων, εἶδον καὶ οὐκ ἦν μορφὴ πρὸ ὀφθαλμῶν μου, ἀλλʼ ἢ αὖραν καὶ φωνὴν ἤκουον.
16251	ΙΩΒ 5:1	τις σοι	2	consecutive enclitics	εἴ	ὑπακούσεται	Ἐπικαλέσαι δὲ εἴ τις σοι ὑπακούσεται, ἢ εἴ τινα ἀγγέλων ἁγίων ὄψῃ·
16272	ΙΩΒ 5:20	σε ἐκ	2	consecutive enclitics	ῥύσεταί	θανάτου	\vs{20}Ἐν λιμῷ ῥύσεταί σε ἐκ θανάτου, ἐν πολέμῳ δὲ ἐκ χειρὸς σιδήρου λύσει σε.
16276	ΙΩΒ 5:24	σου ὁ	2	consecutive enclitics	εἰρηνεύσει	οἶκος	\vs{24}Εἶτα γνώσῃ ὅτι εἰρηνεύσει σου ὁ οἶκος· ἡ δὲ δίαιτα τῆς σκηνῆς σου οὐ μὴ ἁμάρτῃ.
16276	ΙΩΒ 5:24	σου οὐ	2	consecutive enclitics	σκηνῆς	μὴ	\vs{24}Εἶτα γνώσῃ ὅτι εἰρηνεύσει σου ὁ οἶκος· ἡ δὲ δίαιτα τῆς σκηνῆς σου οὐ μὴ ἁμάρτῃ.
16286	ΙΩΒ 6:3	ἀλλ ὡς	2	consecutive enclitics	ἔσται	ἔοικε	\vs{3}καὶ δὴ ἄμμου παραλίας βαρυτέρα ἔσται· ἀλλʼ ὡς ἔοικε τὰ ῥήματά μου ἐστὶ φαῦλα.
16290	ΙΩΒ 6:7	μου ἡ	2	consecutive enclitics	παύσασθαί	ὀργή	\vs{7}Οὐ δύναται γὰρ παύσασθαί μου ἡ ὀργή· βρόμον γὰρ ὁρῶ τὰ σῖτά μου ὥσπερ ὀσμὴν λέοντος.
16292	ΙΩΒ 6:8	μου ἡ	2	consecutive enclitics	ἔλθοι	αἴτησις	\vs{8}Εἰ γὰρ δώῃ καὶ ἔλθοι μου ἡ αἴτησις, καὶ τὴν ἐλπίδα μου δώῃ ὁ Κύριος.
16293	ΙΩΒ 6:9	με εἰς	2	consecutive enclitics	τρωσάτω	τέλος	\vs{9}Ἀρξάμενος ὁ Κύριος τρωσάτω με, εἰς τέλος δὲ μή με ἀνελέτω.
16295	ΙΩΒ 6:11	μου ἡ	2	consecutive enclitics	γάρ	ἰσχύς	\vs{11}Τίς γάρ μου ἡ ἰσχύς, ὅτι ὑπομένω; τίς μου ὁ χρόνος, ὅτι ἀνέχεταί μου ἡ ψυχή;
16295	ΙΩΒ 6:11	μου ὁ	2	consecutive enclitics	τίς	χρόνος	\vs{11}Τίς γάρ μου ἡ ἰσχύς, ὅτι ὑπομένω; τίς μου ὁ χρόνος, ὅτι ἀνέχεταί μου ἡ ψυχή;
16295	ΙΩΒ 6:11	μου ἡ	2	consecutive enclitics	ἀνέχεταί	ψυχή	\vs{11}Τίς γάρ μου ἡ ἰσχύς, ὅτι ὑπομένω; τίς μου ὁ χρόνος, ὅτι ἀνέχεταί μου ἡ ψυχή;
16297	ΙΩΒ 6:13	οὐκ ἐπ	2	consecutive enclitics		αὐτῷ	\vs{13}Ἢ οὐκ ἐπʼ αὐτῷ ἐπεποίθειν; βοήθεια δὲ ἀπʼ ἐμοῦ ἄπεστιν.
16300	ΙΩΒ 6:15	με οἱ	2	consecutive enclitics	προσεῖδόν	ἐγγύτατοί	\vs{15}Οὐ προσεῖδόν με οἱ ἐγγύτατοί μου, ὥσπερ χειμάῤῥους ἐκλείπων, ἢ ὥσπερ κῦμα παρῆλθόν με
16308	ΙΩΒ 6:23	με ἑξ	2	consecutive enclitics	σῶσαί	ἐχθρῶν	\vs{23}ὥστε σῶσαί με ἑξ ἐχθρῶν, ἢ ἐκ χειρὸς δυναστῶν ῥύσασθαί με;
16311	ΙΩΒ 6:25	Ἀλλ ὡς	2	consecutive enclitics		ἔοικε	\vs{25}Ἀλλʼ ὡς ἔοικε φαῦλα ἀληθινοῦ ῥήματα, οὐ γὰρ παρʼ ὑμῶν ἰσχὺν αἰτοῦμαι.
16316	ΙΩΒ 6:30	ἐστιν ἐν	2	consecutive enclitics	γάρ	γλώσσῃ	\vs{30}Οὐ γάρ ἐστιν ἐν γλώσσῃ μουἄδικον, ἢ ὁ λάρυγξ μου οὐχὶ σύνεσιν μελετᾷ.
16319	ΙΩΒ 7:1	ἐστιν ὁ	2	consecutive enclitics	πειρατήριόν	βίος	Πότερον οὐχὶ πειρατήριόν ἐστιν ὁ βίος ἀνθρώπου ἐπὶ τῆς γῆς; καὶ ὥσπερ μισθίου αὐθημερινοῦ ἡ ζωὴ αὐτοῦ;
16322	ΙΩΒ 7:4	ὡς δ	2	consecutive enclitics	ἡμέρα	ἂν	\vs{4}Ἐὰν κοιμηθῶ, λέγω, πότε ἡμέρα; ὡς δʼ ἂν ἀναστῶ, πάλιν, πότε ἑσπέρα; πλήρης δὲ γίνομαι ὀδυνῶν ἀπὸ ἑσπέρας ἕως πρωΐ.
16325	ΙΩΒ 7:7	μου ἡ	2	consecutive enclitics	πνεῦμά	ζωὴ	\vs{7}Μνήσθητι οὖν ὅτι πνεῦμά μου ἡ ζωὴ, καὶ οὐκ ἔτι ἐπανελεύσεται ὀφθαλμός μου ἰδεῖν ἀγαθόν.
16326	ΙΩΒ 7:8	με οἱ	2	consecutive enclitics	ὁρῶντός	ὀφθαλμοί	\vs{8}Οὐ περιβλέψεταί με ὀφθαλμὸς ὁρῶντός με, οἱ ὀφθαλμοί σου ἐν ἐμοί, καὶ οὐκ ἔτι εἰμί·
16326	ΙΩΒ 7:8	σου ἐν	2	consecutive enclitics	ὀφθαλμοί	ἐμοί	\vs{8}Οὐ περιβλέψεταί με ὀφθαλμὸς ὁρῶντός με, οἱ ὀφθαλμοί σου ἐν ἐμοί, καὶ οὐκ ἔτι εἰμί·
16328	ΙΩΒ 7:10	οὐδ οὐ	2	consecutive enclitics		μὴ	\vs{10}οὐδʼ οὐ μὴ ἐπιστρέψῃ εἰς τὸν ἴδιον οἶκον, οὐδʼ οὐ μὴ ἐπιγνῶ αὐτὸν ἔτι ὁ τόπος αὐτοῦ.
16328	ΙΩΒ 7:10	οὐδ οὐ	2	consecutive enclitics	οἶκον	μὴ	\vs{10}οὐδʼ οὐ μὴ ἐπιστρέψῃ εἰς τὸν ἴδιον οἶκον, οὐδʼ οὐ μὴ ἐπιγνῶ αὐτὸν ἔτι ὁ τόπος αὐτοῦ.
16332	ΙΩΒ 7:13	με ἡ	2	consecutive enclitics	παρακαλέσει	κλίνη	\vs{13}Εἴπα ὅτι παρακαλέσει με ἡ κλίνη μου, ἀνοίσω δὲ πρὸς ἐμαυτὸν ἰδίᾳ λόγον τῇ κοίτῃ μου.
16335	ΙΩΒ 7:16	μου ὁ	2	consecutive enclitics	γάρ	βίος	\vs{16}Οὐ γὰρ εἰς τὸν αἰῶνα ζήσομαι, ἵνα μακροθυμήσω· ἀπόστα ἀπʼ ἐμοῦ, κενὸς γάρ μου ὁ βίος.
16347	ΙΩΒ 8:4	Εἰ οἱ	2	consecutive enclitics		υἱοί	\vs{4}Εἰ οἱ υἱοί σου ἥμαρτον ἐναντίον αὐτοῦ, ἀπέστειλεν ἐν χειρὶ ἀνομίας αὐτῶν.
16379	ΙΩΒ 9:8	ὡς ἐπ	2	consecutive enclitics	περιπατῶν	ἐδάφους	\vs{8}Ὁ τανύσας τὸν οὐρανὸν μόνος, καὶ περιπατῶν ὡς ἐπʼ ἐδάφους ἐπὶ θαλάσσης·
16383	ΙΩΒ 9:11	με οὐ	2	consecutive enclitics	ὑπερβῇ	μὴ	\vs{11}Ἐὰν ὑπερβῇ με, οὐ μὴ ἴδω· ἐὰν παρέλθῃ με, οὐδʼ ὡς ἔγνων.
16395	ΙΩΒ 9:21	μου ἡ	2	consecutive enclitics	ἀφαιρεῖταί	ζωή	\vs{21}Εἴτε γὰρ ἠσέβησα, οὐκ οἶδα τῇ ψυχῇ, πλὴν ἀφαιρεῖταί μου ἡ ζωή.
16407	ΙΩΒ 9:31	με ἡ	2	consecutive enclitics	δέ	στολή	\vs{31}ἱκανῶς ἐν ῥύπῳ με ἔβαψας, ἐβδελύξατο δέ με ἡ στολή.
16434	ΙΩΒ 10:18	με οὐκ	2	consecutive enclitics	δέ	εἶδε	\vs{18}Ἱνατί οὖν ἐκ κοιλίας με ἐξήγαγες, καὶ οὐκ ἀπέθανον, ὀφθαλμὸς δέ με οὐκ εἶδε,
16444	ΙΩΒ 11:3	ἐστιν ὁ	2	consecutive enclitics	γάρ	ἀντικρινόμενός	\vs{3}εὐλογημένος γεννητὸς γυναικὸς ὀλιγόβιος. Μὴ πολὺς ἐν ῥήμασι γίνου, οὐ γάρ ἐστιν ὁ ἀντικρινόμενός σοι;
16460	ΙΩΒ 11:14	ἐστιν ἐν	2	consecutive enclitics	τί	χερσί	\vs{14}εἰ ἄνομόν τί ἐστιν ἐν χερσί σου, πόῤῥω ποίησον αὐτὸ ἀπὸ σοῦ, ἀδικία δὲ ἐν διαίτῃ σου μὴ αὐλισθήτω·
16478	ΙΩΒ 12:8	σοι οἱ	2	consecutive enclitics	ἐξηγήσονταί	ἰχθύες	\vs{8}Ἐκδιήγησαι γῇ, ἐάν σοι φράσῃ, καὶ ἐξηγήσονταί σοι οἱ ἰχθύες τῆς θαλάσσης.
16499	ΙΩΒ 13:1	μου ὁ	2	consecutive enclitics	ἑώρακέ	ὀφθαλμὸς	Ἰδοὺ ταῦτα ἑώρακέ μου ὁ ὀφθαλμὸς, καὶ ἀκήκοέ μου τὸ οὖς.
16511	ΙΩΒ 13:11	οὐχ ἡ	2	consecutive enclitics	πότερον	δῖνα	\vs{11}πότερον οὐχ ἡ δῖνα αὐτοῦ στροβήσει ὑμᾶς; ὁ φόβος δὲ παρʼ αὐτοῦ ἐπιπεσεῖται ὑμῖν,
16520	ΙΩΒ 13:19	ἐστιν ὁ	2	consecutive enclitics	γάρ	κριθησόμενός	\vs{19}Τίς γάρ ἐστιν ὁ κριθησόμενός μοι, ὅτι νῦν κωφεύσω καὶ ἐκλείψω;
16522	ΙΩΒ 13:20	σου οὐ	2	consecutive enclitics	προσώπου	κρυβήσομαι	\vs{20}Δυεῖν δέ μοι χρήσῃ, τότε ἀπὸ τοῦ προσώπου σου οὐ κρυβήσομαι.
16549	ΙΩΒ 14:13	σου ἡ	2	consecutive enclitics	παύσηταί	ὀργὴ	\vs{13}Εἰ γὰρ ὄφελον ἐν ᾅδῃ με ἐφύλαξας, ἔκρυψας δέ με ἕως ἂν παύσηταί σου ἡ ὀργὴ, καὶ τάξῃ μοι χρόνον ἐν ᾧ μνείαν μου ποιήσῃ.
16608	ΙΩΒ 16:4	γε ἡ	2	consecutive enclitics	ὑπέκειτό	ψυχὴ	\vs{4}Κᾀγὼ καθʼ ὑμᾶς λαλήσω· εἰ ὑπέκειτό γε ἡ ψυχὴ ὑμῶν ἀντὶ τῆς ἐμῆς, εἶτʼ ἐναλοῦμαι ὑμῖν ῥήμασι· κινήσω δὲ καθʼ ὑμῶν κεφαλήν.
16616	ΙΩΒ 16:10	με εἰς	2	consecutive enclitics	ἔπαισέ	τὰ	\vs{10}Ἀκίσιν ὀφθαλμῶν ἐνήλατο, ὀξεῖ ἔπαισέ με εἰς τὰ γόνατα, ὁμοθυμαδὸν δὲ κατέδραμον ἐπʼ ἐμοί.
16618	ΙΩΒ 16:11	με ὁ	2	consecutive enclitics	γάρ	Κύριος	\vs{11}Παρέδωκε γάρ με ὁ Κύριος εἰς χείρας ἀδίκων, ἐπὶ δὲ ἀσεβέσιν ἔῤῥιψέ με.
16620	ΙΩΒ 16:13	μου οὐ	2	consecutive enclitics	νεφρούς	φειδόμενοι	\vs{13}Ἐκύκλωσάν με λόγχαις βάλλοντες εἰς νεφρούς μου, οὐ φειδόμενοι ἐξέχεαν εἰς τὴν γῆν τὴν χολήν μου·
16622	ΙΩΒ 16:15	μου ἐν	2	consecutive enclitics	σθένος	γῇ	\vs{15}Σάκκον ἔῤῥαψαν ἐπὶ βύρσης μου, τὸ δὲ σθένος μου ἐν γῇ ἐσβέσθη.
16627	ΙΩΒ 16:19	μου ὁ	2	consecutive enclitics	μάρτυς	δὲ	\vs{19}Καὶ νῦν ἰδοὺ ἐν οὐρανοῖς ὁ μάρτυς μου, ὁ δὲ συνίστωρ μου ἐν ὑψίστοις.
16627	ΙΩΒ 16:19	μου ἐν	2	consecutive enclitics	συνίστωρ	ὑψίστοις	\vs{19}Καὶ νῦν ἰδοὺ ἐν οὐρανοῖς ὁ μάρτυς μου, ὁ δὲ συνίστωρ μου ἐν ὑψίστοις.
16628	ΙΩΒ 16:20	μου ἡ	2	consecutive enclitics	Ἀφίκοιτό	δέησις	\vs{20}Ἀφίκοιτό μου ἡ δέησις πρὸς Κύριον, ἔναντι δὲ αὐτοῦ στάζοι μου ὁ ὀφθαλμός.
16628	ΙΩΒ 16:20	μου ὁ	2	consecutive enclitics	στάζοι	ὀφθαλμός	\vs{20}Ἀφίκοιτό μου ἡ δέησις πρὸς Κύριον, ἔναντι δὲ αὐτοῦ στάζοι μου ὁ ὀφθαλμός.
16647	ΙΩΒ 17:13	μου ὁ	2	consecutive enclitics	ᾅδης	οἶκος	\vs{13}Ἐὰν γὰρ ὑπομείνω, ᾅδης μου ὁ οἶκος, ἐν δὲ γνοφῳ ἔστρωταί μου ἡ στρωμνή.
16647	ΙΩΒ 17:13	μου ἡ	2	consecutive enclitics	ἔστρωταί	στρωμνή	\vs{13}Ἐὰν γὰρ ὑπομείνω, ᾅδης μου ὁ οἶκος, ἐν δὲ γνοφῳ ἔστρωταί μου ἡ στρωμνή.
16657	ΙΩΒ 18:4	ἡ ὑπ	2	consecutive enclitics	ἀοίκητος	οὐρανόν	\vs{4}Κέχρηταί σοι ὀργή· τί γὰρ ἐὰν σὺ ἀποθάνῃς, ἀοίκητος ἡ ὑπʼ οὐρανόν; ἢ καταστραφήσεται ὄρη ἐκ θεμελίων;
16674	ΙΩΒ 18:20	Ἀλλ ἐν	2	consecutive enclitics		τοῖς	\vs{20}Ἀλλʼ ἐν τοῖς αὐτοῦ ζήσονται ἕτεροι· ἐπʼ αὐτῷ ἐστέναξαν ἔσχατοι, πρώτους δὲ ἔσχε θαῦμα.
16676	ΙΩΒ 18:21	εἰσιν οἱ	2	consecutive enclitics	Οὗτοί	οἶκοι	\vs{21}Οὗτοί εἰσιν οἱ οἶκοι ἀδίκων, οὗτος δὲ ὁ τόπος τῶν μὴ εἰδότων τὸν Κύριον.
16682	ΙΩΒ 19:3	μου οὐκ	2	consecutive enclitics	Καταλαλεῖτέ	αἰσχυνόμενοί	\vs{3}Καταλαλεῖτέ μου, οὐκ αἰσχυνόμενοί με ἐπίκεισθέ μοι.
16686	ΙΩΒ 19:6	ἐστιν ὁ	2	consecutive enclitics	Κύριός	ταράξας	\vs{6}Γνῶτε οὖν ὅτι Κύριός ἐστιν ὁ ταράξας, ὀχύρωμα δὲ αὐτοῦ ἐπʼ ἐμὲ ὕψωσεν.
16695	ΙΩΒ 19:14	με οἱ	2	consecutive enclitics	προσεποιήσαντό	ἐγγύτατοί	\vs{14}Οὐ προσεποιήσαντό με οἱ ἐγγύτατοί μου, καὶ οἱ εἰδότες μου τὸ ὄνομα ἐπελάθοντό μου.
16700	ΙΩΒ 19:19	με οἱ	2	consecutive enclitics	Ἐβδελύξαντό	ἰδόντες	\vs{19}Ἐβδελύξαντό με οἱ ἰδόντες με· οὓς δὴ ἠγαπήκειν, ἐπανέστησάν μοι.
16701	ΙΩΒ 19:20	μου ἐν	2	consecutive enclitics	ὀστᾶ	ὀδοῦσιν	\vs{20}Ἐν δέρματί μου ἐσάπησαν αἱ σάρκες μου, τὰ δὲ ὀστᾶ μου ἐν ὀδοῦσιν ἔχεται.
16703	ΙΩΒ 19:22	μου οὐκ	2	consecutive enclitics	σαρκῶν	ἐμπίπλασθε	\vs{22}Διατί με διώκετε ὥσπερ καὶ ὁ Κύριος; ἀπὸ δὲ σαρκῶν μου οὐκ ἐμπίπλασθε;
16707	ΙΩΒ 19:25	ἐστιν ὁ	2	consecutive enclitics	ἀένναός	ἐκλύειν	\vs{25}Οἶδα γὰρ ὅτι ἀένναός ἐστιν ὁ ἐκλύειν με μέλλων,
16753	ΙΩΒ 21:2	μοι παρ	2	consecutive enclitics	ᾖ	ὑμῶν	\vs{2}Ἀκούσατε ἀκούσατέ μου τῶν λόγων, ἵνα μὴ ᾖ μοι παρʼ ὑμῶν αὕτη ἡ παράκλησις.
16755	ΙΩΒ 21:4	μου ἡ	2	consecutive enclitics	ἀνθρώπου	ἔλεγξις	\vs{4}Τί γάρ; μὴ ἀνθρώπου μου ἡ ἔλεγξις; ἢ διὰ τί οὐ θυμωθήσομαι;
16776	ΙΩΒ 21:22	ἐστιν ὁ	2	consecutive enclitics	Κύριός	διδάσκων	\vs{22}Πότερον οὐχὶ ὁ Κύριός ἐστιν ὁ διδάσκων σύνεσιν καὶ ἐπιστήμην; αὐτὸς δὲ φόνους διακρίνει;
16783	ΙΩΒ 21:28	ἐστιν ἡ	2	consecutive enclitics	ποῦ	σκέπη	\vs{28}Ὥστε ἐρεῖτε, ποῦ ἐστιν οἶκος ἄρχοντος; καὶ ποῦ ἐστιν ἡ σκέπη τῶν σκηνωμάτων τῶν ἀσεβῶν;
16794	ΙΩΒ 22:2	ἐστιν ὁ	2	consecutive enclitics	Κύριός	διδάσκων	\vs{2}Πότερον οὐχὶ ὁ Κύριός ἐστιν ὁ διδάσκων σύνεσιν καὶ ἐπιστήμην;
16796	ΙΩΒ 22:4	σοι εἰς	2	consecutive enclitics	συνεισελεύσεταί	κρίσιν	\vs{4}Ἢ λόγον σου ποιοῦμενος ἐλέγξεις, καὶ συνεισελεύσεταί σοι εἰς κρίσιν;
16798	ΙΩΒ 22:5	οὐχ ἡ	2	consecutive enclitics	Πότερον	κακία	\vs{5}Πότερον οὐχ ἡ κακία σου ἐστὶ πολλὴ, ἀναρίθμητοι δέ σου εἰσὶν αἱ ἁμαρτίαι;
16820	ΙΩΒ 22:25	σου ὁ	2	consecutive enclitics	οὖν	παντοκράτωρ	\vs{25}Ἔσται οὖν σου ὁ παντοκράτωρ βοηθὸς ἀπὸ ἐχθρῶν, καθαρὸν δὲ ἀποδώσει σε ὥσπερ ἀργύριον πεπυρωμένον.
16830	ΙΩΒ 23:2	μου ἡ	2	consecutive enclitics	χειρός	ἔλεγξίς	\vs{2}Καὶ δὴ οἶδα ὅτι ἐκ χειρός μου ἡ ἔλεγξίς ἐστι, καὶ ἡ χεὶρ αὐτοῦ βαρεῖα γέγονεν ἐπʼ ἐμῷ στεναγμῷ.
16834	ΙΩΒ 23:6	μοι οὐ	2	consecutive enclitics	ἀπειλῇ	χρήσεται	\vs{6}Καὶ ἐν πολλῇ ἰσχύϊ ἐπελεύσεταί μοι, εἶτα ἐν ἀπειλῇ μοι οὐ χρήσεται.
16843	ΙΩΒ 23:13	ἐστιν ὁ	2	consecutive enclitics	τίς	ἀντειπὼν	\vs{13}Εἰ δὲ καὶ αὐτὸς ἔκρινεν οὕτως, τίς ἐστιν ὁ ἀντειπὼν αὐτῷ; ὁ γὰρ αὐτὸς ἠθέλησε, καὶ ἐποίησε.
16847	ΙΩΒ 23:16	μου ὁ	2	consecutive enclitics	καρδίαν	δὲ	\vs{16}Κύριος δὲ ἐμαλάκυνε τὴν καρδίαν μου· ὁ δὲ παντοκράτωρ ἐσπούδασέ με.
16882	ΙΩΒ 24:25	ἐστιν ὁ	2	consecutive enclitics	τίς	φάμενος	\vs{25}Εἰ δὲ μὴ, τίς ἐστιν ὁ φάμενος ψευδῆ με λέγειν, καὶ θήσει εἰς οὐδὲν τὰ ῥήματά μου;
16915	ΙΩΒ 27:3	μοι ἐν	2	consecutive enclitics	περιόν	ῥινὶ	\vs{3}εἰ μὴν ἔτι τῆς πνοῆς μου ἐνούσης, πνεῦμα δὲ θεῖον τὸ περιόν μοι ἐν ῥινὶ,
16919	ΙΩΒ 27:7	οἱ ἐπ	2	consecutive enclitics	καὶ	ἐμὲ	\vs{7}Οὐ μὴν δὲ ἀλλὰ εἴησαν οἱ ἐχθροί μου ὥσπερ ἡ καταστροφὴ τῶν ἀσεβῶν, καὶ οἱ ἐπʼ ἐμὲ ἐπανιστάμενοι, ὥσπερ ἡ ἀπώλεια τῶν παρανόμων.
16925	ΙΩΒ 27:11	ἐστιν ἐν	2	consecutive enclitics	τί	χειρὶ	\vs{11}Ἀλλὰ δὴ ἀναγγελῶ ὑμῖν τί ἐστιν ἐν χειρὶ Κυρίου, ἅ ἐστι παρὰ παντοκράτορι, οὐ ψεύσομαι.
16950	ΙΩΒ 28:10	μου ὁ	2	consecutive enclitics	εἴδέ	ὀφθαλμός	\vs{10}Δίνας δὲ ποταμῶν διέῤῥηξε, πᾶν δὲ ἔντιμον εἴδέ μου ὁ ὀφθαλμός.
16976	ΙΩΒ 29:2	με ὁ	2	consecutive enclitics	ὧν	Θεὸς	\vs{2}Τίς ἄν με θείη κατὰ μῆνα ἔμπροσθεν ἡμερῶν, ὧν με ὁ Θεὸς ἐφύλαξεν;
16979	ΙΩΒ 29:5	μου οἱ	2	consecutive enclitics	δέ	παῖδες	\vs{5}Ὅτε ἤμην ὑλώδης λίαν, κύκλῳ δέ μου οἱ παῖδες·
16982	ΙΩΒ 29:7	μου ὁ	2	consecutive enclitics	ἐτίθετό	δίφρος	\vs{7}Ὅτε ἐξεπορευόμην ὄρθριος ἐν πόλει, ἐν δὲ πλατείαις ἐτίθετό μου ὁ δίφρος.
16995	ΙΩΒ 29:20	μου ἐν	2	consecutive enclitics	τόξον	χειρὶ	\vs{20}Ἡ δόξα μου κενὴ μετʼ ἐμοῦ, καὶ τὸ τόξον μου ἐν χειρὶ αὐτοῦ πορεύεται.
17000	ΙΩΒ 29:24	μου οὐκ	2	consecutive enclitics	προσώπου	ἀπέπιπτεν	\vs{24}Ἐὰν γελάσω πρὸς αὐτοὺς, οὐ μὴ πιστεύσωσι, καὶ φῶς τοῦ προσώπου μου οὐκ ἀπέπιπτεν.
17004	ΙΩΒ 30:1	με ἐν	2	consecutive enclitics	νουθετοῦσί	μέρει	Νυνὶ δὲ κατεγέλασάν μου ἐλάχιστοι, νῦν νουθετοῦσί με ἐν μέρει, ὧν ἐξουδένουν τοὺς πατέρας αὐτῶν, οὓς οὐχ ἡγησάμην ἀξίους κυνῶν τῶν ἐμῶν νομάδων.
17005	ΙΩΒ 30:2	μοι ἐπ	2	consecutive enclitics	ἱνατί	αὐτοὺς	\vs{2}Καί γε ἰσχὺς χειρῶν αὐτῶν ἱνατί μοι; ἐπʼ αὐτοὺς ἀπώλετο συντέλεια.
17014	ΙΩΒ 30:10	μου οὐκ	2	consecutive enclitics	προσώπου	ἐφείσαντο	\vs{10}Ἐβδελύξαντο δέ με ἀποστάντες μακρὰν, ἀπὸ δὲ τοῦ προσώπου μου οὐκ ἐφείσαντο πτύελον.
17018	ΙΩΒ 30:14	μοι ὡς	2	consecutive enclitics	δέ	βούλεται	\vs{14}βέλεσιν αὐτοῦ κατηκόντισέ με. Κέκριται δέ μοι ὡς βούλεται, ἐν ὀδύναις πέφυρμαι.
17019	ΙΩΒ 30:15	μου αἱ	2	consecutive enclitics	Ἐπιστρέφονταί	ὀδύναι	\vs{15}Ἐπιστρέφονταί μου αἱ ὀδύναι, ᾤχετό μου ἡ ἐλπὶς ὥσπερ πνεῦμα, καὶ ὥσπερ νέφος ἡ σωτηρία μου.
17019	ΙΩΒ 30:15	μου ἡ	2	consecutive enclitics	ᾤχετό	ἐλπὶς	\vs{15}Ἐπιστρέφονταί μου αἱ ὀδύναι, ᾤχετό μου ἡ ἐλπὶς ὥσπερ πνεῦμα, καὶ ὥσπερ νέφος ἡ σωτηρία μου.
17024	ΙΩΒ 30:19	μου ἡ	2	consecutive enclitics	σποδῷ	μερίς	\vs{19}Ἥγησαι δέ με ἴσα πηλῷ, ἐν γῇ καὶ σποδῷ μου ἡ μερίς.
17028	ΙΩΒ 30:22	με ἐν	2	consecutive enclitics	δέ	ὀδύναις	\vs{22}Ἔταξας δέ με ἐν ὀδύναις, καὶ ἀπέῤῥιψάς με ἀπὸ σωτηρίας.
17038	ΙΩΒ 30:31	μου ἡ	2	consecutive enclitics	πένθος	κιθάρα	\vs{31}Ἀπέβη δὲ εἰς πένθος μου ἡ κιθάρα, ὁ δὲ ψαλμός μου εἰς κλαυθμὸν ἐμοί.
17038	ΙΩΒ 30:31	μου εἰς	2	consecutive enclitics	ψαλμός	κλαυθμὸν	\vs{31}Ἀπέβη δὲ εἰς πένθος μου ἡ κιθάρα, ὁ δὲ ψαλμός μου εἰς κλαυθμὸν ἐμοί.
17045	ΙΩΒ 31:5	μου εἰς	2	consecutive enclitics	πούς	δόλον	\vs{5}Εἰ δὲ ἤμην πεπορευμένος μετὰ γελοιαστῶν, εἰ δὲ καὶ ἐσπούδασεν ὁ πούς μου εἰς δόλον·
17047	ΙΩΒ 31:7	μου ἐκ	2	consecutive enclitics	πούς	τῆς	\vs{7}Εἰ ἐξέκλινεν ὁ πούς μου ἐκ τῆς ὁδοῦ, εἰ δὲ καὶ τῷ ὀφθαλμῷ ἐπηκολούθησεν ἡ καρδία μου, εἰ δὲ καὶ ταῖς χερσί μου ἡψάμην δώρων,
17047	ΙΩΒ 31:7	μου εἰ	2	consecutive enclitics	καρδία	δὲ	\vs{7}Εἰ ἐξέκλινεν ὁ πούς μου ἐκ τῆς ὁδοῦ, εἰ δὲ καὶ τῷ ὀφθαλμῷ ἐπηκολούθησεν ἡ καρδία μου, εἰ δὲ καὶ ταῖς χερσί μου ἡψάμην δώρων,
17056	ΙΩΒ 31:15	οὐχ ὡς	2	consecutive enclitics	Πότερον	καὶ	\vs{15}Πότερον οὐχ ὡς καὶ ἐγὼ ἐγενόμην ἐν γαστρὶ, καὶ ἐκεῖνοι γεγόνασι; γεγόναμεν δὲ ἐν τῇ αὐτῇ κοιλίᾳ.
17067	ΙΩΒ 31:24	μου εἰ	2	consecutive enclitics	χοῦν	δὲ	\vs{24}Εἰ ἔταξα χρυσίον εἰς χοῦν μου, εἰ δὲ καὶ λίθῳ πολυτελεῖ ἐπεποίθησα,
17070	ΙΩΒ 31:27	μου εἰ	2	consecutive enclitics	καρδία	δὲ	\vs{27}Καὶ εἰ ἠπατήθη λάθρα ἡ καρδία μου, εἰ δὲ χεῖρά μου ἐπιθεὶς ἐπὶ στόματί μου ἐφίλησα.
17083	ΙΩΒ 31:38	Εἰ ἐπ	2	consecutive enclitics		ἐμοί	\vs{38}Εἰ ἐπʼ ἐμοί ποτε ἡ γῆ ἐστέναξεν, εἰ δὲ καὶ οἱ αὔλακες αὐτῆς ἔκλαυσαν ὁμοθυμαδόν·
17083	ΙΩΒ 31:38	ποτε ἡ	2	consecutive enclitics	ἐμοί	γῆ	\vs{38}Εἰ ἐπʼ ἐμοί ποτε ἡ γῆ ἐστέναξεν, εἰ δὲ καὶ οἱ αὔλακες αὐτῆς ἔκλαυσαν ὁμοθυμαδόν·
17097	ΙΩΒ 32:7	οὐχ ὁ	2	consecutive enclitics	ὅτι	χρόνος	\vs{7}Εἶπα δὲ, ὅτι οὐχ ὁ χρόνος ἐστὶν ὁ λαλῶν, ἐν πολλοῖς δὲ ἔτεσιν οἴδασι σοφίαν.
17098	ΙΩΒ 32:8	ἐστιν ἐν	2	consecutive enclitics	πνεῦμά	βροτοῖς	\vs{8}Ἀλλὰ πνεῦμά ἐστιν ἐν βροτοῖς· πνοὴ δὲ παντοκράτορός ἐστιν ἡ διδάσκουσα.
17098	ΙΩΒ 32:8	ἐστιν ἡ	2	consecutive enclitics	παντοκράτορός	διδάσκουσα	\vs{8}Ἀλλὰ πνεῦμά ἐστιν ἐν βροτοῖς· πνοὴ δὲ παντοκράτορός ἐστιν ἡ διδάσκουσα.
17099	ΙΩΒ 32:9	Οὐχ οἱ	2	consecutive enclitics		πολυχρόνιοί	\vs{9}Οὐχ οἱ πολυχρόνιοί εἰσι σοφοὶ, οὐδʼ οἱ γέροντες οἴδασι κρίμα.
17099	ΙΩΒ 32:9	οὐδ οἱ	2	consecutive enclitics	σοφοὶ	γέροντες	\vs{9}Οὐχ οἱ πολυχρόνιοί εἰσι σοφοὶ, οὐδʼ οἱ γέροντες οἴδασι κρίμα.
17118	ΙΩΒ 33:3	μου ἡ	2	consecutive enclitics	Καθαρά	καρδία	\vs{3}Καθαρά μου ἡ καρδία ῥήμασι, σύνεσις δὲ χειλέων μου καθαρὰ νοήσει.
17122	ΙΩΒ 33:7	Οὐχ ὁ	2	consecutive enclitics		φόβος	\vs{7}Οὐχ ὁ φόβος μου σὲ στροβήσει, οὐδὲ ἡ χείρ μου βαρεῖα ἔσται ἐπὶ σοί.
17125	ΙΩΒ 33:9	εἰμι οὐχ	2	consecutive enclitics	καθαρός	ἁμαρτών	\vs{9}διότι λέγεις, καθαρός εἰμι οὐχ ἁμαρτών, ἄμεμπτός εἰμι, οὐ γὰρ ἠνόμησα·
17125	ΙΩΒ 33:9	εἰμι οὐ	2	consecutive enclitics	ἄμεμπτός	γὰρ	\vs{9}διότι λέγεις, καθαρός εἰμι οὐχ ἁμαρτών, ἄμεμπτός εἰμι, οὐ γὰρ ἠνόμησα·
17128	ΙΩΒ 33:12	ἐστιν ὁ	2	consecutive enclitics	γάρ	ἐπάνω	\vs{12}Πῶς γὰρ λέγεις, δίκαιός εἰμι, καὶ οὐκ ἐπακήκοέ μου; αἰώνιος γάρ ἐστιν ὁ ἐπάνω βροτῶν.
17130	ΙΩΒ 33:13	μου οὐκ	2	consecutive enclitics	δίκης	ἐπακήκοέ	\vs{13}Λέγεις δέ, διατί τῆς δίκης μου οὐκ ἐπακήκοέ μου πᾶν ῥῆμα;
17149	ΙΩΒ 33:30	μου ἐκ	2	consecutive enclitics	ψυχήν	θανάτου	\vs{30}Καὶ ἐῤῥύσατο τὴν ψυχήν μου ἐκ θανάτου, ἵνα ἡ ζωή μου ἐν φωτὶ αἰνῇ αὐτόν.
17149	ΙΩΒ 33:30	μου ἐν	2	consecutive enclitics	ζωή	φωτὶ	\vs{30}Καὶ ἐῤῥύσατο τὴν ψυχήν μου ἐκ θανάτου, ἵνα ἡ ζωή μου ἐν φωτὶ αἰνῇ αὐτόν.
17161	ΙΩΒ 34:5	εἰμι ὁ	2	consecutive enclitics	δίκαιός	Κύριος	\vs{5}Ὅτι εἴρηκεν Ἰὼβ, δίκαιός εἰμι· ὁ Κύριος ἀπήλλαξέ μου τὸ κρίμα.
17165	ΙΩΒ 34:8	οὐδ οὐ	2	consecutive enclitics	ἢ	κοινωνήσας	\vs{8}Οὐχ ἁμαρτῶν οὐδὲ ἀσεβήσας, ἢ οὐδʼ οὐ κοινωνήσας μετὰ ποιούντων τὰ ἄνομα, τοῦ πορευθῆναι μετὰ ἀσεβῶν.
17172	ΙΩΒ 34:13	ἐστιν ὁ	2	consecutive enclitics	δέ	ποιῶν	\vs{13}ὃς ἐποίησε τὴν γῆν; Τίς δέ ἐστιν ὁ ποιῶν τὴν ὑπʼ οὐρανὸν, καὶ τὰ ἐνόντα πάντα;
17184	ΙΩΒ 34:23	οὐκ ἐπ	2	consecutive enclitics	Ὅτι	ἄνδρα	\vs{23}Ὅτι οὐκ ἐπʼ ἄνδρα θήσει ἔτι.
17195	ΙΩΒ 34:32	μοι εἰ	2	consecutive enclitics	δεῖξόν	ἀδικίαν	\vs{32}Ἄνευ ἐμαυτοῦ ὄψομαι· σὺ δεῖξόν μοι, εἰ ἀδικίαν εἰργασάμην, οὐ μὴ προσθήσω.
17198	ΙΩΒ 34:35	οὐκ ἐν	2	consecutive enclitics	δὲ	συνέσει	\vs{35}Ἰὼβ δὲ οὐκ ἐν συνέσει ἐλάλησε, τὰ ῥήματα αὐτοῦ οὐκ ἐν ἐπιστήμῃ.
17198	ΙΩΒ 34:35	οὐκ ἐν	2	consecutive enclitics	αὐτοῦ	ἐπιστήμῃ	\vs{35}Ἰὼβ δὲ οὐκ ἐν συνέσει ἐλάλησε, τὰ ῥήματα αὐτοῦ οὐκ ἐν ἐπιστήμῃ.
17211	ΙΩΒ 35:8	σου ἡ	2	consecutive enclitics	ὁμοίῳ	ἀσέβειά	\vs{8}Ἀνδρὶ τῷ ὁμοίῳ σου ἡ ἀσέβειά σου, καὶ υἱῷ ἀνθρώπου ἡ δικαιοσύνη σου.
17213	ΙΩΒ 35:10	ἐστιν ὁ	2	consecutive enclitics	ποῦ	Θεὸς	\vs{10}Καὶ οὐκ εἶπε, ποῦ ἐστιν ὁ Θεὸς ὁ ποιήσας με, ὁ κατατάσσων φυλακὰς νυκτερινὰς,
17213	ΙΩΒ 35:10	με ὁ	2	consecutive enclitics	ποιήσας	κατατάσσων	\vs{10}Καὶ οὐκ εἶπε, ποῦ ἐστιν ὁ Θεὸς ὁ ποιήσας με, ὁ κατατάσσων φυλακὰς νυκτερινὰς,
17241	ΙΩΒ 36:16	σε ἐκ	2	consecutive enclitics	προσεπιηπάτησέ	στόματος	\vs{16}Καὶ προσεπιηπάτησέ σε ἐκ στόματος ἐχθροῦ, ἄβυσσος κατάχυσις ὑποκάτω αὐτῆς, καὶ κατέβη τράπεζά σου πλήρης πιότητος.
17249	ΙΩΒ 36:22	ἐστι κατ	2	consecutive enclitics	γάρ	αὐτὸν	\vs{22}Ἰδοὺ ὁ ἰσχυρὸς κραταιώσει ἐν ἰσχύι αὐτοῦ· τίς γάρ ἐστι κατʼ αὐτὸν δυνάστης;
17250	ΙΩΒ 36:23	ἐστιν ὁ	2	consecutive enclitics	δέ	ἐτάζων	\vs{23}Τίς δέ ἐστιν ὁ ἐτάζων αὐτοῦ τὰ ἔργα; ἢ τίς ὁ εἰπὼν, ἔπραξεν ἄδικα;
17257	ΙΩΒ 36:28b	σου ἡ	2	consecutive enclitics	ἐξίσταταί	διάνοια	\vs{28b}ἐπὶ τούτοις πᾶσιν οὐκ ἐξίσταταί σου ἡ διάνοια, οὐδὲ διαλλάσσεταί σου ἡ καρδία ἀπὸ σώματος.
17257	ΙΩΒ 36:28b	σου ἡ	2	consecutive enclitics	διαλλάσσεταί	καρδία	\vs{28b}ἐπὶ τούτοις πᾶσιν οὐκ ἐξίσταταί σου ἡ διάνοια, οὐδὲ διαλλάσσεταί σου ἡ καρδία ἀπὸ σώματος.
17277	ΙΩΒ 37:13	τε εἰς	2	consecutive enclitics	ἐάν	παιδείαν	\vs{13}ἐάν τε εἰς παιδείαν, ἐὰν εἰς τὴν γῆν αὐτοῦ, ἐὰν εἰς ἔλεος εὑρήσει αὐτόν.
17287	ΙΩΒ 37:21	ἐστιν ἐν	2	consecutive enclitics	τηλαυγές	τοῖς	\vs{21}Πᾶσι δὲ οὐχ ὁρατὸν τὸ φῶς, τηλαυγές ἐστιν ἐν τοῖς παλαιώμασιν, ὥσπερ τὸ παρʼ αὐτοῦ ἐπὶ νεφῶν.
17298	ΙΩΒ 38:4	μοι εἰ	2	consecutive enclitics	δέ	ἐπίστῃ	\vs{4}Ποῦ ἦς ἐν τῷ θεμελιοῦν με τὴν γῆν; ἀπάγγειλον δέ μοι εἰ ἐπίστῃ σύνεσιν.
17300	ΙΩΒ 38:6	ἐστιν ὁ	2	consecutive enclitics	δέ	βαλὼν	\vs{6}Ἐπὶ τίνος οἱ κρίκοι αὐτῆς πεπήγασι; τίς δέ ἐστιν ὁ βαλὼν λίθον γωνιαῖον ἐπʼ αὐτῆς;
17305	ΙΩΒ 38:11	ἀλλ ἐν	2	consecutive enclitics	ὑπερβήσῃ	σεαυτῇ	\vs{11}Εἶπα δὲ αὐτῇ, μέχρι τούτου ἐλεύσῃ, καὶ οὐχ ὑπερβήσῃ, ἀλλʼ ἐν σεαυτῇ συντριβήσεταί σου τὰ κύματα.
17317	ΙΩΒ 38:20	με εἰς	2	consecutive enclitics	ἀγάγοις	ὅρια	\vs{20}Εἰ ἀγάγοις με εἰς ὅρια αὐτῶν, εἰ δὲ καὶ ἐπίστασαι τρίβους αὐτῶν·
17321	ΙΩΒ 38:23	σοι εἰς	2	consecutive enclitics	δέ	ὥραν	\vs{23}Ἀπόκειται δέ σοι εἰς ὥραν ἐχθρῶν, εἰς ἡμέραν πολέμων καὶ μάχης;
17327	ΙΩΒ 38:28	ἐστιν ὁ	2	consecutive enclitics	δέ	τετοκὼς	\vs{28}Τίς ἐστιν ὑετοῦ πατήρ; τίς δέ ἐστιν ὁ τετοκὼς βώλους δρόσου;
17350	ΙΩΒ 39:5	ἐστιν ὁ	2	consecutive enclitics	δέ	ἀφεὶς	\vs{5}Τίς δέ ἐστιν ὁ ἀφεὶς ὄνον ἄγριον ἐλεύθερον; δεσμοὺς δὲ αὐτοῦ τίς ἔλυσεν;
17421	ΙΩΒ 41:2	ἐστιν ὁ	2	consecutive enclitics	γάρ	ἐμοὶ	\vs{2}Οὐ δέδοικας, ὅτι ἡτοίμασταί μοι; τίς γάρ ἐστιν ὁ ἐμοὶ ἀντιστάς;
17422	ΙΩΒ 41:3	ἡ ὑπ	2	consecutive enclitics	πᾶσα	οὐρανὸν	\vs{3}Ἢ τίς ἀντιστήσεταί μοι, καὶ ὑπομενεῖ; εἰ πᾶσα ἡ ὑπʼ οὐρανὸν ἐμή ἐστιν,
17452	ΙΩΒ 42:3	ἐστιν ὁ	2	consecutive enclitics	γάρ	κρύπτων	\vs{3}Τίς γάρ ἐστιν ὁ κρύπτων σε βουλήν; φειδόμενος δὲ ῥημάτων, καὶ σὲ οἴεται κρύπτειν; τίς δὲ ἀναγγελεῖ μοι ἃ οὐκ ᾔδειν, μεγάλα καὶ θαυμαστὰ ἃ οὐκ ἐπιστάμην;
17458	ΙΩΒ 42:7	σου οὐ	2	consecutive enclitics	φίλοι	γὰρ	\vs{7}Ἐγένετο δὲ μετὰ τὸ λαλῆσαι τὸν Κύριον πάντα τὰ ῥήματα ταῦτα τῷ Ἰώβ, εἶπεν ὁ Κύριος Ἐλιφὰζ τῷ Θαιμανίτῃ, ἥμαρτες σὺ, καὶ οἱ δύο φίλοι σου· οὐ γὰρ ἐλαλήσατε ἐνώπιόν μου ἀληθὲς οὐδὲν, ὥσπερ ὁ θεράπων μου Ἰώβ.
17489	ΨΑΛΜΟΙ 1:4	ὡς ὁ	2	consecutive enclitics	ἢ	χνοῦς	\vs{4}Οὐχ οὕτως οἱ ἀσεβεῖς, οὐχ οὕτως, ἀλλʼ ἢ ὡς ὁ χνοῦς ὃν ἐκρίπτει ὁ ἄνεμος ἀπὸ προσώπου τῆς γῆς.
17511	ΨΑΛΜΟΙ 3:3	μου οὐκ	2	consecutive enclitics	ψυχῇ	ἔστι	\vs{3}Πολλοὶ λέγουσι τῇ ψυχῇ μου, οὐκ ἔστι σωτηρία αὐτῷ ἐν τῷ Θεῷ αὐτοῦ· διάψαλμα.
17514	ΨΑΛΜΟΙ 3:5	μου ἐξ	2	consecutive enclitics	ἐπήκουσέ	ὄρους	\vs{5}Φωνῇ μου πρὸς Κύριον ἐκέκραξα, καὶ ἐπήκουσέ μου ἐξ ὄρους ἁγίου αὐτοῦ· διάψαλμα.
17517	ΨΑΛΜΟΙ 3:8	με ὁ	2	consecutive enclitics	σῶσόν	Θεός	\vs{8}Ἀνάστα Κύριε, σῶσόν με ὁ Θεός μου· ὅτι σὺ ἐπάταξας πάντας τοὺς ἐχθραίνοντάς μοι ματαίως, ὀδόντας ἁμαρτωλῶν συνέτριψας.
17518	ΨΑΛΜΟΙ 3:9	σου ἡ	2	consecutive enclitics	λαόν	εὐλογία	\vs{9}Τοῦ Κυρίου ἡ σωτηρία, καὶ ἐπὶ τὸν λαόν σου ἡ εὐλογία σου.
17522	ΨΑΛΜΟΙ 4:2	μου ὁ	2	consecutive enclitics	εἰσήκουσέ	Θεὸς	\vs{2}Ἐν τῷ ἐπικαλεῖσθαί με, εἰσήκουσέ μου ὁ Θεὸς τῆς δικαιοσύνης μου· ἐν θλίψει ἐπλάτυνάς μοι· οἰκτείρησόν με, καὶ εἰσάκουσον τῆς προσευχῆς μου.
17522	ΨΑΛΜΟΙ 4:2	μου ἐν	2	consecutive enclitics	δικαιοσύνης	θλίψει	\vs{2}Ἐν τῷ ἐπικαλεῖσθαί με, εἰσήκουσέ μου ὁ Θεὸς τῆς δικαιοσύνης μου· ἐν θλίψει ἐπλάτυνάς μοι· οἰκτείρησόν με, καὶ εἰσάκουσον τῆς προσευχῆς μου.
17525	ΨΑΛΜΟΙ 4:4	μου ἐν	2	consecutive enclitics	εἰσακούσεταί	τῷ	\vs{4}Καὶ γνῶτε ὅτι ἐθαυμάστωσε Κύριος τὸν ὅσιον αὐτοῦ, Κύριος εἰσακούσεταί μου ἐν τῷ κεκραγέναι με πρὸς αὐτόν.
17536	ΨΑΛΜΟΙ 5:3	μου ὁ	2	consecutive enclitics	δεήσεώς	βασιλεύς	\vs{3}πρόσχες τῇ φωνῇ τῆς δεήσεώς μου, ὁ βασιλεύς μου καὶ ὁ Θεός μου· ὅτι πρὸς σὲ προσεύξομαι Κύριε,
17541	ΨΑΛΜΟΙ 5:8	σου ἐν	2	consecutive enclitics	ἅγιόν	φόβῳ	\vs{8}Ἐγὼ δὲ ἐν τῷ πλήθει τοῦ ἐλέου σου εἰσελεύσομαι εἰς τὸν οἶκόν σου, προσκυνήσω πρὸς ναὸν ἅγιόν σου ἐν φόβῳ σου.
17543	ΨΑΛΜΟΙ 5:9	με ἐν	2	consecutive enclitics	ὁδήγησόν	τῇ	\vs{9}Κύριε ὁδήγησόν με ἐν τῇ δικαιοσύνῃ σου ἕνεκα τῶν ἐχθρῶν μου, κατεύθυνον ἐνώπιόν σου τὴν ὁδόν μου.
17556	ΨΑΛΜΟΙ 6:6	σου ἐν	2	consecutive enclitics	μνημονεύων	δὲ	\vs{6}ὅτι οὐκ ἔστιν ἐν τῷ θανάτῳ ὁ μνημονεύων σου, ἐν δὲ τῷ ᾅδῃ τίς ἐξομολογήσεταί σοι;
17557	ΨΑΛΜΟΙ 6:7	μου ἐν	2	consecutive enclitics	κλίνην	δάκρυσί	\vs{7}Ἐκοπίασα ἐν στεναγμῷ μου, λούσω καθʼ ἑκάστην νύκτα τὴν κλίνην μου, ἐν δάκρυσί μου τὴν στρωμνήν μου βρέξω.
17566	ΨΑΛΜΟΙ 7:2	με ἐκ	2	consecutive enclitics	σῶσόν	πάντων	\vs{2}Κύριε ὁ Θεός μου, ἐπὶ σοὶ ἤλπισα, σῶσόν με ἐκ πάντων τῶν διωκόντων με, καὶ ῥῦσαί με,
17569	ΨΑΛΜΟΙ 7:4	μου εἰ	2	consecutive enclitics	Θεός	ἐποίησα	\vs{4}Κύριε ὁ Θεός μου, εἰ ἐποίησα τοῦτο, εἰ ἔστιν ἀδικία ἐν χερσί μου,
17571	ΨΑΛΜΟΙ 7:6	μου εἰς	2	consecutive enclitics	δόξαν	χοῦν	\vs{6}Καταδιώξαι ὁ ἐχθρὸς τὴν ψυχήν μου καὶ καταλάβοι, καὶ καταπατήσαι εἰς γῆν τὴν ζωήν μου, καὶ τὴν δόξαν μου εἰς χοῦν κατασκηνώσαι· διάψαλμα.
17573	ΨΑΛΜΟΙ 7:7	μου ἐν	2	consecutive enclitics	Θεός	προστάγματι	\vs{7}Ἀνάστηθι Κύριε ἐν ὀργῇ σου, ὑψώθητι ἐν τοῖς πέρασι τῶν ἐχθρῶν μου· ἐξεγέρθητι Κύριε ὁ Θεός μου ἐν προστάγματι ᾧ ἐνετείλω,
17575	ΨΑΛΜΟΙ 7:9	μου ἐπ	2	consecutive enclitics	ἀκακίαν	ἐμοί	\vs{9}Κύριος κρινεῖ λαούς· κρίνον με Κύριε κατὰ τὴν δικαιοσύνην μου, καὶ κατὰ τὴν ἀκακίαν μου ἐπʼ ἐμοί.
17590	ΨΑΛΜΟΙ 8:2	σου ἐν	2	consecutive enclitics	ὄνομά	πάσῃ	\vs{2}Κύριε ὁ Κύριος ἡμῶν, ὡς θαυμαστὸν τὸ ὄνομά σου ἐν πάσῃ τῇ γῇ; ὅτι ἐπῄρθη ἡ μεγαλοπρέπειά σου ὑπεράνω τῶν οὐρανῶν.
17595	ΨΑΛΜΟΙ 8:6	τι παρ	2	consecutive enclitics	βραχύ	ἀγγέλους	\vs{6}Ἠλάττωσας αὐτὸν βραχύ τι παρʼ ἀγγέλους, δόξῃ καὶ τιμῇ ἐστεφάνωσας αὐτὸν,
17599	ΨΑΛΜΟΙ 8:10	σου ἐν	2	consecutive enclitics	ὄνομά	πάσῃ	\vs{10}Κύριε ὁ Κύριος ἡμῶν, ὡς θαυμαστὸν ὄνομά σου ἐν πάσῃ τῇ γῇ;
17606	ΨΑΛΜΟΙ 9:4	μου εἰς	2	consecutive enclitics	ἐχθρόν	τὰ	\vs{4}Ἐν τῷ ἀποστραφῆναι τὸν ἐχθρόν μου εἰς τὰ ὀπίσω, ἀσθενήσουσι καὶ ἀπολοῦνται ἀπὸ προσώπου σου.
17618	ΨΑΛΜΟΙ 9:14	μου ἐκ	2	consecutive enclitics	ταπείνωσίν	τῶν	\vs{14}Ἐλέησόν με Κύριε, ἴδε τὴν ταπείνωσίν μου ἐκ τῶν ἐχθρῶν μου, ὁ ὑψῶν με ἐκ τῶν πυλῶν τοῦ θανάτου·
17618	ΨΑΛΜΟΙ 9:14	μου ὁ	2	consecutive enclitics	ἐχθρῶν	ὑψῶν	\vs{14}Ἐλέησόν με Κύριε, ἴδε τὴν ταπείνωσίν μου ἐκ τῶν ἐχθρῶν μου, ὁ ὑψῶν με ἐκ τῶν πυλῶν τοῦ θανάτου·
17618	ΨΑΛΜΟΙ 9:14	με ἐκ	2	consecutive enclitics	ὑψῶν	τῶν	\vs{14}Ἐλέησόν με Κύριε, ἴδε τὴν ταπείνωσίν μου ἐκ τῶν ἐχθρῶν μου, ὁ ὑψῶν με ἐκ τῶν πυλῶν τοῦ θανάτου·
17619	ΨΑΛΜΟΙ 9:15	σου ἐν	2	consecutive enclitics	αἰνέσεις	ταῖς	\vs{15}Ὅπως ἂν ἐξαγγείλω πάσας τὰς αἰνέσεις σου ἐν ταῖς πύλαις τῆς θυγατρὸς Σιών· ἀγαλλιάσομαι ἐπὶ τῷ σωτηρίῳ σου.
17624	ΨΑΛΜΟΙ 9:19	οὐκ εἰς	2	consecutive enclitics	Ὅτι	τέλος	\vs{19}Ὅτι οὐκ εἰς τέλος ἐπιλησθήσεται ὁ πτωχὸς, ἡ ὑπομονὴ τῶν πενήτων οὐκ ἀπολεῖται εἰς τὸν αἰῶνα.
17674	ΨΑΛΜΟΙ 12:1	μου εἰς	2	consecutive enclitics	ἐπιλήσῃ	τέλος	Ἕως πότε Κύριε ἐπιλήσῃ μου, εἰς τέλος; ἕως πότε ἀποστρέψεις τὸ πρόσωπόν σου ἀπʼ ἐμοῦ;
17674	ΨΑΛΜΟΙ 12:1	σου ἀπ	2	consecutive enclitics	πρόσωπόν	ἐμοῦ	Ἕως πότε Κύριε ἐπιλήσῃ μου, εἰς τέλος; ἕως πότε ἀποστρέψεις τὸ πρόσωπόν σου ἀπʼ ἐμοῦ;
17675	ΨΑΛΜΟΙ 12:2	μου ἐπ	2	consecutive enclitics	ἐχθρός	ἐμέ	\vs{2}Ἕως τίνος θήσομαι βουλὰς ἐν ψυχῇ μου, ὀδύνας ἐν καρδίᾳ μου ἡμέρας; ἕως πότε ὑψωθήσεται ὁ ἐχθρός μου ἐπʼ ἐμέ;
17679	ΨΑΛΜΟΙ 12:5	μου ἐν	2	consecutive enclitics	καρδία	τῷ	\vs{5}Ἐγὼ δὲ ἐπὶ τῷ ἐλέει σου ἤλπισα· ἀγαλλιάσεται ἡ καρδία μου ἐν τῷ σωτηρίῳ σου.
17705	ΨΑΛΜΟΙ 15:2	μου οὐ	2	consecutive enclitics	ἀγαθῶν	χρείαν	\vs{2}Εἶπα τῷ Κυρίῳ, Κύριός μου εἶ σὺ, ὅτι τῶν ἀγαθῶν μου οὐ χρείαν ἔχεις.
17709	ΨΑΛΜΟΙ 15:6	μοι ἐν	2	consecutive enclitics	ἐπέπεσάν	τοῖς	\vs{6}Σχοινία ἐπέπεσάν μοι ἐν τοῖς κρατίστοις, καὶ γὰρ ἡ κληρονομία μου κρατίστη μοι ἐστίν.
17711	ΨΑΛΜΟΙ 15:7	με οἱ	2	consecutive enclitics	ἐπαίδευσάν	νεφροί	\vs{7}Εὐλογήσω τὸν Κύριον τὸν συνετίσαντά με, ἔτι δὲ καὶ ἕως νυκτὸς ἐπαίδευσάν με οἱ νεφροί μου.
17714	ΨΑΛΜΟΙ 15:10	μου εἰς	2	consecutive enclitics	ψυχήν	ᾅδην	\vs{10}Ὅτι οὐκ ἐγκαταλείψεις τὴν ψυχήν μου εἰς ᾅδην, οὐδὲ δώσεις τὸν ὅσιόν σου ἰδεῖν διαφθοράν.
17715	ΨΑΛΜΟΙ 15:11	σου εἰς	2	consecutive enclitics	δεξιᾷ	τέλος	\vs{11}Ἐγνώρισάς μοι ὁδοὺς ζωῆς, πληρώσεις με εὐφροσύνης μετὰ τοῦ προσώπου σου, τερπνότητες ἐν τῇ δεξιᾷ σου εἰς τέλος.
17723	ΨΑΛΜΟΙ 16:5	μου ἐν	2	consecutive enclitics	διαβήματά	ταῖς	\vs{5}Κατάρτισαι τὰ διαβήματά μου ἐν ταῖς τρίβοις σου, ἵνα μὴ σαλευθῇ τὰ διαβήματά μου.
17725	ΨΑΛΜΟΙ 16:6	μου ὁ	2	consecutive enclitics	ἐπήκουσας	Θεός	\vs{6}Ἐγὼ ἐκεκραξα, ὅτι ἐπήκουσας μου ὁ Θεός· κλῖνον τὸ οὖς σου ἐμοὶ, καὶ εἰσάκουσον τῶν ῥημάτων μου.
17726	ΨΑΛΜΟΙ 16:7	σου ὁ	2	consecutive enclitics	ἐλέη	σώζων	\vs{7}Θαυμάστωσον τὰ ἐλέη σου, ὁ σώζων τοὺς ἐλπίζοντας ἐπὶ σέ· ἐκ τῶν ἀνθεστηκότων τῇ δεξιᾷ σου,
17727	ΨΑΛΜΟΙ 16:8	με ὡς	2	consecutive enclitics	φύλαξόν	κόρην	\vs{8}φύλαξόν με ὡς κόρην ὀφθαλμοῦ· ἐν σκέπῃ τῶν πτερύγων σου σκεπάσεις με,
17728	ΨΑΛΜΟΙ 16:9	με οἱ	2	consecutive enclitics	ταλαιπωρησάντων	ἐχθροί	\vs{9}ἀπὸ προσώπου ἀσεβῶν τῶν ταλαιπωρησάντων με· οἱ ἐχθροί μου τὴν ψυχήν μου περιέσχον.
17740	ΨΑΛΜΟΙ 17:3	μου ὁ	2	consecutive enclitics	ῥύστης	Θεός	\vs{3}Κύριος στερέωμά μου, καὶ καταφυγή μου, καὶ ῥύστης μου· ὁ Θεός μου βοηθός μου, ἐλπιῶ ἐπʼ αὐτόν· ὑπερασπιστής μου, καὶ κέρας σωτηρίας μου, καὶ ἀντιλήπτωρ μου.
17757	ΨΑΛΜΟΙ 17:17	με ἐξ	2	consecutive enclitics	προσελάβετό	ὑδάτων	\vs{17}Ἐξαπέστειλεν ἐξ ὕψους καὶ ἔλαβέ με, προσελάβετό με ἐξ ὑδάτων πολλῶν.
17758	ΨΑΛΜΟΙ 17:18	με ἐξ	2	consecutive enclitics	Ῥύσεταί	ἐχθρῶν	\vs{18}Ῥύσεταί με ἐξ ἐχθρῶν μου δυνατῶν, καὶ ἐκ τῶν μισούντων με, ὅτι ἐστερεώθησαν ὑπὲρ ἐμέ.
17759	ΨΑΛΜΟΙ 17:19	με ἐν	2	consecutive enclitics	Προέφθασάν	ἡμέρᾳ	\vs{19}Προέφθασάν με ἐν ἡμέρᾳ κακώσεώς μου, καὶ ἐγένετο Κύριος ἀντιστήριγμά μου.
17760	ΨΑΛΜΟΙ 17:20	με εἰς	2	consecutive enclitics	ἐξήγαγέ	πλατυσμὸν	\vs{20}Καὶ ἐξήγαγέ με εἰς πλατυσμὸν, ῥύσεταί με, ὅτι ἠθέλησέ με.
17777	ΨΑΛΜΟΙ 17:35	μου εἰς	2	consecutive enclitics	χεῖράς	πόλεμον	\vs{35}Διδάσκων χεῖράς μου εἰς πόλεμον· καὶ ἔθου τόξον χαλκοῦν τοὺς βραχίονάς μου,
17778	ΨΑΛΜΟΙ 17:36	με εἰς	2	consecutive enclitics	ἀνώρθωσέ	τέλος	\vs{36}καὶ ἔδωκάς με ὑπερασπισμὸν σωτηρίας μου· καὶ ἡ δεξιά σου ἀντελάβετό μου, καὶ ἡ παιδεία σου ἀνώρθωσέ με εἰς τέλος, καὶ ἡ παιδεία σου αὐτή με διδάξει.
17786	ΨΑΛΜΟΙ 17:44	με ἐξ	2	consecutive enclitics	Ῥῦσαί	ἀντιλογιῶν	\vs{44}Ῥῦσαί με ἐξ ἀντιλογιῶν λαοῦ, καταστήσεις με εἰς κεφαλὴν ἐθνῶν· λαὸς ὃν οὐκ ἔγνων, ἐδούλευσέ μοι,
17786	ΨΑΛΜΟΙ 17:44	με εἰς	2	consecutive enclitics	καταστήσεις	κεφαλὴν	\vs{44}Ῥῦσαί με ἐξ ἀντιλογιῶν λαοῦ, καταστήσεις με εἰς κεφαλὴν ἐθνῶν· λαὸς ὃν οὐκ ἔγνων, ἐδούλευσέ μοι,
17792	ΨΑΛΜΟΙ 17:49	μου ἐξ	2	consecutive enclitics	ῥύστης	ἐχθρῶν	\vs{49}ὁ ῥύστης μου ἐξ ἐχθρῶν ὀργίλων· ἀπὸ τῶν ἐπανισταμένων ἐπʼ ἐμὲ ὑψώσεις με, ἀπὸ ἀνδρὸς ἀδίκου ῥύσῃ με.
17793	ΨΑΛΜΟΙ 17:50	σοι ἐν	2	consecutive enclitics	ἐξομολογήσομαί	ἔθνεσι	\vs{50}Διὰ τοῦτο ἐξομολογήσομαί σοι ἐν ἔθνεσι, Κύριε, καὶ τῷ ὀνόματί σου ψαλῶ.
17838	ΨΑΛΜΟΙ 20:9	σου ἡ	2	consecutive enclitics	ἐχθροῖς	δεξιά	\vs{9}Εὑρεθείη ἡ χείρ σου πᾶσι τοῖς ἐχθροῖς σου, ἡ δεξιά σου εὕροι πάντας τοὺς μισοῦντάς σε.
17847	ΨΑΛΜΟΙ 21:2	μου οἱ	2	consecutive enclitics	σωτηρίας	λόγοι	\vs{2}Ὁ Θεός ὁ Θεός μου, πρόσχες μοι, ἱνατί ἐγκατέλιπές με; μακρὰν ἀπὸ τῆς σωτηρίας μου οἱ λόγοι τῶν παραπτωμάτων μου.
17848	ΨΑΛΜΟΙ 21:3	οὐκ εἰς	2	consecutive enclitics	καὶ	ἄνοιαν	\vs{3}Ο Θεός μου, κεκράξομαι ἡμέρας πρὸς σὲ καὶ οὐκ εἰσακούσῃ, καὶ νυκτὸς καὶ οὐκ εἰς ἄνοιαν ἐμοί.
17856	ΨΑΛΜΟΙ 21:10	με ἐκ	2	consecutive enclitics	ἐκσπάσας	γαστρὸς	\vs{10}Ὅτι σὺ εἶ ὁ ἐκσπάσας με ἐκ γαστρὸς, ἡ ἐλπίς μου ἀπὸ μαστῶν τῆς μητρός μου,
17868	ΨΑΛΜΟΙ 21:20	μου εἰς	2	consecutive enclitics	βοήθειάν	τὴν	\vs{20}Σὺ δὲ Κύριε μὴ μακρύνῃς τὴν βοήθειάν μου, εἰς τὴν ἀντίληψίν μου πρόσχες.
17870	ΨΑΛΜΟΙ 21:22	με ἐκ	2	consecutive enclitics	Σῶσόν	στόματος	\vs{22}Σῶσόν με ἐκ στόματος λέοντος, καὶ ἀπὸ κεράτων μονοκερώτων τὴν ταπείνωσίν μου.
17872	ΨΑΛΜΟΙ 21:23	μου ἐν	2	consecutive enclitics	ἀδελφοῖς	μέσῳ	\vs{23}Διηγήσομαι τὸ ὄνομά σου τοῖς ἀδελφοῖς μου, ἐν μέσῳ ἐκκλησίας ὑμνήσω σε.
17875	ΨΑΛΜΟΙ 21:26	μου ἐν	2	consecutive enclitics	ἔπαινός	ἐκκλησίᾳ	\vs{26}Παρὰ σοῦ ὁ ἔπαινός μου ἐν ἐκκλησίᾳ μεγάλῃ, τὰς εὐχάς μου ἀποδώσω ἐνώπιον τῶν φοβουμένων αὐτόν.
17891	ΨΑΛΜΟΙ 22:6	με ἐν	2	consecutive enclitics	κατοικεῖν	οἴκῳ	\vs{6}Καὶ τὸ ἔλεός σου καταδιώξεταί με πάσας τὰς ἡμέρας τῆς ζωῆς μου, καὶ τὸ κατοικεῖν με ἐν οἴκῳ Κυρίου εἰς μακρότητα ἡμερῶν.
17911	ΨΑΛΜΟΙ 24:2	μου οἱ	2	consecutive enclitics	καταγελασάτωσάν	ἐχθροί	\vs{2}Ὁ Θεός μου ἐπὶ σοὶ πέποιθα, μὴ καταισχυνθείην· μηδὲ καταγελασάτωσάν μου οἱ ἐχθροί μου,
17912	ΨΑΛΜΟΙ 24:3	σε οὐ	2	consecutive enclitics	ὑπομένοντές	μὴ	\vs{3}καὶ γὰρ πάντες οἱ ὑπομένοντές σε οὐ μὴ καταισχυνθῶσιν· αἰσχυνθήτωσαν οἱ ἀνομοῦντες διακενῆς.
17954	ΨΑΛΜΟΙ 26:2	μου οἱ	2	consecutive enclitics	σάρκας	θλίβοντες	\vs{2}Ἐν τῷ ἐγγίζειν ἐπʼ ἐμὲ κακοῦντας, τοῦ φαγεῖν τὰς σάρκας μου, οἱ θλίβοντες με καὶ οἱ ἐχθροί μου, αὐτοὶ ἠσθένησαν καὶ ἔπεσαν.
17956	ΨΑΛΜΟΙ 26:4	με ἐν	2	consecutive enclitics	κατοικεῖν	οἴκῳ	\vs{4}Μίαν ᾐτησάμην παρὰ Κυρίου, ταύτην ἐκζητήσω, τοῦ κατοικεῖν με ἐν οἴκῳ Κυρίου πάσας τὰς ἡμέρας τῆς ζωῆς μου, τοῦ θεωρεῖν με τὴν τερπνότητα Κυρίου, καὶ ἐπισκέπτεσθαι τὸν ναὸν αὐτοῦ.
17957	ΨΑΛΜΟΙ 26:5	με ἐν	2	consecutive enclitics	ἔκρυψέ	σκηνῇ	\vs{5}Ὅτι ἔκρυψέ με ἐν σκηνῇ αὐτοῦ ἐν ἡμέρᾳ κακῶν μου, ἐσκέπασέ με ἐν ἀποκρύφῳ τῆς σκῆνης αὐτοῦ· ἐν πέτρᾳ ὕψωσέ με,
17957	ΨΑΛΜΟΙ 26:5	με ἐν	2	consecutive enclitics	ἐσκέπασέ	ἀποκρύφῳ	\vs{5}Ὅτι ἔκρυψέ με ἐν σκηνῇ αὐτοῦ ἐν ἡμέρᾳ κακῶν μου, ἐσκέπασέ με ἐν ἀποκρύφῳ τῆς σκῆνης αὐτοῦ· ἐν πέτρᾳ ὕψωσέ με,
17958	ΨΑΛΜΟΙ 26:6	μου ἐπ	2	consecutive enclitics	κεφαλήν	ἐχθρούς	\vs{6}καὶ νῦν ἰδοὺ ὕψωσε τὴν κεφαλήν μου ἐπʼ ἐχθρούς μου· ἐκύκλωσα καὶ ἔθυσα ἐν τῇ σκηνῇ αὐτοῦ θυσίαν ἀλαλαγμοῦ, ᾄσομαι καὶ ψαλῶ τῷ Κυρίῳ·
17962	ΨΑΛΜΟΙ 26:9	σου ἀπ	2	consecutive enclitics	πρόσωπόν	ἐμοῦ	\vs{9}Μὴ ἀποστρέψῃς τὸ πρόσωπόν σου ἀπʼ ἐμοῦ, μὴ ἐκκλίνῃς ἐν ὀργῇ ἀπὸ τοῦ δούλου σου· βοηθός μου γενοῦ, μὴ ἐγκαταλίπῃς με, καὶ μὴ ὑπερίδῃς με ὁ Θεὸς ὁ σωτήρ μου.
17962	ΨΑΛΜΟΙ 26:9	με ὁ	2	consecutive enclitics	ὑπερίδῃς	Θεὸς	\vs{9}Μὴ ἀποστρέψῃς τὸ πρόσωπόν σου ἀπʼ ἐμοῦ, μὴ ἐκκλίνῃς ἐν ὀργῇ ἀπὸ τοῦ δούλου σου· βοηθός μου γενοῦ, μὴ ἐγκαταλίπῃς με, καὶ μὴ ὑπερίδῃς με ὁ Θεὸς ὁ σωτήρ μου.
17963	ΨΑΛΜΟΙ 26:10	με ὁ	2	consecutive enclitics	ἐγκατέλιπόν	δὲ	\vs{10}Ὅτι ὁ πατήρ μου καὶ ἡ μήτηρ μου ἐγκατέλιπόν με, ὁ δὲ Κύριος προσελάβετό με.
17964	ΨΑΛΜΟΙ 26:11	με ἐν	2	consecutive enclitics	ὁδήγησόν	τρίβῳ	\vs{11}Νομοθέτησόν με, Κύριε, ἐν τῇ ὁδῷ σου, καὶ ὁδήγησόν με ἐν τρίβῳ εὐθείᾳ ἕνεκα τῶν ἐχθρῶν μου.
17965	ΨΑΛΜΟΙ 26:12	με εἰς	2	consecutive enclitics	παραδῷς	ψυχὰς	\vs{12}Μὴ παραδῷς με εἰς ψυχὰς θλιβόντων με, ὅτι ἐπανέστησάν μοι μάρτυρες ἄδικοι, καὶ ἐψεύσατο ἡ ἀδικία ἑαυτῇ.
17973	ΨΑΛΜΟΙ 27:2	μου ἐν	2	consecutive enclitics	δεήσεώς	τῷ	\vs{2}Εἰσάκουσον τῆς φωνῆς τῆς δεήσεώς μου, ἐν τῷ δέεσθαί με πρὸς σὲ, ἐν τῷ αἴρειν με χεῖράς μου εἰς ναὸν ἅγιόν σου.
17973	ΨΑΛΜΟΙ 27:2	μου εἰς	2	consecutive enclitics	χεῖράς	ναὸν	\vs{2}Εἰσάκουσον τῆς φωνῆς τῆς δεήσεώς μου, ἐν τῷ δέεσθαί με πρὸς σὲ, ἐν τῷ αἴρειν με χεῖράς μου εἰς ναὸν ἅγιόν σου.
17979	ΨΑΛΜΟΙ 27:7	μου ἐπ	2	consecutive enclitics	ὑπερασπιστής	αὐτῷ	\vs{7}Κύριος βοηθός μου καὶ ὑπερασπιστής μου· ἐπʼ αὐτῷ ἤλπισεν ἡ καρδία μου, καὶ ἐβοηθήθην, καὶ ἀνέθαλεν ἡ σάρξ μου· καὶ ἐκ θελήματός μου ἐξομολογήσομαι αὐτῷ.
18001	ΨΑΛΜΟΙ 29:2	μου ἐπ	2	consecutive enclitics	ἐχθρούς	ἐμέ	\vs{2}Ὑψώσω σε, Κύριε, ὅτι ὑπέλαβές με, καὶ οὐκ εὔφρανας τοὺς ἐχθρούς μου ἐπʼ ἐμέ.
18008	ΨΑΛΜΟΙ 29:7	μου οὐ	2	consecutive enclitics	εὐθηνίᾳ	μὴ	\vs{7}Ἐγὼ δὲ εἶπα ἐν τῇ εὐθηνίᾳ μου, οὐ μὴ σαλευθῶ εἰς τὸν αἰῶνα.
18011	ΨΑΛΜΟΙ 29:10	μου ἐν	2	consecutive enclitics	αἵματί	τῷ	\vs{10}Τίς ὠφέλεια ἐν τῷ αἵματί μου, ἐν τῷ καταβῆναί με εἰς διαφθοράν; μὴ ἐξομολογήσεταί σοι χοῦς; ἢ ἀναγγελεῖ τὴν ἀλήθειάν σου;
18011	ΨΑΛΜΟΙ 29:10	με εἰς	2	consecutive enclitics	καταβῆναί	διαφθοράν	\vs{10}Τίς ὠφέλεια ἐν τῷ αἵματί μου, ἐν τῷ καταβῆναί με εἰς διαφθοράν; μὴ ἐξομολογήσεταί σοι χοῦς; ἢ ἀναγγελεῖ τὴν ἀλήθειάν σου;
18013	ΨΑΛΜΟΙ 29:12	μου εἰς	2	consecutive enclitics	κοπετόν	χαρὰν	\vs{12}Ἔστρεψας τὸν κοπετόν μου εἰς χαρὰν ἐμοὶ, διεῤῥήξας τὸν σάκκον μου, καὶ περιέζωσάς με εὐφροσύνην·
18014	ΨΑΛΜΟΙ 29:13	σοι ἡ	2	consecutive enclitics	ψάλῃ	δόξα	\vs{13}ὅπως ἂν ψάλῃ σοι ἡ δόξα μου, καὶ οὐ μὴ κατανυγῶ. Κύριε ὁ Θεός μου, εἰς τὸν αἰῶνα ἐξομολογήσομαί σοι.
18014	ΨΑΛΜΟΙ 29:13	μου εἰς	2	consecutive enclitics	Θεός	τὸν	\vs{13}ὅπως ἂν ψάλῃ σοι ἡ δόξα μου, καὶ οὐ μὴ κατανυγῶ. Κύριε ὁ Θεός μου, εἰς τὸν αἰῶνα ἐξομολογήσομαί σοι.
18019	ΨΑΛΜΟΙ 30:3	μοι εἰς	2	consecutive enclitics	γενοῦ	Θεὸν	\vs{3}Κλῖνον πρὸς μὲ τὸ οὖς σου, τάχυνον τοῦ ἐξελέσθαι με γενοῦ μοι εἰς Θεὸν ὑπερασπιστὴν καὶ εἰς οἶκον καταφυγῆς τοῦ σῶσαί με.
18021	ΨΑΛΜΟΙ 30:5	με ἐκ	2	consecutive enclitics	Ἐξάξεις	παγίδος	\vs{5}Ἐξάξεις με ἐκ παγίδος ταύτης ἧς ἔκρυψάν μοι, ὅτι σὺ εἶ ὁ ὑπερασπιστής μου, Κύριε.
18025	ΨΑΛΜΟΙ 30:9	με εἰς	2	consecutive enclitics	συνέκλεισάς	χεῖρας	\vs{9}Καὶ οὐ συνέκλεισάς με εἰς χεῖρας ἐχθροῦ, ἔστησας ἐν εὐρυχώρῳ τοὺς πόδας μου.
18027	ΨΑΛΜΟΙ 30:10	μου ἡ	2	consecutive enclitics	ὀφθαλμός	ψυχή	\vs{10}Ἐλέησόν με, Κύριε, ὅτι θλίβομαι· ἐταράχθη ἐν θυμῷ ὁ ὀφθαλμός μου, ἡ ψυχή μου, καὶ ἡ γαστήρ μου.
18028	ΨΑΛΜΟΙ 30:11	μου ἐν	2	consecutive enclitics	ἔτη	στεναγμοῖς	\vs{11}Ὅτι ἐξέλιπεν ἐν ὀδύνῃ ἡ ζωή μου, καὶ τὰ ἔτη μου ἐν στεναγμοῖς· ἠσθένησεν ἐν πτωχείᾳ ἡ ἰσχύς μου, καὶ τὰ ὀστᾶ μου ἐταράχθησαν.
18029	ΨΑΛΜΟΙ 30:12	μου οἱ	2	consecutive enclitics	γνωστοῖς	θεωροῦντές	\vs{12}Παρὰ πάντας τοὺς ἐχθρούς μου ἐγενήθην ὄνειδος, καὶ τοῖς γείτοσί μου σφόδρα, καὶ φόβος τοῖς γνωστοῖς μου· οἱ θεωροῦντές με ἔξω ἔφυγον ἀπʼ ἐμοῦ·
18034	ΨΑΛΜΟΙ 30:16	σου οἱ	2	consecutive enclitics	χερσί	κλῆροί	\vs{16}ἐν ταῖς χερσί σου οἱ κλῆροί μου· ῥῦσαί με ἐκ χειρὸς ἐχθρῶν μου, καὶ ἐκ τῶν καταδιωκόντων με.
18034	ΨΑΛΜΟΙ 30:16	με ἐκ	2	consecutive enclitics	ῥῦσαί	χειρὸς	\vs{16}ἐν ταῖς χερσί σου οἱ κλῆροί μου· ῥῦσαί με ἐκ χειρὸς ἐχθρῶν μου, καὶ ἐκ τῶν καταδιωκόντων με.
18035	ΨΑΛΜΟΙ 30:17	με ἐν	2	consecutive enclitics	σῶσόν	τῷ	\vs{17}Ἐπίφανον τὸ πρόσωπόν σου ἐπὶ τὸν δοῦλόν σου, σῶσόν με ἐν τῷ ἐλέει σου.
18042	ΨΑΛΜΟΙ 30:23	μου ἐν	2	consecutive enclitics	δεήσεώς	τῷ	\vs{23}Ἐγὼ δὲ εἶπα ἐν τῇ ἐκστάσει μου, ἀπέῤῥιμμαι ἀπὸ προσώπου τῶν ὀφθαλμῶν σου· διὰ τοῦτο εἰσήκουσας, Κύριε, τῆς φωνῆς τῆς δεήσεώς μου ἐν τῷ κεκραγέναι με πρὸς σέ.
18050	ΨΑΛΜΟΙ 31:2	ἐστιν ἐν	2	consecutive enclitics	οὐδέ	τῷ	\vs{2}Μακάριος ἀνὴρ ᾧ οὐ μὴ λογίσηται Κύριος ἁμαρτίαν, οὐδέ ἐστιν ἐν τῷ στόματι αὐτοῦ δόλος.
18054	ΨΑΛΜΟΙ 31:5	μου οὐκ	2	consecutive enclitics	ἀνομίαν	ἐκάλυψα	\vs{5}Τὴν ἁμαρτίαν μου ἐγνώρισα, καὶ τὴν ἀνομίαν μου οὐκ ἐκάλυψα· εἶπα, ἐξαγορεύσω κατʼ ἐμοῦ τὴν ἀνομίαν μου τῷ Κυρίῳ, καὶ σὺ ἀφῆκας τὴν ἀσέβειαν τῆς καρδίας μου· διάψαλμα.
18058	ΨΑΛΜΟΙ 31:8	σε ἐν	2	consecutive enclitics	συμβιβῶ	ὁδῷ	\vs{8}Συνετιῶ σε καὶ συμβιβῶ σε ἐν ὁδῷ ταύτῃ ᾗ πορεύσῃ, ἐπιστηριῶ ἐπὶ σὲ τοὺς ὀφθαλμούς μου.
18134	ΨΑΛΜΟΙ 34:13	μου εἰς	2	consecutive enclitics	προσευχή	κόλπον	\vs{13}Ἐγὼ δὲ ἐν τῷ αὐτοὺς παρενοχλεῖν μοι, ἐνεδυόμην σάκκον· καὶ ἐταπείνουν ἐν νηστείᾳ τὴν ψυχήν μου, καὶ ἡ προσευχή μου εἰς κόλπον μου ἀποστραφήσεται.
18141	ΨΑΛΜΟΙ 34:19	μοι οἱ	2	consecutive enclitics	ἐπιχαρείησάν	ἐχθραίνοντές	\vs{19}Μὴ ἐπιχαρείησάν μοι οἱ ἐχθραίνοντές μοι ματαίως, οἱ μισοῦντές με δωρεὰν, καὶ διανεύοντες ὀφθαλμοῖς.
18146	ΨΑΛΜΟΙ 34:23	μου ὁ	2	consecutive enclitics	κρίσει	Θεός	\vs{23}Ἐξεγέρθητι Κύριε, καὶ πρόσχες τῇ κρίσει μου, ὁ Θεός μου καὶ ὁ Κύριός μου εἰς τὴν δίκην μου.
18146	ΨΑΛΜΟΙ 34:23	μου εἰς	2	consecutive enclitics	Κύριός	τὴν	\vs{23}Ἐξεγέρθητι Κύριε, καὶ πρόσχες τῇ κρίσει μου, ὁ Θεός μου καὶ ὁ Κύριός μου εἰς τὴν δίκην μου.
18161	ΨΑΛΜΟΙ 35:7	σου ὡς	2	consecutive enclitics	δικαιοσύνη	ὄρη	\vs{7}Ἡ δικαιοσύνη σου ὡς ὄρη Θεοῦ, τὰ κρίματά σου ὡσεὶ ἄβυσσος πολλή· ἀνθρώπους καὶ κτήνη σώσεις Κύριε.
18162	ΨΑΛΜΟΙ 35:8	σου ὁ	2	consecutive enclitics	ἔλεός	Θεός	\vs{8}Ὡς ἐπλήθυνας τὸ ἔλεός σου ὁ Θεός· οἱ δὲ υἱοὶ τῶν ἀνθρώπων ἐν σκέπῃ τῶν πτερύγων σου ἐλπιοῦσι.
18178	ΨΑΛΜΟΙ 36:6	σου ὡς	2	consecutive enclitics	κρίμα	μεσημβρίαν	\vs{6}Καὶ ἐξοίσει ὡς φῶς τὴν δικαιοσύνην σου, καὶ τὸ κρίμα σου ὡς μεσημβρίαν.
18219	ΨΑΛΜΟΙ 36:39	ἐστιν ἐν	2	consecutive enclitics	αὐτῶν	καιρῷ	\vs{39}Σωτηρία δὲ τῶν δικαίων παρὰ Κυρίου, καὶ ὑπερασπιστὴς αὐτῶν ἐστιν ἐν καιρῷ θλίψεως.
18227	ΨΑΛΜΟΙ 37:4	σου οὐκ	2	consecutive enclitics	ὀργῆς	ἔστιν	\vs{4}Οὐκ ἔστιν ἴασις ἐν τῇ σαρκί μου ἀπὸ προσώπου τῆς ὀργῆς σου, οὐκ ἔστιν εἰρήνη τοῖς ὀστέοις μου ἀπὸ προσώπου τῶν ἁμαρτιῶν μου.
18234	ΨΑΛΜΟΙ 37:10	μου οὐκ	2	consecutive enclitics	στεναγμός	ἀπεκρύβη	\vs{10}Καὶ ἐναντίον σου πᾶσα ἡ ἐπιθυμία μου, καὶ ὁ στεναγμός μου οὐκ ἀπεκρύβη ἀπὸ σοῦ.
18235	ΨΑΛΜΟΙ 37:11	με ἡ	2	consecutive enclitics	ἐγκατέλιπέ	ἰσχύς	\vs{11}Ἡ καρδία μου ἐταράχθη, ἐγκατέλιπέ με ἡ ἰσχύς μου, καὶ τὸ φῶς τῶν ὀφθαλμῶν μου οὐκ ἔστι μετʼ ἐμοῦ.
18235	ΨΑΛΜΟΙ 37:11	μου οὐκ	2	consecutive enclitics	ὀφθαλμῶν	ἔστι	\vs{11}Ἡ καρδία μου ἐταράχθη, ἐγκατέλιπέ με ἡ ἰσχύς μου, καὶ τὸ φῶς τῶν ὀφθαλμῶν μου οὐκ ἔστι μετʼ ἐμοῦ.
18236	ΨΑΛΜΟΙ 37:12	μου ἐξ	2	consecutive enclitics	πλησίον	ἐναντίας	\vs{12}Οἱ φίλοι μου καὶ οἱ πλησίον μου ἐξ ἐναντίας μου ἤγγισαν καὶ ἔστησαν, καὶ οἱ ἔγγιστά μου μακρόθεν ἔστησαν,
18242	ΨΑΛΜΟΙ 37:17	μοι οἱ	2	consecutive enclitics	ἐπιχαρῶσί	ἐχθροί	\vs{17}Ὅτι εἶπα, μή ποτε ἐπιχαρῶσί μοι οἱ ἐχθροί μου, καὶ ἐν τῷ σαλευθῆναι πόδας μου, ἐπʼ ἐμὲ ἐμεγαλοῤῥημόνησαν.
18242	ΨΑΛΜΟΙ 37:17	μου ἐπ	2	consecutive enclitics	πόδας	ἐμὲ	\vs{17}Ὅτι εἶπα, μή ποτε ἐπιχαρῶσί μοι οἱ ἐχθροί μου, καὶ ἐν τῷ σαλευθῆναι πόδας μου, ἐπʼ ἐμὲ ἐμεγαλοῤῥημόνησαν.
18266	ΨΑΛΜΟΙ 38:13	εἰμι ἐν	2	consecutive enclitics	ἐγώ	τῇ	\vs{13}Εἰσάκουσον τῆς προσευχῆς μου Κύριε καὶ τῆς δεήσεώς μου· ἐνώτισαι τῶν δακρύων μου· μὴ παρασιωπήσῃς, ὅτι πάροικος ἐγώ εἰμι ἐν τῇ γῇ καὶ παρεπίδημος, καθὼς πάντες οἱ πατέρες μου.
18272	ΨΑΛΜΟΙ 39:3	με ἐκ	2	consecutive enclitics	ἀνήγαγέ	λάκκου	\vs{3}Καὶ ἀνήγαγέ με ἐκ λάκκου ταλαιπωρίας, καὶ ἀπὸ πηλοῦ ἰλύος· καὶ ἔστησεν ἐπὶ πέτραν τοὺς πόδας μου, καὶ κατεύθυνε τὰ διαβήματά μου.
18276	ΨΑΛΜΟΙ 39:6	σου οὐκ	2	consecutive enclitics	διαλογισμοῖς	ἔστι	\vs{6}Πολλὰ ἐποίησας σὺ Κύριε ὁ Θεός μου τὰ θαυμάσιά σου, καὶ τοῖς διαλογισμοῖς σου οὐκ ἔστι τίς ὁμοιωθήσεταί σοι· ἀπήγγειλα καὶ ἐλάλησα, ἐπληθύνθησαν ὑπὲρ ἀριθμόν.
18279	ΨΑΛΜΟΙ 39:9	σου ὁ	2	consecutive enclitics	θέλημά	Θεός	\vs{9}τοῦ ποιῆσαι τὸ θέλημά σου ὁ Θεός μου ἠβουλήθην, καὶ τὸν νόμον σου ἐν μέσῳ τῆς καρδίας μου.
18279	ΨΑΛΜΟΙ 39:9	σου ἐν	2	consecutive enclitics	νόμον	μέσῳ	\vs{9}τοῦ ποιῆσαι τὸ θέλημά σου ὁ Θεός μου ἠβουλήθην, καὶ τὸν νόμον σου ἐν μέσῳ τῆς καρδίας μου.
18280	ΨΑΛΜΟΙ 39:10	μου οὐ	2	consecutive enclitics	χείλη	μὴ	\vs{10}Εὐηγγελισάμην δικαιοσύνην ἐν ἐκκλησίᾳ μεγάλῃ, ἰδοὺ τὰ χείλη μου οὐ μὴ κωλύσω. Κύριε, σὺ ἔγνως
18281	ΨΑΛΜΟΙ 39:11	μου οὐκ	2	consecutive enclitics	δικαιοσύνην	ἔκρυψα	\vs{11}τὴν δικαιοσύνην μου, οὐκ ἔκρυψα ἐν τῇ καρδίᾳ μου τὴν ἀλήθειάν σου, καὶ τὸ σωτήριόν σου εἶπα· οὐκ ἔκρυψα τὸ ἔλεός σου καὶ τὴν ἀλήθειάν σου ἀπὸ συναγωγῆς πολλῆς.
18283	ΨΑΛΜΟΙ 39:12	σου ἀπ	2	consecutive enclitics	οἰκτιρμούς	ἐμοῦ	\vs{12}Σὺ δέ Κύριε μὴ μακρύνῃς τοὺς οἰκτιρμούς σου ἀπʼ ἐμοῦ, τὸ ἔλεός σου καὶ ἡ ἀλήθειά σου διαπαντὸς ἀντελάβοντό μου.
18284	ΨΑΛΜΟΙ 39:13	με αἱ	2	consecutive enclitics	κατέλαβόν	ἀνομίαι	\vs{13}Ὅτι περιέσχον με κακὰ, ὧν οὐκ ἔστιν ἀριθμὸς, κατέλαβόν με αἱ ἀνομίαι μου, καὶ οὐκ ἠδυνάσθην τοῦ βλέπειν· ἐπληθύνθησαν ὑπὲρ τὰς τρίχας τῆς κεφαλῆς μου, καὶ ἡ καρδία μου ἐγκατέλιπέ με.
18300	ΨΑΛΜΟΙ 40:8	μου κατ	2	consecutive enclitics	ἐχθροί	ἐμοῦ	\vs{8}ἐπὶ τὸ αὐτό. Κατʼ ἐμοῦ ἐψιθύριζον πάντες οἱ ἐχθροί μου, κατʼ ἐμοῦ ἐλογίζοντο κακά μοι.
18302	ΨΑΛΜΟΙ 40:10	μου ἐφ	2	consecutive enclitics	εἰρήνης	ὃν	\vs{10}Καὶ γὰρ ὁ ἄνθρωπος τῆς εἰρήνης μου ἐφʼ ὃν ἤλπισα, ὁ ἐσθίων ἄρτους μου ἐμεγάλυνεν ἐπʼ ἐμὲ πτερνισμόν.
18305	ΨΑΛΜΟΙ 40:12	μου ἐπ	2	consecutive enclitics	ἐχθρός	ἐμέ	\vs{12}Ἐν τούτῳ ἔγνων, ὅτι τεθέληκάς με ὅτι οὐ μὴ ἐπιχαρῇ ὁ ἐχθρός μου ἐπʼ ἐμέ.
18306	ΨΑΛΜΟΙ 40:13	σου εἰς	2	consecutive enclitics	ἐνώπιόν	τὸν	\vs{13}Ἐμοῦ δὲ διὰ τὴν ἀκακίαν ἀντελάβου, καὶ ἐβεβαίωσάς με ἐνώπιόν σου εἰς τὸν αἰῶνα.
18313	ΨΑΛΜΟΙ 41:4	μοι καθ	2	consecutive enclitics	λέγεσθαί	ἑκάστην	\vs{4}Ἐγενήθη τὰ δάκρυά μου ἐμοὶ ἄρτος ἡμέρας καὶ νυκτὸς, ἐν τῷ λέγεσθαί μοι καθʼ ἑκάστην ἡμέραν, ποῦ ἐστιν ὁ Θεός σου;
18313	ΨΑΛΜΟΙ 41:4	ἐστιν ὁ	2	consecutive enclitics	ποῦ	Θεός	\vs{4}Ἐγενήθη τὰ δάκρυά μου ἐμοὶ ἄρτος ἡμέρας καὶ νυκτὸς, ἐν τῷ λέγεσθαί μοι καθʼ ἑκάστην ἡμέραν, ποῦ ἐστιν ὁ Θεός σου;
18318	ΨΑΛΜΟΙ 41:7	σου ἐκ	2	consecutive enclitics	μνησθήσομαί	γῆς	\vs{7}Ὁ Θεός μου· πρὸς ἐμαυτὸν ἡ ψυχή μου ἐταράχθη, διὰ τοῦτο μνησθήσομαί σου ἐκ γῆς Ἰορδάνου, καὶ Ἐρμωνιεὶμ ἀπὸ ὄρους μικροῦ.
18319	ΨΑΛΜΟΙ 41:8	σου ἐπ	2	consecutive enclitics	κύματά	ἐμὲ	\vs{8}Ἄβυσσος ἄβυσσον ἐπικαλεῖται εἰς φωνὴν τῶν καταῤῥακτῶν σου· πάντες οἱ μετεωρισμοί σου, καὶ τὰ κύματά σου ἐπʼ ἐμὲ διῆλθον.
18322	ΨΑΛΜΟΙ 41:11	με οἱ	2	consecutive enclitics	ὠνείδισάν	θλίβοντές	\vs{11}Ἐν τῷ καταθλᾶσθαι τὰ ὀστᾶ μου, ὠνείδισάν με οἱ θλίβοντές με· ἐν τῷ λέγειν αὐτούς μοι καθʼ ἑκάστην ἡμέραν, ποῦ ἐστιν ὁ Θεός σου;
18322	ΨΑΛΜΟΙ 41:11	με ἐν	2	consecutive enclitics	θλίβοντές	τῷ	\vs{11}Ἐν τῷ καταθλᾶσθαι τὰ ὀστᾶ μου, ὠνείδισάν με οἱ θλίβοντές με· ἐν τῷ λέγειν αὐτούς μοι καθʼ ἑκάστην ἡμέραν, ποῦ ἐστιν ὁ Θεός σου;
18322	ΨΑΛΜΟΙ 41:11	μοι καθ	2	consecutive enclitics	αὐτούς	ἑκάστην	\vs{11}Ἐν τῷ καταθλᾶσθαι τὰ ὀστᾶ μου, ὠνείδισάν με οἱ θλίβοντές με· ἐν τῷ λέγειν αὐτούς μοι καθʼ ἑκάστην ἡμέραν, ποῦ ἐστιν ὁ Θεός σου;
18322	ΨΑΛΜΟΙ 41:11	ἐστιν ὁ	2	consecutive enclitics	ποῦ	Θεός	\vs{11}Ἐν τῷ καταθλᾶσθαι τὰ ὀστᾶ μου, ὠνείδισάν με οἱ θλίβοντές με· ἐν τῷ λέγειν αὐτούς μοι καθʼ ἑκάστην ἡμέραν, ποῦ ἐστιν ὁ Θεός σου;
18328	ΨΑΛΜΟΙ 42:1	με ὁ	2	consecutive enclitics	Κρίνον	Θεὸς	Κρίνον με ὁ Θεὸς, καὶ δίκασον τὴν δίκην μου, ἐξ ἔθνους οὐχ ὁσίου, ἀπὸ ἀνθρώπου ἀδίκου καὶ δολίου ῥῦσαί με.
18328	ΨΑΛΜΟΙ 42:1	μου ἐξ	2	consecutive enclitics	δίκην	ἔθνους	Κρίνον με ὁ Θεὸς, καὶ δίκασον τὴν δίκην μου, ἐξ ἔθνους οὐχ ὁσίου, ἀπὸ ἀνθρώπου ἀδίκου καὶ δολίου ῥῦσαί με.
18330	ΨΑΛΜΟΙ 42:3	με εἰς	2	consecutive enclitics	ἤγαγόν	ὄρος	\vs{3}Ἐξαπόστειλον τὸ φῶς σου καὶ τὴν ἀλήθειάν σου, αὐτά με ὡδήγησαν καὶ ἤγαγόν με εἰς ὄρος ἅγιόν σου, καὶ εἰς τὰ σκηνώματά σου.
18331	ΨΑΛΜΟΙ 42:4	σοι ἐν	2	consecutive enclitics	ἐξομολογήσομαί	κιθάρᾳ	\vs{4}Καὶ εἰσελεύσομαι πρὸς τὸ θυσιαστήριον τοῦ Θεοῦ, πρὸς τὸν Θεὸν τὸν εὐφραίνοντα τὴν νεότητά μου, ἐξομολογήσομαί σοι ἐν κιθάρᾳ ὁ Θεὸς ὁ Θεός μου.
18333	ΨΑΛΜΟΙ 42:5	μου ὁ	2	consecutive enclitics	προσώπου	Θεός	\vs{5}Ἱνατί περίλυπος εἶ ἡ ψυχή μου, καὶ ἱνατί συνταράσσεις με; ἔλπισον ἐπὶ τὸν Θεὸν, ὅτι ἐξομολογήσομαι αὐτῷ, σωτήριον τοῦ προσώπου μου, ὁ Θεός μου.
18341	ΨΑΛΜΟΙ 43:5	μου ὁ	2	consecutive enclitics	Θεός	ἐντελλόμενος	\vs{5}Σὺ εἶ αὐτὸς ὁ βασιλεύς μου καὶ ὁ Θεός μου, ὁ ἐντελλόμενος τὰς σωτηρίας Ἰακώβ.
18343	ΨΑΛΜΟΙ 43:7	μου οὐ	2	consecutive enclitics	ῥομφαία	σώσει	\vs{7}Οὐ γὰρ ἐπὶ τῷ τόξῳ μου ἐλπιῶ, καὶ ἡ ῥομφαία μου οὐ σώσει με.
18371	ΨΑΛΜΟΙ 44:3	σε ὁ	2	consecutive enclitics	εὐλόγησέ	Θεὸς	\vs{3}Ὡραῖος κάλλει παρὰ τοὺς υἱοὺς τῶν ἀνθρώπων, ἐξεχύθη χάρις ἐν χείλεσί σου, διὰ τοῦτο εὐλόγησέ σε ὁ Θεὸς εἰς τὸν αἰῶνα.
18377	ΨΑΛΜΟΙ 44:7	σου ὁ	2	consecutive enclitics	θρόνος	Θεὸς	\vs{7}Ὁ θρόνος σου ὁ Θεὸς εἰς αἰῶνα αἰῶνος, ῥάβδος εὐθύτητος ἡ ῥάβδος τῆς βασιλείας σου.
18378	ΨΑΛΜΟΙ 44:8	σε ὁ	2	consecutive enclitics	ἔχρισέ	Θεὸς	\vs{8}Ἠγάπησας δικαιοσύνην, καὶ ἐμίσησας ἀνομίαν, διὰ τοῦτο ἔχρισέ σε ὁ Θεὸς ὁ Θεός σου ἔλαιον ἀγαλλιάσεως παρὰ τοὺς μετόχους σου.
18381	ΨΑΛΜΟΙ 44:10	σου ἐν	2	consecutive enclitics	δεξιῶν	ἱματισμῷ	\vs{10}θυγατέρες βασιλέων ἐν τῇ τιμῇ σου· παρέστη ἡ βασίλισσα ἐκ δεξιῶν σου, ἐν ἱματισμῷ διαχρύσῳ περιβεβλημένη, πεποικιλμένη.
18383	ΨΑΛΜΟΙ 44:12	ἐστιν ὁ	2	consecutive enclitics	αὐτός	Κύριός	\vs{12}Ὅτι ἐπεθύμησεν ὁ βασιλεὺς τοῦ κάλλους σου, ὅτι αὐτός ἐστιν ὁ Κύριός σου.
18390	ΨΑΛΜΟΙ 44:18	σου ἐν	2	consecutive enclitics	ὀνόματός	πάσῃ	\vs{18}Μνησθήσονται τοῦ ὀνόματός σου ἐν πάσῃ γενεᾷ καὶ γενεᾷ, διὰ τοῦτο λαοὶ ἐξομολογήσονταί σοι εἰς τὸν αἰῶνα, καὶ εἰς τὸν αἰῶνα τοῦ αἰῶνος·
18390	ΨΑΛΜΟΙ 44:18	σοι εἰς	2	consecutive enclitics	ἐξομολογήσονταί	τὸν	\vs{18}Μνησθήσονται τοῦ ὀνόματός σου ἐν πάσῃ γενεᾷ καὶ γενεᾷ, διὰ τοῦτο λαοὶ ἐξομολογήσονταί σοι εἰς τὸν αἰῶνα, καὶ εἰς τὸν αἰῶνα τοῦ αἰῶνος·
18404	ΨΑΛΜΟΙ 45:11	εἰμι ὁ	2	consecutive enclitics	ἐγώ	Θεὸς	\vs{11}Σχολάσατε καὶ γνῶτε, ὅτι ἐγώ εἰμι ὁ Θεὸς, ὑψωθήσομαι ἐν τοῖς ἔθνεσιν, ὑψωθήσομαι ἐν τῇ γῇ·
18432	ΨΑΛΜΟΙ 47:10	σου ἐν	2	consecutive enclitics	ἔλεός	μέσῳ	\vs{10}Ὑπελάβομεν ὁ Θεὸς τὸ ἔλεός σου ἐν μέσῳ τοῦ λαοῦ σου.
18433	ΨΑΛΜΟΙ 47:11	σου ὁ	2	consecutive enclitics	ὄνομά	Θεὸς	\vs{11}Κατὰ τὸ ὄνομά σου ὁ Θεὸς, οὕτως καὶ ἡ αἴνεσίς σου ἐπὶ τὰ πέρατα τῆς γῆς, δικαιοσύνης πλήρης ἡ δεξιά σου.
18438	ΨΑΛΜΟΙ 47:15	ἐστιν ὁ	2	consecutive enclitics	οὗτός	Θεὸς	\vs{15}Ὅτι οὗτός ἐστιν ὁ Θεὸς ἡμῶν εἰς τὸν αἰῶνα καὶ εἰς τὸν αἰῶνα τοῦ αἰῶνος, αὐτὸς ποιμανεῖ ἡμᾶς εἰς τοὺς αἰῶνας.
18458	ΨΑΛΜΟΙ 48:16	μου ἐκ	2	consecutive enclitics	ψυχήν	χειρὸς	\vs{16}Πλὴν ὁ Θεὸς λυτρώσεται τὴν ψυχήν μου ἐκ χειρὸς ᾅδου, ὅταν λαμβάνῃ με· διάψαλμα.
18461	ΨΑΛΜΟΙ 48:18	οὐκ ἐν	2	consecutive enclitics	Ὅτι	τῷ	\vs{18}Ὅτι οὐκ ἐν τῷ ἀποθνήσκειν αὐτὸν λήψεται τὰ πάντα, οὐδὲ συγκαταβήσεται αὐτῷ ἡ δόξα αὐτοῦ.
18475	ΨΑΛΜΟΙ 49:7	σοι ὁ	2	consecutive enclitics	διαμαρτύρομαί	Θεὸς	\vs{7}Ἄκουσον λαός μου καὶ λαλήσω σοι, Ἰσραὴλ, καὶ διαμαρτύρομαί σοι· ὁ Θεὸς ὁ Θεός σου εἰμὶ ἐγώ.
18480	ΨΑΛΜΟΙ 49:12	ἐστιν ἡ	2	consecutive enclitics	γάρ	οἰκουμένη	\vs{12}Ἐὰν πεινάσω, οὐ μή σοι εἴπω, ἐμὴ γάρ ἐστιν ἡ οἰκουμένη καὶ τὸ πλήρωμα αὐτῆς.
18483	ΨΑΛΜΟΙ 49:15	με ἐν	2	consecutive enclitics	ἐπικάλεσαί	ἡμέρᾳ	\vs{15}Καὶ ἐπικάλεσαί με ἐν ἡμέρᾳ θλίψεως, καὶ ἐξελοῦμαί σε, καὶ δοξάσεις με. διάψαλμα.
18486	ΨΑΛΜΟΙ 49:17	μου εἰς	2	consecutive enclitics	λόγους	τὰ	\vs{17}Σὺ δὲ ἐμίσησας παιδείαν, καὶ ἐξέβαλες τοὺς λόγους μου εἰς τὰ ὀπίσω.
18499	ΨΑΛΜΟΙ 50:3	με ὁ	2	consecutive enclitics	Ἐλέησον	Θεὸς	\vs{3}Ἐλέησον με ὁ Θεὸς κατὰ τὸ μέγα ἔλεός σου, καὶ κατὰ τὸ πλῆθος τῶν οἰκτιρμῶν σου ἐξάλειψον τὸ ἀνόμημά μου.
18504	ΨΑΛΜΟΙ 50:7	με ἡ	2	consecutive enclitics	ἐκίσσησέ	μήτηρ	\vs{7}Ἰδοὺ γὰρ ἐν ἀνομίαις συνελήφθην, καὶ ἐν ἁμαρτίαις ἐκίσσησέ με ἡ μήτηρ μου.
18515	ΨΑΛΜΟΙ 50:16	με ἐξ	2	consecutive enclitics	Ῥῦσαί	αἱμάτων	\vs{16}Ῥῦσαί με ἐξ αἱμάτων ὁ Θεὸς, ὁ Θεὸς τῆς σωτηρίας μου, ἀγαλλιάσεται ἡ γλῶσσά μου τὴν δικαιοσύνην σου.
18531	ΨΑΛΜΟΙ 51:7	σε εἰς	2	consecutive enclitics	καθέλοι	τέλος	\vs{7}Διὰ τοῦτο ὁ Θεὸς καθέλοι σε εἰς τέλος, ἐκτίλαι σε καὶ μεταναστεύσαι σε ἀπὸ σκηνώματος, καὶ τὸ ῥίζωμά σου ἐκ γῆς ζώντων· διάψαλμα.
18531	ΨΑΛΜΟΙ 51:7	σου ἐκ	2	consecutive enclitics	ῥίζωμά	γῆς	\vs{7}Διὰ τοῦτο ὁ Θεὸς καθέλοι σε εἰς τέλος, ἐκτίλαι σε καὶ μεταναστεύσαι σε ἀπὸ σκηνώματος, καὶ τὸ ῥίζωμά σου ἐκ γῆς ζώντων· διάψαλμα.
18536	ΨΑΛΜΟΙ 51:11	σοι εἰς	2	consecutive enclitics	Ἐξομολογήσομαί	τὸν	\vs{11}Ἐξομολογήσομαί σοι εἰς τὸν αἰῶνα, ὅτι ἐποίησας, καὶ ὑπομενῶ τὸ ὄνομά σου, ὅτι χρηστὸν ἐναντίον τῶν ὁσίων σου.
18553	ΨΑΛΜΟΙ 53:5	μου οὐ	2	consecutive enclitics	ψυχήν	προέθεντο	\vs{5}Ὅτι ἀλλότριοι ἐπανέστησαν ἐπʼ ἐμὲ, καὶ κραταιοὶ ἐζήτησαν τὴν ψυχήν μου, οὐ προέθεντο τὸν Θεὸν ἐνώπιον αὐτῶν· διάψαλμα.
18556	ΨΑΛΜΟΙ 53:7	μου ἐν	2	consecutive enclitics	ἐχθροῖς	τῇ	\vs{7}Ἀποστρέψει τὰ κακὰ τοῖς ἐχθροῖς μου, ἐν τῇ ἀληθείᾳ σου ἐξολόθρευσον αὐτούς.
18576	ΨΑΛΜΟΙ 54:13	εἰ ὁ	2	consecutive enclitics	καὶ	μισῶν	\vs{13}Ὅτι εἰ ἐχθρὸς ὠνείδισέ με, ὑπήνεγκα ἂν, καὶ εἰ ὁ μισῶν ἐπʼ ἐμὲ ἐμεγαλοῤῥημόνησεν, ἐκρύβην ἂν ἀπʼ αὐτοῦ.
18594	ΨΑΛΜΟΙ 55:2	με ὁ	2	consecutive enclitics	Ἐλεήσον	Θεὸς	\vs{2}Ἐλεήσον με ὁ Θεὸς, ὅτι κατεπάτησέ με ἄνθρωπος, ὅλην τὴν ἡμέραν πολεμῶν ἔθλιψέ με.
18595	ΨΑΛΜΟΙ 55:3	με οἱ	2	consecutive enclitics	Κατεπάτησάν	ἐχθροί	\vs{3}Κατεπάτησάν με οἱ ἐχθροί μου ὅλην τὴν ἡμέραν ἀπὸ ὕψους ἡμέρας, ὅτι πολλοὶ οἱ πολεμοῦντές με.
18603	ΨΑΛΜΟΙ 55:9	σου ὡς	2	consecutive enclitics	ἐνώπιόν	καὶ	\vs{9}τὴν ζωήν μου ἐξήγγειλά σοι, ἔθου τὰ δάκρυά μου ἐνώπιόν σου, ὡς καὶ ἐν τῇ ἐπαγγελίᾳ σου.
18605	ΨΑΛΜΟΙ 55:10	μου εἰς	2	consecutive enclitics	ἐχθροί	τὰ	\vs{10}Ἐπιστρέψουσιν οἱ ἐχθροί μου εἰς τὰ ὀπίσω, ἐν ᾗ ἂν ἡμέρᾳ ἐπικαλέσωμαί σε· ἰδοὺ ἔγνων ὅτι Θεός μου εἶ σύ.
18609	ΨΑΛΜΟΙ 55:14	μου ἐκ	2	consecutive enclitics	ψυχήν	θανάτου	\vs{14}Ὅτι ἐῤῥύσω τὴν ψυχήν μου ἐκ θανάτου, καὶ τοὺς πόδας μου ἐξ ὀλισθήματος, τοῦ εὐαρεστῆσαι ἐνώπιον τοῦ Θεοῦ ἐν φωτὶ ζώντων.
18609	ΨΑΛΜΟΙ 55:14	μου ἐξ	2	consecutive enclitics	πόδας	ὀλισθήματος	\vs{14}Ὅτι ἐῤῥύσω τὴν ψυχήν μου ἐκ θανάτου, καὶ τοὺς πόδας μου ἐξ ὀλισθήματος, τοῦ εὐαρεστῆσαι ἐνώπιον τοῦ Θεοῦ ἐν φωτὶ ζώντων.
18613	ΨΑΛΜΟΙ 56:2	με ὁ	2	consecutive enclitics	Ἐλέησον	Θεὸς	\vs{2}Ἐλέησον με ὁ Θεὸς, ἐλέησόν με, ὅτι ἐπὶ σοὶ πέποιθεν ἡ ψυχή μου, καὶ ἐν τῇ σκιᾷ τῶν πτερύγων σου ἐλπιῶ, ἕως οὗ παρέλθῃ ἡ ἀνομία.
18616	ΨΑΛΜΟΙ 56:5	μου ἐκ	2	consecutive enclitics	ψυχήν	μέσου	\vs{5}καὶ ἐῤῥύσατο τὴν ψυχήν μου ἐκ μέσου σκύμνων· ἐκοιμήθην τεταραγμένος· υἱοὶ ἀνθρώπων, οἱ ὀδόντες αὐτῶν, ὅπλον καὶ βέλη, καὶ ἡ γλῶσσα αὐτῶν, μάχαιρα ὀξεῖα.
18620	ΨΑΛΜΟΙ 56:8	μου ὁ	2	consecutive enclitics	καρδία	Θεὸς	\vs{8}Ἑτοίμη ἡ καρδία μου ὁ Θεὸς, ἑτοίμη ἡ καρδία μου, ᾄσομαι καὶ ψαλῶ.
18622	ΨΑΛΜΟΙ 56:10	σοι ἐν	2	consecutive enclitics	Ἐξομολογήσομαί	λαοῖς	\vs{10}Ἐξομολογήσομαί σοι ἐν λαοῖς Κύριε, ψαλῶ σοι ἐν ἔθνεσιν.
18622	ΨΑΛΜΟΙ 56:10	σοι ἐν	2	consecutive enclitics	ψαλῶ	ἔθνεσιν	\vs{10}Ἐξομολογήσομαί σοι ἐν λαοῖς Κύριε, ψαλῶ σοι ἐν ἔθνεσιν.
18644	ΨΑΛΜΟΙ 58:2	με ἐκ	2	consecutive enclitics	Ἐξελοῦ	τῶν	\vs{2}Ἐξελοῦ με ἐκ τῶν ἐχθρῶν μου ὁ Θεὸς, καὶ ἐκ τῶν ἐπανισταμένων ἐπʼ ἐμὲ λύτρωσαί με.
18644	ΨΑΛΜΟΙ 58:2	μου ὁ	2	consecutive enclitics	ἐχθρῶν	Θεὸς	\vs{2}Ἐξελοῦ με ἐκ τῶν ἐχθρῶν μου ὁ Θεὸς, καὶ ἐκ τῶν ἐπανισταμένων ἐπʼ ἐμὲ λύτρωσαί με.
18645	ΨΑΛΜΟΙ 58:3	με ἐκ	2	consecutive enclitics	Ῥῦσαί	τῶν	\vs{3}Ῥῦσαί με ἐκ τῶν ἐργαζομένων τὴν ἀνομίαν, καὶ ἐξ ἀνδρῶν αἱμάτων σῶσόν με.
18655	ΨΑΛΜΟΙ 58:11	με ὁ	2	consecutive enclitics	προφθάσει	Θεός	\vs{11}Ὁ Θεός μου, τὸ ἔλεος αὐτοῦ προφθάσει με, ὁ Θεός μου δείξει μοι ἐν τοῖς ἐχθροῖς μου.
18655	ΨΑΛΜΟΙ 58:11	μοι ἐν	2	consecutive enclitics	δείξει	τοῖς	\vs{11}Ὁ Θεός μου, τὸ ἔλεος αὐτοῦ προφθάσει με, ὁ Θεός μου δείξει μοι ἐν τοῖς ἐχθροῖς μου.
18663	ΨΑΛΜΟΙ 58:17	μου ἐν	2	consecutive enclitics	καταφυγή	ἡμέρᾳ	\vs{17}Ἐγὼ δὲ ᾄσομαι τῇ δυνάμει σου, καὶ ἀγαλλιάσομαι τοπρωῒ τὸ ἔλεός σου, ὅτι ἐγενήθης ἀντιλήπτωρ μου καὶ καταφυγή μου ἐν ἡμέρᾳ θλίψεώς μου.
18678	ΨΑΛΜΟΙ 59:11	με εἰς	2	consecutive enclitics	ἀπάξει	πόλιν	\vs{11}Τίς ἀπάξει με εἰς πόλιν περιοχῆς; τίς ὁδηγήσει με ἕως τῆς Ἰδουμαίας;
18687	ΨΑΛΜΟΙ 60:3	μου ἐν	2	consecutive enclitics	καρδίαν	πέτρᾳ	\vs{3}Ἀπὸ τῶν περάτων τῆς γῆς πρὸς σὲ ἐκέκραξα, ἐν τῷ ἀκηδιάσαι τὴν καρδίαν μου, ἐν πέτρᾳ ὕψωσάς με, ὁδήγησάς με,
18689	ΨΑΛΜΟΙ 60:5	σου εἰς	2	consecutive enclitics	σκηνώματί	τοὺς	\vs{5}Παροικήσω ἐν τῷ σκηνώματί σου εἰς τοὺς αἰῶνας, σκεπασθήσομαι ἐν σκέπῃ τῶν πτερύγων σου· διάψαλμα.
18694	ΨΑΛΜΟΙ 60:9	σου εἰς	2	consecutive enclitics	ὀνόματί	τὸν	\vs{9}Οὕτως ψαλῶ τῷ ὀνόματί σου εἰς τὸν αἰῶνα τοῦ αἰῶνος, τοῦ ἀποδοῦναί με τὰς εὐχάς μου ἡμέραν ἐξ ἡμέρας.
18698	ΨΑΛΜΟΙ 61:2	μου παρ	2	consecutive enclitics	ψυχή	αὐτοῦ	\vs{2}Οὐχὶ τῷ Θεῷ ὑποταγήσεται ἡ ψυχή μου; παρʼ αὐτοῦ γὰρ τὸ σωτήριόν μου.
18699	ΨΑΛΜΟΙ 61:3	μου οὐ	2	consecutive enclitics	ἀντιλήπτωρ	μὴ	\vs{3}Καὶ γὰρ αὐτὸς Θεός μου καὶ σωτήρ μου, ἀντιλήπτωρ μου, οὐ μὴ σαλευθῶ ἐπὶ πλεῖον.
18704	ΨΑΛΜΟΙ 61:7	μου οὐ	2	consecutive enclitics	ἀντιλήπτωρ	μὴ	\vs{7}Ὅτι αὐτὸς Θεός μου καὶ σωτήρ μου, ἀντιλήπτωρ μου, οὐ μὴ μεταναστεύσω.
18705	ΨΑΛΜΟΙ 61:8	μου ὁ	2	consecutive enclitics	δόξα	Θεὸς	\vs{8}Ἐπὶ τῷ Θεῷ τὸ σωτήριόν μου, καὶ ἡ δόξα μου· ὁ Θεὸς τῆς βοηθείας μου, καὶ ἡ ἐλπίς μου ἐπὶ τῷ Θεῷ.
18715	ΨΑΛΜΟΙ 62:2	σοι ἡ	2	consecutive enclitics	ἐδίψησέ	ψυχή	\vs{2}Ὁ Θεὸς ὁ Θεός μου πρὸς σὲ ὀρθρίζω, ἐδίψησέ σοι ἡ ψυχή μου, ποσαπλῶς σοι ἡ σάρξ μου, ἐν γῇ ἐρήμῳ καὶ ἀβάτῳ καὶ ἀνύδρῳ,
18715	ΨΑΛΜΟΙ 62:2	σοι ἡ	2	consecutive enclitics	ποσαπλῶς	σάρξ	\vs{2}Ὁ Θεὸς ὁ Θεός μου πρὸς σὲ ὀρθρίζω, ἐδίψησέ σοι ἡ ψυχή μου, ποσαπλῶς σοι ἡ σάρξ μου, ἐν γῇ ἐρήμῳ καὶ ἀβάτῳ καὶ ἀνύδρῳ,
18715	ΨΑΛΜΟΙ 62:2	μου ἐν	2	consecutive enclitics	σάρξ	γῇ	\vs{2}Ὁ Θεὸς ὁ Θεός μου πρὸς σὲ ὀρθρίζω, ἐδίψησέ σοι ἡ ψυχή μου, ποσαπλῶς σοι ἡ σάρξ μου, ἐν γῇ ἐρήμῳ καὶ ἀβάτῳ καὶ ἀνύδρῳ,
18718	ΨΑΛΜΟΙ 62:5	σε ἐν	2	consecutive enclitics	εὐλογήσω	τῇ	\vs{5}Οὕτως εὐλογήσω σε ἐν τῇ ζωῇ μου, ἐν τῷ ὀνόματί σου ἀρῶ τὰς χεῖράς μου.
18718	ΨΑΛΜΟΙ 62:5	μου ἐν	2	consecutive enclitics	ζωῇ	τῷ	\vs{5}Οὕτως εὐλογήσω σε ἐν τῇ ζωῇ μου, ἐν τῷ ὀνόματί σου ἀρῶ τὰς χεῖράς μου.
18721	ΨΑΛΜΟΙ 62:7	μου ἐν	2	consecutive enclitics	στρωμνῆς	τοῖς	\vs{7}Εἰ ἐμνημόνευόν σου ἐπὶ τῆς στρωμνῆς μου, ἐν τοῖς ὄρθροις ἐμελέτων εἰς σέ.
18730	ΨΑΛΜΟΙ 63:2	μου ἐν	2	consecutive enclitics	προσευχῆς	τῷ	\vs{2}Εἰσάκουσον ὁ Θεὸς τῆς προσευχῆς μου ἐν τῷ δέεσθαί με πρὸς σὲ, ἀπὸ φόβου ἐχθροῦ ἐξελοῦ τὴν ψυχήν μου.
18762	ΨΑΛΜΟΙ 65:3	σου ἐν	2	consecutive enclitics	ἔργα	τῷ	\vs{3}Εἴπατε τῷ Θεῷ ὡς φοβερὰ τὰ ἔργα σου; ἐν τῷ πλήθει τῆς δυνάμεώς σου ψεύσονταί σε οἱ ἐχθροί σου.
18762	ΨΑΛΜΟΙ 65:3	σε οἱ	2	consecutive enclitics	ψεύσονταί	ἐχθροί	\vs{3}Εἴπατε τῷ Θεῷ ὡς φοβερὰ τὰ ἔργα σου; ἐν τῷ πλήθει τῆς δυνάμεώς σου ψεύσονταί σε οἱ ἐχθροί σου.
18770	ΨΑΛΜΟΙ 65:9	μου εἰς	2	consecutive enclitics	ψυχήν	ζωὴν	\vs{9}τοῦ θεμένου τὴν ψυχήν μου εἰς ζωὴν, καὶ μὴ δόντος εἰς σάλον τοὺς πόδας μου.
18775	ΨΑΛΜΟΙ 65:13	σου ἐν	2	consecutive enclitics	οἶκόν	ὁλοκαυτώμασιν	\vs{13}Εἰσελεύσομαι εἰς τὸν οἶκόν σου ἐν ὁλοκαυτώμασιν, ἀποδώσω σοι τὰς εὐχάς μου,
18776	ΨΑΛΜΟΙ 65:14	μου ἐν	2	consecutive enclitics	στόμα	τῇ	\vs{14}ἃς διέστειλε τὰ χείλη μου, καὶ ἐλάλησε τὸ στόμα μου ἐν τῇ θλίψει μου.
18782	ΨΑΛΜΟΙ 65:19	μου ὁ	2	consecutive enclitics	εἰσήκουσέ	Θεὸς	\vs{19}Διὰ τοῦτο εἰσήκουσέ μου ὁ Θεὸς, προσέσχε τῇ φωνῇ τῆς προσευχῆς μου.
18788	ΨΑΛΜΟΙ 66:3	σου ἐν	2	consecutive enclitics	ὁδόν	πᾶσιν	\vs{3}Τοῦ γνῶναι ἐν τῇ γῇ τὴν ὁδόν σου, ἐν πᾶσιν ἔθνεσι τὸ σωτήριόν σου.
18805	ΨΑΛΜΟΙ 67:8	σου ἐν	2	consecutive enclitics	λαοῦ	τῷ	\vs{8}Ὁ Θεὸς, ἐν τῷ ἐκπορεύεσθαί σε ἐνώπιον τοῦ λαοῦ σου, ἐν τῷ διαβαίνειν σε τὴν ἔρημον· διάψαλμα·
18824	ΨΑΛΜΟΙ 67:24	σου ἐν	2	consecutive enclitics	ποῦς	αἵματι	\vs{24}Ὅπως ἂν βαφῇ ὁ ποῦς σου ἐν αἵματι, ἡ γλῶσσα τῶν κυνῶν σου ἐξ ἐχθρῶν παρʼ αὐτοῦ.
18824	ΨΑΛΜΟΙ 67:24	σου ἐξ	2	consecutive enclitics	κυνῶν	ἐχθρῶν	\vs{24}Ὅπως ἂν βαφῇ ὁ ποῦς σου ἐν αἵματι, ἡ γλῶσσα τῶν κυνῶν σου ἐξ ἐχθρῶν παρʼ αὐτοῦ.
18826	ΨΑΛΜΟΙ 67:25	σου ὁ	2	consecutive enclitics	πορεῖαί	Θεὸς	\vs{25}Ἐθεωρήθησαν αἱ πορεῖαί σου ὁ Θεὸς, αἱ πορεῖαι τοῦ Θεοῦ μου τοῦ βασιλέως τοῦ ἐν τῷ ἁγίῳ.
18843	ΨΑΛΜΟΙ 68:2	με ὁ	2	consecutive enclitics	Σώσον	Θεὸς	\vs{2}Σώσον με ὁ Θεὸς, ὅτι εἰσήλθοσαν ὕδατα ἕως ψυχῆς μου.
18846	ΨΑΛΜΟΙ 68:5	μου οἱ	2	consecutive enclitics	κεφαλῆς	μισοῦντές	\vs{5}Ἐπληθύνθησαν ὑπὲρ τὰς τρίχας τῆς κεφαλῆς μου οἱ μισοῦντές με δωρεάν· ἐκραταιώθησαν οἱ ἐχθροί μου οἱ ἐκδιώκοντές με ἀδίκως· ἃ οὐχ ἥρπασα, τότε ἀπετίννυον.
18846	ΨΑΛΜΟΙ 68:5	μου οἱ	2	consecutive enclitics	ἐχθροί	ἐκδιώκοντές	\vs{5}Ἐπληθύνθησαν ὑπὲρ τὰς τρίχας τῆς κεφαλῆς μου οἱ μισοῦντές με δωρεάν· ἐκραταιώθησαν οἱ ἐχθροί μου οἱ ἐκδιώκοντές με ἀδίκως· ἃ οὐχ ἥρπασα, τότε ἀπετίννυον.
18849	ΨΑΛΜΟΙ 68:7	σε ὁ	2	consecutive enclitics	ζητοῦντές	Θεὸς	\vs{7}Μὴ αἰσχυνθείησαν ἐπʼ ἐμὲ οἱ ὑπομένοντές σε Κύριε τῶν δυνάμεων, μὴ ἐντραπείησαν ἐπʼ ἐμὲ οἱ ζητοῦντές σε ὁ Θεὸς τοῦ Ἰσραήλ.
18857	ΨΑΛΜΟΙ 68:14	μου ἐν	2	consecutive enclitics	ἐπάκουσόν	ἀληθείᾳ	\vs{14}Ἐγὼ δὲ τῇ προσευχῇ μου πρὸς σὲ Κύριε, καιρὸς εὐδοκίας ὁ Θεός· ἐν τῷ πλήθει τοῦ ἐλέους σου ἐπάκουσόν μου, ἐν ἀληθείᾳ τῆς σωτηρίας σου.
18876	ΨΑΛΜΟΙ 68:31	μου μετ	2	consecutive enclitics	Θεοῦ	ᾠδῆς	\vs{31}Αἰνέσω τὸ ὄνομα τοῦ Θεοῦ μου μετʼ ᾠδῆς, μεγαλυνῶ αὐτὸν ἐν αἰνέσει·
18896	ΨΑΛΜΟΙ 70:3	μοι εἰς	2	consecutive enclitics	Γενοῦ	Θεὸν	\vs{3}Γενοῦ μοι εἰς Θεὸν ὑπερασπιστὴν, καὶ εἰς τόπον ὀχυρὸν τοῦ σῶσαί με, ὅτι στερέωμά μου καὶ καταφυγή μου εἶ σύ.
18897	ΨΑΛΜΟΙ 70:4	με ἐκ	2	consecutive enclitics	ῥῦσαί	χειρὸς	\vs{4}Ὁ Θεός μου ῥῦσαί με ἐκ χειρὸς ἁμαρτωλοῦ, ἐκ χειρὸς παρανομοῦντος καὶ ἀδικοῦντος.
18898	ΨΑΛΜΟΙ 70:5	μου ἐκ	2	consecutive enclitics	ἐλπίς	νεότητός	\vs{5}Ὅτι σὺ εἶ ἡ ὑπομονή μου Κύριε, Κύριε ἡ ἐλπίς μου ἐκ νεότητός μου·
18903	ΨΑΛΜΟΙ 70:9	με εἰς	2	consecutive enclitics	ἀποῤῥίψῃς	καιρὸν	\vs{9}Μὴ ἀποῤῥίψῃς με εἰς καιρὸν γήρους, ἐν τῷ ἐκλείπειν τὴν ἰσχύν μου μὴ ἐγκαταλίπῃς με.
18907	ΨΑΛΜΟΙ 70:13	μου εἰς	2	consecutive enclitics	Θεός	τὴν	\vs{13}ὁ Θεός μου εἰς τὴν βοήθειάν μου πρόσχες. Αἰσχυνθήτωσαν καὶ ἐκλιπέτωσαν οἱ ἐνδιαβάλλοντες τὴν ψυχήν μου, περιβαλλέσθωσαν αἰσχύνην καὶ ἐντροπὴν οἱ ζητοῦντες τὰ κακά μοι.
18912	ΨΑΛΜΟΙ 70:17	με ὁ	2	consecutive enclitics	Ἐδίδαξας	Θεὸς	\vs{17}Ἐδίδαξας με ὁ Θεὸς ἐκ νεότητός μου, καὶ μέχρι νῦν ἀπαγγελῶ τὰ θαυμάσιά σου,
18914	ΨΑΛΜΟΙ 70:19	σου ὁ	2	consecutive enclitics	δικαιοσύνην	Θεὸς	\vs{19}καὶ τὴν δικαιοσύνην σου ὁ Θεὸς ἕως ὑψίστων, ἃ ἐποίησας μεγαλεῖα· ὁ Θεὸς τίς ὅμοιός σοι;
18918	ΨΑΛΜΟΙ 70:22	σοι ἐν	2	consecutive enclitics	ἐξομολογήσομαί	σκεύει	\vs{22}Καὶ γὰρ ἐγὼ ἐξομολογήσομαί σοι ἐν σκεύει ψαλμοῦ τὴν ἀλήθειάν σου ὁ Θεὸς, ψαλῶ σοι ἐν κιθάρᾳ ὁ ἅγιος τοῦ Ἰσραήλ.
18918	ΨΑΛΜΟΙ 70:22	σου ὁ	2	consecutive enclitics	ἀλήθειάν	Θεὸς	\vs{22}Καὶ γὰρ ἐγὼ ἐξομολογήσομαί σοι ἐν σκεύει ψαλμοῦ τὴν ἀλήθειάν σου ὁ Θεὸς, ψαλῶ σοι ἐν κιθάρᾳ ὁ ἅγιος τοῦ Ἰσραήλ.
18918	ΨΑΛΜΟΙ 70:22	σοι ἐν	2	consecutive enclitics	ψαλῶ	κιθάρᾳ	\vs{22}Καὶ γὰρ ἐγὼ ἐξομολογήσομαί σοι ἐν σκεύει ψαλμοῦ τὴν ἀλήθειάν σου ὁ Θεὸς, ψαλῶ σοι ἐν κιθάρᾳ ὁ ἅγιος τοῦ Ἰσραήλ.
18925	ΨΑΛΜΟΙ 71:2	σου ἐν	2	consecutive enclitics	λαόν	δικαιοσύνῃ	\vs{2}κρίνειν τὸν λαόν σου ἐν δικαιοσύνῃ, καὶ τοὺς πτωχούς σου ἐν κρίσει.
18925	ΨΑΛΜΟΙ 71:2	σου ἐν	2	consecutive enclitics	πτωχούς	κρίσει	\vs{2}κρίνειν τὸν λαόν σου ἐν δικαιοσύνῃ, καὶ τοὺς πτωχούς σου ἐν κρίσει.
18958	ΨΑΛΜΟΙ 72:7	ὡς ἐκ	2	consecutive enclitics	Ἐξελεύσεται	στέατος	\vs{7}Ἐξελεύσεται ὡς ἐκ στέατος ἡ ἀδικία αὐτῶν· διῆλθον εἰς διάθεσιν καρδίας.
18966	ΨΑΛΜΟΙ 72:14	μου εἰς	2	consecutive enclitics	ἔλεγχός	τὰς	\vs{14}Καὶ ἐγενόμην μεμαστιγωμένος ὅλην τὴν ἡμέραν, καὶ ὁ ἔλεγχός μου εἰς τὰς πρωΐας.
18980	ΨΑΛΜΟΙ 72:26	μου ὁ	2	consecutive enclitics	σάρξ	Θεὸς	\vs{26}Ἐξέλιπεν ἡ καρδία μου καὶ ἡ σάρξ μου, ὁ Θεὸς τῆς καρδίας μου, καὶ ἡ μερίς μου ὁ Θεὸς εἰς τὸν αἰῶνα.
18980	ΨΑΛΜΟΙ 72:26	μου ὁ	2	consecutive enclitics	μερίς	Θεὸς	\vs{26}Ἐξέλιπεν ἡ καρδία μου καὶ ἡ σάρξ μου, ὁ Θεὸς τῆς καρδίας μου, καὶ ἡ μερίς μου ὁ Θεὸς εἰς τὸν αἰῶνα.
18983	ΨΑΛΜΟΙ 72:28	σου ἐν	2	consecutive enclitics	αἰνέσεις	ταῖς	\vs{28}Ἐμοὶ δὲ τὸ προσκολλᾶσθαι τῷ Θεῷ ἀγαθόν ἐστι, τίθεσθαι ἐν τῷ Κυρίῳ τὴν ἐλπίδα μου· τοῦ ἐξαγγεῖλαι πάσας τὰς αἰνέσεις σου ἐν ταῖς πύλαις τῆς θυγατρὸς Σιών.
18991	ΨΑΛΜΟΙ 73:4	σε ἐν	2	consecutive enclitics	μισοῦντές	μέσῳ	\vs{4}Καὶ ἐνεκαυχήσαντο οἱ μισοῦντές σε ἐν μέσῳ τῆς ἑορτῆς σου·
18992	ΨΑΛΜΟΙ 73:5	ὡς εἰς	2	consecutive enclitics	ἔγνωσαν	τὴν	\vs{5}ἔθεντο τὰ σημεῖα αὐτῶν σημεῖα, καὶ οὐκ ἔγνωσαν, ὡς εἰς τὴν εἴσοδον ὑπεράνω· ὡς ἐν δρυμῷ ξύλων ἀξίναις ἐξέκοψαν
18992	ΨΑΛΜΟΙ 73:5	ὡς ἐν	2	consecutive enclitics	ὑπεράνω	δρυμῷ	\vs{5}ἔθεντο τὰ σημεῖα αὐτῶν σημεῖα, καὶ οὐκ ἔγνωσαν, ὡς εἰς τὴν εἴσοδον ὑπεράνω· ὡς ἐν δρυμῷ ξύλων ἀξίναις ἐξέκοψαν
18994	ΨΑΛΜΟΙ 73:7	σου εἰς	2	consecutive enclitics	ἁγιαστήριόν	τὴν	\vs{7}Ἐνεπύρισαν ἐν πυρὶ τὸ ἁγιαστήριόν σου εἰς τὴν γῆν, ἐβεβήλωσαν τὸ σκήνωμα τοῦ ὀνόματός σου.
18998	ΨΑΛΜΟΙ 73:10	σου εἰς	2	consecutive enclitics	ὄνομά	τέλος	\vs{10}Ἕως πότε ὁ Θεὸς, ὀνειδιεῖ ὁ ἐχθρὸς, παροξυνεῖ ὁ ὑπεναντίος τὸ ὄνομά σου εἰς τέλος;
18999	ΨΑΛΜΟΙ 73:11	σου ἐκ	2	consecutive enclitics	δεξιάν	μέσου	\vs{11}Ἱνατί ἀποστρέφεις τὴν χεῖρά σου, καὶ τὴν δεξιάν σου ἐκ μέσου τοῦ κόλπου σου εἰς τέλος;
18999	ΨΑΛΜΟΙ 73:11	σου εἰς	2	consecutive enclitics	κόλπου	τέλος	\vs{11}Ἱνατί ἀποστρέφεις τὴν χεῖρά σου, καὶ τὴν δεξιάν σου ἐκ μέσου τοῦ κόλπου σου εἰς τέλος;
19004	ΨΑΛΜΟΙ 73:16	ἐστιν ἡ	2	consecutive enclitics	Σή	ἡμέρα	\vs{16}Σή ἐστιν ἡ ἡμέρα, καὶ σή ἐστιν ἡ νὺξ, σὺ κατηρτίσω ἥλιον καὶ σελήνην.
19004	ΨΑΛΜΟΙ 73:16	ἐστιν ἡ	2	consecutive enclitics	σή	νὺξ	\vs{16}Σή ἐστιν ἡ ἡμέρα, καὶ σή ἐστιν ἡ νὺξ, σὺ κατηρτίσω ἥλιον καὶ σελήνην.
19012	ΨΑΛΜΟΙ 73:23	σου ἡ	2	consecutive enclitics	ἱκετῶν	ὑπερηφανία	\vs{23}Μὴ ἐπιλάθῃ τῆς φωνῆς τῶν ἱκετῶν σου, ἡ ὑπερηφανία τῶν μισούντων σε ἀναβαίη διαπαντὸς πρὸς σέ.
19016	ΨΑΛΜΟΙ 74:2	σοι ὁ	2	consecutive enclitics	Ἐξομολογησόμεθα	Θεὸς	\vs{2}Ἐξομολογησόμεθα σοι ὁ Θεὸς, ἐξομολογησόμεθα, καὶ ἐπικαλεσόμεθα τὸ ὄνομά σου· διηγήσομαι πάντα τὰ θαυμάσιά σου.
19037	ΨΑΛΜΟΙ 75:7	σου ὁ	2	consecutive enclitics	ἐπιτιμήσεώς	Θεὸς	\vs{7}Ἀπὸ ἐπιτιμήσεώς σου, ὁ Θεὸς Ἰακὼβ, ἐνύσταξαν οἱ ἐπιβεβηκότες τοὺς ἵππους.
19063	ΨΑΛΜΟΙ 76:14	ὡς ὁ	2	consecutive enclitics	μέγας	Θεὸς	\vs{14}Ὁ Θεὸς ἐν τῷ ἁγίῳ ἡ ὁδός σου, τίς θεὸς μέγας ὡς ὁ Θεὸς ἡμῶν;
19068	ΨΑΛΜΟΙ 76:19	σου ἐν	2	consecutive enclitics	βροντῆς	τῷ	\vs{19}Φωνὴ τῆς βροντῆς σου ἐν τῷ τροχῷ· ἔφαναν αἱ ἀστραπαί σου τῇ οἰκουμένῃ, ἐσαλεύθη καὶ ἔντρομος ἐγενήθη ἡ γῆ.
19069	ΨΑΛΜΟΙ 76:20	σου ἐν	2	consecutive enclitics	τρίβοι	ὕδασι	\vs{20}Ἐν τῇ θαλάσσῃ ἡ ὁδός σου, καὶ αἱ τρίβοι σου ἐν ὕδασι πολλοῖς, καὶ τὰ ἴχνη σου οὐ γνωσθήσονται.
19069	ΨΑΛΜΟΙ 76:20	σου οὐ	2	consecutive enclitics	ἴχνη	γνωσθήσονται	\vs{20}Ἐν τῇ θαλάσσῃ ἡ ὁδός σου, καὶ αἱ τρίβοι σου ἐν ὕδασι πολλοῖς, καὶ τὰ ἴχνη σου οὐ γνωσθήσονται.
19070	ΨΑΛΜΟΙ 76:21	σου ἐν	2	consecutive enclitics	λαόν	χειρὶ	\vs{21}Ὡδήγησας ὡς πρόβατα τὸν λαόν σου ἐν χειρὶ Μωυσῆ καὶ Ἀαρών.
19082	ΨΑΛΜΟΙ 77:8	ὡς οἱ	2	consecutive enclitics	γένωνται	πατέρες	\vs{8}Ἵνα μὴ γένωνται ὡς οἱ πατέρες αὐτῶν, γενεὰ σκολιὰ καὶ παραπικραίνουσα, γενεὰ ἥτις οὐ κατεύθυνεν ἐν τῇ καρδίᾳ αὐτῆς, καὶ οὐκ ἐπιστώθη μετὰ τοῦ Θεοῦ τὸ πνεῦμα αὐτῆς.
19090	ΨΑΛΜΟΙ 77:15	ὡς ἐν	2	consecutive enclitics	αὐτοὺς	ἀβύσσῳ	\vs{15}Διέῤῥηξε πέτραν ἐν ἐρήμῳ, καὶ ἐπότισεν αὐτοὺς ὡς ἐν ἀβύσσῳ πολλῇ.
19151	ΨΑΛΜΟΙ 77:65	ὡς ὁ	2	consecutive enclitics	ἐξηγέρθη	ὑπνῶν	\vs{65}Καὶ ἐξηγέρθη ὡς ὁ ὑπνῶν Κύριος, ὡς δυνατὸς κεκραιπαληκὼς
19169	ΨΑΛΜΟΙ 78:6	σου οὐκ	2	consecutive enclitics	ὄνομά	ἐπεκαλέσαντο	\vs{6}Ἔκχεον τὴν ὀργήν σου ἐπὶ ἔθνη τὰ μὴ ἐπεγνωκότα σε, καὶ ἐπὶ βασιλείας αἳ τὸ ὄνομά σου οὐκ ἐπεκαλέσαντο.
19174	ΨΑΛΜΟΙ 78:10	ἐστιν ὁ	2	consecutive enclitics	ποῦ	Θεὸς	\vs{10}Μή ποτε εἴπωσιν ἐν τοῖς ἔθνεσι, ποῦ ἐστιν ὁ Θεὸς αὐτῶν; καὶ γνωσθήτω ἐν τοῖς ἔθνεσιν ἐνώπιον τῶν ὀφθαλμῶν ἡμῶν ἡ ἐκδίκησις τοῦ αἵματος τῶν δούλων σου τοῦ ἐκκεχυμένου.
19176	ΨΑΛΜΟΙ 78:11	σου ὁ	2	consecutive enclitics	ἐνώπιόν	στεναγμὸς	\vs{11}Εἰσελθέτω ἐνώπιόν σου ὁ στεναγμὸς τῶν πεπεδημένων, κατὰ τὴν μεγαλωσύνην τοῦ βραχίονός σου περιποίησαι τοὺς υἱοὺς τῶν τεθανατωμένων.
19178	ΨΑΛΜΟΙ 78:13	σοι εἰς	2	consecutive enclitics	ἀνθομολογησόμεθά	τὸν	\vs{13}Ἡμεῖς γὰρ λαός σου καὶ πρόβατα νομῆς σου, ἀνθομολογησόμεθά σοι εἰς τὸν αἰῶνα, εἰς γενεὰν καὶ γενεὰν ἐξαγγελοῦμεν τὴν αἴνεσίν σου.
19201	ΨΑΛΜΟΙ 79:18	σου ἐπ	2	consecutive enclitics	χείρ	ἄνδρα	\vs{18}Γενηθήτω ἡ χείρ σου ἐπʼ ἄνδρα δεξιᾶς σου, καὶ ἐπὶ υἱὸν ἀνθρώπου, ὃν ἐκραταίωσας σεαυτῷ.
19216	ΨΑΛΜΟΙ 80:8	σου ἐν	2	consecutive enclitics	ἐπήκουσά	ἀποκρύφῳ	\vs{8}Ἐν θλίψει ἐπεκαλέσω με καὶ ἐῤῥυσάμην σε· ἐπήκουσά σου ἐν ἀποκρύφῳ καταιγίδος, ἐδοκίμασά σε ἐπὶ ὕδατος ἀντιλογίας· διάψαλμα.
19219	ΨΑΛΜΟΙ 80:11	σου ὁ	2	consecutive enclitics	Θεός	ἀναγαγών	\vs{11}Ἐγὼ γάρ εἰμι Κύριος ὁ Θεός σου, ὁ ἀναγαγών σε ἐκ γῆς Αἰγύπτου, πλάτυνον τὸ στόμα σου καὶ πληρώσω αὐτό.
19219	ΨΑΛΜΟΙ 80:11	σε ἐκ	2	consecutive enclitics	ἀναγαγών	γῆς	\vs{11}Ἐγὼ γάρ εἰμι Κύριος ὁ Θεός σου, ὁ ἀναγαγών σε ἐκ γῆς Αἰγύπτου, πλάτυνον τὸ στόμα σου καὶ πληρώσω αὐτό.
19223	ΨΑΛΜΟΙ 80:14	Εἰ ὁ	2	consecutive enclitics		λαός	\vs{14}Εἰ ὁ λαός μου ἤκουσέ μου, Ἰσραὴλ ταῖς ὁδοῖς μου εἰ ἐπορεύθη,
19223	ΨΑΛΜΟΙ 80:14	μου εἰ	2	consecutive enclitics	ὁδοῖς	ἐπορεύθη	\vs{14}Εἰ ὁ λαός μου ἤκουσέ μου, Ἰσραὴλ ταῖς ὁδοῖς μου εἰ ἐπορεύθη,
19267	ΨΑΛΜΟΙ 83:3	μου εἰς	2	consecutive enclitics	ψυχή	τὰς	\vs{3}Ἐπιποθεῖ καὶ ἐκλείπει ἡ ψυχή μου εἰς τὰς αὐλὰς τοῦ Κυρίου· ἡ καρδία μου καὶ ἡ σάρξ μου ἠγαλλιάσαντο ἐπὶ Θεὸν ζῶντα·
19270	ΨΑΛΜΟΙ 83:5	σου εἰς	2	consecutive enclitics	οἴκῳ	τοὺς	\vs{5}Μακάριοι οἱ κατοικοῦντες ἐν τῷ οἴκῳ σου, εἰς τοὺς αἰῶνας τῶν αἰώνων αἰνέσουσί σε· διάψαλμα.
19271	ΨΑΛΜΟΙ 83:6	ἐστιν ἡ	2	consecutive enclitics	οὗ	ἀντίληψις	\vs{6}Μακάριος ἀνὴρ οὗ ἐστιν ἡ ἀντίληψις αὐτοῦ παρὰ σοῦ, Κύριε· ἀναβάσεις ἐν τῇ καρδίᾳ αὐτοῦ διέθετο,
19287	ΨΑΛΜΟΙ 84:5	σου ἀφ	2	consecutive enclitics	θυμόν	ἡμῶν	\vs{5}Ἐπίστρεψον ἡμᾶς ὁ Θεὸς τῶν σωτηρίων ἡμῶν, καὶ ἀπόστρεψον τὸν θυμόν σου ἀφʼ ἡμῶν.
19302	ΨΑΛΜΟΙ 85:2	σου ὁ	2	consecutive enclitics	δοῦλόν	Θεὸς	\vs{2}Φύλαξον τὴν ψυχήν μου, ὅτι ὅσιός εἰμι· σῶσον τὸν δοῦλόν σου ὁ Θεὸς, τὸν ἐλπίζοντα ἐπὶ σέ.
19309	ΨΑΛΜΟΙ 85:8	σοι ἐν	2	consecutive enclitics	ὅμοιός	θεοῖς	\vs{8}Οὐκ ἔστιν ὅμοιός σοι ἐν θεοῖς Κύριε, καὶ οὐκ ἔστι κατὰ τὰ ἔργα σου.
19313	ΨΑΛΜΟΙ 85:12	μου ἐν	2	consecutive enclitics	Θεός	ὅλῃ	\vs{12}Ἐξομολογήσομαί σοι Κύριε ὁ Θεός μου ἐν ὅλῃ καρδίᾳ μου, καὶ δοξάσω τὸ ὄνομά σου εἰς τὸν αἰῶνα.
19313	ΨΑΛΜΟΙ 85:12	σου εἰς	2	consecutive enclitics	ὄνομά	τὸν	\vs{12}Ἐξομολογήσομαί σοι Κύριε ὁ Θεός μου ἐν ὅλῃ καρδίᾳ μου, καὶ δοξάσω τὸ ὄνομά σου εἰς τὸν αἰῶνα.
19314	ΨΑΛΜΟΙ 85:13	μου ἐξ	2	consecutive enclitics	ψυχήν	ᾅδου	\vs{13}Ὅτι τὸ ἔλεός σου μέγα ἐπʼ ἐμὲ, καὶ ἐῤῥύσω τὴν ψυχήν μου ἐξ ᾅδου κατωτάτου.
19335	ΨΑΛΜΟΙ 87:3	σου ἡ	2	consecutive enclitics	ἐνώπιόν	προσευχή	\vs{3}Εἰσελθέτω ἐνώπιόν σου ἡ προσευχή μου, κλῖνον τὸ οὖς σου εἰς τὴν δέησίν μου, Κύριε.
19335	ΨΑΛΜΟΙ 87:3	σου εἰς	2	consecutive enclitics	οὖς	τὴν	\vs{3}Εἰσελθέτω ἐνώπιόν σου ἡ προσευχή μου, κλῖνον τὸ οὖς σου εἰς τὴν δέησίν μου, Κύριε.
19340	ΨΑΛΜΟΙ 87:7	με ἐν	2	consecutive enclitics	Ἔθεντό	λάκκῳ	\vs{7}Ἔθεντό με ἐν λάκκῳ κατωτάτῳ, ἐν σκοτεινοῖς καὶ ἐν σκιᾷ θανάτου.
19342	ΨΑΛΜΟΙ 87:9	μου ἀπ	2	consecutive enclitics	γνωστούς	ἐμοῦ	\vs{9}Ἐμάκρυνας τοὺς γνωστούς μου ἀπʼ ἐμοῦ, ἔθεντό με βδέλυγμα ἑαυτοῖς· παρεδόθην καὶ οὐκ ἐξεπορευόμην.
19346	ΨΑΛΜΟΙ 87:12	τις ἐν	2	consecutive enclitics	διηγήσεταί	τάφῳ	\vs{12}Μὴ διηγήσεταί τις ἐν τάφῳ τὸ ἔλεός σου, καὶ τὴν ἀλήθειάν σου ἐν τῇ ἀπωλείᾳ;
19346	ΨΑΛΜΟΙ 87:12	σου ἐν	2	consecutive enclitics	ἀλήθειάν	τῇ	\vs{12}Μὴ διηγήσεταί τις ἐν τάφῳ τὸ ἔλεός σου, καὶ τὴν ἀλήθειάν σου ἐν τῇ ἀπωλείᾳ;
19347	ΨΑΛΜΟΙ 87:13	σου ἐν	2	consecutive enclitics	δικαιοσύνη	γῇ	\vs{13}Μὴ γνωσθήσεται ἐν τῷ σκότει τὰ θαυμάσιά σου, καὶ ἡ δικαιοσύνη σου ἐν γῇ ἐπιλελησμένῃ;
19350	ΨΑΛΜΟΙ 87:15	σου ἀπ	2	consecutive enclitics	πρόσωπόν	ἐμοῦ	\vs{15}Ἱνατί Κύριε ἀπωθεῖς τὴν προσευχήν μου, ἀποστρέφεις τὸ πρόσωπόν σου ἀπʼ ἐμοῦ;
19353	ΨΑΛΜΟΙ 87:18	με ὡς	2	consecutive enclitics	Ἐκύκλωσάν	ὕδωρ	\vs{18}Ἐκύκλωσάν με ὡς ὕδωρ, ὅλην τὴν ἡμέραν περιέσχον με ἅμα.
19358	ΨΑΛΜΟΙ 88:2	σου ἐν	2	consecutive enclitics	ἀλήθειάν	τῷ	\vs{2}Τὰ ἐλέη σου Κύριε εἰς τὸν αἰῶνα ᾄσομαι, εἰς γενεὰν καὶ γενεὰν ἀπαγγελῶ τὴν ἀλήθειάν σου ἐν τῷ στόματί μου.
19363	ΨΑΛΜΟΙ 88:6	σου ἐν	2	consecutive enclitics	ἀλήθειάν	ἐκκλησίᾳ	\vs{6}Ἐξομολογήσονται οἱ οὐρανοὶ τὰ θαυμάσιά σου Κύριε, καὶ τὴν ἀλήθειάν σου ἐν ἐκκλησίᾳ ἁγίων.
19369	ΨΑΛΜΟΙ 88:12	εἰσιν οἱ	2	consecutive enclitics	Σοί	οὐρανοὶ	\vs{12}Σοί εἰσιν οἱ οὐρανοὶ, καὶ σή ἐστιν ἡ γῆ, τὴν οἰκουμένην καὶ τὸ πλήρωμα αὐτῆς σὺ ἐθεμελίωσας.
19369	ΨΑΛΜΟΙ 88:12	ἐστιν ἡ	2	consecutive enclitics	σή	γῆ	\vs{12}Σοί εἰσιν οἱ οὐρανοὶ, καὶ σή ἐστιν ἡ γῆ, τὴν οἰκουμένην καὶ τὸ πλήρωμα αὐτῆς σὺ ἐθεμελίωσας.
19380	ΨΑΛΜΟΙ 88:21	μου ἐν	2	consecutive enclitics	δοῦλόν	ἐλέει	\vs{21}Εὗρον Δαυὶδ τὸν δοῦλόν μου, ἐν ἐλέει ἁγίῳ ἔχρισα αὐτόν.
19384	ΨΑΛΜΟΙ 88:25	μου μετ	2	consecutive enclitics	ἔλεός	αὐτοῦ	\vs{25}Καὶ ἡ ἀλήθειά μου καὶ τὸ ἔλεός μου μετʼ αὐτοῦ, καὶ ἐν τῷ ὀνόματί μου ὑψωθήσεται τὸ κέρας αὐτοῦ.
19394	ΨΑΛΜΟΙ 88:34	μου οὐ	2	consecutive enclitics	ἔλεός	μὴ	\vs{34}Τὸ δὲ ἔλεός μου οὐ μὴ διασκεδάσω ἀπʼ αὐτοῦ, οὐδὲ μὴ ἀδικήσω ἐν τῇ ἀληθείᾳ μου,
19395	ΨΑΛΜΟΙ 88:35	μου οὐ	2	consecutive enclitics	χειλέων	μὴ	\vs{35}οὐδὲ μὴ βεβηλώσω τὴν διαθήκην μου, καὶ τὰ ἐκπορευόμενα διὰ τῶν χειλέων μου οὐ μὴ ἀθετήσω.
19396	ΨΑΛΜΟΙ 88:36	μου εἰ	2	consecutive enclitics	ἁγίῳ	τῷ	\vs{36}Ἅπαξ ὤμοσα ἐν τῷ ἁγίῳ μου, εἰ τῷ Δαυὶδ ψεύσομαι.
19397	ΨΑΛΜΟΙ 88:37	ὡς ὁ	2	consecutive enclitics	αὐτοῦ	ἥλιος	\vs{37}Τὸ σπέρμα αὐτοῦ εἰς τὸν αἰῶνα μενεῖ, καὶ ὁ θρόνος αὐτοῦ ὡς ὁ ἥλιος ἐναντίον μου,
19398	ΨΑΛΜΟΙ 88:38	ὡς ἡ	2	consecutive enclitics	καὶ	σελήνη	\vs{38}καὶ ὡς ἡ σελήνη κατηρτισμένη εἰς τὸν αἰῶνα, καὶ ὁ μάρτυς ἐν οὐρανῷ πιστός· διάψαλμα.
19426	ΨΑΛΜΟΙ 89:8	σου ὁ	2	consecutive enclitics	ἐνώπιόν	αἰὼν	\vs{8}Ἔθου τὰς ἀνομίας ἡμῶν ἐνώπιόν σου, ὁ αἰὼν ἡμῶν εἰς φωτισμὸν τοῦ προσώπου σου.
19441	ΨΑΛΜΟΙ 90:2	μου ὁ	2	consecutive enclitics	καταφυγή	Θεός	\vs{2}Ἐρεῖ τῷ Κυρίῳ, ἀντιλήπτωρ μου εἶ καὶ καταφυγή μου, ὁ Θεός μου, ἐλπιῶ ἐπʼ αὐτόν.
19442	ΨΑΛΜΟΙ 90:3	σε ἐκ	2	consecutive enclitics	ῥύσεταί	παγίδος	\vs{3}Ὅτι αὐτὸς ῥύσεταί σε ἐκ παγίδος θηρευτῶν, ἀπὸ λόγου ταραχώδους.
19443	ΨΑΛΜΟΙ 90:4	σε ἡ	2	consecutive enclitics	κυκλώσει	ἀλήθεια	\vs{4}Ἐν τοῖς μεταφρένοις αὐτοῦ ἐπισκιάσει σοι, καὶ ὑπὸ τὰς πτέρυγας αὐτοῦ ἐλπιεῖς· ὅπλῳ κυκλώσει σε ἡ ἀλήθεια αὐτοῦ.
19451	ΨΑΛΜΟΙ 90:11	σε ἐν	2	consecutive enclitics	διαφυλάξαι	πάσαις	\vs{11}Ὅτι τοῖς ἀγγέλοις αὐτοῦ ἐντελεῖται περὶ σοῦ, τοῦ διαφυλάξαι σε ἐν πάσαις ταῖς ὁδοῖς σου.
19456	ΨΑΛΜΟΙ 90:15	εἰμι ἐν	2	consecutive enclitics	αὐτοῦ	θλίψει	\vs{15}Ἐπικαλέσεται πρὸς μὲ, καὶ εἰσακούσομαι αὐτοῦ, μετʼ αὐτοῦ εἰμι ἐν θλίψει, καὶ ἐξελοῦμαι αὐτὸν, καὶ δοξάσω αὐτόν.
19472	ΨΑΛΜΟΙ 91:11	μου ἐν	2	consecutive enclitics	γῆράς	ἐλέῳ	\vs{11}Καὶ ὑψωθήσεται ὡς μονοκέρωτος τὸ κέρας μου, καὶ τὸ γῆράς μου ἐν ἐλέῳ πίονι.
19473	ΨΑΛΜΟΙ 91:12	μου ἐν	2	consecutive enclitics	ὀφθαλμός	τοῖς	\vs{12}Καὶ ἐπεῖδεν ὁ ὀφθαλμός μου ἐν τοῖς ἐχθροῖς μου, καὶ ἐν τοῖς ἐπανισταμένοις ἐπʼ ἐμὲ πονηρευομένοις ἀκούσεται τὸ οὖς μου.
19475	ΨΑΛΜΟΙ 91:13	ὡς ἡ	2	consecutive enclitics	ἀνθήσει	κέδρος	\vs{13}Δίκαιος ὡς φοῖνιξ ἀνθήσει, ὡς ἡ κέδρος ἡ ἐν τῷ Λιβάνῳ πληθυνθήσεται·
19475	ΨΑΛΜΟΙ 91:13	ἡ ἐν	2	consecutive enclitics	κέδρος	τῷ	\vs{13}Δίκαιος ὡς φοῖνιξ ἀνθήσει, ὡς ἡ κέδρος ἡ ἐν τῷ Λιβάνῳ πληθυνθήσεται·
19512	ΨΑΛΜΟΙ 93:19	μου ἐν	2	consecutive enclitics	ὀδυνῶν	τῇ	\vs{19}Κύριε, κατὰ τὸ πλῆθος τῶν ὀδυνῶν μου ἐν τῇ καρδίᾳ μου, αἱ παρακλήσεις σου ἠγάπησαν τὴν ψυχήν μου.
19512	ΨΑΛΜΟΙ 93:19	μου αἱ	2	consecutive enclitics	καρδίᾳ	παρακλήσεις	\vs{19}Κύριε, κατὰ τὸ πλῆθος τῶν ὀδυνῶν μου ἐν τῇ καρδίᾳ μου, αἱ παρακλήσεις σου ἠγάπησαν τὴν ψυχήν μου.
19516	ΨΑΛΜΟΙ 93:22	μου εἰς	2	consecutive enclitics	Θεός	βοηθὸν	\vs{22}Καὶ ἐγένετό μοι Κύριος εἰς καταφυγὴν, καὶ ὁ Θεός μου εἰς βοηθὸν ἐλπίδος μου.
19525	ΨΑΛΜΟΙ 94:5	ἐστιν ἡ	2	consecutive enclitics	αὐτοῦ	θάλασσα	\vs{5}Ὅτι αὐτοῦ ἐστιν ἡ θάλασσα καὶ αὐτὸς ἐποίησεν αὐτὴν, καὶ τὴν ξηρὰν χεῖρες αὐτοῦ ἔπλασαν.
19528	ΨΑΛΜΟΙ 94:7	ἐστιν ὁ	2	consecutive enclitics	αὐτός	Θεὸς	\vs{7}Ὅτι αὐτός ἐστιν ὁ Θεὸς ἡμῶν, καὶ ἡμεῖς λαὸς νομῆς αὐτοῦ, καὶ πρόβατα χειρὸς αὐτοῦ·
19529	ΨΑΛΜΟΙ 94:8	ὡς ἐν	2	consecutive enclitics	ὑμῶν	τῷ	\vs{8}σήμερον ἐὰν τῆς φωνῆς αὐτοῦ ἀκούσητε, μὴ σκληρύνητε τὰς καρδίας ὑμῶν, ὡς ἐν τῷ παραπικρασμῷ, κατὰ τὴν ἡμέραν τοῦ πικρασμοῦ ἐν τῇ ἐρήμῳ,
19530	ΨΑΛΜΟΙ 94:9	με οἱ	2	consecutive enclitics	ἐπείρασάν	πατέρες	\vs{9}οὗ ἐπείρασάν με οἱ πατέρες ὑμῶν· ἐδοκίμασαν, καὶ εἶδον τὰ ἔργα μου.
19532	ΨΑΛΜΟΙ 94:11	μου εἰ	2	consecutive enclitics	ὀργῇ	εἰσελεύσονται	\vs{11}Ὡς ὤμοσα ἐν τῇ ὀργῇ μου, εἰ εἰσελεύσονται εἰς τὴν κατάπαυσίν μου.
19602	ΨΑΛΜΟΙ 99:3	ἐστιν ὁ	2	consecutive enclitics	αὐτός	Θεός	\vs{3}Γνῶτε ὅτι Κύριος αὐτός ἐστιν ὁ Θεός· αὐτὸς ἐποίησεν ἡμᾶς, καὶ οὐχ ἡμεῖς, λαὸς αὐτοῦ καὶ πρόβατα τῆς νομῆς αὐτοῦ.
19609	ΨΑΛΜΟΙ 100:2	μου ἐν	2	consecutive enclitics	καρδίας	μέσῳ	\vs{2}ψαλῶ καὶ συνήσω ἐν ὁδῷ ἀμώμῳ· πότε ἥξεις πρὸς μέ; διεπορευόμην ἐν ἀκακίᾳ καρδίας μου, ἐν μέσῳ τοῦ οἴκου μου.
19620	ΨΑΛΜΟΙ 101:3	σου ἀπ	2	consecutive enclitics	πρόσωπόν	ἐμοῦ	\vs{3}Μὴ ἀποστρέψῃς τὸ πρόσωπόν σου ἀπʼ ἐμοῦ· ἐν ᾗ ἂν ἡμέρᾳ θλίβομαι, κλῖνον πρὸς μὲ τὸ οὖς σου· ἐν ᾗ ἂν ἡμέρᾳ ἐπικαλέσωμαί σε, ταχὺ εἰσάκουσόν μου.
19620	ΨΑΛΜΟΙ 101:3	σου ἐν	2	consecutive enclitics	οὖς	ᾗ	\vs{3}Μὴ ἀποστρέψῃς τὸ πρόσωπόν σου ἀπʼ ἐμοῦ· ἐν ᾗ ἂν ἡμέρᾳ θλίβομαι, κλῖνον πρὸς μὲ τὸ οὖς σου· ἐν ᾗ ἂν ἡμέρᾳ ἐπικαλέσωμαί σε, ταχὺ εἰσάκουσόν μου.
19627	ΨΑΛΜΟΙ 101:9	με οἱ	2	consecutive enclitics	ὠνείδιζόν	ἐχθροί	\vs{9}Ὅλην τὴν ἡμέραν ὠνείδιζόν με οἱ ἐχθροί μου, καὶ οἱ ἐπαινοῦντές με κατʼ ἐμοῦ ὤμνυον.
19627	ΨΑΛΜΟΙ 101:9	με κατ	2	consecutive enclitics	ἐπαινοῦντές	ἐμοῦ	\vs{9}Ὅλην τὴν ἡμέραν ὠνείδιζόν με οἱ ἐχθροί μου, καὶ οἱ ἐπαινοῦντές με κατʼ ἐμοῦ ὤμνυον.
19632	ΨΑΛΜΟΙ 101:13	σου εἰς	2	consecutive enclitics	μνημόσυνόν	γενεὰν	\vs{13}Σὺ δέ Κύριε εἰς τὸν αἰῶνα μένεις, καὶ τὸ μνημόσυνόν σου εἰς γενεὰν καὶ γενεάν.
19646	ΨΑΛΜΟΙ 101:25	με ἐν	2	consecutive enclitics	ἀναγάγῃς	ἡμίσει	\vs{25}μὴ ἀναγάγῃς με ἐν ἡμίσει ἡμερῶν μου, ἐν γενεᾷ γενεῶν τὰ ἔτη σου.
19646	ΨΑΛΜΟΙ 101:25	μου ἐν	2	consecutive enclitics	ἡμερῶν	γενεᾷ	\vs{25}μὴ ἀναγάγῃς με ἐν ἡμίσει ἡμερῶν μου, ἐν γενεᾷ γενεῶν τὰ ἔτη σου.
19649	ΨΑΛΜΟΙ 101:28	σου οὐκ	2	consecutive enclitics	ἔτη	ἐκλείψουσιν	\vs{28}Σὺ δὲ ὁ αὐτὸς εἶ, καὶ τὰ ἔτη σου οὐκ ἐκλείψουσιν·
19657	ΨΑΛΜΟΙ 102:4	σε ἐν	2	consecutive enclitics	στεφανοῦντά	ἐλέει	\vs{4}τὸν λυτρούμενον ἐκ φθορᾶς τὴν ζωήν σου, τὸν στεφανοῦντά σε ἐν ἐλέει καὶ οἰκτιρμοῖς,
19663	ΨΑΛΜΟΙ 102:9	Οὐκ εἰς	2	consecutive enclitics		τέλος	\vs{9}Οὐκ εἰς τέλος ὀργισθήσεται, οὐδὲ εἰς τὸν αἰῶνα μηνιεῖ.
19789	ΨΑΛΜΟΙ 105:9	ὡς ἐν	2	consecutive enclitics	ἀβύσσῳ	ἐρήμῳ	\vs{9}Καὶ ἐπετίμησε τῇ ἐρυθρᾷ θαλάσσῃ, καὶ ἐξηράνθη· καὶ ὡδήγησεν αὐτοὺς ἐν ἀβύσσῳ ὡς ἐν ἐρήμῳ·
19872	ΨΑΛΜΟΙ 106:27	ὡς ὁ	2	consecutive enclitics	ἐσαλεύθησαν	μεθύων	\vs{27}ἐταράχθησαν, ἐσαλεύθησαν ὡς ὁ μεθύων, καὶ πᾶσα ἡ σοφία αὐτῶν κατεπόθη.
19894	ΨΑΛΜΟΙ 107:2	μου ὁ	2	consecutive enclitics	καρδία	Θεὸς	\vs{2}Ἑτοίμη ἡ καρδία μου ὁ Θεὸς, ἑτοίμη ἡ καρδία μου, ᾄσομαι καὶ ψαλῶ ἐν τῇ δόξῃ μου.
19896	ΨΑΛΜΟΙ 107:4	σοι ἐν	2	consecutive enclitics	Ἐξομολογήσομαί	λαοῖς	\vs{4}Ἐξομολογήσομαί σοι ἐν λαοῖς Κύριε, ψαλῶ σοι ἐν ἔθνεσιν.
19896	ΨΑΛΜΟΙ 107:4	σοι ἐν	2	consecutive enclitics	ψαλῶ	ἔθνεσιν	\vs{4}Ἐξομολογήσομαί σοι ἐν λαοῖς Κύριε, ψαλῶ σοι ἐν ἔθνεσιν.
19904	ΨΑΛΜΟΙ 107:11	με εἰς	2	consecutive enclitics	ἀπάξει	πόλιν	\vs{11}Τίς ἀπάξει με εἰς πόλιν περιοχῆς; ἢ τίς ὁδηγήσει με ἕως τῆς Ἰδουμαίας;
19951	ΨΑΛΜΟΙ 109:3	σου ἐν	2	consecutive enclitics	δυνάμεώς	ταῖς	\vs{3}Μετὰ σοῦ ἡ ἀρχὴ ἐν ἡμέρᾳ τῆς δυνάμεώς σου, ἐν ταῖς λαμπρότησι τῶν ἁγίων σου· ἐκ γαστρὸς πρὸ Ἑωσφόρου ἐγέννησά σε.
19951	ΨΑΛΜΟΙ 109:3	σου ἐκ	2	consecutive enclitics	ἁγίων	γαστρὸς	\vs{3}Μετὰ σοῦ ἡ ἀρχὴ ἐν ἡμέρᾳ τῆς δυνάμεώς σου, ἐν ταῖς λαμπρότησι τῶν ἁγίων σου· ἐκ γαστρὸς πρὸ Ἑωσφόρου ἐγέννησά σε.
19959	ΨΑΛΜΟΙ 110:1	μου ἐν	2	consecutive enclitics	καρδίᾳ	βουλῇ	Ἐξομολογήσομαι σοι Κύριε ἐν ὅλῃ καρδίᾳ μου, ἐν βουλῇ εὐθέων καὶ συναγωγῇ.
19990	ΨΑΛΜΟΙ 112:5	ὁ ἐν	2	consecutive enclitics	ἡμῶν	ὑψηλοῖς	\vs{5}Τίς ὡς Κύριος ὁ Θεὸς ἡμῶν; ὁ ἐν ὑψηλοῖς κατοικῶν,
20008	ΨΑΛΜΟΙ 113:10	ἐστιν ὁ	2	consecutive enclitics	ποῦ	Θεὸς	\vs{10}μή ποτε εἴπωσι τὰ ἔθνη, ποῦ ἐστιν ὁ Θεὸς αὐτῶν;
20027	ΨΑΛΜΟΙ 113:25	Οὐχ οἱ	2	consecutive enclitics		νεκροὶ	\vs{25}Οὐχ οἱ νεκροὶ αἰνέσουσί σε Κύριε, οὐδὲ πάντες οἱ καταβαίνοντες εἰς ᾅδου·
20040	ΨΑΛΜΟΙ 114:7	μου εἰς	2	consecutive enclitics	ψυχή	τὴν	\vs{7}Ἐπίστρεψον ψυχή μου εἰς τὴν ἀνάπαυσίν σου, ὅτι Κύριος εὐηργέτησέ σε.
20041	ΨΑΛΜΟΙ 114:8	μου ἐκ	2	consecutive enclitics	ψυχήν	θανάτου	\vs{8}Ὅτι ἐξείλετο τὴν ψυχήν μου ἐκ θανάτου, τοὺς ὀφθαλμούς μου ἀπὸ δακρύων, καὶ τοὺς πόδας μου ἀπὸ ὀλισθήματος.
20071	ΨΑΛΜΟΙ 117:5	μου εἰς	2	consecutive enclitics	ἐπήκουσέ	πλατυσμόν	\vs{5}Ἐκ θλίψεως ἐπεκαλεσάμην τὸν Κύριον, καὶ ἐπήκουσέ μου εἰς πλατυσμόν.
20082	ΨΑΛΜΟΙ 117:14	μου ὁ	2	consecutive enclitics	ὕμνησίς	Κύριος	\vs{14}Ἰσχύς μου καὶ ὕμνησίς μου ὁ Κύριος, καὶ ἐγένετό μοι εἰς σωτηρίαν.
20082	ΨΑΛΜΟΙ 117:14	μοι εἰς	2	consecutive enclitics	ἐγένετό	σωτηρίαν	\vs{14}Ἰσχύς μου καὶ ὕμνησίς μου ὁ Κύριος, καὶ ἐγένετό μοι εἰς σωτηρίαν.
20086	ΨΑΛΜΟΙ 117:18	με ὁ	2	consecutive enclitics	ἐπαίδευσέ	Κύριος	\vs{18}Παιδεύων ἐπαίδευσέ με ὁ Κύριος, καὶ τῷ θανάτῳ οὐ παρέδωκέ με.
20090	ΨΑΛΜΟΙ 117:21	μου εἰς	2	consecutive enclitics	ἐγένου	σωτηρίαν	\vs{21}Ἐξομολογήσομαί σοι, ὅτι ἐπήκουσάς μου, καὶ ἐγένου μου εἰς σωτηρίαν.
20098	ΨΑΛΜΟΙ 117:28	μοι εἰς	2	consecutive enclitics	ἐγένου	σωτηρίαν	\vs{28}Θεός μου εἶ σὺ, καὶ ἐξομολογήσομαί σοι· Θεός μου εἶ σὺ, καὶ ὑψώσω σε· ἐξομολογήσομαί σοι, ὅτι ἐπήκουσάς μου, καὶ ἐγένου μοι εἰς σωτηρίαν.
20109	ΨΑΛΜΟΙ 118:7	σοι ἐν	2	consecutive enclitics	Ἐξομολογήσομαί	εὐθύτητι	\vs{7}Ἐξομολογήσομαί σοι ἐν εὐθύτητι καρδίας, ἐν τῷ μεμαθηκέναι με τὰ κρίματα τῆς δικαιοσύνης σου.
20123	ΨΑΛΜΟΙ 118:19	εἰμι ἐν	2	consecutive enclitics	ἐγώ	τῇ	\vs{19}Πάροικος ἐγώ εἰμι ἐν τῇ γῇ, μὴ ἀποκρύψῃς ἀπʼ ἐμοῦ τὰς ἐντολάς σου.
20124	ΨΑΛΜΟΙ 118:20	σου ἐν	2	consecutive enclitics	κρίματά	παντὶ	\vs{20}Ἐπεπόθησεν ἡ ψυχή μου τοῦ ἐπιθυμῆσαι τὰ κρίματά σου ἐν παντὶ καιρῷ.
20133	ΨΑΛΜΟΙ 118:28	με ἐν	2	consecutive enclitics	βεβαίωσόν	τοῖς	\vs{28}Ἐνύσταξεν ἡ ψυχή μου ἀπὸ ἀκηδίας, βεβαίωσόν με ἐν τοῖς λόγοις σου.
20135	ΨΑΛΜΟΙ 118:30	σου οὐκ	2	consecutive enclitics	κρίματά	ἐπελαθόμην	\vs{30}Ὁδὸν ἀληθείας ᾑρετισάμην, καὶ τὰ κρίματά σου οὐκ ἐπελαθόμην.
20141	ΨΑΛΜΟΙ 118:35	με ἐν	2	consecutive enclitics	Ὁδήγησόν	τῇ	\vs{35}Ὁδήγησόν με ἐν τῇ τρίβῳ τῶν ἐντολῶν σου, ὅτι αὐτὴν ἠθέλησα.
20142	ΨΑΛΜΟΙ 118:36	μου εἰς	2	consecutive enclitics	καρδίαν	τὰ	\vs{36}Κλῖνον τὴν καρδίαν μου εἰς τὰ μαρτύριά σου, καὶ μὴ εἰς πλεονεξίαν.
20144	ΨΑΛΜΟΙ 118:38	σου εἰς	2	consecutive enclitics	λόγιόν	τὸν	\vs{38}Στῆσον τῷ δούλῳ σου τὸ λόγιόν σου εἰς τὸν φόβον σου.
20146	ΨΑΛΜΟΙ 118:40	σου ἐν	2	consecutive enclitics	ἐντολάς	τῇ	\vs{40}Ἰδοὺ ἐπεθύμησα τὰς ἐντολάς σου, ἐν τῇ δικαιοσύνῃ σου ζῆσόν με.
20159	ΨΑΛΜΟΙ 118:51	σου οὐκ	2	consecutive enclitics	νόμου	ἐξέκλινα	\vs{51}Ὑπερήφανοι παρηνόμουν ἕως σφόδρα, ἀπὸ δὲ τοῦ νόμου σου οὐκ ἐξέκλινα.
20160	ΨΑΛΜΟΙ 118:52	σου ἀπ	2	consecutive enclitics	κριμάτων	αἰῶνος	\vs{52}Ἐμνήσθην τῶν κριμάτων σου ἀπʼ αἰῶνος Κύριε, καὶ παρεκλήθην.
20162	ΨΑΛΜΟΙ 118:54	σου ἐν	2	consecutive enclitics	δικαιώματά	τόπῳ	\vs{54}Ψαλτὰ ἦσάν μοι τὰ δικαιώματά σου, ἐν τόπῳ παροικίας μου·
20167	ΨΑΛΜΟΙ 118:58	σου ἐν	2	consecutive enclitics	προσώπου	ὅλῃ	\vs{58}Ἐδεήθην τοῦ προσώπου σου ἐν ὅλῃ καρδίᾳ μου, ἐλέησόν με κατὰ τὸ λόγιόν σου.
20168	ΨΑΛΜΟΙ 118:59	μου εἰς	2	consecutive enclitics	πόδας	τὰ	\vs{59}Διελογισάμην τὰς ὁδούς σου, καὶ ἐπέστρεψα τοὺς πόδας μου εἰς τὰ μαρτύριά σου.
20170	ΨΑΛΜΟΙ 118:61	σου οὐκ	2	consecutive enclitics	νόμου	ἐπελαθόμην	\vs{61}Σχοινία ἁμαρτωλῶν περιεπλάκησάν μοι, καὶ τοῦ νόμου σου οὐκ ἐπελαθόμην.
20182	ΨΑΛΜΟΙ 118:72	μοι ὁ	2	consecutive enclitics	Ἀγαθόν	νόμος	\vs{72}Ἀγαθόν μοι ὁ νόμος τοῦ στόματός σου, ὑπὲρ χιλιάδας χρυσίου καὶ ἀργυρίου.
20188	ΨΑΛΜΟΙ 118:77	μοι οἱ	2	consecutive enclitics	Ἐλθέτωσάν	οἰκτιρμοί	\vs{77}Ἐλθέτωσάν μοι οἱ οἰκτιρμοί σου, καὶ ζήσομαι, ὅτι ὁ νόμος σου μελέτη μου ἐστίν.
20190	ΨΑΛΜΟΙ 118:79	με οἱ	2	consecutive enclitics	Ἐπιστρεψάτωσάν	φοβούμενοί	\vs{79}Ἐπιστρεψάτωσάν με οἱ φοβούμενοί σε, καὶ οἱ γινώσκοντες τὰ μαρτύριά σου.
20193	ΨΑΛΜΟΙ 118:81	σου ἡ	2	consecutive enclitics	σωτήριόν	ψυχή	\vs{81}Ἐκλείπει εἰς τὸ σωτήριόν σου ἡ ψυχή μου, εἰς τοὺς λόγους σου ἐπήλπισα.
20193	ΨΑΛΜΟΙ 118:81	μου εἰς	2	consecutive enclitics	ψυχή	τοὺς	\vs{81}Ἐκλείπει εἰς τὸ σωτήριόν σου ἡ ψυχή μου, εἰς τοὺς λόγους σου ἐπήλπισα.
20194	ΨΑΛΜΟΙ 118:82	μου εἰς	2	consecutive enclitics	ὀφθαλμοί	τὸ	\vs{82}Ἐξέλιπον οἱ ὀφθαλμοί μου εἰς τὸ λόγιόν σου, λέγοντες, πότε παρακαλέσεις με;
20195	ΨΑΛΜΟΙ 118:83	σου οὐκ	2	consecutive enclitics	δικαιώματά	ἐπελαθόμην	\vs{83}Ὅτι ἐγενήθην ὡς ἀσκὸς ἐν πάχνῃ· τὰ δικαιώματά σου οὐκ ἐπελαθόμην.
20196	ΨΑΛΜΟΙ 118:84	μοι ἐκ	2	consecutive enclitics	ποιήσεις	τῶν	\vs{84}Πόσαι εἰσὶν αἱ ἡμέραι τοῦ δούλου σου; πότε ποιήσεις μοι ἐκ τῶν καταδιωκόντων με κρίσιν;
20199	ΨΑΛΜΟΙ 118:87	με ἐν	2	consecutive enclitics	συνετέλεσάν	τῇ	\vs{87}Παρὰ βραχὺ συνετέλεσάν με ἐν τῇ γῇ, ἐγὼ δὲ οὐκ ἐγκατέλιπον τὰς ἐντολάς σου.
20216	ΨΑΛΜΟΙ 118:102	σου οὐκ	2	consecutive enclitics	κριμάτων	ἐξέκλινα	\vs{102}Ἀπὸ τῶν κριμάτων σου οὐκ ἐξέκλινα, ὅτι σὺ ἐνομοθέτησάς με.
20221	ΨΑΛΜΟΙ 118:105	μου ὁ	2	consecutive enclitics	ποσί	νόμος	\vs{105}Λύχνος τοῖς ποσί μου ὁ νόμος σου, καὶ φῶς ταῖς τρίβοις μου.
20225	ΨΑΛΜΟΙ 118:109	μου ἐν	2	consecutive enclitics	ψυχή	ταῖς	\vs{109}Ἡ ψυχή μου ἐν ταῖς χερσὶ σου διαπαντὸς, καὶ τοῦ νόμου σου οὐκ ἐπελαθόμην.
20225	ΨΑΛΜΟΙ 118:109	σου οὐκ	2	consecutive enclitics	νόμου	ἐπελαθόμην	\vs{109}Ἡ ψυχή μου ἐν ταῖς χερσὶ σου διαπαντὸς, καὶ τοῦ νόμου σου οὐκ ἐπελαθόμην.
20226	ΨΑΛΜΟΙ 118:110	σου οὐκ	2	consecutive enclitics	ἐντολῶν	ἐπλανήθην	\vs{110}Ἔθεντο ἁμαρτωλοὶ παγίδα μοι, καὶ ἐκ τῶν ἐντολῶν σου οὐκ ἐπλανήθην.
20227	ΨΑΛΜΟΙ 118:111	σου εἰς	2	consecutive enclitics	μαρτύριά	τὸν	\vs{111}Ἐκληρονόμησα τὰ μαρτύριά σου εἰς τὸν αἰῶνα, ὅτι ἀγαλλιάμα τῆς καρδίας μού εἰσιν.
20228	ΨΑΛΜΟΙ 118:112	σου εἰς	2	consecutive enclitics	δικαιώματά	τὸν	\vs{112}Ἔκλινα τὴν καρδίαν μου τοῦ ποιῆσαι τὰ δικαιώματά σου εἰς τὸν αἰῶνα διʼ ἀντάμειψιν.
20240	ΨΑΛΜΟΙ 118:122	σου εἰς	2	consecutive enclitics	δοῦλόν	ἀγαθὸν	\vs{122}Ἔνδεξαι τὸν δοῦλόν σου εἰς ἀγαθὸν, μὴ συκοφαντησάτωσάν με ὑπερήφανοι.
20259	ΨΑΛΜΟΙ 118:139	με ὁ	2	consecutive enclitics	Ἐξέτηξέ	ζῆλός	\vs{139}Ἐξέτηξέ με ὁ ζῆλός σου, ὅτι ἐπελάθοντο τῶν λόγων σου οἱ ἐχθροί μου.
20259	ΨΑΛΜΟΙ 118:139	σου οἱ	2	consecutive enclitics	λόγων	ἐχθροί	\vs{139}Ἐξέτηξέ με ὁ ζῆλός σου, ὅτι ἐπελάθοντο τῶν λόγων σου οἱ ἐχθροί μου.
20261	ΨΑΛΜΟΙ 118:141	σου οὐκ	2	consecutive enclitics	δικαιώματά	ἐπελαθόμην	\vs{141}Νεώτερος ἐγὼ εἰμι καὶ ἐξουδενωμένος, τὰ δικαιώματά σου οὐκ ἐπελαθόμην.
20264	ΨΑΛΜΟΙ 118:144	σου εἰς	2	consecutive enclitics	μαρτύριά	τὸν	\vs{144}Δικαιοσύνη τὰ μαρτύριά σου εἰς τὸν αἰῶνα· συνέτισόν με, καὶ ζήσομαι.
20275	ΨΑΛΜΟΙ 118:153	σου οὐκ	2	consecutive enclitics	νόμου	ἐπελαθόμην	\vs{153}Ἴδε τὴν ταπείνωσίν μου καὶ ἐξελοῦ με, ὅτι τοῦ νόμου σου οὐκ ἐπελαθόμην.
20277	ΨΑΛΜΟΙ 118:155	σου οὐκ	2	consecutive enclitics	δικαιώματά	ἐξεζήτησαν	\vs{155}Μακρὰν ἀπὸ ἁμαρτωλῶν σωτηρία, ὅτι τὰ δικαιώματά σου οὐκ ἐξεζήτησαν.
20279	ΨΑΛΜΟΙ 118:157	με ἐκ	2	consecutive enclitics	θλίβοντές	τῶν	\vs{157}Πολλοὶ οἱ ἐκδιώκοντές με καὶ θλίβοντές με· ἐκ τῶν μαρτυρίων σου οὐκ ἐξέκλινα.
20279	ΨΑΛΜΟΙ 118:157	σου οὐκ	2	consecutive enclitics	μαρτυρίων	ἐξέκλινα	\vs{157}Πολλοὶ οἱ ἐκδιώκοντές με καὶ θλίβοντές με· ἐκ τῶν μαρτυρίων σου οὐκ ἐξέκλινα.
20280	ΨΑΛΜΟΙ 118:158	σου οὐκ	2	consecutive enclitics	λόγιά	ἐφυλάξαντο	\vs{158}Εἶδον ἀσυνετοῦντας καὶ ἐξετηκόμην, ὅτι τὰ λόγιά σου οὐκ ἐφυλάξαντο.
20300	ΨΑΛΜΟΙ 118:176	σου οὐκ	2	consecutive enclitics	ἐντολάς	ἐπελαθόμην	\vs{176}Ἐπλανήθην ὡς πρόβατον ἀπολωλὸς, ζήτησον τὸν δοῦλόν σου, ὅτι τὰς ἐντολάς σου οὐκ ἐπελαθόμην.
20316	ΨΑΛΜΟΙ 120:1	μου εἰς	2	consecutive enclitics	ὀφθαλμούς	τὰ	Ἦρα τοὺς ὀφθαλμούς μου εἰς τὰ ὄρη, ὅθεν ἥξει ἡ βοήθειά μου.
20322	ΨΑΛΜΟΙ 120:7	σου ὁ	2	consecutive enclitics	ψυχήν	Κύριος	\vs{7}Κύριος φυλάξαι σε ἀπὸ παντὸς κακοῦ, φυλάξει τὴν ψυχήν σου ὁ Κύριος.
20327	ΨΑΛΜΟΙ 121:1	μοι εἰς	2	consecutive enclitics	εἰρηκόσι	οἶκον	Εὐφράνθην ἐπὶ τοῖς εἰρηκόσι μοι, εἰς οἶκον Κυρίου πορευσόμεθα.
20389	ΨΑΛΜΟΙ 127:3	σου ὡς	2	consecutive enclitics	γυνή	ἄμπελος	\vs{3}Ἡ γυνή σου ὡς ἄμπελος εὐθηνοῦσα ἐν ταῖς κλίτεσι τῆς οἰκίας σου· οἱ υἱοί σου ὡς νεόφυτα ἐλαιῶν κύκλῳ τῆς τραπέζης σου.
20389	ΨΑΛΜΟΙ 127:3	σου οἱ	2	consecutive enclitics	οἰκίας	υἱοί	\vs{3}Ἡ γυνή σου ὡς ἄμπελος εὐθηνοῦσα ἐν ταῖς κλίτεσι τῆς οἰκίας σου· οἱ υἱοί σου ὡς νεόφυτα ἐλαιῶν κύκλῳ τῆς τραπέζης σου.
20389	ΨΑΛΜΟΙ 127:3	σου ὡς	2	consecutive enclitics	υἱοί	νεόφυτα	\vs{3}Ἡ γυνή σου ὡς ἄμπελος εὐθηνοῦσα ἐν ταῖς κλίτεσι τῆς οἰκίας σου· οἱ υἱοί σου ὡς νεόφυτα ἐλαιῶν κύκλῳ τῆς τραπέζης σου.
20397	ΨΑΛΜΟΙ 128:1	με ἐκ	2	consecutive enclitics	ἐπολέμησάν	νεότητός	Πλεονάκις ἐπολέμησάν με ἐκ νεότητός μου, εἰπάτω δὴ Ἰσραήλ·
20398	ΨΑΛΜΟΙ 128:2	με ἐκ	2	consecutive enclitics	ἐπολέμησάν	νεότητός	\vs{2}Πλεονάκις ἐπολέμησάν με ἐκ νεότητός μου, καὶ γὰρ οὐκ ἠδυνήθησάν μοι.
20413	ΨΑΛΜΟΙ 129:5	μου εἰς	2	consecutive enclitics	ψυχή	τὸν	\vs{5}ὑπέμεινά σε Κύριε, ὑπέμεινεν ἡ ψυχή μου εἰς τὸν λόγον σου,
20422	ΨΑΛΜΟΙ 130:2	μου ὡς	2	consecutive enclitics	ψυχήν	τὸ	\vs{2}Εἰ μὴ ἐταπεινοφρόνουν, ἀλλὰ ὕψωσα τὴν ψυχήν μου· ὡς τὸ ἀπογεγαλακτισμένον ἐπὶ τὴν μητέρα αὐτοῦ, ὡς ἀνταποδώσεις ἐπὶ τὴν ψυχήν μου.
20429	ΨΑΛΜΟΙ 131:3	μου εἰ	2	consecutive enclitics	οἴκου	ἀναβήσομαι	\vs{3}Εἰ εἰσελεύσομαι εἰς σκήνωμα οἴκου μου, εἰ ἀναβήσομαι ἐπὶ κλίνης στρωμνῆς μου·
20442	ΨΑΛΜΟΙ 131:14	μου εἰς	2	consecutive enclitics	κατάπαυσίς	αἰῶνα	\vs{14}Αὕτη ἡ κατάπαυσίς μου εἰς αἰῶνα αἰῶνος, ὧδε κατοικήσω ὅτι ᾑρετισάμην αὐτήν.
20476	ΨΑΛΜΟΙ 134:13	σου εἰς	2	consecutive enclitics	ὄνομά	τὸν	\vs{13}Κύριε τὸ ὄνομά σου εἰς τὸν αἰῶνα, καὶ τὸ μνημόσυνόν σου εἰς γενεὰν καὶ γενεάν.
20476	ΨΑΛΜΟΙ 134:13	σου εἰς	2	consecutive enclitics	μνημόσυνόν	γενεὰν	\vs{13}Κύριε τὸ ὄνομά σου εἰς τὸν αἰῶνα, καὶ τὸ μνημόσυνόν σου εἰς γενεὰν καὶ γενεάν.
20538	ΨΑΛΜΟΙ 137:3	με ἐν	2	consecutive enclitics	πολυωρήσεις	ψυχῇ	\vs{3}Ἐν ᾗ ἂν ἡμέρᾳ ἐπικαλέσωμαί σε, ταχὺ ἐπάκουσόν μου· πολυωρήσεις με ἐν ψυχῇ μου δυνάμει σου.
20543	ΨΑΛΜΟΙ 137:7	με ἐπ	2	consecutive enclitics	ζήσεις	ὀργὴν	\vs{7}Ἐὰν πορευθῶ ἐν μέσῳ θλίψεως, ζήσεις με· ἐπʼ ὀργὴν ἐχθρῶν μου ἐξέτεινας χεῖράς σου, καὶ ἔσωσέ με ἡ δεξιά σου.
20543	ΨΑΛΜΟΙ 137:7	με ἡ	2	consecutive enclitics	ἔσωσέ	δεξιά	\vs{7}Ἐὰν πορευθῶ ἐν μέσῳ θλίψεως, ζήσεις με· ἐπʼ ὀργὴν ἐχθρῶν μου ἐξέτεινας χεῖράς σου, καὶ ἔσωσέ με ἡ δεξιά σου.
20544	ΨΑΛΜΟΙ 137:8	σου εἰς	2	consecutive enclitics	ἔλεός	τὸν	\vs{8}Κύριε ἀνταποδώσεις ὑπὲρ ἐμοῦ· Κύριε τὸ ἔλεός σου εἰς τὸν αἰῶνα, τὰ ἔργα τῶν χειρῶν σου μὴ παρίδῃς.
20554	ΨΑΛΜΟΙ 138:6	σου ἐξ	2	consecutive enclitics	γνῶσίς	ἐμοῦ	\vs{6}Ἐθαυμαστώθη ἡ γνῶσίς σου ἐξ ἐμοῦ, ἐκραταιώθη, οὐ μὴ δύνωμαι πρὸς αὐτήν.
20557	ΨΑΛΜΟΙ 138:9	μου κατ	2	consecutive enclitics	πτέρυγάς	ὀρθὸν	\vs{9}Ἐὰν ἀναλάβω τὰς πτέρυγάς μου κατʼ ὀρθὸν, καὶ κατασκηνώσω εἰς τὰ ἔσχατα τῆς θαλάσσης,
20558	ΨΑΛΜΟΙ 138:10	με ἡ	2	consecutive enclitics	καθέξει	δεξιά	\vs{10}καὶ γὰρ ἐκεῖ ἡ χείρ σου ὁδηγήσει με, καὶ καθέξει με ἡ δεξιά σου.
20561	ΨΑΛΜΟΙ 138:13	μου ἐκ	2	consecutive enclitics	ἀντελάβου	γαστρὸς	\vs{13}Ὅτι σὺ ἐκτήσω τοὺς νεφρούς μου Κύριε, ἀντελάβου μου ἐκ γαστρὸς μητρός μου.
20563	ΨΑΛΜΟΙ 138:15	μου ἐν	2	consecutive enclitics	ὑπόστασίς	τοῖς	\vs{15}Οὐκ ἐκρύβη τὸ ὀστοῦν μου ἀπὸ σοῦ, ὃ ἐποίησας ἐν κρυφῇ, καὶ ἡ ὑπόστασίς μου ἐν τοῖς κατωτάτω τῆς γῆς.
20566	ΨΑΛΜΟΙ 138:17	σου ὁ	2	consecutive enclitics	φίλοι	Θεὸς	\vs{17}Ἐμοὶ δὲ λίαν ἐτιμήθησαν οἱ φίλοι σου ὁ Θεὸς, λίαν ἐκραταιώθησαν αἱ ἀρχαὶ αὐτῶν.
20573	ΨΑΛΜΟΙ 138:23	με ὁ	2	consecutive enclitics	Δοκίμασόν	Θεὸς	\vs{23}Δοκίμασόν με ὁ Θεὸς, καὶ γνῶθι τὴν καρδίαν μου· ἔτασόν με, καὶ γνῶθι τὰς τρίβους μου.
20574	ΨΑΛΜΟΙ 138:24	με ἐν	2	consecutive enclitics	ὁδήγησόν	ὁδῷ	\vs{24}Καὶ ἴδε εἰ ὁδὸς ἀνομίας ἐν ἐμοὶ, καὶ ὁδήγησόν με ἐν ὁδῷ αἰωνίᾳ.
20585	ΨΑΛΜΟΙ 139:8	μου ἐν	2	consecutive enclitics	κεφαλήν	ἡμέρᾳ	\vs{8}Κύριε Κύριε, δύναμις τῆς σωτηρίας μου, ἐπεσκίασας ἐπὶ τὴν κεφαλήν μου ἐν ἡμέρᾳ πολέμου.
20596	ΨΑΛΜΟΙ 140:1	μου ἐν	2	consecutive enclitics	δεήσεώς	τῷ	Κύριε ἐκέκραξα πρὸς σὲ, εἰσάκουσόν μου· πρόσχες τῇ φωνῇ τῆς δεήσεώς μου, ἐν τῷ κεκραγέναι με πρὸς σέ.
20597	ΨΑΛΜΟΙ 140:2	μου ὡς	2	consecutive enclitics	προσευχή	θυμίαμα	\vs{2}Κατευθυνθήτω ἡ προσευχή μου ὡς θυμίαμα ἐνώπιόν σου· ἔπαρσις τῶν χειρῶν μου θυσία ἑσπερινή.
20599	ΨΑΛΜΟΙ 140:4	μου εἰς	2	consecutive enclitics	καρδίαν	λόγους	\vs{4}Μὴ ἐκκλίνῃς τὴν καρδίαν μου εἰς λόγους πονηρίας, τοῦ προφασίζεσθαι προφάσεις ἐν ἁμαρτίαις, σὺν ἀνθρώποις ἐργαζομένοις τὴν ἀνομίαν, καὶ οὐ μὴ συνδοιάσω μετὰ τῶν ἐκλεκτῶν αὐτῶν.
20600	ΨΑΛΜΟΙ 140:5	μου ἐν	2	consecutive enclitics	προσευχή	ταῖς	\vs{5}Παιδεύσει με δίκαιος ἐν ἐλέει καὶ ἐλέγξει με, ἔλαιον δὲ ἁμαρτωλοῦ μὴ λιπανάτω τὴν κεφαλήν μου, ὅτι ἔτι καὶ ἡ προσευχή μου ἐν ταῖς εὐδοκίαις αὐτῶν.
20612	ΨΑΛΜΟΙ 141:4	μου ἐν	2	consecutive enclitics	τρίβους	ὁδῷ	\vs{4}Ἐν τῷ ἐκλείπειν ἐξ ἐμοῦ τὸ πνεῦμά μου, καὶ σὺ ἔγνως τὰς τρίβους μου· ἐν ὁδῷ ταύτῃ ᾗ ἐπορευόμην, ἔκρυψαν παγίδα μοι.
20614	ΨΑΛΜΟΙ 141:6	μου ἐν	2	consecutive enclitics	μερίς	γῇ	\vs{6}Πρὸς σὲ, Κύριε, ἐκέκραξα, καὶ εἶπα, σὺ εἶ ἡ ἐλπίς μου, μερίς μου ἐν γῇ ζώντων.
20615	ΨΑΛΜΟΙ 141:7	με ἐκ	2	consecutive enclitics	ῥῦσαί	τῶν	\vs{7}Πρόσχες πρὸς τὴν δέησίν μου, ὅτι ἐταπεινώθην σφόδρα· ῥῦσαί με ἐκ τῶν καταδιωκόντων με, ὅτι ἐκραταιώθησαν ὑπὲρ ἐμέ.
20620	ΨΑΛΜΟΙ 142:1	μου ἐν	2	consecutive enclitics	δέησίν	τῇ	Κύριε εἰσάκουσον τῆς προσευχῆς μου, ἐνώτισαι τὴν δέησίν μου ἐν τῇ ἀληθείᾳ σου, ἐπάκουσόν μου ἐν τῇ δικαιοσύνῃ σου.
20620	ΨΑΛΜΟΙ 142:1	μου ἐν	2	consecutive enclitics	ἐπάκουσόν	τῇ	Κύριε εἰσάκουσον τῆς προσευχῆς μου, ἐνώτισαι τὴν δέησίν μου ἐν τῇ ἀληθείᾳ σου, ἐπάκουσόν μου ἐν τῇ δικαιοσύνῃ σου.
20623	ΨΑΛΜΟΙ 142:3	με ἐν	2	consecutive enclitics	ἐκάθισέ	σκοτεινοῖς	\vs{3}Ὅτι κατεδίωξεν ὁ ἐχθρὸς τὴν ψυχήν μου· ἐταπείνωσεν εἰς τὴν γῆν τὴν ζωήν μου, ἐκάθισέ με ἐν σκοτεινοῖς ὡς νεκροὺς αἰῶνος,
20624	ΨΑΛΜΟΙ 142:4	μου ἐν	2	consecutive enclitics	πνεῦμά	ἐμοὶ	\vs{4}καὶ ἠκηδίασεν ἐπʼ ἐμὲ τὸ πνεῦμά μου· ἐν ἐμοὶ ἐταράχθη ἡ καρδία μου.
20625	ΨΑΛΜΟΙ 142:5	σου ἐν	2	consecutive enclitics	ἔργοις	ποιήμασι	\vs{5}Ἐμνήσθην ἡμερῶν ἀρχαίων· καὶ ἐμελέτησα ἐν πᾶσι τοῖς ἔργοις σου, ἐν ποιήμασι τῶν χειρῶν σου ἐμελέτων.
20626	ΨΑΛΜΟΙ 142:6	μου ἡ	2	consecutive enclitics	χεῖράς	ψυχή	\vs{6}Διεπέτασα πρὸς σὲ τὰς χεῖράς μου, ἡ ψυχή μου ὡς γῆ ἄνυδρός σοι· διάψαλμα.
20626	ΨΑΛΜΟΙ 142:6	μου ὡς	2	consecutive enclitics	ψυχή	γῆ	\vs{6}Διεπέτασα πρὸς σὲ τὰς χεῖράς μου, ἡ ψυχή μου ὡς γῆ ἄνυδρός σοι· διάψαλμα.
20628	ΨΑΛΜΟΙ 142:7	σου ἀπ	2	consecutive enclitics	πρόσωπόν	ἐμοῦ	\vs{7}Ταχὺ εἰσάκουσόν μου, Κύριε, ἐξέλιπε τὸ πνεῦμά μου· μὴ ἀποστρέψῃς τὸ πρόσωπόν σου ἀπʼ ἐμοῦ, καὶ ὁμοιωθήσομαι τοῖς καταβαίνουσιν εἰς λάκκον.
20630	ΨΑΛΜΟΙ 142:9	με ἐκ	2	consecutive enclitics	Ἐξελοῦ	τῶν	\vs{9}Ἐξελοῦ με ἐκ τῶν ἐχθρῶν μου Κύριε, ὅτι πρὸς σὲ κατέφυγον.
20631	ΨΑΛΜΟΙ 142:10	με ἐν	2	consecutive enclitics	ὁδηγήσει	τῇ	\vs{10}Δίδαξόν με τοῦ ποιεῖν τὸ θέλημά σου, ὅτι Θεός μου εἶ σὺ, τὸ πνεῦμά σου τὸ ἁγαθὸν ὁδηγήσει με ἐν τῇ εὐθείᾳ.
20632	ΨΑΛΜΟΙ 142:11	με ἐν	2	consecutive enclitics	ζήσεις	τῇ	\vs{11}Ἕνεκα τοῦ ὀνόματός σου, Κύριε, ζήσεις με, ἐν τῇ δικαιοσύνῃ σου ἐξάξεις ἐκ θλίψεως τὴν ψυχήν μου.
20637	ΨΑΛΜΟΙ 143:1	μου ὁ	2	consecutive enclitics	Θεός	διδάσκων	Εὐλογήτος Κύριος ὁ Θεός μου, ὁ διδάσκων τὰς χεῖράς μου εἰς παράταξιν, τοὺς δακτύλους μου εἰς πόλεμον·
20637	ΨΑΛΜΟΙ 143:1	μου εἰς	2	consecutive enclitics	χεῖράς	παράταξιν	Εὐλογήτος Κύριος ὁ Θεός μου, ὁ διδάσκων τὰς χεῖράς μου εἰς παράταξιν, τοὺς δακτύλους μου εἰς πόλεμον·
20637	ΨΑΛΜΟΙ 143:1	μου εἰς	2	consecutive enclitics	δακτύλους	πόλεμον	Εὐλογήτος Κύριος ὁ Θεός μου, ὁ διδάσκων τὰς χεῖράς μου εἰς παράταξιν, τοὺς δακτύλους μου εἰς πόλεμον·
20638	ΨΑΛΜΟΙ 143:2	μου ὑπ	2	consecutive enclitics	λαόν	ἐμέ	\vs{2}Ἔλεός μου καὶ καταφυγή μου, ἀντιλήπτωρ μου καὶ ῥύστης μου, ὑπερασπιστής μου, καὶ ἐπʼ αὐτῷ ἤλπισα, ὁ ὑποτάσσων τὸν λαόν μου ὑπʼ ἐμέ.
20645	ΨΑΛΜΟΙ 143:7	σου ἐξ	2	consecutive enclitics	χεῖρά	ὕψους	\vs{7}Ἐξαπόστειλον τὴν χεῖρά σου ἐξ ὕψους, ἐξελοῦ με καὶ ῥῦσαί με ἐξ ὑδάτων πολλῶν, ἐκ χειρὸς υἱῶν ἀλλοτρίων·
20645	ΨΑΛΜΟΙ 143:7	με ἐξ	2	consecutive enclitics	ῥῦσαί	ὑδάτων	\vs{7}Ἐξαπόστειλον τὴν χεῖρά σου ἐξ ὕψους, ἐξελοῦ με καὶ ῥῦσαί με ἐξ ὑδάτων πολλῶν, ἐκ χειρὸς υἱῶν ἀλλοτρίων·
20648	ΨΑΛΜΟΙ 143:9	σοι ἐν	2	consecutive enclitics	ᾄσομαί	ψαλτηρίῳ	\vs{9}Ὁ Θεὸς, ᾠδὴν καινὴν ᾄσομαί σοι, ἐν ψαλτηρίῳ δεκαχόρδῳ ψαλῶ σοι·
20650	ΨΑΛΜΟΙ 143:11	με ἐκ	2	consecutive enclitics	ἐξελοῦ	χειρὸς	\vs{11}Ῥῦσαί με καὶ ἐξελοῦ με ἐκ χειρὸς υἱῶν ἀλλοτρίων, ὧν τὸ στόμα ἐλάλησε ματαιότητα, καὶ ἡ δεξιὰ αὐτῶν δεξιὰ ἀδικίας·
20658	ΨΑΛΜΟΙ 144:1	σε ὁ	2	consecutive enclitics	Ὑψώσω	Θεός	Ὑψώσω σε, ὁ Θεός μου ὁ βασιλεύς μου, καὶ εὐλογήσω τὸ ὄνομά σου εἰς τὸν αἰῶνα καὶ εἰς τὸν αἰῶνα τοῦ αἰῶνος.
20658	ΨΑΛΜΟΙ 144:1	μου ὁ	2	consecutive enclitics	Θεός	βασιλεύς	Ὑψώσω σε, ὁ Θεός μου ὁ βασιλεύς μου, καὶ εὐλογήσω τὸ ὄνομά σου εἰς τὸν αἰῶνα καὶ εἰς τὸν αἰῶνα τοῦ αἰῶνος.
20658	ΨΑΛΜΟΙ 144:1	σου εἰς	2	consecutive enclitics	ὄνομά	τὸν	Ὑψώσω σε, ὁ Θεός μου ὁ βασιλεύς μου, καὶ εὐλογήσω τὸ ὄνομά σου εἰς τὸν αἰῶνα καὶ εἰς τὸν αἰῶνα τοῦ αἰῶνος.
20659	ΨΑΛΜΟΙ 144:2	σου εἰς	2	consecutive enclitics	ὄνομά	τὸν	\vs{2}Καθʼ ἑκάστην ἡμέραν εὐλογήσω σε, καὶ αἰνέσω τὸ ὄνομά σου εἰς τὸν αἰῶνα καὶ εἰς τὸν αἰῶνα τοῦ αἰῶνος.
20671	ΨΑΛΜΟΙ 144:13	σου ἐν	2	consecutive enclitics	δεσποτία	πάσῃ	\vs{13}Ἡ βασιλεία σου βασιλεία πάντων τῶν αἰώνων, καὶ ἡ δεσποτία σου ἐν πάσῃ γενεᾷ καὶ γενεᾷ·
20712	ΨΑΛΜΟΙ 146:10	Οὐκ ἐν	2	consecutive enclitics		τῇ	\vs{10}Οὐκ ἐν τῇ δυναστείᾳ τοῦ ἵππου θελήσει, οὐδὲ ἐν ταῖς κνήμαις τοῦ ἀνδρὸς εὐδοκεῖ.
20718	ΨΑΛΜΟΙ 147:2	σου ἐν	2	consecutive enclitics	υἱούς	σοί	\vs{2}Ὅτι ἐνίσχυσεν τοὺς μοχλοὺς τῶν πυλῶν σου, εὐλόγησεν τοὺς υἱούς σου ἐν σοί.
20772	ΨΑΛΜΟΙ 151:4	με ἐκ	2	consecutive enclitics	ᾖρέ	τῶν	\vs{4}Αὐτὸς ἐξαπέστειλεν τὸν ἄγγελον αὐτοῦ, καὶ ᾖρέ με ἐκ τῶν προβάτων τοῦ πατρός μου, καὶ ἔχρισέ με ἐν τῷ ἐλαίῳ τῆς χρίσεως αὐτοῦ.
20772	ΨΑΛΜΟΙ 151:4	με ἐν	2	consecutive enclitics	ἔχρισέ	τῷ	\vs{4}Αὐτὸς ἐξαπέστειλεν τὸν ἄγγελον αὐτοῦ, καὶ ᾖρέ με ἐκ τῶν προβάτων τοῦ πατρός μου, καὶ ἔχρισέ με ἐν τῷ ἐλαίῳ τῆς χρίσεως αὐτοῦ.
20774	ΨΑΛΜΟΙ 151:6	με ἐν	2	consecutive enclitics	ἐπικατηράσατό	τοῖς	\vs{6}Ἐξῆλθον εἰς συνάντησιν τῷ ἀλλοφύλῳ, καὶ ἐπικατηράσατό με ἐν τοῖς εἰδώλοις αὐτοῦ·
20799	ΠΑΡΟΙΜΙΑΙ ΣΑΛΩΜΩΝΤΟΣ 1:15	σου ἐκ	2	consecutive enclitics	πόδα	τῶν	\vs{15}Μὴ πορευθῇς ἐν ὁδῷ μετʼ αὐτῶν, ἔκκλινον δὲ τὸν πόδα σου ἐκ τῶν τρίβων αὐτῶν.
20822	ΠΑΡΟΙΜΙΑΙ ΣΑΛΩΜΩΝΤΟΣ 2:2	σου εἰς	2	consecutive enclitics	καρδίαν	σύνεσιν	\vs{2}ὑπακούσεται σοφίας τὸ οὖς σου, καὶ παραβαλεῖς καρδίαν σου εἰς σύνεσιν, παραβαλεῖς δὲ αὐτὴν ἐπὶ νουθέτησιν τῷ υἱῷ σου·
20879	ΠΑΡΟΙΜΙΑΙ ΣΑΛΩΜΩΝΤΟΣ 3:23	σου ὁ	2	consecutive enclitics	ὁδούς	δὲ	\vs{23}ἵνα πορεύῃ πεποιθὼς ἐν εἰρήνῃ πάσας τὰς ὁδούς σου, ὁ δὲ πούς σου οὐ μὴ προσκόψῃ.
20879	ΠΑΡΟΙΜΙΑΙ ΣΑΛΩΜΩΝΤΟΣ 3:23	σου οὐ	2	consecutive enclitics	πούς	μὴ	\vs{23}ἵνα πορεύῃ πεποιθὼς ἐν εἰρήνῃ πάσας τὰς ὁδούς σου, ὁ δὲ πούς σου οὐ μὴ προσκόψῃ.
20919	ΠΑΡΟΙΜΙΑΙ ΣΑΛΩΜΩΝΤΟΣ 4:21	σε αἱ	2	consecutive enclitics	ἐκλίπωσί	πηγαί	\vs{21}Ὅπως μὴ ἐκλίπωσί σε αἱ πηγαί σου, φύλασσε αὐτὰς ἐν καρδίᾳ.
20927	ΠΑΡΟΙΜΙΑΙ ΣΑΛΩΜΩΝΤΟΣ 4:27b	σου ἐν	2	consecutive enclitics	πορείας	εἰρήνῃ	\vs{27b}αὐτὸς δὲ ὀρθὰς ποιήσει τὰς τροχιάς σου, τὰς δὲ πορείας σου ἐν εἰρήνῃ προάξει.
20951	ΠΑΡΟΙΜΙΑΙ ΣΑΛΩΜΩΝΤΟΣ 5:19	σοι ἡ	2	consecutive enclitics	ὁμιλείτω	δὲ	\vs{19}Ἔλαφος φιλίας καὶ πῶλος σῶν χαρίτων ὁμιλείτω σοι, ἡ δὲ ἰδία ἡγείσθω σου καὶ συνέστω σοι ἐν παντὶ καιρῷ· ἐν γὰρ τῇ ταύτης φιλίᾳ συμπεριφερόμενος, πολλοστὸς ἔσῃ.
20951	ΠΑΡΟΙΜΙΑΙ ΣΑΛΩΜΩΝΤΟΣ 5:19	σοι ἐν	2	consecutive enclitics	συνέστω	παντὶ	\vs{19}Ἔλαφος φιλίας καὶ πῶλος σῶν χαρίτων ὁμιλείτω σοι, ἡ δὲ ἰδία ἡγείσθω σου καὶ συνέστω σοι ἐν παντὶ καιρῷ· ἐν γὰρ τῇ ταύτης φιλίᾳ συμπεριφερόμενος, πολλοστὸς ἔσῃ.
20967	ΠΑΡΟΙΜΙΑΙ ΣΑΛΩΜΩΝΤΟΣ 6:8	τε ἐν	2	consecutive enclitics	πολλήν	τῷ	\vs{8}ἐτοιμάζεται θέρους τὴν τροφὴν, πολλήν τε ἐν τῷ ἀμητῷ ποιεῖται τὴν παράθεσιν·
20974	ΠΑΡΟΙΜΙΑΙ ΣΑΛΩΜΩΝΤΟΣ 6:11a	σου ἡ	2	consecutive enclitics	ἀμητός	δὲ	\vs{11a}ἐὰν δὲ ἄοκνος ᾖς, ἥξει ὥσπερ πηγὴ ὁ ἀμητός σου· ἡ δὲ ἔνδεια, ὥσπερ κακὸς δρομεὺς ἀπαυτομολήσει.
20988	ΠΑΡΟΙΜΙΑΙ ΣΑΛΩΜΩΝΤΟΣ 6:22	ὡς δ	2	consecutive enclitics	ἔστω	ἂν	\vs{22}Ἡνίκα ἂν περιπατῇς, ἐπάγου αὐτὴν καὶ μετὰ σοῦ ἔστω, ὡς δʼ ἂν καθεύδῃς φυλασσέτω σε, ἵνα ἐγειρομένῳ συλλαλῇ σοι.
20995	ΠΑΡΟΙΜΙΑΙ ΣΑΛΩΜΩΝΤΟΣ 6:28	τις ἐπ	2	consecutive enclitics	περιπατήσει	ἀνθράκων	\vs{28}ἢ περιπατήσει τις ἐπʼ ἀνθράκων πυρὸς, τοὺς δὲ πόδας οὐ κατακαύσει;
21026	ΠΑΡΟΙΜΙΑΙ ΣΑΛΩΜΩΝΤΟΣ 7:19	μου ἐν	2	consecutive enclitics	ἀνήρ	οἴκω	\vs{19}Οὐ γὰρ πάρεστιν ὁ ἀνήρ μου ἐν οἴκω, πεπόρευται δὲ ὁδὸν μακράν,
21065	ΠΑΡΟΙΜΙΑΙ ΣΑΛΩΜΩΝΤΟΣ 8:23	με ἐν	2	consecutive enclitics	ἐθεμελίωσέ	ἀρχῇ	\vs{23}πρὸ τοῦ αἰῶνος ἐθεμελίωσέ με, ἐν ἀρχῇ πρὸ τοῦ τὴν γῆν ποιῆσαι,
21096	ΠΑΡΟΙΜΙΑΙ ΣΑΛΩΜΩΝΤΟΣ 9:12a	ὁ δ	2	consecutive enclitics	ἀνέμους	αὐτὸς	\vs{12a}ὃς ἐρείδεται ἐπὶ ψεύδεσιν, οὗτος ποιμαίνει ἀνέμους, ὁ δʼ αὐτὸς διώξεται ὄρνεα πετόμενα·
21189	ΠΑΡΟΙΜΙΑΙ ΣΑΛΩΜΩΝΤΟΣ 11:31	Εἰ ὁ	2	consecutive enclitics		μὲν	\vs{31}Εἰ ὁ μὲν δίκαιος μόλις σώζεται, ὁ ἀσεβὴς καὶ ἁμαρτωλὸς ποῦ φανεῖται;
21240	ΠΑΡΟΙΜΙΑΙ ΣΑΛΩΜΩΝΤΟΣ 13:10	οἱ δ	2	consecutive enclitics	κακὰ	ἑαυτῶν	\vs{10}Κακὸς μεθʼ ὕβρεως πράσσει κακὰ, οἱ δʼ ἑαυτῶν ἐπιγνώμονες σοφοί.
21439	ΠΑΡΟΙΜΙΑΙ ΣΑΛΩΜΩΝΤΟΣ 18:17	ὡς δ	2	consecutive enclitics	πρωτολογίᾳ	ἂν	\vs{17}Δίκαιος ἑαυτοῦ κατήγορος ἐν πρωτολογίᾳ, ὡς δʼ ἂν ἐπιβάλῃ ὁ ἀντίδικος ἐλέγχεται.
21596	ΠΑΡΟΙΜΙΑΙ ΣΑΛΩΜΩΝΤΟΣ 23:7	σου μετ	2	consecutive enclitics	ψωμόν	αὐτοῦ	\vs{7}ὃν τρόπον γὰρ εἴ τις καταπίοι τρίχα, οὕτως ἐσθίει καὶ πίνει· μηδὲ πρὸς σὲ εἰσαγάγῃς αὐτὸν, καὶ φάγῃς τὸν ψωμόν σου μετʼ αὐτοῦ,
21607	ΠΑΡΟΙΜΙΑΙ ΣΑΛΩΜΩΝΤΟΣ 23:15	σου ἡ	2	consecutive enclitics	γένηταί	καρδία	\vs{15}Υἱὲ, ἐὰν σοφὴ γένηταί σου ἡ καρδία, εὐφρανεῖς καὶ τὴν ἐμὴν καρδίαν,
21610	ΠΑΡΟΙΜΙΑΙ ΣΑΛΩΜΩΝΤΟΣ 23:18	σου οὐκ	2	consecutive enclitics	ἐλπίς	ἀποστήσεται	\vs{18}Ἐὰν γὰρ τηρήσῃς αὐτὰ, ἔσται σοι ἔκγονα, ἡ δὲ ἐλπίς σου οὐκ ἀποστήσεται.
21616	ΠΑΡΟΙΜΙΑΙ ΣΑΛΩΜΩΝΤΟΣ 23:22	σου ἡ	2	consecutive enclitics	γεγήρακέ	μήτηρ	\vs{22}Ἄκουε, υἱὲ, πατρὸς τοῦ γεννήσαντός σε, καὶ μὴ καταφρόνει ὅτι γεγήρακέ σου ἡ μήτηρ.
21648	ΠΑΡΟΙΜΙΑΙ ΣΑΛΩΜΩΝΤΟΣ 24:13	σου ὁ	2	consecutive enclitics	γλυκανθῇ	φάρυγξ	\vs{13}Φάγε μέλι υἱὲ, ἀγαθὸν γὰρ κηρίον, ἵνα γλυκανθῇ σου ὁ φάρυγξ.
21649	ΠΑΡΟΙΜΙΑΙ ΣΑΛΩΜΩΝΤΟΣ 24:14	σε οὐκ	2	consecutive enclitics	ἐλπίς	ἐγκαταλείψει	\vs{14}Οὕτως αἰσθητήσῃ σοφίαν τῇ σῇ ψυχῇ· ἐὰν γὰρ εὕρῃς, ἔσται καλὴ ἡ τελευτή σου, καὶ ἐλπίς σε οὐκ ἐγκαταλείψει.
21714	ΠΑΡΟΙΜΙΑΙ ΣΑΛΩΜΩΝΤΟΣ 24:47	ἐστιν ἡ	2	consecutive enclitics	Ἀβασίλευτόν	ἀκρὶς	\vs{47}Ἀβασίλευτόν ἐστιν ἡ ἀκρὶς, καὶ στρατεύει ἀφʼ ἑνὸς κελεύσματος εὐτάκτως·
21744	ΠΑΡΟΙΜΙΑΙ ΣΑΛΩΜΩΝΤΟΣ 25:7	σε ἐν	2	consecutive enclitics	ταπεινῶσαί	προσώπῳ	\vs{7}Κρεῖσσον γάρ σοι τὸ ῥηθῆναι, ἀνάβαινε πρὸς μὲ, ἢ ταπεινῶσαί σε ἐν προσώπῳ δυνάστου· ἃ εἶδον οἱ ὀφθαλμοί σου λέγε.
21810	ΠΑΡΟΙΜΙΑΙ ΣΑΛΩΜΩΝΤΟΣ 27:2	σε ὁ	2	consecutive enclitics	Ἐγκωμιαζέτω	πέλας	\vs{2}Ἐγκωμιαζέτω σε ὁ πέλας καὶ μὴ τὸ σὸν στόμα, ἀλλότριος καὶ μὴ τὰ σὰ χείλη.
21838	ΠΑΡΟΙΜΙΑΙ ΣΑΛΩΜΩΝΤΟΣ 27:24	οὐκ εἰς	2	consecutive enclitics	Ὅτι	τὸν	\vs{24}Ὅτι οὐκ εἰς τὸν αἰῶνα ἀνδρὶ κράτος καὶ ἰσχὺς, οὐδὲ παραδίδωσιν ἐκ γενεᾶς εἰς γενεάν.
21864	ΠΑΡΟΙΜΙΑΙ ΣΑΛΩΜΩΝΤΟΣ 28:17	οὐκ ἐν	2	consecutive enclitics	καὶ	ἀσφαλείᾳ	\vs{17}Ἄνδρα τὸν ἐν αἰτίᾳ φόνου ὁ ἐγγυώμενος, φυγὰς ἔσται καὶ οὐκ ἐν ἀσφαλείᾳ·
21893	ΠΑΡΟΙΜΙΑΙ ΣΑΛΩΜΩΝΤΟΣ 29:12	οἱ ὑπ	2	consecutive enclitics	πάντες	αὐτὸν	\vs{12}Βασιλέως ὑπακούοντος λόγον ἄδικον, πάντες οἱ ὑπʼ αὐτὸν παράνομοι.
21901	ΠΑΡΟΙΜΙΑΙ ΣΑΛΩΜΩΝΤΟΣ 29:19	ἀλλ οὐχ	2	consecutive enclitics	νοήσῃ	ὑπακούσεται	\vs{19}Λόγοις οὐ παιδευθήσεται οἰκέτης σκληρός· ἐὰν γὰρ καὶ νοήσῃ, ἀλλʼ οὐχ ὑπακούσεται.
21926	ΠΑΡΟΙΜΙΑΙ ΣΑΛΩΜΩΝΤΟΣ 31:21	οἱ παρ	2	consecutive enclitics	γὰρ	αὐτῆς	\vs{21}Οὐ φροντίζει τῶν ἐν οἴκῳ ὁ ἀνὴρ αὐτῆς ὅταν που χρονίζῃ, πάντες γὰρ οἱ παρʼ αὐτῆς ἐνδεδυμένοι εἰσί.
21962	ΕΚΚΛΗΣΙΑΣΤΗΣ 1:16	μου ἐν	2	consecutive enclitics	ἔμπροσθέν	Ἱερουσαλήμ	\vs{16}Ἐλάλησα ἐγὼ ἐν καρδίᾳ μου, τῷ λέγειν, ἰδοὺ ἐγὼ ἐμεγαλύνθην, καὶ προσέθηκα σοφίαν ἐπὶ πᾶσιν οἳ ἐγένοντο ἔμπροσθέν μου ἐν Ἱερουσαλήμ· καὶ ἔδωκα καρδίαν μου τοῦ γνῶναι σοφίαν καὶ γνῶσιν.
21967	ΕΚΚΛΗΣΙΑΣΤΗΣ 2:1	σε ἐν	2	consecutive enclitics	πειράσω	εὐφροσύνῃ	Εἶπον ἐγὼ ἐν καρδίᾳ μου, δεῦρο δὴ πειράσω σε ἐν εὐφροσύνῃ, καὶ ἴδε ἐν ἀγαθῷ· καὶ ἰδοὺ καί γε τοῦτο ματαιότης.
21970	ΕΚΚΛΗΣΙΑΣΤΗΣ 2:3	εἰ ἡ	2	consecutive enclitics	κατεσκεψάμην	καρδία	\vs{3}Καὶ κατεσκεψάμην εἰ ἡ καρδία μου ἑλκύσει ὡς οἶνον τὴν σάρκα μου, καὶ καρδία μου ὡδήγησεν ἐν σοφίᾳ, καὶ τοῦ κρατῆσαι ἐπʼ εὐφροσύνην, ἕως οὗ ἴδω ποῖον τὸ ἀγαθὸν τοῖς υἱοῖς τῶν ἀνθρώπων, ὃ ποιήσουσιν ὑπὸ τὸν ἥλιον, ἀριθμὸν ἡμερῶν ζωῆς αὐτῶν.
21974	ΕΚΚΛΗΣΙΑΣΤΗΣ 2:7	μου ἐν	2	consecutive enclitics	ἔμπροσθέν	Ἱερουσαλήμ	\vs{7}Ἐκτησάμην δούλους καὶ παιδίσκας, καὶ οἰκογενεῖς ἐγένοντό μοι, καί γε κτῆσις βουκολίου καὶ ποιμνίου πολλὴ ἐγένετό μοι ὑπὲρ πάντας τοὺς γενομένους ἔμπροσθέν μου ἐν Ἱερουσαλήμ.
21977	ΕΚΚΛΗΣΙΑΣΤΗΣ 2:9	μου ἐν	2	consecutive enclitics	ἔμπροσθέν	Ἱερουσαλήμ	\vs{9}Καὶ ἐμεγαλύνθην καὶ προσέθηκα παρὰ πάντας τοὺς γενομένους ἀπὸ ἔμπροσθέν μου ἐν Ἱερουσαλήμ, καί γε σοφία μου ἐστάθη μοι.
21978	ΕΚΚΛΗΣΙΑΣΤΗΣ 2:10	μου οὐκ	2	consecutive enclitics	ὀφθαλμοί	ἀφεῖλον	\vs{10}Καὶ πᾶν ὃ ᾔτησαν οἱ ὀφθαλμοί μου, οὐκ ἀφεῖλον ἀπʼ αὐτῶν· οὐκ ἀπεκώλυσα τὴν καρδίαν μου ἀπὸ πάσης εὐφροσύνης μου, ὅτι καρδία μου εὐφράνθη ἐν παντὶ μόχθῳ μου· καὶ τοῦτο ἐγένετο μερίς μου ἀπὸ παντὸς μόχθου μου.
21985	ΕΚΚΛΗΣΙΑΣΤΗΣ 2:15	μου ὡς	2	consecutive enclitics	καρδίᾳ	συνάντημα	\vs{15}Καὶ εἶπα ἐγὼ ἐν καρδίᾳ μου, ὡς συνάντημα τοῦ ἄφρονος καί γε ἐμοὶ συναντήσεταί μοι, καὶ ἱνατί ἐσοφισάμην ἐγώ; περισσὸν ἐλάλησα ἐν καρδίᾳ μου, ὅτι καί γε τοῦτο ματαιότης, διότι ὁ ἄφρων ἐκ περισσεύματος λαλεῖ·
21991	ΕΚΚΛΗΣΙΑΣΤΗΣ 2:20	μου ἐν	2	consecutive enclitics	καρδίαν	παντὶ	\vs{20}Καὶ ἐπέστρεψα ἐγὼ τοῦ ἀποτάξασθαι τὴν καρδίαν μου ἐν παντὶ μόχθῳ μου ᾧ ἐμόχθησα ὑπὸ τὸν ἥλιον·
21994	ΕΚΚΛΗΣΙΑΣΤΗΣ 2:23	γε ἐν	2	consecutive enclitics	καί	νυκτὶ	\vs{23}Ὅτι πᾶσαι αἱ ἡμέραι αὐτοῦ ἀλγημάτων καὶ θυμοῦ περισπασμὸς αὐτοῦ, καί γε ἐν νυκτὶ οὐ κοιμᾶται ἡ καρδία αὐτοῦ· καί γε τοῦτο ματαιότης ἐστίν.
22024	ΕΚΚΛΗΣΙΑΣΤΗΣ 3:19	ὡς ὁ	2	consecutive enclitics	αὐτοῖς	θάνατος	\vs{19}Καί γε αὐτοῖς συνάντημα υἱῶν τοῦ ἀνθρώπου, καὶ συνάντημα τοῦ κτήνους, συνάντημα ἓν αὐτοῖς· ὡς ὁ θάνατος τούτου, οὕτως καὶ ὁ θάνατος τούτου· καὶ πνεῦμα ἓν τοῖς πᾶσι· καὶ τί ἐπερίσσευσεν ὁ ἄνθρωπος παρὰ τὸ κτῆνος; οὐδέν· ὅτι πάντα ματαιότης.
22046	ΕΚΚΛΗΣΙΑΣΤΗΣ 4:14	γε ἐν	2	consecutive enclitics	καί	βασιλείᾳ	\vs{14}Ὅτι ἐξ οἴκου τῶν δεσμίων ἐξελεύσεται τοῦ βασιλεῦσαι, ὅτι καί γε ἐν βασιλείᾳ αὐτοῦ ἐγενήθη πένης.
22048	ΕΚΚΛΗΣΙΑΣΤΗΣ 4:16	γε οἱ	2	consecutive enclitics	καί	ἔσχατοι	\vs{16}Οὐκ ἔστι περασμὸς τῷ παντὶ λαῷ, τοῖς πᾶσιν οἳ ἐγένοντο ἔμπροσθεν αὐτῶν· καί γε οἱ ἔσχατοι οὐκ εὐφρανθήσονται ἐπʼ αὐτῷ· ὅτι καί γε τοῦτο ματαιότης καὶ προαίρεσις πνεύματος.
22050	ΕΚΚΛΗΣΙΑΣΤΗΣ 4:17	σου ἐν	2	consecutive enclitics	πόδα	ᾧ	\vs{17}Φύλαξον τὸν πόδα σου, ἐν ᾧ ἐὰν πορεύῃ εἰς οἶκον τοῦ Θεοῦ· καὶ ἐγγὺς τοῦ ἀκούειν, ὑπὲρ δόμα τῶν ἀφρόνων θυσία σου, ὅτι οὐκ εἰσὶν εἰδότες τοῦ ποιῆσαι κακόν.
22085	ΕΚΚΛΗΣΙΑΣΤΗΣ 6:6	οὐκ εἰς	2	consecutive enclitics	μὴ	τόπον	\vs{6}Καὶ ἔζησε χιλίων ἐτῶν καθόδους, καὶ ἀγαθωσύνην οὐκ εἶδε, μὴ οὐκ εἰς τόπον ἕνα πορεύεται τὰ πάντα;
22087	ΕΚΚΛΗΣΙΑΣΤΗΣ 6:7	γε ἡ	2	consecutive enclitics	καί	ψυχὴ	\vs{7}Πᾶς μόχθος ἀνθρώπου εἰς στόμα αὐτοῦ, καί γε ἡ ψυχὴ οὐ πληρωθήσεται.
22091	ΕΚΚΛΗΣΙΑΣΤΗΣ 6:10	Εἰ τι	2	consecutive enclitics		ἐγένετο	\vs{10}Εἰ τι ἐγένετο, ἤδη κέκληται ὄνομα αὐτοῦ, καὶ ἐγνώσθη ὅ ἐστιν ἄνθρωπος, καὶ οὐ δυνήσεται κριθῆναι μετὰ τοῦ ἰσχυροτέρου ὑπὲρ αὐτόν.
22108	ΕΚΚΛΗΣΙΑΣΤΗΣ 7:10	οὐκ ἐν	2	consecutive enclitics	ὅτι	σοφίᾳ	\vs{10}Μὴ εἴπῃς, τί ἐγένετο, ὅτι αἱ ἡμέραι αἱ πρότεραι ἦσαν ἀγαθαὶ ὑπὲρ ταύτας; ὅτι οὐκ ἐν σοφίᾳ ἐπηρώτησας περὶ τούτου.
22118	ΕΚΚΛΗΣΙΑΣΤΗΣ 7:17	ἐν οὐ	2	consecutive enclitics	ἀποθάνῃς	καιρῷ	\vs{17}Μὴ ἀσεβήσῃς πολὺ, καὶ μὴ γίνου σκληρὸς, ἵνα μὴ ἀποθάνῃς ἐν οὐ καιρῷ σου.
22119	ΕΚΚΛΗΣΙΑΣΤΗΣ 7:18	σε ἐν	2	consecutive enclitics	ἀντέχεσθαί	τούτῳ	\vs{18}Ἀγαθὸν τὸ ἀντέχεσθαί σε ἐν τούτῳ, καί γε ἀπὸ τούτου μὴ μιάνῃς τὴν χεῖρά σου, ὅτι φοβουμένοις τὸν Θεὸν ἐξελεύσεται τὰ πάντα.
22123	ΕΚΚΛΗΣΙΑΣΤΗΣ 7:21	γε εἰς	2	consecutive enclitics	Καί	πάντας	\vs{21}Καί γε εἰς πάντας λόγους οὓς λαλήσουσιν ἀσεβεῖς, μὴ θῇς καρδίαν σου, ὅπως μὴ ἀκούσῃς τοῦ δούλου σου καταρωμένου σε.
22150	ΕΚΚΛΗΣΙΑΣΤΗΣ 8:9	μου εἰς	2	consecutive enclitics	καρδίαν	πᾶν	\vs{9}Καὶ σύμπαν τοῦτο εἶδον, καὶ ἔδωκα τὴν καρδίαν μου εἰς πᾶν τὸ ποίημα ὃ πεποίηται ὑπὸ τὸν ἥλιον, τὰ ὅσα ἐξουσιάσατο ὁ ἄνθρωπος ἐν ἀνθρώπῳ τοῦ κακῶσαι αὐτόν.
22164	ΕΚΚΛΗΣΙΑΣΤΗΣ 9:1	Ὡς οἱ	2	consecutive enclitics		δίκαιοι	Ὡς οἱ δίκαιοι καὶ οἱ σοφοὶ καὶ αἱ ἐργασίαι αὐτῶν ἐν χειρὶ τοῦ Θεοῦ, καί γε ἀγάπην καί γε μῖσος οὐκ ἔστιν εἰδὼς ὁ ἄνθρωπος· τὰ πάντα πρὸ προσώπου αὐτῶν.
22165	ΕΚΚΛΗΣΙΑΣΤΗΣ 9:2	ὡς ὁ	2	consecutive enclitics	θυσιάζοντι	ἀγαθὸς	\vs{2}Ματαιότης ἐν τοῖς πᾶσι· συνάντημα ἓν τῷ δικαίῳ καὶ τῷ ἀσεβεῖ, τῷ ἀγαθῷ καὶ τῷ κακῷ, καὶ τῷ καθαρῷ καὶ τῷ ἀκαθάρτῳ, καὶ τῷ θυσιάζοντι καὶ τῷ μὴ θυσιάζοντι· ὡς ὁ ἀγαθὸς ὡς ὁ ἁμαρτάνων, ὡς ὁ ὀμνύων καθὼς ὁ τὸν ὅρκον φοβούμενος.
22165	ΕΚΚΛΗΣΙΑΣΤΗΣ 9:2	ὡς ὁ	2	consecutive enclitics	ἀγαθὸς	ἁμαρτάνων	\vs{2}Ματαιότης ἐν τοῖς πᾶσι· συνάντημα ἓν τῷ δικαίῳ καὶ τῷ ἀσεβεῖ, τῷ ἀγαθῷ καὶ τῷ κακῷ, καὶ τῷ καθαρῷ καὶ τῷ ἀκαθάρτῳ, καὶ τῷ θυσιάζοντι καὶ τῷ μὴ θυσιάζοντι· ὡς ὁ ἀγαθὸς ὡς ὁ ἁμαρτάνων, ὡς ὁ ὀμνύων καθὼς ὁ τὸν ὅρκον φοβούμενος.
22165	ΕΚΚΛΗΣΙΑΣΤΗΣ 9:2	ὡς ὁ	2	consecutive enclitics	ἁμαρτάνων	ὀμνύων	\vs{2}Ματαιότης ἐν τοῖς πᾶσι· συνάντημα ἓν τῷ δικαίῳ καὶ τῷ ἀσεβεῖ, τῷ ἀγαθῷ καὶ τῷ κακῷ, καὶ τῷ καθαρῷ καὶ τῷ ἀκαθάρτῳ, καὶ τῷ θυσιάζοντι καὶ τῷ μὴ θυσιάζοντι· ὡς ὁ ἀγαθὸς ὡς ὁ ἁμαρτάνων, ὡς ὁ ὀμνύων καθὼς ὁ τὸν ὅρκον φοβούμενος.
22174	ΕΚΚΛΗΣΙΑΣΤΗΣ 9:9	σου ἐν	2	consecutive enclitics	μερίς	τῇ	\vs{9}Καὶ ἴδε ζωὴν μετὰ γυναικὸς ἧς ἠγάπησας πάσας τὰς ἡμέρας ζωῆς ματαιότητός σου, τὰς δοθείσας σοι ὑπὸ τὸν ἥλιον, ὅτι αὐτὸ μερίς σου ἐν τῇ ζωῇ σου, καὶ ἐν τῷ μόχθῳ σου ᾧ σὺ μοχθεῖς ὑπὸ τὸν ἥλιον.
22176	ΕΚΚΛΗΣΙΑΣΤΗΣ 9:10	ὡς ἡ	2	consecutive enclitics	ποιῆσαι	δύναμίς	\vs{10}Πάντα ὅσα ἂν εὕρῃ ἡ χείρ σου τοῦ ποιῆσαι, ὡς ἡ δύναμίς σου ποίησον, ὅτι οὐκ ἔστι ποίημα καὶ λογισμὸς καὶ γνῶσις καὶ σοφία ἐν ᾅδῃ, ὅπου σὺ πορεύῃ ἐκεῖ.
22178	ΕΚΚΛΗΣΙΑΣΤΗΣ 9:11	γε οὐ	2	consecutive enclitics	καί	τῷ	\vs{11}Ἐπέστρεψα καὶ εἶδον ὑπὸ τὸν ἥλιον, ὅτι οὐ τοῖς κούφοις ὁ δρόμος, καὶ οὐ τοῖς δυνατοῖς ὁ πόλεμος, καί γε οὐ τῷ σοφῷ ἄρτος, καί γε οὐ τοῖς συνετοῖς πλοῦτος, καί γε οὐ τοῖς γινώσκουσι χάρις, ὅτι καιρὸς καὶ ἀπάντημα συνατήσεται σύμπασιν αὐτοῖς.
22178	ΕΚΚΛΗΣΙΑΣΤΗΣ 9:11	γε οὐ	2	consecutive enclitics	καί	τοῖς	\vs{11}Ἐπέστρεψα καὶ εἶδον ὑπὸ τὸν ἥλιον, ὅτι οὐ τοῖς κούφοις ὁ δρόμος, καὶ οὐ τοῖς δυνατοῖς ὁ πόλεμος, καί γε οὐ τῷ σοφῷ ἄρτος, καί γε οὐ τοῖς συνετοῖς πλοῦτος, καί γε οὐ τοῖς γινώσκουσι χάρις, ὅτι καιρὸς καὶ ἀπάντημα συνατήσεται σύμπασιν αὐτοῖς.
22178	ΕΚΚΛΗΣΙΑΣΤΗΣ 9:11	γε οὐ	2	consecutive enclitics	καί	τοῖς	\vs{11}Ἐπέστρεψα καὶ εἶδον ὑπὸ τὸν ἥλιον, ὅτι οὐ τοῖς κούφοις ὁ δρόμος, καὶ οὐ τοῖς δυνατοῖς ὁ πόλεμος, καί γε οὐ τῷ σοφῷ ἄρτος, καί γε οὐ τοῖς συνετοῖς πλοῦτος, καί γε οὐ τοῖς γινώσκουσι χάρις, ὅτι καιρὸς καὶ ἀπάντημα συνατήσεται σύμπασιν αὐτοῖς.
22179	ΕΚΚΛΗΣΙΑΣΤΗΣ 9:12	ὡς οἱ	2	consecutive enclitics	αὐτοῦ	ἰχθύες	\vs{12}Ὅτι καί γε καὶ οὐκ ἔγνω ὁ ἄνθρωπος τὸν καιρὸν αὐτοῦ, ὡς οἱ ἰχθύες οἱ θηρευόμενοι ἐν ἀμφιβλήστρῳ κακῷ, καὶ ὡς ὄρνεα τὰ θηρευόμενα ἐν παγίδι· ὡς αὐτὰ παγιδεύονται οἱ υἱοὶ τοῦ ἀνθρώπου εἰς καιρὸν πονηρὸν, ὅταν ἐπιπέσῃ ἐπʼ αὐτοὺς ἄφνω.
22194	ΕΚΚΛΗΣΙΑΣΤΗΣ 10:3	γε ἐν	2	consecutive enclitics	Καί	ὁδῷ	\vs{3}Καί γε ἐν ὁδῷ ὅταν ἄφρων πορεύηται, καρδία αὐτοῦ ὑστερήσει, καὶ ἃ λογιεῖται πάντα ἀφροσύνη ἐστίν.
22207	ΕΚΚΛΗΣΙΑΣΤΗΣ 10:11	ἐν οὐ	2	consecutive enclitics	ὄφις	ψιθυρισμῷ	\vs{11}Ἐὰν δάκῃ ὄφις ἐν οὐ ψιθυρισμῷ, καὶ οὐκ ἔστι περίσσεια τῷ ἐπᾴδοντι.
22220	ΕΚΚΛΗΣΙΑΣΤΗΣ 10:20	γε ἐν	2	consecutive enclitics	Καί	συνειδήσει	\vs{20}Καί γε ἐν συνειδήσει σου βασιλέα μὴ καταράσῃ, καὶ ἐν ταμιείοις κοιτώνων σου μὴ καταράσῃ πλούσιον· ὅτι πετεινὸν τοῦ οὐρανοῦ ἀποίσει τὴν φωνήν σου, καὶ ὁ ἔχων τὰς πτέρυγας ἀπαγγελεῖ λόγον σου.
22233	ΕΚΚΛΗΣΙΑΣΤΗΣ 11:9	σε ἡ	2	consecutive enclitics	ἀγαθυνάτω	καρδία	\vs{9}Εὐφραίνου νεανίσκε ἐν νεότητί σου, καὶ ἀγαθυνάτω σε ἡ καρδία σου ἐν ἡμέραις νεότητός σου, καὶ περιπάτει ἐν ὁδοῖς καρδίας σου ἄμωμος, καὶ μὴ ἐν ὁράσει ὀφθαλμῶν σου· καὶ γνῶθι ὅτι ἐπὶ πᾶσι τούτοις ἄξει σε ὁ Θεὸς ἐν κρίσει.
22233	ΕΚΚΛΗΣΙΑΣΤΗΣ 11:9	σου ἐν	2	consecutive enclitics	καρδία	ἡμέραις	\vs{9}Εὐφραίνου νεανίσκε ἐν νεότητί σου, καὶ ἀγαθυνάτω σε ἡ καρδία σου ἐν ἡμέραις νεότητός σου, καὶ περιπάτει ἐν ὁδοῖς καρδίας σου ἄμωμος, καὶ μὴ ἐν ὁράσει ὀφθαλμῶν σου· καὶ γνῶθι ὅτι ἐπὶ πᾶσι τούτοις ἄξει σε ὁ Θεὸς ἐν κρίσει.
22233	ΕΚΚΛΗΣΙΑΣΤΗΣ 11:9	σε ὁ	2	consecutive enclitics	ἄξει	Θεὸς	\vs{9}Εὐφραίνου νεανίσκε ἐν νεότητί σου, καὶ ἀγαθυνάτω σε ἡ καρδία σου ἐν ἡμέραις νεότητός σου, καὶ περιπάτει ἐν ὁδοῖς καρδίας σου ἄμωμος, καὶ μὴ ἐν ὁράσει ὀφθαλμῶν σου· καὶ γνῶθι ὅτι ἐπὶ πᾶσι τούτοις ἄξει σε ὁ Θεὸς ἐν κρίσει.
22237	ΕΚΚΛΗΣΙΑΣΤΗΣ 12:1	σε ἐν	2	consecutive enclitics	κτίσαντός	ἡμέραις	Καὶ μνήσθητι τοῦ κτίσαντός σε ἐν ἡμέραις νεότητός σου, ἕως ὅτου μὴ ἔλθωσιν αἱ ἡμέραι τῆς κακίας, καὶ φθάσουσιν ἔτη ἐν οἷς ἐρεῖς, οὐκ ἔστι μοι ἐν αὐτοῖς θέλημα.
22237	ΕΚΚΛΗΣΙΑΣΤΗΣ 12:1	μοι ἐν	2	consecutive enclitics	ἔστι	αὐτοῖς	Καὶ μνήσθητι τοῦ κτίσαντός σε ἐν ἡμέραις νεότητός σου, ἕως ὅτου μὴ ἔλθωσιν αἱ ἡμέραι τῆς κακίας, καὶ φθάσουσιν ἔτη ἐν οἷς ἐρεῖς, οὐκ ἔστι μοι ἐν αὐτοῖς θέλημα.
22262	ΑΣΜΑ 1:4	σου εἰς	2	consecutive enclitics	ὀπίσω	ὀσμὴν	\vs{4}εἵλκυσάν σε· ὀπίσω σου εἰς ὀσμὴν μύρων σου δραμοῦμεν· εἰσήνεγκέ με ὁ βασιλεὺς εἰς τὸ ταμεῖον αὐτοῦ· ἀγαλλιασώμεθα καὶ εὐφρανθῶμεν ἐν σοί· ἀγαπήσομεν μαστούς σου ὑπὲρ οἶνον· εὐθύτης ἠγάπησέ σε.
22262	ΑΣΜΑ 1:4	με ὁ	2	consecutive enclitics	εἰσήνεγκέ	βασιλεὺς	\vs{4}εἵλκυσάν σε· ὀπίσω σου εἰς ὀσμὴν μύρων σου δραμοῦμεν· εἰσήνεγκέ με ὁ βασιλεὺς εἰς τὸ ταμεῖον αὐτοῦ· ἀγαλλιασώμεθα καὶ εὐφρανθῶμεν ἐν σοί· ἀγαπήσομεν μαστούς σου ὑπὲρ οἶνον· εὐθύτης ἠγάπησέ σε.
22265	ΑΣΜΑ 1:6	με ὁ	2	consecutive enclitics	παρέβλεψέ	ἥλιος	\vs{6}Μὴ βλέψητέ με ὅτι ἐγώ εἰμι μεμελανωμένη, ὅτι παρέβλεψέ με ὁ ἥλιος· υἱοὶ μητρός μου ἐμαχέσαντο ἐν ἐμοὶ, ἔθεντό με φυλάκισσαν ἐν ἀμπελῶσιν, ἀμπελῶνα ἐμὸν οὐκ ἐφύλαξα.
22270	ΑΣΜΑ 1:9	μου ἐν	2	consecutive enclitics	ἵππῳ	ἅρμασι	\vs{9}Τῇ ἵππῳ μου ἐν ἅρμασι Φαραὼ ὡμοίωσά σε ἡ πλησίον μου.
22270	ΑΣΜΑ 1:9	σε ἡ	2	consecutive enclitics	ὡμοίωσά	πλησίον	\vs{9}Τῇ ἵππῳ μου ἐν ἅρμασι Φαραὼ ὡμοίωσά σε ἡ πλησίον μου.
22271	ΑΣΜΑ 1:10	σου ὡς	2	consecutive enclitics	σιαγόνες	τρυγόνος	\vs{10}Τί ὡραιώθησαν σιαγόνες σου ὡς τρυγόνος, τράχηλός σου ὡς ὁρμίσκοι;
22271	ΑΣΜΑ 1:10	σου ὡς	2	consecutive enclitics	τράχηλός	ὁρμίσκοι	\vs{10}Τί ὡραιώθησαν σιαγόνες σου ὡς τρυγόνος, τράχηλός σου ὡς ὁρμίσκοι;
22288	ΑΣΜΑ 2:4	με εἰς	2	consecutive enclitics	Εἰσαγάγετέ	οἶκον	\vs{4}Εἰσαγάγετέ με εἰς οἶκον τοῦ οἴνου, τάξατε ἐπʼ ἐμὲ ἀγάπην.
22289	ΑΣΜΑ 2:5	με ἐν	2	consecutive enclitics	Στηρίσατέ	μύροις	\vs{5}Στηρίσατέ με ἐν μύροις, στοιβάσατέ με ἐν μήλοις, ὅτι τετρωμένη ἀγάπης ἐγώ.
22289	ΑΣΜΑ 2:5	με ἐν	2	consecutive enclitics	στοιβάσατέ	μήλοις	\vs{5}Στηρίσατέ με ἐν μύροις, στοιβάσατέ με ἐν μήλοις, ὅτι τετρωμένη ἀγάπης ἐγώ.
22302	ΑΣΜΑ 2:14	μου ἐν	2	consecutive enclitics	περιστερά	σκέπῃ	\vs{14}Σὺ περιστερά μου, ἐν σκέπῃ τῆς πέτρας, ἐχόμενα τοῦ προτειχίσματος· δεῖξόν μοι τὴν ὄψιν σου, καὶ ἀκούτισόν με τὴν φωνήν σου, ὅτι ἡ φωνή σου ἡδεῖα, καὶ ἡ ὄψις σου ὡραῖα.
22311	ΑΣΜΑ 3:1	μου ἐν	2	consecutive enclitics	κοίτην	νυξὶν	Ἐπὶ κοίτην μου ἐν νυξὶν, ἐζήτησα ὃν ἠγάπησεν ἡ ψυχή μου· ἐζήτησα αὐτὸν, καὶ οὐχ εὗρον αὐτόν· ἐκάλεσα αὐτὸν, καὶ οὐχ ὑπήκουσέ μου.
22313	ΑΣΜΑ 3:3	με οἱ	2	consecutive enclitics	Εὕροσάν	τηροῦντες	\vs{3}Εὕροσάν με οἱ τηροῦντες, οἱ κυκλοῦντες ἐν τῇ πόλει. Μὴ ὃν ἠγάπησεν ἡ ψυχή μου, ἴδετε;
22327	ΑΣΜΑ 4:1	σου ὡς	2	consecutive enclitics	τρίχωμά	ἀγέλαι	Ἰδοὺ εἶ καλὴ ἡ πλησίον μου, ἰδοὺ εἶ καλή· ὀφθαλμοί σου περιστεραὶ, ἐκτὸς τῆς σιωπήσεώς σου· τρίχωμά σου ὡς ἀγέλαι τῶν αἰγῶν, αἳ ἀπεκαλύφθησαν ἀπὸ τοῦ Γαλαάδ.
22328	ΑΣΜΑ 4:2	σου ὡς	2	consecutive enclitics	Ὀδόντες	ἀγέλαι	\vs{2}Ὀδόντες σου ὡς ἀγέλαι τῶν κεκαρμένων, αἳ ἀνέβησαν ἀπὸ τοῦ λουτροῦ, αἱ πᾶσαι διδυμεύουσαι, καὶ ἀτεκνοῦσα οὐκ ἔστιν ἐν αὐταῖς.
22330	ΑΣΜΑ 4:4	σου ὁ	2	consecutive enclitics	τράχηλός	ᾠκοδομημένος	\vs{4}Ὡς πύργος Δαυὶδ τράχηλός σου, ὁ ᾠκοδομημένος εἰς θαλπιώθ· χίλιοι θυρεοὶ κρέμανται ἐπʼ αὐτὸν, πᾶσαι βολίδες τῶν δυνατῶν.
22331	ΑΣΜΑ 4:5	σου ὡς	2	consecutive enclitics	μαστοί	δύο	\vs{5}Δύο μαστοί σου ὡς δύο νεβροὶ δίδυμοι δορκάδος οἱ νεμόμενοι ἐν κρίνοις,
22336	ΑΣΜΑ 4:9	σου ἐν	2	consecutive enclitics	ὀφθαλμῶν	μιᾷ	\vs{9}Ἐκαρδίωσας ἡμᾶς ἀδελφή μου νύμφη, ἐκαρδίωσας ἡμᾶς ἑνὶ ἀπὸ ὀφθαλμῶν σου, ἐν μιᾷ ἐνθέματι τραχήλων σου.
22338	ΑΣΜΑ 4:11	σου ὡς	2	consecutive enclitics	ἱματίων	ὀσμὴ	\vs{11}Κηρίον ἀποστάζουσι χείλη σου νύμφη· μέλι καὶ γάλα ὑπὸ τὴν γλῶσσάν σου· καὶ ὀσμὴ ἱματίων σου, ὡς ὀσμὴ Λιβάνου.
22347	ΑΣΜΑ 5:1	μου εἰς	2	consecutive enclitics	ἀδελφιδός	κῆπον	Καταβήτω ἀδελφιδός μου εἰς κῆπον αὐτοῦ, καὶ φαγέτω καρπὸν ἀκροδρύων αὐτοῦ· εἰσῆλθον εἰς κῆπόν μου ἀδελφή μου νύμφη· ἐτρύγησα σμύρναν μου μετὰ ἀρωμάτων μου, ἔφαγον ἄρτον μου μετὰ μέλιτός μου, ἔπιον οἶνόν μου μετὰ γάλακτός μου· φάγετε πλήσιοι καὶ πίετε, καὶ μεθύσθητε ἀδελφοί.
22349	ΑΣΜΑ 5:2	μοι ἡ	2	consecutive enclitics	ἀνοιξόν	πλησίον	\vs{2}Ἐγὼ καθεύδω, καὶ ἡ καρδία μου ἀγρυπνεῖ. φωνὴ ἀδελφιδοῦ μου κρούει ἐπὶ τὴν θύραν, ἀνοιξόν μοι ἡ πλησίον μου, ἄδελφή μου, περιστερά μου, τελεία μου· ὅτι ἡ κεφαλή μου ἐπλήσθη δρόσου, καὶ οἱ βόστρυχοί μου ψεκάδων νυκτός.
22354	ΑΣΜΑ 5:7	με οἱ	2	consecutive enclitics	Εὕροσάν	φύλακες	\vs{7}Εὕροσάν με οἱ φύλακες οἱ κυκλοῦντες ἐν τῇ πόλει, ἐπάταξάν με, ἐτραυμάτισάν με· ᾖραν τὸ θέριστρόν μου ἀπʼ ἐμοῦ φύλακες τῶν τειχέων.
22354	ΑΣΜΑ 5:7	μου ἀπ	2	consecutive enclitics	θέριστρόν	ἐμοῦ	\vs{7}Εὕροσάν με οἱ φύλακες οἱ κυκλοῦντες ἐν τῇ πόλει, ἐπάταξάν με, ἐτραυμάτισάν με· ᾖραν τὸ θέριστρόν μου ἀπʼ ἐμοῦ φύλακες τῶν τειχέων.
22368	ΑΣΜΑ 6:1	σου ἡ	2	consecutive enclitics	ἀδελφιδός	καλὴ	Ποῦ ἀπῆλθεν ὁ ἀδελφιδός σου ἡ καλὴ ἐν γυναιξὶ; ποῦ ἀπέβλεψεν ὁ ἀδελφιδός σου; καὶ ζητήσομεν αὐτὸν μετὰ σοῦ.
22373	ΑΣΜΑ 6:4	μου ὡς	2	consecutive enclitics	πλησίον	εὐδοκία	\vs{4}Καλὴ εἶ ἡ πλησίον μου, ὡς εὐδοκία, ὡραῖα ὡς Ἱερουσαλὴμ, θάμβος ὡς τεταγμέναι.
22374	ΑΣΜΑ 6:5	σου ὡς	2	consecutive enclitics	τρίχωμά	ἀγέλαι	\vs{5}Ἀπόστρεψον ὀφθαλμούς σου ἀπεναντίον μου, ὅτι αὐτοὶ ἀνεπτέρωσάν με· τρίχωμά σου ὡς ἀγέλαι τῶν αἰγῶν, αἳ ἀνεφάνησαν ἀπὸ τοῦ Γαλαάδ.
22375	ΑΣΜΑ 6:6	σου ὡς	2	consecutive enclitics	Ὀδόντες	ἀγέλαι	\vs{6}Ὀδόντες σου ὡς ἀγέλαι τῶν κεκαρμένων, αἳ ἀνέβησαν ἀπὸ τοῦ λουτροῦ, αἱ πᾶσαι διδυμεύουσαι, καὶ ἀτεκνοῦσα οὐκ ἔστιν ἐν αὐταῖς· ὡς σπαρτίον τὸ κόκκινον χείλη σου, καὶ ἡ λαλιά σου ὡραιᾶ.
22380	ΑΣΜΑ 6:10	ὡς ὁ	2	consecutive enclitics	ἐκλεκτὴ	ἥλιος	\vs{10}Τίς αὕτη ἡ ἐκκύπτουσα ὡσεὶ ὄρθρος, καλὴ ὡς σελήνη, ἐκλεκτὴ ὡς ὁ ἥλιος, θάμβος ὡς τεταγμέναι;
22390	ΑΣΜΑ 7:2	σου ἐν	2	consecutive enclitics	διαβήματά	ὑποδήμασί	\vs{2}Ὡραιώθησαν διαβήματά σου ἐν ὑποδήμασί σου, θύγατερ ναδάβ· ῥυθμοὶ μηρῶν ὅμοιοι ὁρμίσκοις, ἔργον τεχνίτου.
22392	ΑΣΜΑ 7:4	σου ὡς	2	consecutive enclitics	μαστοί	δύο	\vs{4}Δύο μαστοί σου, ὡς δύο νεβροὶ δίδυμοι δορκάδος.
22393	ΑΣΜΑ 7:5	σου ὡς	2	consecutive enclitics	τράχηλός	πύργος	\vs{5}Ὁ τράχηλός σου ὡς πύργος ἐλεφάντινος· οἱ ὀφθαλμοί σου ὡς λίμναι ἐν Ἐσεβὼν, ἐν πύλαις θυγατρὸς πολλῶν· μυκτήρ σου, ὡς πύργος τοῦ Λιβάνου σκοπεύων πρόσωπον Δαμασκοῦ.
22393	ΑΣΜΑ 7:5	σου ὡς	2	consecutive enclitics	ὀφθαλμοί	λίμναι	\vs{5}Ὁ τράχηλός σου ὡς πύργος ἐλεφάντινος· οἱ ὀφθαλμοί σου ὡς λίμναι ἐν Ἐσεβὼν, ἐν πύλαις θυγατρὸς πολλῶν· μυκτήρ σου, ὡς πύργος τοῦ Λιβάνου σκοπεύων πρόσωπον Δαμασκοῦ.
22393	ΑΣΜΑ 7:5	σου ὡς	2	consecutive enclitics	μυκτήρ	πύργος	\vs{5}Ὁ τράχηλός σου ὡς πύργος ἐλεφάντινος· οἱ ὀφθαλμοί σου ὡς λίμναι ἐν Ἐσεβὼν, ἐν πύλαις θυγατρὸς πολλῶν· μυκτήρ σου, ὡς πύργος τοῦ Λιβάνου σκοπεύων πρόσωπον Δαμασκοῦ.
22394	ΑΣΜΑ 7:6	σου ὡς	2	consecutive enclitics	κεφαλῆς	πορφύρα	\vs{6}Κεφαλή σου ἐπὶ σὲ ὡς Κάρμηλος, καὶ πλόκιον κεφαλῆς σου ὡς πορφύρα· βασιλεὺς δεδεμένος ἐν παραδρομαῖς.
22397	ΑΣΜΑ 7:9	σου ὡς	2	consecutive enclitics	μαστοί	βότρυες	\vs{9}Εἶπα, ἀναβήσομαι ἐπὶ τῷ φοίνικι, κρατήσω τῶν ὕψεων αὐτοῦ· καὶ ἔσονται δὴ μαστοί σου ὡς βότρυες τῆς ἀμπέλου, καὶ ὀσμὴ ῥινός σου ὡς μῆλα,
22397	ΑΣΜΑ 7:9	σου ὡς	2	consecutive enclitics	ῥινός	μῆλα	\vs{9}Εἶπα, ἀναβήσομαι ἐπὶ τῷ φοίνικι, κρατήσω τῶν ὕψεων αὐτοῦ· καὶ ἔσονται δὴ μαστοί σου ὡς βότρυες τῆς ἀμπέλου, καὶ ὀσμὴ ῥινός σου ὡς μῆλα,
22398	ΑΣΜΑ 7:10	σου ὡς	2	consecutive enclitics	λάρυγξ	οἶνος	\vs{10}καὶ ὁ λάρυγξ σου ὡς οἶνος ὁ ἀγαθὸς, πορευόμενος τῷ ἀδελφιδῷ μου εἰς εὐθύτητα, ἱκανούμενος χείλεσί μου καὶ ὀδοῦσιν.
22398	ΑΣΜΑ 7:10	μου εἰς	2	consecutive enclitics	ἀδελφιδῷ	εὐθύτητα	\vs{10}καὶ ὁ λάρυγξ σου ὡς οἶνος ὁ ἀγαθὸς, πορευόμενος τῷ ἀδελφιδῷ μου εἰς εὐθύτητα, ἱκανούμενος χείλεσί μου καὶ ὀδοῦσιν.
22406	ΑΣΜΑ 8:1	γε οὐκ	2	consecutive enclitics	καί	ἐξουδενώσουσί	Τίς δῴη σε, ἀδελφιδέ μου, θηλάζοντα μαστοὺς μητρός μου; εὑροῦσά σε ἔξω φιλήσω σε, καί γε οὐκ ἐξουδενώσουσί μοι.
22407	ΑΣΜΑ 8:2	σε εἰς	2	consecutive enclitics	εἰσάξω	οἶκον	\vs{2}Παραλήψομαί σε, εἰσάξω σε εἰς οἶκον μητρός μου καὶ εἰς ταμεῖον τῆς συλλαβούσης με· ποτιῶ σε ἀπὸ οἴνου τοῦ μυρεψικοῦ, ἀπὸ νάματος ῥοῶν μου.
22413	ΑΣΜΑ 8:5	σε ἡ	2	consecutive enclitics	ὠδίνησέ	μήτηρ	\vs{5}Τίς αὕτη ἡ ἀναβαίνουσα λελευκανθισμένη, ἐπιστηριζομένη ἐπὶ τὸν ἀδελφιδὸν αὐτῆς; Ὑπὸ μῆλον ἐξήγειρά σε· ἐκεῖ ὠδίνησέ σε ἡ μήτηρ σου, ἐκεῖ ὠδίνησέ σε ἡ τεκοῦσά σε.
22413	ΑΣΜΑ 8:5	σε ἡ	2	consecutive enclitics	ὠδίνησέ	τεκοῦσά	\vs{5}Τίς αὕτη ἡ ἀναβαίνουσα λελευκανθισμένη, ἐπιστηριζομένη ἐπὶ τὸν ἀδελφιδὸν αὐτῆς; Ὑπὸ μῆλον ἐξήγειρά σε· ἐκεῖ ὠδίνησέ σε ἡ μήτηρ σου, ἐκεῖ ὠδίνησέ σε ἡ τεκοῦσά σε.
22415	ΑΣΜΑ 8:6	με ὡς	2	consecutive enclitics	Θές	σφραγίδα	\vs{6}Θές με ὡς σφραγίδα ἐπὶ τὴν καρδίαν σου, ὡς σφραγίδα ἐπὶ τὸν βραχίονά σου· ὅτι κραταιὰ ὡς θάνατος ἀγάπη, σκληρὸς ὡς ᾅδης ζῆλος· περίπτερα αὐτῆς περίπτερα πυρὸς, φλόγες αὐτῆς.
22415	ΑΣΜΑ 8:6	σου ὡς	2	consecutive enclitics	καρδίαν	σφραγίδα	\vs{6}Θές με ὡς σφραγίδα ἐπὶ τὴν καρδίαν σου, ὡς σφραγίδα ἐπὶ τὸν βραχίονά σου· ὅτι κραταιὰ ὡς θάνατος ἀγάπη, σκληρὸς ὡς ᾅδης ζῆλος· περίπτερα αὐτῆς περίπτερα πυρὸς, φλόγες αὐτῆς.
22421	ΑΣΜΑ 8:10	μου ὡς	2	consecutive enclitics	μαστοί	πύργοι	\vs{10}Ἐγὼ τεῖχος, καὶ μαστοί μου ὡς πύργοι ἐγὼ ἤμην ἐν ὀφθαλμοῖς αὐτῶν ὡς εὑρίσκουσα εἰρήνην.
22423	ΑΣΜΑ 8:12	μου οἱ	2	consecutive enclitics	ἐνώπιόν	χίλιοι	\vs{12}Ἀμπελών μου ἐμὸς ἐνώπιόν μου, οἱ χίλιοι Σαλωμὼν, καὶ οἱ διακόσιοι τοῖς τηροῦσι τὸν καρπὸν αὐτοῦ.
22437	ΗΣΑΙΑΣ 1:3	με οὐκ	2	consecutive enclitics	δέ	ἔγνω	\vs{3}Ἔγνω βοῦς τὸν κτησάμενον, καὶ ὄνος τὴν φάτνην τοῦ κυρίου αὐτοῦ· Ἰσραὴλ δέ με οὐκ ἔγνω, καὶ ὁ λαός με οὐ συνῆκεν.
22437	ΗΣΑΙΑΣ 1:3	με οὐ	2	consecutive enclitics	λαός	συνῆκεν	\vs{3}Ἔγνω βοῦς τὸν κτησάμενον, καὶ ὄνος τὴν φάτνην τοῦ κυρίου αὐτοῦ· Ἰσραὴλ δέ με οὐκ ἔγνω, καὶ ὁ λαός με οὐ συνῆκεν.
22448	ΗΣΑΙΑΣ 1:12	μου οὐ	2	consecutive enclitics	αὐλήν	προσθήσεθε	\vs{12}οὐδʼ ἂν ἔρχησθε ὀφθῆναί μοι· τίς γὰρ ἐξεζήτησε ταῦτα ἐκ τῶν χειρῶν ὑμῶν; πατεῖν τὴν αὐλήν μου οὐ προσθήσεθε.
22449	ΗΣΑΙΑΣ 1:13	μοι ἐστι	2	consecutive enclitics	βδέλυγμά	τὰς	\vs{13}Ἐὰν φέρητε σεμίδαλιν, μάταιον θυμίαμα, βδέλυγμά μοι ἐστι· τὰς νουμηνίας ὑμῶν, καὶ τὰ σάββατα, καὶ ἡμέραν μεγάλην οὐκ ἀνέχομαι· νηστείαν, καὶ ἀργίαν,
22450	ΗΣΑΙΑΣ 1:14	μοι εἰς	2	consecutive enclitics	ἐγενήθητέ	πλησμονὴν	\vs{14}καὶ τὰς νουμηνίας ὑμῶν, καὶ τὰς ἑορτὰς ὑμῶν μισεῖ ἡ ψυχή μου· ἐγενήθητέ μοι εἰς πλησμονὴν, οὐκέτι ἀνήσω τὰς ἁμαρτίας ὑμῶν.
22451	ΗΣΑΙΑΣ 1:15	μου ἀφ	2	consecutive enclitics	ὀφθαλμούς	ὑμῶν	\vs{15}Ὅταν ἐκτείνητε τὰς χεῖρας, ἀποστρέψω τοὺς ὀφθαλμούς μου ἀφʼ ὑμῶν· καὶ ἐὰν πληθύνητε τὴν δέησιν, οὐκ εἰσακούσομαι ὑμῶν· αἱ γὰρ χεῖρες ὑμῶν αἵματος πλήρεις.
22464	ΗΣΑΙΑΣ 1:24	μου ὁ	2	consecutive enclitics	γάρ	θυμὸς	\vs{24}Διατοῦτο τάδε λέγει Κύριος ὁ δεσπότης σαβαὼθ, οὐαὶ οἱ ἰσχύοντες Ἰσραήλ· οὐ παύσεται γάρ μου ὁ θυμὸς ἐν τοῖς ὑπεναντίοις, καὶ κρίσιν ἐκ τῶν ἐχθρῶν μου ποιήσω.
22466	ΗΣΑΙΑΣ 1:26	σου ὡς	2	consecutive enclitics	κριτάς	τὸ	\vs{26}Καὶ ἐπιστήσω τοὺς κριτάς σου ὡς τὸ πρότερον, καὶ τοὺς συμβούλους σου ὡς τὸ ἀπʼ ἀρχῆς· καὶ μετὰ ταῦτα κληθήσῃ πόλις δικαιοσύνης, μητρόπολις πιστὴ Σιών·
22466	ΗΣΑΙΑΣ 1:26	σου ὡς	2	consecutive enclitics	συμβούλους	τὸ	\vs{26}Καὶ ἐπιστήσω τοὺς κριτάς σου ὡς τὸ πρότερον, καὶ τοὺς συμβούλους σου ὡς τὸ ἀπʼ ἀρχῆς· καὶ μετὰ ταῦτα κληθήσῃ πόλις δικαιοσύνης, μητρόπολις πιστὴ Σιών·
22481	ΗΣΑΙΑΣ 2:6	ὡς ἡ	2	consecutive enclitics	κληδονισμῶν	τῶν	\vs{6}Ἀνῆκεν γὰρ τὸν λαὸν αὐτοῦ τὸν οἶκον τοῦ Ἰσραήλ· ὅτι ἐνεπλήσθη ὡς τὸ ἀπʼ ἀρχῆς ἡ χώρα αὐτῶν κληδονισμῶν, ὡς ἡ τῶν ἀλλοφύλων, καὶ τέκνα πολλὰ ἀλλόφυλα ἐγενήθη αὐτοῖς.
22507	ΗΣΑΙΑΣ 3:7	ἐστιν ἐν	2	consecutive enclitics	γάρ	τῷ	\vs{7}Καὶ ἀποκριθεὶς ἐν τῇ ἡμέρᾳ ἐκείνῃ ἐρεῖ, οὐκ ἔσομαί σου ἀρχηγός· οὐ γάρ ἐστιν ἐν τῷ οἴκῳ μου ἄρτος, οὐδὲ ἱμάτιον· οὐκ ἔσομαι ἀρχηγὸς τοῦ λαοῦ τούτου.
22512	ΗΣΑΙΑΣ 3:12	μου οἱ	2	consecutive enclitics	Λαός	πράκτορες	\vs{12}Λαός μου, οἱ πράκτορες ὑμῶν καλαμῶνται ὑμᾶς, καὶ οἱ ἀπαιτοῦντες κυριεύουσιν ὑμῶν· λαός μου, οἱ μακαρίζοντες ὑμᾶς πλανῶσιν ὑμᾶς, καὶ τὸν τρίβον τῶν ποδῶν ὑμῶν ταράσσουσιν.
22512	ΗΣΑΙΑΣ 3:12	μου οἱ	2	consecutive enclitics	λαός	μακαρίζοντες	\vs{12}Λαός μου, οἱ πράκτορες ὑμῶν καλαμῶνται ὑμᾶς, καὶ οἱ ἀπαιτοῦντες κυριεύουσιν ὑμῶν· λαός μου, οἱ μακαρίζοντες ὑμᾶς πλανῶσιν ὑμᾶς, καὶ τὸν τρίβον τῶν ποδῶν ὑμῶν ταράσσουσιν.
22527	ΗΣΑΙΑΣ 3:25	σου ὁ	2	consecutive enclitics	υἱός	κάλλιστος	\vs{25}Καὶ ὁ υἱός σου ὁ κάλλιστος ὃν ἀγαπᾷς, μαχαίρᾳ πεσεῖται· καὶ οἱ ἰσχύοντες ὑμῶν, μαχαίρᾳ πεσοῦνται, καὶ ταπεινωθήσονται·
22547	ΗΣΑΙΑΣ 5:6	ὡς εἰς	2	consecutive enclitics	αὐτὸν	χέρσον	\vs{6}Καὶ ἀνήσω τὸν ἀμπελῶνά μου, καὶ οὐ τμηθῇ, οὐδὲ μὴ σκαφῇ· καὶ ἀναβήσονται εἰς αὐτὸν, ὡς εἰς χέρσον ἄκανθαι· καὶ ταῖς νεφέλαις ἐντελοῦμαι, τοῦ μὴ βρέξαι εἰς αὐτὸν ὑετόν.
22605	ΗΣΑΙΑΣ 7:8	ἀλλ ἡ	2	consecutive enclitics		κεφαλὴ	\vs{8}ἀλλʼ ἡ κεφαλὴ Ἀρὰμ, Δαμασκὸς, καὶ ἡ κεφαλὴ Δαμασκοῦ, Ῥασίμ· ἀλλʼ ἔτι ἐξήκοντα καὶ πέντε ἐτῶν ἐκλείψει ἡ βασιλεία Ἐφραίμ ἀπὸ λαοῦ,
22609	ΗΣΑΙΑΣ 7:11	σου εἰς	2	consecutive enclitics	Θεοῦ	βάθος	\vs{11}αἴτησαι σεαυτῷ σημεῖον παρὰ Κυρίου Θεοῦ σου εἰς βάθος, ἢ εἰς ὕψος.
22617	ΗΣΑΙΑΣ 7:18	ἐστιν ἐν	2	consecutive enclitics	ἥ	χώρᾳ	\vs{18}Καὶ ἔσται ἐν τῇ ἡμέρᾳ ἐκείνῃ συριεῖ Κύριος μυίαις, ὃ κυριεύσει μέρος ποταμοῦ Αἰγύπτου, καὶ τῇ μελίσσῃ, ἥ ἐστιν ἐν χώρᾳ Ἀσσυρίων·
22636	ΗΣΑΙΑΣ 8:8	σου μεθ	2	consecutive enclitics	χώρας	ἡμῶν	\vs{8}καὶ ἀφελεῖ ἀπὸ τῆς Ιουδαίας ἄνθρωπον, ὃς δυνήσεται κεφαλὴν ἆραι, ἢ δυνατὸν συντελέσασθαί τι· καὶ ἔσται ἡ παρεμβολὴ αὐτοῦ ὥστε πληρῶσαι τὸ πλάτος τῆς χώρας σου, μεθʼ ἡμῶν ὁ Θεός.
22643	ΗΣΑΙΑΣ 8:14	σοι εἰς	2	consecutive enclitics	ἔσται	ἁγίασμα	\vs{14}κᾂν ἐπʼ αὐτῷ πεποιθὼς ᾖς, ἔσται σοι εἰς ἁγίασμα, καὶ οὐχ ὡς λίθου προσκόμματι συναντήσεσθε, οὐδὲ ὡς πέτρας πτώματι· οἱ δὲ οἶκοι Ἰακὼβ ἐν παγίδι, καὶ ἐν κοιλάσματι ἐγκαθήμενοι ἐν Ἱερουσαλήμ.
22643	ΗΣΑΙΑΣ 8:14	οὐχ ὡς	2	consecutive enclitics	καὶ	λίθου	\vs{14}κᾂν ἐπʼ αὐτῷ πεποιθὼς ᾖς, ἔσται σοι εἰς ἁγίασμα, καὶ οὐχ ὡς λίθου προσκόμματι συναντήσεσθε, οὐδὲ ὡς πέτρας πτώματι· οἱ δὲ οἶκοι Ἰακὼβ ἐν παγίδι, καὶ ἐν κοιλάσματι ἐγκαθήμενοι ἐν Ἱερουσαλήμ.
22651	ΗΣΑΙΑΣ 8:20	οὐχ ὡς	2	consecutive enclitics	εἴπωσιν	τὸ	\vs{20}Νόμον γὰρ εἰς βοήθειαν ἔδωκεν, ἵνα εἴπωσιν οὐχ ὡς τὸ ῥῆμα τοῦτο, περὶ οὗ οὐκ ἔστι δῶρα δοῦναι περὶ αὐτοῦ.
22654	ΗΣΑΙΑΣ 8:22	ὁ ἐν	2	consecutive enclitics	ἀπορηθήσεται	στενοχωρίᾳ	\vs{22}καὶ εἰς τὴν γῆν κάτω ἐμβλέψονται· καὶ ἰδοὺ ἀπορία στενὴ, καὶ σκότος, θλίψις, καὶ στενοχωρία, καὶ σκότος ὥστε μὴ βλέπειν· καὶ οὐκ ἀπορηθήσεται ὁ ἐν στενοχωρίᾳ ὢν ἕως καιροῦ.
22661	ΗΣΑΙΑΣ 9:3	ὁ ἐπ	2	consecutive enclitics	ζυγὸς	αὐτῶν	\vs{3}Διότι ἀφῄρηται ὁ ζυγὸς ὁ ἐπʼ αὐτῶν κείμενος, καὶ ἡ ῥάβδος ἡ ἐπὶ τοῦ τραχήλου αὐτῶν· τὴν γὰρ ῥάβδον τῶν ἀπαιτούντων διεσκέδασεν, ὡς τῇ ἡμέρᾳ τῇ ἐπὶ Μαδιάμ.
22691	ΗΣΑΙΑΣ 10:5	ἐστιν ἐν	2	consecutive enclitics	ὀργή	ταῖς	\vs{5}Οὐαὶ Ἀσσυρίοις, ἡ ῥάβδος τοῦ θυμοῦ μου, καὶ ὀργή ἐστιν ἐν ταῖς χερσὶν αὐτῶν.
22692	ΗΣΑΙΑΣ 10:6	μου εἰς	2	consecutive enclitics	ὀργήν	ἔθνος	\vs{6}Τὴν ὀργήν μου εἰς ἔθνος ἄνομον ἀποστελῶ, καὶ τῷ ἐμῷ λαῷ συντάξω ποιῆσαι σκῦλα καὶ προνομήν, καὶ καταπατεῖν τὰς πόλεις, καὶ θεῖναι αὐτὰς εἰς κονιορτόν.
22704	ΗΣΑΙΑΣ 10:18	ὡς ὁ	2	consecutive enclitics	φεύγων	φεύγων	\vs{18}τῇ ἡμέρᾳ ἐκείνῃ ἀποσβεσθήσεται τὰ ὄρη, καὶ οἱ βουνοὶ, καὶ οἱ δρυμοὶ, καὶ καταφάγεται ἀπὸ ψυχὴς ἕως σαρκῶν· καὶ ἔσται ὁ φεύγων, ὡς ὁ φεύγων ἀπὸ φλογὸς καιομένης.
22709	ΗΣΑΙΑΣ 10:22	ὡς ἡ	2	consecutive enclitics	Ἰσραὴλ	ἄμμος	\vs{22}Καὶ ἐὰν γένηται ὁ λαὸς Ἰσραὴλ ὡς ἡ ἄμμος τῆς θαλάσσης, τὸ κατάλειμμα αὐτῶν σωθήσεται.
22712	ΗΣΑΙΑΣ 10:24	μου οἱ	2	consecutive enclitics	λαός	κατοικοῦντες	\vs{24}Διατοῦτο τάδε λέγει Κύριος σαβαὼθ, μὴ φοβοῦ ὁ λαός μου, οἱ κατοικοῦντες ἐν Σιὼν, ἀπὸ Ἀσσυρίων, ὅτι ἐν ῥάβδῳ πατάξει σε· πληγὴν γὰρ ἐπάγω ἐπὶ σὲ, τοῦ ἰδεῖν ὁδὸν Αἰγύπτου.
22722	ΗΣΑΙΑΣ 10:32	οἱ ἐν	2	consecutive enclitics	βουνοὶ	Ἱερουσαλήμ	\vs{32}Παρακαλεῖτε σήμερον ἐν ὁδῷ τοῦ μεῖναι, τῇ χειρὶ παρακαλεῖτε τὸ ὄρος τὴν θυγατέρα Σιὼν, καὶ οἱ βουνοὶ οἱ ἐν Ἱερουσαλήμ.
22745	ΗΣΑΙΑΣ 11:16	ὡς ἡ	2	consecutive enclitics	Ἰσραὴλ	ἡμέρα	\vs{16}Καὶ ἔσται δίοδος τῷ καταλειφθέντι μου λαῷ ἐν Αἰγύπτῳ· καὶ ἔσται τῷ Ἰσραὴλ, ὡς ἡ ἡμέρα ὅτε ἐξῆλθεν ἐκ γῆς Αἰγύπτου.
22749	ΗΣΑΙΑΣ 12:2	μοι εἰς	2	consecutive enclitics	ἐγένετό	σωτηρίαν	\vs{2}Ἰδοὺ ὁ Θεός μου σωτήρ μου, πεποιθὼς ἔσομαι ἐπʼ αὐτῷ, καὶ οὐ φοβηθήσομαι· διότι ἡ δόξα μου καὶ ἡ αἴνεσίς μου Κύριος, καὶ ἐγένετό μοι εἰς σωτηρίαν.
22769	ΗΣΑΙΑΣ 13:12	ὁ ἐν	2	consecutive enclitics	λίθος	Σουφείρ	\vs{12}Καὶ ἔσονται οἱ καταλελειμμένοι ἔντιμοι μᾶλλον ἢ τὸ χρυσίον τὸ ἄπυρον· καὶ ἄνθρωπος μᾶλλον ἔντιμος ἔσται ἢ ὁ λίθος ὁ ἐν Σουφείρ.
22796	ΗΣΑΙΑΣ 14:11	σου ἡ	2	consecutive enclitics	δόξα	πολλὴ	\vs{11}Κατέβη εἰς ᾅδου ἡ δόξα σου, ἡ πολλὴ εὐφροσύνη σου· ὑποκάτω σου στρώσουσι σῆψιν, καὶ τὸ κατακάλυμμά σου σκώληξ.
22798	ΗΣΑΙΑΣ 14:13	σου εἰς	2	consecutive enclitics	διανοίᾳ	τὸν	\vs{13}Σὺ δὲ εἶπας ἐν τῇ διανοίᾳ σου, εἰς τὸν οὐρανὸν ἀναβήσομαι, ἐπάνω τῶν ἀστέρων τοῦ οὐρανοῦ θήσω τὸν θρόνον μου, καθιῶ ἐν ὄρει ὑψηλῷ, ἐπὶ τὰ ὄρη τὰ ὑψηλὰ τὰ πρὸς Βοῤῥᾶν,
22839	ΗΣΑΙΑΣ 16:4	σοι οἱ	2	consecutive enclitics	παροικήσουσί	φυγάδες	\vs{4}παροικήσουσί σοι οἱ φυγάδες Μωάβ· ἔσονται σκέπη ὑμῖν ἀπὸ προσώπου διώκοντος, ὅτι ἤρθη ἡ συμμαχία σου, καὶ ὁ ἄρχων ἀπώλετο ὁ καταπατῶν ἀπὸ τῆς γῆς.
22842	ΗΣΑΙΑΣ 16:6	σου οὐχ	2	consecutive enclitics	μαντεία	οὕτως	\vs{6}Ἠκούσαμεν τὴν ὕβριν Μωὰβ, ὑβριστὴς σφόδρα τὴν ὑπερηφανίαν ἐξῇρα· οὐχ οὕτως ἡ μαντεία σου, οὐχ οὕτως.
22847	ΗΣΑΙΑΣ 16:10	σου οὐ	2	consecutive enclitics	ἀμπελῶσί	μὴ	\vs{10}Καὶ ἀρθήσεται εὐφροσύνη καὶ ἀγαλλίαμα ἐκ τῶν ἀμπελώνων, καὶ ἐν τοῖς ἀμπελῶσί σου οὐ μὴ εὐφρανθήσονται, καὶ οὐ μὴ πατήσουσιν οἶνον εἰς τὰ ὑπολήνια, πέπαυται γάρ.
22848	ΗΣΑΙΑΣ 16:11	μου ὡς	2	consecutive enclitics	ἐντός	τεῖχος	\vs{11}Διατοῦτο ἡ κοιλία μου ἐπὶ Μωὰβ ὡς κιθάρα ἠχήσει, καὶ τὰ ἐντός μου ὡς τεῖχος ἐνεκαίνισας.
22868	ΗΣΑΙΑΣ 17:10	σου οὐκ	2	consecutive enclitics	βοηθοῦ	ἐμνήσθης	\vs{10}διότι κατέλιπες τὸν Θεὸν τὸν σωτῆρά σου, καὶ Κυρίου τοῦ βοηθοῦ σου οὐκ ἐμνήσθης· διατοῦτο φυτεύσεις φύτευμα ἄπιστον, καὶ σπέρμα ἄπιστον.
22883	ΗΣΑΙΑΣ 18:7	ἐστιν ἐν	2	consecutive enclitics	ὅ	μέρει	\vs{7}Ἐν τῷ καιρῷ ἐκείνῳ ἀνενεχθήσεται δῶρα Κυρίῳ σαβαὼθ ἐκ λαοῦ τεθλιμμένου καὶ τετιλμένου, καὶ ἀπὸ λαοῦ μεγάλου ἀπὸ τοῦ νῦν καὶ εἰς τὸν αἰῶνα χρόνον· ἔθνος ἐλπίζον καὶ καταπεπατημένον, ὅ ἐστιν ἐν μέρει ποταμοῦ τῆς χώρας αὐτοῦ, εἰς τὸν τόπον οὗ τὸ ὄνομα Κυρίου σαβαὼθ, ὄρος Σιών.
22913	ΗΣΑΙΑΣ 19:25	ὁ ἐν	2	consecutive enclitics	καὶ	Ἀσσυρίοις	\vs{25}ἣν εὐλόγησε Κύριος σαβαὼθ, λέγων, εὐλογημένος ὁ λαός μου ὁ ἐν Αἰγύπτῳ, καὶ ὁ ἐν Ἀσσυρίοις, καὶ ἡ κληρονομία μου Ἰσραήλ.
22927	ΗΣΑΙΑΣ 21:2	μοι ὁ	2	consecutive enclitics	ἀνηγγέλη	ἀθετῶν	\vs{2}τὸ ὅραμα, καὶ σκληρὸν ἀνηγγέλη μοι· ὁ ἀθετῶν ἀθετεῖ, ὁ ἀνομῶν ἀνομεῖ· ἐπʼ ἐμοὶ οἱ Ἐλαμῖται, καὶ οἱ πρέσβεις τῶν Περσῶν ἐπʼ ἐμὲ ἔρχονται· νῦν στενάξω καὶ παρακαλέσω ἐμαυτόν.
22928	ΗΣΑΙΑΣ 21:3	με ὡς	2	consecutive enclitics	ἔλαβόν	τὴν	\vs{3}Διατοῦτο ἐνεπλήσθη ἡ ὀσφύς μου ἐκλύσεως, καὶ ὠδῖνες ἔλαβόν με ὡς τὴν τίκτουσαν· ἠδίκησα τοῦ μὴ ἀκοῦσαι, ἐσπούδασα τοῦ μὴ βλέπειν.
22952	ΗΣΑΙΑΣ 22:2	σου οὐ	2	consecutive enclitics	τραυματίαι	τραυματίαι	\vs{2}Ἐνεπλήσθη ἡ πόλις βοώντων, οἱ τραυματίαι σου οὐ τραυματίαι ἐν μαχαίραις, οὐδὲ οἱ νεκροί σου νεκροὶ πολέμων.
22964	ΗΣΑΙΑΣ 22:14	ἐστιν ἐν	2	consecutive enclitics	ταῦτά	τοῖς	\vs{14}Καὶ ἀνακεκαλυμμένα ταῦτά ἐστιν ἐν τοῖς ὠσὶ Κυρίου σαβαὼθ, ὅτι οὐκ ἀφεθήσεται ὑμῖν αὕτη ἡ ἁμαρτία, ἕως ἂν ἀποθάνητε.
22969	ΗΣΑΙΑΣ 22:18	σε εἰς	2	consecutive enclitics	ῥίψει	χώραν	\vs{18}καὶ ῥίψει σε εἰς χώραν μεγάλην καὶ ἀμέτρητον, καὶ ἐκεῖ ἀποθανῇ· καὶ θήσει τὸ ἅρμα σου τὸ καλὸν εἰς ἀτιμίαν, καὶ τὸν οἶκον τοῦ ἄρχοντός σου εἰς καταπάτημα.
22969	ΗΣΑΙΑΣ 22:18	σου εἰς	2	consecutive enclitics	ἄρχοντός	καταπάτημα	\vs{18}καὶ ῥίψει σε εἰς χώραν μεγάλην καὶ ἀμέτρητον, καὶ ἐκεῖ ἀποθανῇ· καὶ θήσει τὸ ἅρμα σου τὸ καλὸν εἰς ἀτιμίαν, καὶ τὸν οἶκον τοῦ ἄρχοντός σου εἰς καταπάτημα.
22976	ΗΣΑΙΑΣ 22:25	ἡ ἐπ	2	consecutive enclitics	δόξα	αὐτόν	\vs{25}τῇ ἡμέρᾳ ἐκείνῃ· τάδε λέγει Κύριος σαβαὼθ, κινηθήσεται ὁ ἄνθρωπος ὁ ἐστηριγμένος ἐν τόπῳ πιστῷ, καὶ ἀφαιρεθήσεται, καὶ πεσεῖται, καὶ ἐξολεθρευθήσεται ἡ δόξα ἡ ἐπʼ αὐτόν, ὅτι Κύριος ἐλάλησεν.
23004	ΗΣΑΙΑΣ 24:2	ὡς ὁ	2	consecutive enclitics	παῖς	κύριος	\vs{2}Καὶ ἔσται ὁ λαὸς ὡς ἱερεύς, καὶ ὁ παῖς ὡς ὁ κύριος, καὶ ἡ θεράπαινα ὡς ἡ κυρία· ἔσται ὁ ἀγοράζων ὡς ὁ πωλῶν, ὁ δανείζων ὡς ὁ δανειζόμενος, καὶ ὁ ὀφείλων ὡς ᾧ ὀφείλει.
23004	ΗΣΑΙΑΣ 24:2	ὡς ἡ	2	consecutive enclitics	θεράπαινα	κυρία	\vs{2}Καὶ ἔσται ὁ λαὸς ὡς ἱερεύς, καὶ ὁ παῖς ὡς ὁ κύριος, καὶ ἡ θεράπαινα ὡς ἡ κυρία· ἔσται ὁ ἀγοράζων ὡς ὁ πωλῶν, ὁ δανείζων ὡς ὁ δανειζόμενος, καὶ ὁ ὀφείλων ὡς ᾧ ὀφείλει.
23004	ΗΣΑΙΑΣ 24:2	ὡς ὁ	2	consecutive enclitics	ἀγοράζων	πωλῶν	\vs{2}Καὶ ἔσται ὁ λαὸς ὡς ἱερεύς, καὶ ὁ παῖς ὡς ὁ κύριος, καὶ ἡ θεράπαινα ὡς ἡ κυρία· ἔσται ὁ ἀγοράζων ὡς ὁ πωλῶν, ὁ δανείζων ὡς ὁ δανειζόμενος, καὶ ὁ ὀφείλων ὡς ᾧ ὀφείλει.
23004	ΗΣΑΙΑΣ 24:2	ὡς ὁ	2	consecutive enclitics	δανείζων	δανειζόμενος	\vs{2}Καὶ ἔσται ὁ λαὸς ὡς ἱερεύς, καὶ ὁ παῖς ὡς ὁ κύριος, καὶ ἡ θεράπαινα ὡς ἡ κυρία· ἔσται ὁ ἀγοράζων ὡς ὁ πωλῶν, ὁ δανείζων ὡς ὁ δανειζόμενος, καὶ ὁ ὀφείλων ὡς ᾧ ὀφείλει.
23025	ΗΣΑΙΑΣ 24:20	ὡς ὁ	2	consecutive enclitics	Ἔκλινεν	μεθύων	\vs{20}Ἔκλινεν ὡς ὁ μεθύων καὶ κραιπαλῶν, καὶ σεισθήσεται ὡς ὀπωροφυλάκιον ἡ γῆ· κατίσχυσεν γὰρ ἐπʼ αὐτῆς ἡ ἀνομία, καὶ πεσεῖται, καὶ οὐ μὴ δύνηται ἀναστῆναι.
23034	ΗΣΑΙΑΣ 25:3	σε ὁ	2	consecutive enclitics	εὐλογήσει	λαὸς	\vs{3}Διατοῦτο εὐλογήσει σε ὁ λαὸς ὁ πτωχὸς, καὶ πόλεις ἀνθρώπων ἀδικουμένων εὐλογήσουσί σε.
23059	ΗΣΑΙΑΣ 26:11	σου ὁ	2	consecutive enclitics	ὑψηλός	βραχίων	\vs{11}Κύριε ὑψηλός σου ὁ βραχίων, καὶ οὐκ ᾔδεισαν, γνόντες δὲ αἰσχυνθήσονται· ζῆλος λήψεται λαὸν ἀπαίδευτον, καὶ νῦν πῦρ τοὺς ὑπεναντίους ἔδεται.
23066	ΗΣΑΙΑΣ 26:16	σου ἐν	2	consecutive enclitics	ἐμνήσθην	θλίψει	\vs{16}Κύριε, ἐν θλίψει ἐμνήσθην σου, ἐν θλίψει μικρᾷ ἡ παιδεία σου ἡμῖν.
23067	ΗΣΑΙΑΣ 26:17	ὡς ἡ	2	consecutive enclitics	Καὶ	ὠδίνουσα	\vs{17}Καὶ ὡς ἡ ὠδίνουσα ἐγγίζει τεκεῖν, ἐπὶ τῇ ὠδῖνι αὐτῆς ἐκέκραξεν, οὕτως ἐγενήθημεν τῷ ἀγαπητῷ σου.
23069	ΗΣΑΙΑΣ 26:19	οἱ ἐν	2	consecutive enclitics	ἐγερθήσονται	τοῖς	\vs{19}Ἀναστήσονται οἱ νεκροὶ, καὶ ἐγερθήσονται οἱ ἐν τοῖς μνημείοις, καὶ εὐφρανθήσονται οἱ ἐν τῇ γῇ· ἡ γὰρ δρόσος ἡ παρὰ σοῦ ἴαμα αὐτοῖς ἐστιν, ἡ δὲ γῆ τῶν ἀσεβῶν πεσεῖται.
23069	ΗΣΑΙΑΣ 26:19	οἱ ἐν	2	consecutive enclitics	εὐφρανθήσονται	τῇ	\vs{19}Ἀναστήσονται οἱ νεκροὶ, καὶ ἐγερθήσονται οἱ ἐν τοῖς μνημείοις, καὶ εὐφρανθήσονται οἱ ἐν τῇ γῇ· ἡ γὰρ δρόσος ἡ παρὰ σοῦ ἴαμα αὐτοῖς ἐστιν, ἡ δὲ γῆ τῶν ἀσεβῶν πεσεῖται.
23069	ΗΣΑΙΑΣ 26:19	ἐστιν ἡ	2	consecutive enclitics	αὐτοῖς	δὲ	\vs{19}Ἀναστήσονται οἱ νεκροὶ, καὶ ἐγερθήσονται οἱ ἐν τοῖς μνημείοις, καὶ εὐφρανθήσονται οἱ ἐν τῇ γῇ· ἡ γὰρ δρόσος ἡ παρὰ σοῦ ἴαμα αὐτοῖς ἐστιν, ἡ δὲ γῆ τῶν ἀσεβῶν πεσεῖται.
23083	ΗΣΑΙΑΣ 27:9	ἐστιν ἡ	2	consecutive enclitics	τοῦτό	εὐλογία	\vs{9}Διατοῦτο ἀφαιρεθήσεται ἀνομία Ἰακὼβ, καὶ τοῦτό ἐστιν ἡ εὐλογία αὐτοῦ, ὅταν ἀφέλωμαι τὴν ἁμαρτίαν αὐτοῦ, ὅταν θῶσι πάντας τοὺς λίθους τῶν βωμῶν κατακεκομμένους, ὡς κονίαν λεπτήν· καὶ οὐ μὴ μείνῃ τὰ δένδρα αὐτῶν, καὶ τὰ εἴδωλα αὐτῶν ἐκκεκομμένα, ὥσπερ δρυμὸς μακράν.
23112	ΗΣΑΙΑΣ 28:17	μου εἰς	2	consecutive enclitics	ἐλεημοσύνη	σταθμούς	\vs{17}Καὶ θήσω κρίσιν εἰς ἐλπίδα, ἡ δὲ ἐλεημοσύνη μου εἰς σταθμούς, καὶ οἱ πεποιθότες μάτην ψεύδει· ὅτι οὐ μὴ παρέλθῃ ὑμᾶς καταιγίς,
23132	ΗΣΑΙΑΣ 29:4	ὡς οἱ	2	consecutive enclitics	ἔσονται	φωνοῦντες	\vs{4}καὶ ταπεινωθήσονται εἰς τὴν γῆν οἱ λόγοι σου, καὶ εἰς τὴν γῆν οἱ λόγοι σου δύσονται· καὶ ἔσονται ὡς οἱ φωνοῦντες ἐκ τῆς γῆς ἡ φωνή σου, καὶ πρὸς τὸ ἔδαφος ἡ φωνή σου ἀσθενήσει.
23136	ΗΣΑΙΑΣ 29:8	ὡς ὁ	2	consecutive enclitics	διψῶν	πίνων	\vs{8}Καὶ ὡς οἱ ἐν τῷ ὕπνῳ πίνοντες καὶ ἔσθοντες, καὶ ἐξαναστάντων, μάταιον τὸ ἐνύπνιον· καὶ ὃν τρόπον ἐνυπνιάζεται ὁ διψῶν ὡς ὁ πίνων, καὶ ἐξαναστὰς ἔτι διψᾷ, ἡ δὲ ψυχὴ αὐτοῦ εἰς κενὸν ἤλπισεν· οὕτως ἔσται ὁ πλοῦτος τῶν ἐθνῶν πάντων, ὅσοι ἐπεστράτευσαν ἐπὶ τὸ ὄρος Σιών.
23140	ΗΣΑΙΑΣ 29:11	ὡς οἱ	2	consecutive enclitics	ταῦτα	λόγοι	\vs{11}Καὶ ἔσται ὑμῖν τὰ ῥήματα πάντα ταῦτα, ὡς οἱ λόγοι τοῦ βιβλίου τοῦ ἐσφραγισμένου τούτου, ὃ ἐὰν δῶσιν αὐτὸ ἀνθρώπῳ ἐπισταμένῳ γράμματα, λέγοντες, ἀνάγνωθι ταῦτα· καὶ ἐρεῖ, οὐ δύναμαι ἀναγνῶναι, ἐσφράγισται γάρ.
23143	ΗΣΑΙΑΣ 29:13	μοι ὁ	2	consecutive enclitics	ἐγγίζει	λαὸς	\vs{13}Καὶ εἶπε Κύριος, ἐγγίζει μοι ὁ λαὸς οὗτος ἐν τῷ στόματι αὐτοῦ, καὶ ἐν τοῖς χείλεσιν αὐτῶν τιμῶσί με, ἡ δὲ καρδία αὐτῶν πόῤῥω ἀπέχει ἀπʼ ἐμοῦ· μάτην δὲ σέβονταί με, διδάσκοντες ἐντάλματα ἀνθρώπων καὶ διδασκαλίας.
23143	ΗΣΑΙΑΣ 29:13	με ἡ	2	consecutive enclitics	τιμῶσί	δὲ	\vs{13}Καὶ εἶπε Κύριος, ἐγγίζει μοι ὁ λαὸς οὗτος ἐν τῷ στόματι αὐτοῦ, καὶ ἐν τοῖς χείλεσιν αὐτῶν τιμῶσί με, ἡ δὲ καρδία αὐτῶν πόῤῥω ἀπέχει ἀπʼ ἐμοῦ· μάτην δὲ σέβονταί με, διδάσκοντες ἐντάλματα ἀνθρώπων καὶ διδασκαλίας.
23145	ΗΣΑΙΑΣ 29:15	οἱ ἐν	2	consecutive enclitics	οὐαὶ	κρυφῇ	\vs{15}Οὐαὶ οἱ βαθέως βουλὴν ποιοῦντες, καὶ οὐ διὰ Κυρίου· οὐαὶ οἱ ἐν κρυφῇ βουλὴν ποιοῦντες, καὶ ἔσται ἐν σκότει τὰ ἔργα αὐτῶν· καὶ ἐροῦσι, τίς ἑόρακεν ἡμᾶς; καὶ τίς ἡμᾶς γνώσεται, ἢ ἃ ἡμεῖς ποιοῦμεν;
23146	ΗΣΑΙΑΣ 29:16	Οὐχ ὡς	2	consecutive enclitics		πηλὸς	\vs{16}Οὐχ ὡς πηλὸς τοῦ κεραμέως λογισθήσεσθε; μὴ ἐρεῖ τὸ πλάσμα τῷ πλάσαντι αὐτό, οὐ σύ με ἔπλασας; ἢ τὸ ποίημα τῷ ποιήσαντι, οὐ συνετῶς με ἐποίησας;
23148	ΗΣΑΙΑΣ 29:18	οἱ ἐν	2	consecutive enclitics	καὶ	τῷ	\vs{18}Καὶ ἀκούσονται ἐν τῇ ἡμέρᾳ ἐκείνῃ κωφοὶ λόγους βιβλίου, καὶ οἱ ἐν τῷ σκότει, καὶ οἱ ἐν τῇ ὁμίχλῃ· ὀφθαλμοὶ τυφλῶν ὄψονται,
23148	ΗΣΑΙΑΣ 29:18	οἱ ἐν	2	consecutive enclitics	καὶ	τῇ	\vs{18}Καὶ ἀκούσονται ἐν τῇ ἡμέρᾳ ἐκείνῃ κωφοὶ λόγους βιβλίου, καὶ οἱ ἐν τῷ σκότει, καὶ οἱ ἐν τῇ ὁμίχλῃ· ὀφθαλμοὶ τυφλῶν ὄψονται,
23154	ΗΣΑΙΑΣ 29:23	μου δι	2	consecutive enclitics	ἔργα	ἐμὲ	\vs{23}Ἀλλʼ ὅταν ἴδωσιν τὰ τέκνα αὐτῶν τὰ ἔργα μου, διʼ ἐμὲ ἁγιάσουσι τὸ ὄνομά μου, καὶ ἁγιάσουσι τὸν ἅγιον Ἰακὼβ, καὶ τὸν Θεὸν τοῦ Ἰσραὴλ φοβηθήσονται.
23158	ΗΣΑΙΑΣ 30:1	οὐ δι	2	consecutive enclitics	βουλὴν	ἐμοῦ	Οὐαὶ τέκνα ἀποστάται, λέγει Κύριος· ἐποιήσατε βουλὴν οὐ διʼ ἐμοῦ, καὶ συνθήκας οὐ διὰ τοῦ πνεύματός μου, προσθεῖναι ἁμαρτίας ἐφʼ ἁμαρτίας,
23185	ΗΣΑΙΑΣ 30:20	σοι οἱ	2	consecutive enclitics	ἐγγίσωσί	πλανῶντές	\vs{20}Καὶ δώσει Κύριος ὑμῖν ἄρτον θλίψεως, καὶ ὕδωρ στενὸν, καὶ οὐκ ἔτι μὴ ἐγγίσωσί σοι οἱ πλανῶντές σε· ὅτι οἱ ὀφθαλμοί σου ὄψονται τοὺς πλανῶντάς σε,
23202	ΗΣΑΙΑΣ 31:1	οἱ ἐφ	2	consecutive enclitics	βοήθειαν	ἵπποις	Οὐαὶ οἱ καταβαίνοντες εἰς Αἴγυπτον ἐπὶ βοήθειαν, οἱ ἐφʼ ἵπποις πεποιθότες καὶ ἐφʼ ἅρμασιν, ἔστι γὰρ πολλὰ, καὶ ἐφʼ ἵπποις πλῆθος σφόδρα· καὶ οὐκ ἦσαν πεποιθότες ἐπὶ τὸν ἅγιον τοῦ Ἰσραὴλ, καὶ τὸν κύριον οὐκ ἐζήτησαν·
23214	ΗΣΑΙΑΣ 32:2	ὡς ἀφ	2	consecutive enclitics	κρυβήσεται	ὕδατος	\vs{2}Καὶ ἔσται ὁ ἄνθρωπος κρύπτων τοὺς λόγους αὐτοῦ, καὶ κρυβήσεται, ὡς ἀφʼ ὕδατος φερομένου· καὶ φανήσεται ἐν Σειὼν ὡς ποταμὸς φερόμενος ἔνδοξος ἐν γῇ διψώσῃ.
23232	ΗΣΑΙΑΣ 32:19	οὐκ ἐφ	2	consecutive enclitics	καταβῇ	ὑμᾶς	\vs{19}Ἡ δὲ χάλαζα ἐὰν καταβῇ, οὐκ ἐφʼ ὑμᾶς ἥξει· καὶ ἔσονται οἱ ἐνοικοῦντες ἐν τοῖς δρυμοῖς πεποιθότες, ὡς οἱ ἐν τῷ πεδινῇ.
23254	ΗΣΑΙΑΣ 33:14	οἱ ἐν	2	consecutive enclitics	Ἀπέστησαν	Σιὼν	\vs{14}Ἀπέστησαν οἱ ἐν Σιὼν ἄνομοι, λήψεται τρόμος τοὺς ἀσεβεῖς· τίς ἀναγγελεῖ ὑμῖν, ὅτι πῦρ καίεται; τίς ἀναγγελεῖ ὑμῖν τὸν τόπον τὸν αἰώνιον;
23259	ΗΣΑΙΑΣ 33:18	εἰσιν οἱ	2	consecutive enclitics	ποῦ	γραμματικοί	\vs{18}ἡ ψυχὴ ἡμῶν μελετήσει φόβον· ποῦ εἰσιν οἱ γραμματικοί; ποῦ εἰσιν οἱ συμβουλεύοντες; ποῦ ἐστιν ὁ ἀριθμῶν τοὺς τρεφομένους
23259	ΗΣΑΙΑΣ 33:18	εἰσιν οἱ	2	consecutive enclitics	ποῦ	συμβουλεύοντες	\vs{18}ἡ ψυχὴ ἡμῶν μελετήσει φόβον· ποῦ εἰσιν οἱ γραμματικοί; ποῦ εἰσιν οἱ συμβουλεύοντες; ποῦ ἐστιν ὁ ἀριθμῶν τοὺς τρεφομένους
23259	ΗΣΑΙΑΣ 33:18	ἐστιν ὁ	2	consecutive enclitics	ποῦ	ἀριθμῶν	\vs{18}ἡ ψυχὴ ἡμῶν μελετήσει φόβον· ποῦ εἰσιν οἱ γραμματικοί; ποῦ εἰσιν οἱ συμβουλεύοντες; ποῦ ἐστιν ὁ ἀριθμῶν τοὺς τρεφομένους
23270	ΗΣΑΙΑΣ 34:1	οἱ ἐν	2	consecutive enclitics	καὶ	αὐτῇ	Προσαγάγετε ἔθνη, καὶ ἀκούσατε ἄρχοντες· ἀκουσάτω ἡ γῆ, καὶ οἱ ἐν αὐτῇ, ἡ οἰκουμένη, καὶ ὁ λαὸς ὁ ἐν αὐτῇ.
23270	ΗΣΑΙΑΣ 34:1	ὁ ἐν	2	consecutive enclitics	λαὸς	αὐτῇ	Προσαγάγετε ἔθνη, καὶ ἀκούσατε ἄρχοντες· ἀκουσάτω ἡ γῆ, καὶ οἱ ἐν αὐτῇ, ἡ οἰκουμένη, καὶ ὁ λαὸς ὁ ἐν αὐτῇ.
23275	ΗΣΑΙΑΣ 34:5	μου ἐν	2	consecutive enclitics	μάχαιρὰ	τῷ	\vs{5}Ἐμεθύσθη ἡ μάχαιρὰ μου ἐν τῷ οὐρανῷ· ἰδοὺ ἐπὶ τὴν Ἰδουμαίαν καταβήσεται, καὶ ἐπὶ τὸν λαὸν τῆς ἀπωλείας μετὰ κρίσεως.
23316	ΗΣΑΙΑΣ 36:12	με ὁ	2	consecutive enclitics	ἀπέσταλκέ	κύριός	\vs{12}Καὶ εἶπε πρὸς αὐτοὺς Ῥαβσάκης, μὴ πρὸς τὸν κύριον ὑμῶν ἢ πρὸς ὑμᾶς ἀπέσταλκέ με ὁ κύριός μου, λαλῆσαι τοὺς λόγους τούτους; οὐχὶ πρὸς τοὺς ἀνθρώπους τοὺς καθημένους ἐπὶ τῷ τείχει, ἵνα φάγωσι κόπρον, καὶ πίωσιν οὖρον μεθʼ ὑμῶν ἅμα;
23322	ΗΣΑΙΑΣ 36:17	ὡς ἡ	2	consecutive enclitics	γῆν	γῆ	\vs{17}ἕως ἂν ἔλθω, καὶ λάβω ὑμᾶς εἰς γῆν, ὡς ἡ γῆ ὑμῶν, γῆ σίτου καὶ οἴνου καὶ ἄρτων καὶ ἀμπελώνων.
23324	ΗΣΑΙΑΣ 36:19	ἐστιν ὁ	2	consecutive enclitics	Ποῦ	θεὸς	\vs{19}Ποῦ ἐστιν ὁ θεὸς Ἐμὰθ καὶ Ἀρφάθ; καὶ ποῦ ὁ θεὸς τῆς πόλεως Ἐπφαρουαίμ; μὴ ἐδύναντο ῥύσασθαι Σαμάρειαν ἐκ χειρός μου;
23338	ΗΣΑΙΑΣ 37:6	με οἱ	2	consecutive enclitics	ὠνείδισάν	πρέσβεις	\vs{6}Καὶ εἶπεν αὐτοῖς Ἡσαΐας, οὕτως ἐρεῖτε πρὸς τὸν κύριον ὑμῶν, τάδε λέγεἱ Κύριος, μὴ φοβηθῇς ἀπὸ τῶν λόγων ὧν ἤκουσας, οὓς ὠνείδισάν με οἱ πρέσβεις βασιλέως Ἀσσυρίων.
23343	ΗΣΑΙΑΣ 37:10	σου ἐφ	2	consecutive enclitics	Θεός	ᾧ	\vs{10}οὕτως ἐρεῖτε Ἐζεκίᾳ βασιλεῖ τῆς Ἰουδαίας, μή σε ἀπατάτω ὁ Θεός σου, ἐφʼ ᾧ πέποιθας ἐπʼ αὐτῷ, λέγων, οὐ μὴ παραδοθῇ Ἱερουσαλὴμ ἐν χειρὶ βασιλέως Ἀσσυρίων.
23346	ΗΣΑΙΑΣ 37:12	εἰσιν ἐν	2	consecutive enclitics	αἵ	χώρᾳ	\vs{12}Μὴ ἐῤῥύσαντο αὐτοὺς οἱ θεοὶ τῶν ἐθνῶν, οὓς ἀπώλεσαν οἱ πατέρες μου, τήν τε Γωζᾶν, καὶ Χαῤῥὰν, καὶ Ῥαφὲθ, αἵ εἰσιν ἐν χώρᾳ Θεεμάθ;
23388	ΗΣΑΙΑΣ 38:8	σου ὁ	2	consecutive enclitics	πατρός	ἥλιος	\vs{8}Ἰδοὺ ἐγὼ στρέφω τὴν σκιὰν τῶν ἀναβαθμῶν οὓς κατέβη τοὺς δέκα ἀναβαθμοὺς τοῦ οἴκου τοῦ πατρός σου ὁ ἥλιος, ἀποστρέψω τὸν ἥλιον τοὺς δέκα ἀναβαθμούς· καὶ ἀνέβη ὁ ἥλιος τοὺς δέκα ἀναβαθμοὺς, οὓς κατέβη ἡ σκιά.
23394	ΗΣΑΙΑΣ 38:12	μου παρ	2	consecutive enclitics	πνεῦμά	ἐμοὶ	\vs{12}Ἐξέλιπεν ἐκ τῆς συγγενείας μου, κατέλιπον τὸ ἐπίλοιπον τῆς ζωῆς μου, ἐξῆλθε καὶ ἀπῆλθεν ἀπʼ ἐμοῦ ὥσπερ ὁ σκηνὴν καταλύων πήξας· ὡς ἱστὸς τὸ πνεῦμά μου παρʼ ἐμοὶ ἐγένετο, ἐρίθου ἐγγιζούσης ἐκτεμεῖν.
23396	ΗΣΑΙΑΣ 38:14	μου οἱ	2	consecutive enclitics	γάρ	ὀφθαλμοὶ	\vs{14}Ὡς χελιδὼν, οὕτω φωνήσω, καὶ ὡς περιστερὰ, οὕτω μελετῶ· ἐξέλιπον γάρ μου οἱ ὀφθαλμοὶ τοῦ βλέπειν εἰς τὸ ὕψος τοῦ οὐρανοῦ πρὸς τὸν Κύριον, ὃς ἐξείλατό με,
23400	ΗΣΑΙΑΣ 38:18	οἱ ἐν	2	consecutive enclitics	γὰρ	ᾅδου	\vs{18}Οὐ γὰρ οἱ ἐν ᾅδου αἰνέσουσί σε, οὐδὲ οἱ ἀποθανόντες εὐλογήσουσί σε, οὐδὲ ἐλπιοῦσιν οἱ ἐν ᾄδου τὴν ἐλεημοσύνην σου.
23400	ΗΣΑΙΑΣ 38:18	οἱ ἐν	2	consecutive enclitics	ἐλπιοῦσιν	ᾄδου	\vs{18}Οὐ γὰρ οἱ ἐν ᾅδου αἰνέσουσί σε, οὐδὲ οἱ ἀποθανόντες εὐλογήσουσί σε, οὐδὲ ἐλπιοῦσιν οἱ ἐν ᾄδου τὴν ἐλεημοσύνην σου.
23430	ΗΣΑΙΑΣ 40:9	σου ὁ	2	consecutive enclitics	φωνήν	εὐαγγελιζόμενος	\vs{9}Ἐπʼ ὄρος ὑψηλὸν ἀνάβηθι ὁ εὐαγγελιζόμενος Σιὼν, ὕψωσον τῇ ἰσχύϊ τὴν φωνήν σου ὁ εὐαγγελιζόμενος Ἱερουσαλήμ· ὑψώσατε, μὴ φοβεῖσθε· εἰπὸν ταῖς πόλεσιν Ἰούδα, ἰδοὺ ὁ Θεὸς ὑμῶν, ἰδοὺ Κύριος·
23470	ΗΣΑΙΑΣ 41:10	εἰμι ὁ	2	consecutive enclitics	γάρ	Θεός	\vs{10}Μὴ φοβοῦ, μετὰ σοῦ γάρ εἰμι, μὴ πλανῶ· ἐγὼ γάρ εἰμι ὁ Θεός σου, ὁ ἐνισχύσας σε, καὶ ἐβοήθησά σοι, καὶ ἠσφαλισάμην σε τῇ δεξιᾷ τῇ δικαίᾳ μου.
23470	ΗΣΑΙΑΣ 41:10	σου ὁ	2	consecutive enclitics	Θεός	ἐνισχύσας	\vs{10}Μὴ φοβοῦ, μετὰ σοῦ γάρ εἰμι, μὴ πλανῶ· ἐγὼ γάρ εἰμι ὁ Θεός σου, ὁ ἐνισχύσας σε, καὶ ἐβοήθησά σοι, καὶ ἠσφαλισάμην σε τῇ δεξιᾷ τῇ δικαίᾳ μου.
23472	ΗΣΑΙΑΣ 41:11	ὡς οὐκ	2	consecutive enclitics	γὰρ	ὄντες	\vs{11}Ἰδοὺ αἰσχυνθήσονται καὶ ἐντραπήσονται πάντες οἱ ἀντικείμενοί σοι· ἔσονται γὰρ ὡς οὐκ ὄντες, καὶ ἀπολοῦνται πάντες οἱ ἀντίδικοί σου.
23473	ΗΣΑΙΑΣ 41:12	ὡς οὐκ	2	consecutive enclitics	γὰρ	ὄντες	\vs{12}Ζητήσεις αὐτοὺς, καὶ οὐ μὴ εὕρῃς τοὺς ἀνθρώπους οἳ παροινήσουσιν εἰς σέ· ἔσονται γὰρ ὡς οὐκ ὄντες, καὶ οὐκ ἔσονται οἱ ἀντιπολεμοῦντές σε·
23474	ΗΣΑΙΑΣ 41:13	σου ὁ	2	consecutive enclitics	Θεός	κρατῶν	\vs{13}Ὅτι ἐγὼ ὁ Θεός σου, ὁ κρατῶν τῆς δεξιᾶς σου, ὁ λέγων σοι,
23474	ΗΣΑΙΑΣ 41:13	σου ὁ	2	consecutive enclitics	δεξιᾶς	λέγων	\vs{13}Ὅτι ἐγὼ ὁ Θεός σου, ὁ κρατῶν τῆς δεξιᾶς σου, ὁ λέγων σοι,
23475	ΗΣΑΙΑΣ 41:14	σου ὁ	2	consecutive enclitics	Θεὸς	λυτρούμενός	\vs{14}μὴ φοβοῦ Ἰακὼβ ὀλιγοστὸς Ἰσραὴλ· ἐγὼ ἐβοήθησά σοι, λέγει ὁ Θεὸς σου, ὁ λυτρούμενός σε Ἰσραήλ.
23476	ΗΣΑΙΑΣ 41:15	σε ὡς	2	consecutive enclitics	ἐποίησά	τροχοὺς	\vs{15}Ἰδοὺ ἐποίησά σε ὡς τροχοὺς ἁμάξης ἀλοῶντας καινοὺς πριστηροειδεῖς, καὶ ἀλοήσεις ὄρη, καὶ λεπτυνεῖς βουνοὺς, καὶ ὡς χνοῦν θήσεις,
23490	ΗΣΑΙΑΣ 41:26	ἐστιν οὐκ	2	consecutive enclitics	ἀληθῆ	ἔστιν	\vs{26}Τίς γὰρ ἀναγγελεῖ τὰ ἐξ ἀρχῆς, ἵνα γνῶμεν καὶ τὰ ἔμπροσθεν, καἰ ἐροῦμεν ὅτι ἀληθῆ ἐστιν; οὐκ ἔστιν ὁ προλέγων, οὐδὲ ὁ ἀκούων ὑμῶν τοὺς λόγους.
23496	ΗΣΑΙΑΣ 42:1	μου ἐπ	2	consecutive enclitics	πνεῦμά	αὐτὸν	Ἰακὼβ ὁ παῖς μου, ἀντιλήψομαι αὐτοῦ· Ἰσραὴλ ὁ ἐκλεκτός μου, προσεδέξατο αὐτὸν ἡ ψυχή μου· ἔδωκα τὸ πνεῦμά μου ἐπʼ αὐτὸν, κρίσιν τοῖς ἔθνεσιν ἐξοίσει.
23502	ΗΣΑΙΑΣ 42:6	σε ἐν	2	consecutive enclitics	ἐκάλεσά	δικαιοσύνῃ	\vs{6}Ἐγὼ Κύριος ὁ Θεὸς ἐκάλεσά σε ἐν δικαιοσύνῃ, καὶ κρατήσω τῆς χειρός σου, καὶ ἐνισχύσω σε, καὶ ἔδωκά σε εἰς διαθήκην γένους, εἰς φῶς ἐθνῶν,
23502	ΗΣΑΙΑΣ 42:6	σε εἰς	2	consecutive enclitics	ἔδωκά	διαθήκην	\vs{6}Ἐγὼ Κύριος ὁ Θεὸς ἐκάλεσά σε ἐν δικαιοσύνῃ, καὶ κρατήσω τῆς χειρός σου, καὶ ἐνισχύσω σε, καὶ ἔδωκά σε εἰς διαθήκην γένους, εἰς φῶς ἐθνῶν,
23513	ΗΣΑΙΑΣ 42:14	ὡς ἡ	2	consecutive enclitics	ἀνέξομαι	τίκτουσα	\vs{14}Ἐσιώπησα, μὴ καὶ ἀεὶ σιωπήσομαι καὶ ἀνέξομαι; ὡς ἡ τίκτουσα ἐκαρτέρησα, ἐκστήσω καὶ ξηρανῶ ἅμα·
23531	ΗΣΑΙΑΣ 43:3	σου ὁ	2	consecutive enclitics	Θεός	ἅγιος	\vs{3}Ὅτι ἐγὼ Κύριος ὁ Θεός σου ὁ ἅγιος Ἰσραὴλ, ὁ σώζων σε· ἐποίησα ἄλλαγμά σου Αἴγυπτον καὶ Αἰθιοπίαν, καὶ Σοήνην ὑπὲρ σοῦ.
23534	ΗΣΑΙΑΣ 43:6	μου ἀπ	2	consecutive enclitics	θυγατέρας	ἄκρων	\vs{6}Ἐρῶ τῷ Βοῤῥᾷ, ἄγε, καὶ τῷ Λιβὶ, μὴ κώλυε· ἄγε τοὺς υἱούς μου ἀπὸ τῆς πόῤῥωθεν, καὶ τὰς θυγατέρας μου ἀπʼ ἄκρων τῆς γῆς,
23535	ΗΣΑΙΑΣ 43:7	μου ἐν	2	consecutive enclitics	ὀνόματί	γὰρ	\vs{7}πάντας ὅσοι ἐπικέκληνται τῷ ὀνόματί μου· ἐν γὰρ τῇ δόξῃ μου κατεσκεύασα αὐτὸν, καὶ ἔπλασα αὐτὸν, καὶ ἐποίησα αὐτὸν,
23540	ΗΣΑΙΑΣ 43:10	μου οὐκ	2	consecutive enclitics	ἔμπροσθέν	ἐγένετο	\vs{10}Γένεσθέ μοι μάρτυρες, καὶ ἐγὼ μάρτυς, λέγει Κύριος ὁ Θεὸς, καὶ ὁ παῖς μου ὃν ἐξελεξάμην, ἵνα γνῶτε καὶ πιστεύσητε, καὶ συνῆτε ὅτι ἐγώ εἰμι· ἔμπροσθέν μου οὐκ ἐγένετο ἄλλος Θεὸς, καὶ μετʼ ἐμὲ οὐκ ἔσται.
23543	ΗΣΑΙΑΣ 43:13	ὁ ἐκ	2	consecutive enclitics	ἔστιν	τῶν	\vs{13}ἔτι ἀπʼ ἀρχῆς, καὶ οὐκ ἔστιν ὁ ἐκ τῶν χειρῶν μου ὁ ἐξαιρούμενος· ποιήσω, καὶ τίς ἀποστρέψει αὐτό;
23543	ΗΣΑΙΑΣ 43:13	μου ὁ	2	consecutive enclitics	χειρῶν	ἐξαιρούμενος	\vs{13}ἔτι ἀπʼ ἀρχῆς, καὶ οὐκ ἔστιν ὁ ἐκ τῶν χειρῶν μου ὁ ἐξαιρούμενος· ποιήσω, καὶ τίς ἀποστρέψει αὐτό;
23557	ΗΣΑΙΑΣ 43:23	με οὐκ	2	consecutive enclitics	ἐδόξασάς	ἐδούλωσά	\vs{23}Οὐκ ἤνεγκάς μοι πρόβατά σου τῆς ὁλοκαρπώσεώς σου, οὐδὲ ἐν ταῖς θυσίαις σου ἐδόξασάς με· οὐκ ἐδούλωσά σε ἐν θυσίαις, οὐδὲ ἔγκοπον ἐποίησά σε ἐν λιβάνῳ,
23557	ΗΣΑΙΑΣ 43:23	σε ἐν	2	consecutive enclitics	ἐδούλωσά	θυσίαις	\vs{23}Οὐκ ἤνεγκάς μοι πρόβατά σου τῆς ὁλοκαρπώσεώς σου, οὐδὲ ἐν ταῖς θυσίαις σου ἐδόξασάς με· οὐκ ἐδούλωσά σε ἐν θυσίαις, οὐδὲ ἔγκοπον ἐποίησά σε ἐν λιβάνῳ,
23557	ΗΣΑΙΑΣ 43:23	σε ἐν	2	consecutive enclitics	ἐποίησά	λιβάνῳ	\vs{23}Οὐκ ἤνεγκάς μοι πρόβατά σου τῆς ὁλοκαρπώσεώς σου, οὐδὲ ἐν ταῖς θυσίαις σου ἐδόξασάς με· οὐκ ἐδούλωσά σε ἐν θυσίαις, οὐδὲ ἔγκοπον ἐποίησά σε ἐν λιβάνῳ,
23559	ΗΣΑΙΑΣ 43:25	εἰμι ὁ	2	consecutive enclitics	ἐγώ	ἐξαλείφων	\vs{25}Ἐγώ εἰμι ἐγώ εἰμι ὁ ἐξαλείφων τὰς ἀνομίας σου ἕνεκεν ἐμοῦ, καὶ τὰς ἁμαρτίας σου, καὶ οὐ μὴ μνησθήσομαι.
23566	ΗΣΑΙΑΣ 44:2	σε ἐκ	2	consecutive enclitics	πλάσας	κοιλίας	\vs{2}Οὕτω λέγει Κύριος ὁ Θεὸς ὁ ποιήσας σε, καὶ ὁ πλάσας σε ἐκ κοιλίας, ἔτι βοηθηθήσῃ· μὴ φοβοῦ παῖς μου Ἰακὼβ, καὶ ἠγαπημένος Ἰσραὴλ ὃν ἐξελεξάμην.
23572	ΗΣΑΙΑΣ 44:7	μοι ἀφ	2	consecutive enclitics	ἑτοιμασάτω	οὗ	\vs{7}Τίς ὥσπερ ἐγὼ; στήτω, καὶ καλεσάτω, καὶ ἀναγγειλάτω, καὶ ἑτοιμασάτω μοι ἀφʼ οὗ ἐποίησα ἄνθρωπον εἰς τὸν αἰῶνα, καὶ τὰ ἐπερχόμενα πρὸ τοῦ ἐλθεῖν ἀναγγειλάτωσαν ὑμῖν.
23573	ΗΣΑΙΑΣ 44:8	οὐκ ἀπ	2	consecutive enclitics	πλανᾶσθε	ἀρχῆς	\vs{8}Μὴ παρακαλύπτεσθε, μηδὲ πλανᾶσθε· οὐκ ἀπʼ ἀρχῆς ἠνωτίσασθε, καὶ ἀπήγγειλα ὑμῖν; μάρτυρες ὑμεῖς ἐστε, εἰ ἕστι Θεὸς πλὴν ἐμοῦ.
23573	ΗΣΑΙΑΣ 44:8	ἐστε εἰ	2	consecutive enclitics	ὑμεῖς	ἕστι	\vs{8}Μὴ παρακαλύπτεσθε, μηδὲ πλανᾶσθε· οὐκ ἀπʼ ἀρχῆς ἠνωτίσασθε, καὶ ἀπήγγειλα ὑμῖν; μάρτυρες ὑμεῖς ἐστε, εἰ ἕστι Θεὸς πλὴν ἐμοῦ.
23595	ΗΣΑΙΑΣ 44:24	σε ἐκ	2	consecutive enclitics	πλάσσων	κοιλίας	\vs{24}Οὕτω λέγει Κύριος ὁ λυτρούμενός σε, καὶ πλάσσων σε ἐκ κοιλίας, ἐγὼ Κύριος ὁ συντελῶν πάντα, ἐξέτεινα τὸν οὐρανὸν μόνος, καὶ ἐστερέωσα τὴν γῆν.
23604	ΗΣΑΙΑΣ 45:3	σου ὁ	2	consecutive enclitics	Θεός	καλῶν	\vs{3}Καὶ δώσω σοι θησαυροὺς σκοτεινοὺς, ἀποκρύφους, ἀοράτους ἀνοίξω σοι, ἵνα γνῷς ὅτι ἐγὼ Κύριος ὁ Θεός σου ὁ καλῶν τὸ ὄνομά σου, Θεὸς Ἰσραήλ.
23607	ΗΣΑΙΑΣ 45:6	οἱ ἀπ	2	consecutive enclitics	γνῶσιν	ἀνατολῶν	\vs{6}ἵνα γνῶσιν οἱ ἀπʼ ἀνατολῶν ἡλίου καὶ οἱ ἀπὸ δυσμῶν, ὅτι οὐκ ἔστι Θεὸς πλὴν ἐμοῦ· ἐγὼ Κύριος ὁ Θεὸς, καὶ οὐκ ἔστιν ἔτι.
23624	ΗΣΑΙΑΣ 45:18	οὐκ εἰς	2	consecutive enclitics	αὐτὴν	κενὸν	\vs{18}Οὕτως λέγει Κύριος ὁ ποιήσας τὸν οὐρανὸν, οὗτος ὁ Θεὸς ὁ καταδείξας τὴν γῆν, καὶ ποιήσας αὐτὴν, αὐτὸς διώρισεν αὐτὴν, οὐκ εἰς κενὸν ἐποίησεν αὐτὴν, ἀλλὰ κατοικεῖσθαι ἔπλασεν αὐτὴν, ἐγώ εἰμι Κύριος, καὶ οὐκ ἔστιν ἔτι.
23625	ΗΣΑΙΑΣ 45:19	Οὐκ ἐν	2	consecutive enclitics		κρυφῇ	\vs{19}Οὐκ ἐν κρυφῇ λελάληκα, οὐδὲ ἐν τόπῳ γῆς σκοτεινῷ· οὐκ εἶπα τῷ σπέρματι Ἰακὼβ, μάταιον ζητήσατε· ἐγώ εἰμι ἐγώ εἰμι Κύριος ὁ λαλῶν δικαιοσύνην, καὶ ἀναγγέλλων ἀλήθειαν.
23629	ΗΣΑΙΑΣ 45:22	οἱ ἀπ	2	consecutive enclitics	σωθήσεσθε	ἐσχάτου	\vs{22}Ἐπιστράφητε ἐπʼ ἐμὲ, καὶ σωθήσεσθε, οἱ ἀπʼ ἐσχάτου τῆς γῆς· ἐγώ εἰμι ὁ Θεὸς, καὶ οὐκ ἔστιν ἄλλος.
23629	ΗΣΑΙΑΣ 45:22	εἰμι ὁ	2	consecutive enclitics	ἐγώ	Θεὸς	\vs{22}Ἐπιστράφητε ἐπʼ ἐμὲ, καὶ σωθήσεσθε, οἱ ἀπʼ ἐσχάτου τῆς γῆς· ἐγώ εἰμι ὁ Θεὸς, καὶ οὐκ ἔστιν ἄλλος.
23630	ΗΣΑΙΑΣ 45:23	μου οὐκ	2	consecutive enclitics	λόγοι	ἀποστραφήσονται	\vs{23}Κατʼ ἐμαυτοῦ ὀμνύω, εἰ μὴ ἐξελεύσεται ἐκ τοῦ στόματός μου δικαιοσύνη, οἱ λόγοι μου οὐκ ἀποστραφήσονται· Ὅτι ἐμοὶ κάμψει πᾶν γόνυ, καὶ ὀμεῖται πᾶσα γλῶσσα τὸν Θεὸν,
23646	ΗΣΑΙΑΣ 46:9	εἰμι ὁ	2	consecutive enclitics	ἐγώ	Θεὸς	\vs{9}καὶ μνήσθητε τὰ πρότερα ἀπὸ τοῦ αἰῶνος, ὅτι ἐγώ εἰμι ὁ Θεὸς, καὶ οὐκ ἔστιν ἔτι πλὴν ἐμοῦ,
23650	ΗΣΑΙΑΣ 46:12	μου οἱ	2	consecutive enclitics	Ἀκούσατέ	ἀπολωλεκότες	\vs{12}Ἀκούσατέ μου οἱ ἀπολωλεκότες τὴν καρδίαν, οἱ μακρὰν ἀπὸ τῆς δικαιοσύνης.
23665	ΗΣΑΙΑΣ 47:9	σου ἐν	2	consecutive enclitics	φαρμακείᾳ	τῇ	\vs{9}Νῦν δὲ ἥξει ἐπὶ σὲ τὰ δύο ταῦτα ἐξαίφνης ἐν ἡμέρᾳ μιᾷ, ἀτεκνία καὶ χηρεία ἥξει ἐξαίφνης ἐπὶ σὲ, ἐν τῇ φαρμακείᾳ σου, ἐν τῇ ἰσχύϊ τῶν ἐπαοιδῶν σου σφόδρα,
23669	ΗΣΑΙΑΣ 47:12	σου εἰ	2	consecutive enclitics	νεότητός	δυνήσῃ	\vs{12}Στῆθι νῦν ἐν ταῖς ἐπαοιδαῖς σου, καὶ ἐν τῇ πολλῇ φαρμακείᾳ σου, ἃ ἐμάνθανες ἐκ νεότητός σου, εἰ δυνήσῃ ὠφεληθῆναι.
23670	ΗΣΑΙΑΣ 47:13	σε οἱ	2	consecutive enclitics	σωσάτωσάν	ἀστρολόγοι	\vs{13}Κεκοπίακας ἐν ταῖς βουλαῖς σου· στήτωσαν δὴ καὶ σωσάτωσάν σε οἱ ἀστρολόγοι τοῦ οὐρανοῦ, οἱ ὁρῶντες τοὺς ἀστέρας ἀναγγειλάτωσάν σοι, τί μέλλει ἐπὶ σὲ ἔρχεσθαι.
23686	ΗΣΑΙΑΣ 48:10	σε οὐχ	2	consecutive enclitics	πέπρακά	ἕνεκεν	\vs{10}Ἰδοὺ πέπρακά σε, οὐχ ἕνεκεν ἀργυρίου· ἐξειλάμην δέ σε ἐκ καμίνου πτωχείας·
23686	ΗΣΑΙΑΣ 48:10	σε ἐκ	2	consecutive enclitics	δέ	καμίνου	\vs{10}Ἰδοὺ πέπρακά σε, οὐχ ἕνεκεν ἀργυρίου· ἐξειλάμην δέ σε ἐκ καμίνου πτωχείας·
23689	ΗΣΑΙΑΣ 48:12	εἰμι εἰς	2	consecutive enclitics	ἐγώ	τὸν	\vs{12}Ἄκουέ μου Ἰακὼβ, καὶ Ἰσραὴλ ὃν ἐγὼ καλῶ· ἐγώ εἰμι πρῶτος, καὶ ἐγώ εἰμι εἰς τὸν αἰῶνα.
23694	ΗΣΑΙΑΣ 48:16	οὐκ ἀπ	2	consecutive enclitics	ταῦτα	ἀρχῆς	\vs{16}Προσαγάγετε πρὸς μὲ, καὶ ἀκούσατε ταῦτα· οὐκ ἀπʼ ἀρχῆς ἐν κρυφῇ λελάληκα· ἡνίκα ἐγένετο, ἐκεῖ ἤμην, καὶ νῦν Κύριος Κύριος ἀπέστειλέ με, καὶ τὸ πνεῦμα αὐτοῦ.
23695	ΗΣΑΙΑΣ 48:17	εἰμι ὁ	2	consecutive enclitics	ἐγώ	Θεός	\vs{17}Οὕτω λέγει Κύριος; ὁ ῥυσάμενος σε, ἅγιος Ἰσραὴλ, ἐγώ εἰμι ὁ Θεός σου, δέδειχά σοι τοῦ εὑρεῖν σε τὴν ὁδὸν ἐν ᾗ πορεύσῃ ἐν αὐτῇ.
23696	ΗΣΑΙΑΣ 48:18	σου ὡς	2	consecutive enclitics	δικαιοσύνη	κῦμα	\vs{18}Καὶ εἰ ἤκουσας τῶν ἐντολῶν μου, ἐγένετο ἂν ὡσεὶ ποταμὸς ἡ εἰρήνη σου, καὶ ἡ δικαιοσύνη σου ὡς κῦμα θαλάσσης·
23697	ΗΣΑΙΑΣ 48:19	ὡς ἡ	2	consecutive enclitics	ἂν	ἄμμος	\vs{19}Καὶ ἐγένετο ἂν ὡς ἡ ἄμμος τὸ σπέρμα σου, καὶ τὰ ἔκγονα τῆς κοιλίας σου ὡς ὁ χοῦς τῆς γῆς· οὐδὲ νῦν οὐ μὴ ἐξολοθρευθῇς, οὐδὲ ἀπολεῖται τὸ ὄνομά σου ἐνώπιον ἐμοῦ.
23705	ΗΣΑΙΑΣ 49:2	μου ὡς	2	consecutive enclitics	στόμα	μάχαιραν	\vs{2}Καὶ ἔθηκε τὸ στόμα μου ὡς μάχαιραν ὀξεῖαν, καὶ ὑπὸ τὴν σκέπην τῆς χειρὸς αὐτοῦ ἔκρυψέ με· ἔθηκέ με ὡς βέλος ἐκλεκτὸν, καὶ ἐν τῇ φαρέτρᾳ αὐτοῦ ἔκρυψέ με,
23705	ΗΣΑΙΑΣ 49:2	με ὡς	2	consecutive enclitics	ἔθηκέ	βέλος	\vs{2}Καὶ ἔθηκε τὸ στόμα μου ὡς μάχαιραν ὀξεῖαν, καὶ ὑπὸ τὴν σκέπην τῆς χειρὸς αὐτοῦ ἔκρυψέ με· ἔθηκέ με ὡς βέλος ἐκλεκτὸν, καὶ ἐν τῇ φαρέτρᾳ αὐτοῦ ἔκρυψέ με,
23708	ΗΣΑΙΑΣ 49:5	με ἐκ	2	consecutive enclitics	πλάσας	κοιλίας	\vs{5}Καὶ νῦν οὕτω λέγει Κύριος, ὁ πλάσας με ἐκ κοιλίας δοῦλον ἑαυτῷ, τοῦ συναγαγεῖν τὸν Ἰακὼβ πρὸς αὐτὸν καὶ Ἰσραήλ· συναχθήσομαι καὶ δοξασθήσομαι ἐναντίον Κυρίου, καὶ ὁ Θεὸς μου ἔσται μοι ἰσχύς.
23709	ΗΣΑΙΑΣ 49:6	σε εἰς	2	consecutive enclitics	δέδωκά	διαθήκην	\vs{6}Καὶ εἶπέ μοι, μέγα σοι ἐστὶ τοῦ κληθῆναί σε παῖδά μου, τοῦ στῆσαι τὰς φυλὰς Ἰακὼβ, καὶ τὴν διασπορὰν τοῦ Ἰσραὴλ ἐπιστρέψαι· ἰδοὺ δέδωκά σε εἰς διαθήκην γένους, εἰς φῶς ἐθνῶν, τοῦ εἶναί σε εἰς σωτηρίαν ἕως ἐσχάτου τῆς γῆς.
23709	ΗΣΑΙΑΣ 49:6	σε εἰς	2	consecutive enclitics	εἶναί	σωτηρίαν	\vs{6}Καὶ εἶπέ μοι, μέγα σοι ἐστὶ τοῦ κληθῆναί σε παῖδά μου, τοῦ στῆσαι τὰς φυλὰς Ἰακὼβ, καὶ τὴν διασπορὰν τοῦ Ἰσραὴλ ἐπιστρέψαι· ἰδοὺ δέδωκά σε εἰς διαθήκην γένους, εἰς φῶς ἐθνῶν, τοῦ εἶναί σε εἰς σωτηρίαν ἕως ἐσχάτου τῆς γῆς.
23711	ΗΣΑΙΑΣ 49:7	σε ὁ	2	consecutive enclitics	ῥυσάμενός	Θεὸς	\vs{7}Οὕτως λέγει Κύριος, ὁ ῥυσάμενός σε, ὁ Θεὸς Ἰσραὴλ, ἁγιάσατε τὸν φαυλίζοντα τὴν ψυχὴν αὐτοῦ, τὸν βδελυσσόμενον ὑπὸ τῶν ἐθνῶν τῶν δούλων τῶν ἀρχόντων· βασιλεῖς ὄψονται αὐτὸν, καὶ ἀναστήσονται ἄρχοντες, καὶ προσκυνήσουσιν αὐτῷ, ἕνεκεν Κυρίου· ὅτι πιστός ἐστιν ὁ ἅγιος Ἰσραὴλ, καὶ ἐξελεξάμην σε.
23711	ΗΣΑΙΑΣ 49:7	ἐστιν ὁ	2	consecutive enclitics	πιστός	ἅγιος	\vs{7}Οὕτως λέγει Κύριος, ὁ ῥυσάμενός σε, ὁ Θεὸς Ἰσραὴλ, ἁγιάσατε τὸν φαυλίζοντα τὴν ψυχὴν αὐτοῦ, τὸν βδελυσσόμενον ὑπὸ τῶν ἐθνῶν τῶν δούλων τῶν ἀρχόντων· βασιλεῖς ὄψονται αὐτὸν, καὶ ἀναστήσονται ἄρχοντες, καὶ προσκυνήσουσιν αὐτῷ, ἕνεκεν Κυρίου· ὅτι πιστός ἐστιν ὁ ἅγιος Ἰσραὴλ, καὶ ἐξελεξάμην σε.
23713	ΗΣΑΙΑΣ 49:8	σε εἰς	2	consecutive enclitics	ἔδωκά	διαθήκην	\vs{8}Οὕτως λέγει Κύριος, καιρῷ δεκτῷ ἐπήκουσά σου, καὶ ἐν ἡμέρᾳ σωτηρίας ἐβοήθησά σοι, καὶ ἔπλασά σε, καὶ ἔδωκά σε εἰς διαθήκην ἐθνῶν τοῦ καταστῆσαι τὴν γῆν, καὶ κληρονομῆσαι κληρονομίας ἐρήμους,
23715	ΗΣΑΙΑΣ 49:10	ἀλλ ὁ	2	consecutive enclitics	ἥλιος	ἐλεῶν	\vs{10}Οὐ πεινάσουσιν, οὐδὲ διψήσουσιν, οὐδὲ πατάξει αὐτοὺς ὁ καύσων, οὐδὲ ὁ ἥλιος, ἀλλʼ ὁ ἐλεῶν αὐτοὺς παρακαλέσει, καὶ διὰ πηγῶν ὑδάτων ἄξει αὐτούς·
23729	ΗΣΑΙΑΣ 49:20	σου οἱ	2	consecutive enclitics	ὦτά	υἱοί	\vs{20}Ἐροῦσι γὰρ εἰς τὰ ὦτά σου οἱ υἱοί σου, οὓς ἀπολώλεκας, στενός μοι ὁ τόπος, ποίησόν μοι τόπον ἵνα κατοικήσω.
23729	ΗΣΑΙΑΣ 49:20	μοι ὁ	2	consecutive enclitics	στενός	τόπος	\vs{20}Ἐροῦσι γὰρ εἰς τὰ ὦτά σου οἱ υἱοί σου, οὓς ἀπολώλεκας, στενός μοι ὁ τόπος, ποίησόν μοι τόπον ἵνα κατοικήσω.
23732	ΗΣΑΙΑΣ 49:22	σου ἐν	2	consecutive enclitics	υἱούς	κόλπῳ	\vs{22}Οὕτως λέγει Κύριος Κύριος, ἰδοὺ αἴρω εἰς τὰ ἔθνη τὴν χεῖρά μου, καὶ εἰς τὰς νήσους ἀρῶ σύσσημόν μου, καὶ ἄξουσι τοὺς υἱούς σου ἐν κόλπῳ, τὰς δὲ θυγατέρας σου ἐπʼ ὤμων ἀροῦσι.
23732	ΗΣΑΙΑΣ 49:22	σου ἐπ	2	consecutive enclitics	θυγατέρας	ὤμων	\vs{22}Οὕτως λέγει Κύριος Κύριος, ἰδοὺ αἴρω εἰς τὰ ἔθνη τὴν χεῖρά μου, καὶ εἰς τὰς νήσους ἀρῶ σύσσημόν μου, καὶ ἄξουσι τοὺς υἱούς σου ἐν κόλπῳ, τὰς δὲ θυγατέρας σου ἐπʼ ὤμων ἀροῦσι.
23733	ΗΣΑΙΑΣ 49:23	σου αἱ	2	consecutive enclitics	τιθηνοί	δὲ	\vs{23}Καὶ ἔσονται βασιλεῖς τιθηνοί σου, αἱ δὲ ἄρχουσαι αὐτῶν τροφοί σου· ἐπὶ πρόσωπον τῆς γῆς προσκυνήσουσί σε, καὶ τὸν χοῦν τῶν ποδῶν σου λείξουσι, καὶ γνώσῃ, ὅτι ἐγὼ Κύριος, καὶ οὐκ αἰσχυνθήσονται οἱ ὑπομένοντές με.
23746	ΗΣΑΙΑΣ 50:6	μου εἰς	2	consecutive enclitics	σιαγόνας	ῥαπίσματα	\vs{6}Τὸν νῶτόν μου ἔδωκα εἰς μάστιγας, τὰς δὲ σιαγόνας μου εἰς ῥαπίσματα, τὸ δὲ πρόσωπόν μου οὐκ ἀπέστρεψα ἀπὸ αἰσχύνης ἐμπτυσμάτων,
23746	ΗΣΑΙΑΣ 50:6	μου οὐκ	2	consecutive enclitics	πρόσωπόν	ἀπέστρεψα	\vs{6}Τὸν νῶτόν μου ἔδωκα εἰς μάστιγας, τὰς δὲ σιαγόνας μου εἰς ῥαπίσματα, τὸ δὲ πρόσωπόν μου οὐκ ἀπέστρεψα ἀπὸ αἰσχύνης ἐμπτυσμάτων,
23747	ΗΣΑΙΑΣ 50:7	μου ὡς	2	consecutive enclitics	πρόσωπόν	στερεὰν	\vs{7}καὶ Κύριος Κύριος βοηθός μοι ἐγενήθη· διατοῦτο οὐκ ἐνετράπην, ἀλλὰ ἔθηκα τὸ πρόσωπόν μου ὡς στερεὰν πέτραν, καὶ ἔγνων ὅτι οὐ μὴ αἰσχυνθῶ,
23748	ΗΣΑΙΑΣ 50:8	τις ὁ	2	consecutive enclitics	καὶ	κρινόμενός	\vs{8}ὅτι ἐγγίζει ὁ δικαιώσας με· τίς ὁ κρινόμενός μοι; ἀντιστήτω μοι ἅμα· καὶ τις ὁ κρινόμενός μοι; ἐγγισάτω μοι.
23755	ΗΣΑΙΑΣ 51:1	μου οἱ	2	consecutive enclitics	Ἀκούσατε	διώκοντες	Ἀκούσατε μου οἱ διώκοντες τὸ δίκαιον, καὶ ζητοῦντες τὸν Κύριον, ἐμβλέψατε εἰς τὴν στερεὰν πέτραν, ἣν ἐλατομήσατε, καὶ εἰς τὸν βόθυνον τοῦ λάκκου, ὃν ὠρύξατε.
23759	ΗΣΑΙΑΣ 51:4	μου εἰς	2	consecutive enclitics	κρίσις	φῶς	\vs{4}Ἀκούσατέ μου, ἀκούσατέ μου λαός μου, καὶ οἱ βασιλεῖς πρὸς μὲ ἐνωτίσασθε, ὅτι νόμος παρʼ ἐμοῦ ἐξελεύσεται, καὶ ἡ κρίσις μου εἰς φῶς ἐθνῶν.
23761	ΗΣΑΙΑΣ 51:6	μου εἰς	2	consecutive enclitics	σωτήριόν	τὸν	\vs{6}Ἄρατε εἰς τὸν οὐρανὸν τοὺς ὀφθαλμοὺς ὑμῶν, καὶ ἐμβλέψατε εἰς τὴν γῆν κάτω· ὅτι ὁ οὐρανὸς ὡς καπνὸς ἐστερεώθη, ἡ δὲ γῆ ὡς ἱμάτιον παλαιωθήσεται, οἱ δὲ κατοικοῦντες ὥσπερ ταῦτα ἀποθανοῦνται, τὸ δὲ σωτήριόν μου εἰς τὸν αἰῶνα ἔσται, ἡ δὲ δικαιοσύνη μου οὐ μὴ ἐκλίπῃ.
23761	ΗΣΑΙΑΣ 51:6	μου οὐ	2	consecutive enclitics	δικαιοσύνη	μὴ	\vs{6}Ἄρατε εἰς τὸν οὐρανὸν τοὺς ὀφθαλμοὺς ὑμῶν, καὶ ἐμβλέψατε εἰς τὴν γῆν κάτω· ὅτι ὁ οὐρανὸς ὡς καπνὸς ἐστερεώθη, ἡ δὲ γῆ ὡς ἱμάτιον παλαιωθήσεται, οἱ δὲ κατοικοῦντες ὥσπερ ταῦτα ἀποθανοῦνται, τὸ δὲ σωτήριόν μου εἰς τὸν αἰῶνα ἔσται, ἡ δὲ δικαιοσύνη μου οὐ μὴ ἐκλίπῃ.
23763	ΗΣΑΙΑΣ 51:7	μου οἱ	2	consecutive enclitics	Ἀκούσατέ	εἰδότες	\vs{7}Ἀκούσατέ μου οἱ εἰδότες κρίσιν, λαὸς οὗ ὁ νόμος μου ἐν τῇ καρδίᾳ ὑμῶν· μὴ φοβεῖσθε ὀνειδισμὸν ἀνθρώπων, καὶ τῷ φαυλισμῷ αὐτῶν μὴ ἡττᾶσθε·
23763	ΗΣΑΙΑΣ 51:7	μου ἐν	2	consecutive enclitics	νόμος	τῇ	\vs{7}Ἀκούσατέ μου οἱ εἰδότες κρίσιν, λαὸς οὗ ὁ νόμος μου ἐν τῇ καρδίᾳ ὑμῶν· μὴ φοβεῖσθε ὀνειδισμὸν ἀνθρώπων, καὶ τῷ φαυλισμῷ αὐτῶν μὴ ἡττᾶσθε·
23764	ΗΣΑΙΑΣ 51:8	μου εἰς	2	consecutive enclitics	δικαιοσύνη	τὸν	\vs{8}Ὡς γὰρ ἱμάτιον βρωθήσεται ὑπὸ χρόνου, καὶ ὡς ἔρια βρωθήσεται ὑπὸ σητός· ἡ δὲ δικαιοσύνη μου εἰς τὸν αἰῶνα ἔσται, τὸ δὲ σωτήριόν μου εἰς γενεὰς γενεῶν.
23764	ΗΣΑΙΑΣ 51:8	μου εἰς	2	consecutive enclitics	σωτήριόν	γενεὰς	\vs{8}Ὡς γὰρ ἱμάτιον βρωθήσεται ὑπὸ χρόνου, καὶ ὡς ἔρια βρωθήσεται ὑπὸ σητός· ἡ δὲ δικαιοσύνη μου εἰς τὸν αἰῶνα ἔσται, τὸ δὲ σωτήριόν μου εἰς γενεὰς γενεῶν.
23766	ΗΣΑΙΑΣ 51:9	ὡς ἐν	2	consecutive enclitics	ἐξεγείρου	ἀρχῇ	\vs{9}Ἐξεγείρου ἐξεγείρου Ἱερουσαλὴμ, καὶ ἔνδυσαι τὴν ἰσχὺν τοῦ βραχίονός σου, ἐξεγείρου ὡς ἐν ἀρχῇ ἡμέρας, ὡς γενεὰ αἰῶνος.
23770	ΗΣΑΙΑΣ 51:12	εἰμι ὁ	2	consecutive enclitics	ἐγώ	παρακαλῶν	\vs{12}Ἐγώ εἰμι, ἐγώ εἰμι ὁ παρακαλῶν σε· γνῶθι τίς οὖσα ἐφοβήθης ἀπὸ ἀνθρώπου θνητοῦ, καὶ ἀπὸ υἱοῦ ἀνθρώπου, οἳ ὡσεὶ χόρτος ἐξηράνθησαν.
23772	ΗΣΑΙΑΣ 51:14	σε οὐ	2	consecutive enclitics	σώζεσθαί	στήσεται	\vs{14}Ἐν γὰρ τῷ σώζεσθαί σε οὐ στήσεται, οὐδὲ χρονιεῖ,
23773	ΗΣΑΙΑΣ 51:15	σου ὁ	2	consecutive enclitics	Θεός	ταράσσων	\vs{15}ὅτι ἐγὼ ὁ Θεός σου, ὁ ταράσσων τὴν θάλασσαν, καὶ ἠχῶν τὰ κύματα αὐτῆς· Κύριος σαβαὼθ ὄνομά μοι.
23774	ΗΣΑΙΑΣ 51:16	μου εἰς	2	consecutive enclitics	λόγους	τὸ	\vs{16}Θήσω τοὺς λόγους μου εἰς τὸ στόμα σου, καὶ ὑπὸ τὴν σκιὰν τῆς χειρός μου σκεπάσω σε, ἐν ᾗ ἔστησα τὸν οὐρανὸν, καὶ ἐθεμελίωσα τὴν γῆν· καὶ ἐρεῖ Σιὼν, λαός μου εἶ σύ.
23774	ΗΣΑΙΑΣ 51:16	σε ἐν	2	consecutive enclitics	σκεπάσω	ᾗ	\vs{16}Θήσω τοὺς λόγους μου εἰς τὸ στόμα σου, καὶ ὑπὸ τὴν σκιὰν τῆς χειρός μου σκεπάσω σε, ἐν ᾗ ἔστησα τὸν οὐρανὸν, καὶ ἐθεμελίωσα τὴν γῆν· καὶ ἐρεῖ Σιὼν, λαός μου εἶ σύ.
23779	ΗΣΑΙΑΣ 51:20	σου οἱ	2	consecutive enclitics	υἱοί	ἀπορούμενοι	\vs{20}Οἱ υἱοί σου οἱ ἀπορούμενοι, οἱ καθεύδοντες ἐπʼ ἄκρου πάσης ἐξόδου ὡς σευτλίον ἡμίεφθον, οἱ πλήρεις θυμοῦ Κυρίου, ἐκλελυμένοι διὰ Κυρίου τοῦ Θεοῦ.
23787	ΗΣΑΙΑΣ 52:2	σου ἡ	2	consecutive enclitics	τραχήλου	αἰχμάλωτος	\vs{2}Ἐκτίναξαι τὸν χοῦν καὶ ἀνάστηθι, κάθισον Ἱερουσαλὴμ, ἔκδυσαι τὸν δεσμὸν τοῦ τραχήλου σου ἡ αἰχμάλωτος θυγάτηρ Σιών.
23792	ΗΣΑΙΑΣ 52:6	μου ἐν	2	consecutive enclitics	ὄνομά	τῇ	\vs{6}Διατοῦτο γνώσεται ὁ λαός μου τὸ ὄνομά μου ἐν τῇ ἡμέρᾳ ἐκείνῃ, ὅτι ἐγώ εἰμι αὐτὸς ὁ λαλῶν, πάρειμι ὡς ὥρα ἐπὶ τῶν ὀρέων,
23793	ΗΣΑΙΑΣ 52:7	σου ὁ	2	consecutive enclitics	βασιλεύσει	Θεός	\vs{7}ὡς πόδες εὐαγγελιζομένου ἀκοὴν εἰρήνης, ὡς εὐαγγελιζόμενος ἀγαθὰ, ὅτι ἀκουστὴν ποιήσω τὴν σωτηρίαν σου, λέγων, Σιὼν βασιλεύσει σου ὁ Θεός.
23821	ΗΣΑΙΑΣ 54:1	ἡ οὐ	2	consecutive enclitics	στεῖρα	τίκτουσα	Εὐφράνθητι στεῖρα ἡ οὐ τίκτουσα, ῥῆξον καὶ βόησον ἡ οὐκ ὠδίνουσα, ὅτι πολλὰ τὰ τέκνα τῆς ἐρήμου, μᾶλλον ἢ τῆς ἐχούσης τὸν ἄνδρα· εἶπε γὰρ Κύριος,
23821	ΗΣΑΙΑΣ 54:1	ἡ οὐκ	2	consecutive enclitics	βόησον	ὠδίνουσα	Εὐφράνθητι στεῖρα ἡ οὐ τίκτουσα, ῥῆξον καὶ βόησον ἡ οὐκ ὠδίνουσα, ὅτι πολλὰ τὰ τέκνα τῆς ἐρήμου, μᾶλλον ἢ τῆς ἐχούσης τὸν ἄνδρα· εἶπε γὰρ Κύριος,
23824	ΗΣΑΙΑΣ 54:4	σου οὐ	2	consecutive enclitics	χηρείας	μὴ	\vs{4}Μὴ φοβοῦ, ὅτι κατῃσχύνθης, μηδὲ ἐντραπῇς, ὅτι ὠνειδίσθης, ὅτι αἰσχύνην αἰώνιον ἐπιλήσῃ, καὶ ὄνειδος τῆς χηρείας σου οὐ μὴ μνησθήσῃ ἔτι.
23826	ΗΣΑΙΑΣ 54:6	Οὐχ ὡς	2	consecutive enclitics		γυναῖκα	\vs{6}Οὐχ ὡς γυναῖκα καταλελειμμένην καὶ ὀλιγόψυχον κέκληκέ σε ὁ Κύριος, οὐδʼ ὡς γυναῖκα ἐκ νεότητος μεμισημένην, εἶπεν ὁ Θεός σου.
23826	ΗΣΑΙΑΣ 54:6	σε ὁ	2	consecutive enclitics	κέκληκέ	Κύριος	\vs{6}Οὐχ ὡς γυναῖκα καταλελειμμένην καὶ ὀλιγόψυχον κέκληκέ σε ὁ Κύριος, οὐδʼ ὡς γυναῖκα ἐκ νεότητος μεμισημένην, εἶπεν ὁ Θεός σου.
23826	ΗΣΑΙΑΣ 54:6	οὐδ ὡς	2	consecutive enclitics	Κύριος	γυναῖκα	\vs{6}Οὐχ ὡς γυναῖκα καταλελειμμένην καὶ ὀλιγόψυχον κέκληκέ σε ὁ Κύριος, οὐδʼ ὡς γυναῖκα ἐκ νεότητος μεμισημένην, εἶπεν ὁ Θεός σου.
23832	ΗΣΑΙΑΣ 54:10	οὐδ οἱ	2	consecutive enclitics		βουνοί	\vs{10}οὐδʼ οἱ βουνοί σου μετακινηθήσονται· οὕτως οὐδὲ τὸ παρʼ ἐμοῦ σοι ἔλεος ἐκλείψει, οὐδὲ ἡ διαθήκη τῆς εἰρήνης σου οὐ μὴ μεταστῇ· εἶπε γὰρ ἵλεώς σοι Κύριε.
23832	ΗΣΑΙΑΣ 54:10	σου οὐ	2	consecutive enclitics	εἰρήνης	μὴ	\vs{10}οὐδʼ οἱ βουνοί σου μετακινηθήσονται· οὕτως οὐδὲ τὸ παρʼ ἐμοῦ σοι ἔλεος ἐκλείψει, οὐδὲ ἡ διαθήκη τῆς εἰρήνης σου οὐ μὴ μεταστῇ· εἶπε γὰρ ἵλεώς σοι Κύριε.
23838	ΗΣΑΙΑΣ 54:15	σοι δι	2	consecutive enclitics	προσελεύσονταί	ἐμοῦ	\vs{15}Ἰδοὺ προσήλυτοι προσελεύσονταί σοι διʼ ἐμοῦ, καὶ παροικήσουσί σοι, καὶ ἐπὶ σὲ καταφεύξονται.
23845	ΗΣΑΙΑΣ 55:2	οὐκ εἰς	2	consecutive enclitics	ὑμῶν	πλησμονήν	\vs{2}Ἱνατί τιμᾶσθε ἀργυρίου, καὶ τὸν μόχθον ὑμῶν οὐκ εἰς πλησμονήν; ἀκούσατέ μου, καὶ φάγεσθε ἀγαθὰ, καὶ ἐντρυφήσει ἐν ἀγαθοῖς ἡ ψυχὴ ὑμῶν.
23853	ΗΣΑΙΑΣ 55:8	εἰσιν αἱ	2	consecutive enclitics	γάρ	βουλαί	\vs{8}Οὐ γάρ εἰσιν αἱ βουλαί μου ὥσπερ αἱ βουλαὶ ὑμῶν, οὐδʼ ὥσπερ αἱ ὁδοὶ ὑμῶν αἱ ὁδοί μου, λέγει Κύριος.
23854	ΗΣΑΙΑΣ 55:9	Ἀλλ ὡς	2	consecutive enclitics		ἀπέχει	\vs{9}Ἀλλʼ ὡς ἀπέχει ὁ οὐρανὸς ἀπὸ τῆς γῆς, οὕτως ἀπέχει ἡ ὁδός μου ἀπὸ τῶν ὁδῶν ὑμῶν, καὶ τὰ διανοήματα ὑμῶν ἀπὸ τῆς διανοίας μου.
23856	ΗΣΑΙΑΣ 55:11	μου οὐ	2	consecutive enclitics	στόματός	μὴ	\vs{11}οὕτως ἔσται τὸ ῥῆμά μου, ὃ ἐὰν ἐξέλθῃ ἐκ τοῦ στόματός μου, οὐ μὴ ἀποστραφῇ, ἕως ἂν τελεσθῇ ὅσα ἂν ἠθέλησα, καὶ εὐοδώσω τὰς ὁδούς σου, καὶ τὰ ἐντάλματά μου.
23868	ΗΣΑΙΑΣ 56:7	μου ὁ	2	consecutive enclitics	θυσιαστήριόν	γάρ	\vs{7}εἰσάξω αὐτοὺς εἰς τὸ ὄρος τὸ ἅγιόν μου, καὶ εὐφρανῶ αὐτοὺς ἐν τῷ οἴκῳ τῆς προσευχῆς μου· τὰ ὁλοκαυτώματα αὐτῶν, καὶ αἱ θυσίαι αὐτῶν ἔσονται δεκταὶ ἐπὶ τὸ θυσιαστήριόν μου· ὁ γάρ οἶκός μου, οἶκος προσευχῆς κληθήσεται πᾶσι τοῖς ἔθνεσιν,
23876	ΗΣΑΙΑΣ 57:1	ὡς ὁ	2	consecutive enclitics	Ἴδετε	δίκαιος	Ἴδετε ὡς ὁ δίκαιος ἀπώλετο, καὶ οὐδεὶς ἐκδέχεται τῇ καρδίᾳ, καὶ ἄνδρες δίκαιοι αἴρονται, καὶ οὐδεὶς κατανοεῖ· ἀπὸ γὰρ προσώπου ἀδικίας ᾖρται ὁ δίκαιος.
23882	ΗΣΑΙΑΣ 57:6	σου ἡ	2	consecutive enclitics	Ἐκείνη	μερίς	\vs{6}Ἐκείνη σου ἡ μερίς, οὗτός σου ὁ κλῆρος, κᾀκείνοις ἐξέχεας σπονδὰς, καὶ τούτοις ἀνήνεγκας θυσίας· ἐπὶ τούτοις οὖν οὐκ ὀργισθήσομαι;
23882	ΗΣΑΙΑΣ 57:6	σου ὁ	2	consecutive enclitics	οὗτός	κλῆρος	\vs{6}Ἐκείνη σου ἡ μερίς, οὗτός σου ὁ κλῆρος, κᾀκείνοις ἐξέχεας σπονδὰς, καὶ τούτοις ἀνήνεγκας θυσίας· ἐπὶ τούτοις οὖν οὐκ ὀργισθήσομαι;
23884	ΗΣΑΙΑΣ 57:7	σου ἡ	2	consecutive enclitics	ἐκεῖ	κοίτη	\vs{7}Ἐπʼ ὄρος ὑψηλὸν καὶ μετέωρον, ἐκεῖ σου ἡ κοίτη, καὶ ἐκεῖ ἀνεβίβασας θυσίας σου,
23886	ΗΣΑΙΑΣ 57:9	σου μετ	2	consecutive enclitics	πορνείαν	αὐτῶν	\vs{9}καὶ ἐπλήθυνας τὴν πορνείαν σου μετʼ αὐτῶν, καὶ πολλοὺς ἐποίησας τοὺς μακρὰν ἀπὸ σοῦ, καὶ ἀπέστειλας πρέσβεις ὑπὲρ τὰ ὅριά σου, καὶ ἐταπεινώθης ἕως ᾅδου.
23889	ΗΣΑΙΑΣ 57:11	με εἰς	2	consecutive enclitics	ἔλαβές	τὴν	\vs{11}Τίνα εὐλαβηθεῖσα ἐφοβήθης, καὶ ἐψεύσω με, καὶ οὐκ ἐμνήσθης, οὐδὲ ἔλαβές με εἰς τὴν διάνοιαν, οὐδὲ εἰς τὴν καρδίαν σου; καὶ ἐγώ σε ἰδὼν παρορῶ, καὶ ἐμὲ οὐκ ἐφοβήθης.
23892	ΗΣΑΙΑΣ 57:13	σε ἐν	2	consecutive enclitics	ἐξελέσθωσάν	τή	\vs{13}ὅταν ἀναβοήσῃς ἐξελέσθωσάν σε ἐν τή θλίψει σου· τούτους γὰρ πάντας ἄνεμος λήψεται, καὶ ἀποίσει καταιγίς· οἱ δὲ ἀντεχόμενοί μου κτήσονται γῆν, καὶ κληρονομήσουσι τὸ ὄρος τὸ ἅγιόν μου·
23896	ΗΣΑΙΑΣ 57:16	Οὐκ εἰς	2	consecutive enclitics		τὸν	\vs{16}Οὐκ εἰς τὸν αἰῶνα ἐκδικήσω ὑμᾶς, οὐδὲ διαπαντὸς ὀργισθήσομαι ὑμῖν· πνεῦμα γὰρ παρʼ ἐμοῦ ἐξελεύσεται, καὶ πνοὴν πᾶσαν ἐγὼ ἐποίησα.
23897	ΗΣΑΙΑΣ 57:17	μου ἀπ	2	consecutive enclitics	πρόσωπόν	αὐτοῦ	\vs{17}Διʼ ἁμαρτίαν βραχύ τι ἐλύπησα αὐτὸν, καὶ ἐπάταξα αὐτὸν, καὶ ἀπέστρεψα τὸ πρόσωπόν μου ἀπʼ αὐτοῦ, καὶ ἐλυπήθη, καὶ ἐπορεύθη στυγνὸς ἐν ταῖς ὁδοῖς αὐτοῦ.
23910	ΗΣΑΙΑΣ 58:4	Εἰ εἰς	2	consecutive enclitics		κρίσεις	\vs{4}Εἰ εἰς κρίσεις καὶ μάχας νηστεύετε, καὶ τύπτετε πυγμαῖς ταπεινὸν, ἱνατί μοι νηστεύετε ὡς σήμερον, ἀκουσθῆναι ἐν κραυγῇ τὴν φωνὴν ὑμῶν;
23913	ΗΣΑΙΑΣ 58:7	σου οὐχ	2	consecutive enclitics	σπέρματός	ὑπερόψει	\vs{7}Διάθρυπτε πεινῶντι τὸν ἄρτον σου, καὶ πτωχοὺς ἀστέγους εἴσαγε εἰς τὸν οἶκόν σου· ἐὰν ἴδῃς γυμνὸν, περίβαλε, καὶ ἀπὸ τῶν οἰκείων τοῦ σπέρματός σου οὐχ ὑπερόψει.
23915	ΗΣΑΙΑΣ 58:8	σου ἡ	2	consecutive enclitics	ἔμπροσθέν	δικαιοσύνη	\vs{8}Τότε ῥαγήσεται πρώϊμον τὸ φῶς σου, καὶ τὰ ἰάματά σου ταχὺ ἀνατελεῖ· καὶ προπορεύσεται ἔμπροσθέν σου ἡ δικαιοσύνη σου, καὶ ἡ δόξα τοῦ Θεοῦ περιστελεῖ σε.
23917	ΗΣΑΙΑΣ 58:10	σου ὡς	2	consecutive enclitics	σκότος	μεσημβρία	\vs{10}καὶ δῷς πεινῶντι τὸν ἄρτον ἐκ ψυχῆς σου, καὶ ψυχὴν τεταπεινωμένην ἐμπλήσῃς, τότε ἀνατελεῖ ἐν τῷ σκότει τὸ φῶς σου, καὶ τὸ σκότος σου ὡς μεσημβρία,
23919	ΗΣΑΙΑΣ 58:12	σου αἱ	2	consecutive enclitics	οἰκοδομηθήσονταί	ἔρημοι	\vs{12}Καὶ οἰκοδομηθήσονταί σου αἱ ἔρημοι αἰώνιοι, καὶ ἔσται τὰ θεμέλιά σου αἰώνια γενεῶν γενεαῖς, καὶ κληθήσῃ οἰκοδόμος φραγμῶν, καὶ τὰς τρίβους σου ἀναμέσον παύσεις.
23921	ΗΣΑΙΑΣ 58:13	σου ἐν	2	consecutive enclitics	θελήματά	τῇ	\vs{13}Ἐὰν ἀποστρέψῃς τὸν πόδα σου ἀπὸ τῶν σαββάτων τοῦ μὴ ποιεῖν τὰ θελήματά σου ἐν τῇ ἡμέρᾳ τῇ ἁγίᾳ, καὶ καλέσεις τὰ σάββατα τρυφερὰ, ἅγια τῷ Θεῷ· οὐκ ἀρεῖς τὸν πόδα σου ἐπʼ ἔργῳ, οὐδὲ λαλήσεις λόγον ἐν ὀργῇ ἐκ τοῦ στόματός σου,
23921	ΗΣΑΙΑΣ 58:13	σου ἐπ	2	consecutive enclitics	πόδα	ἔργῳ	\vs{13}Ἐὰν ἀποστρέψῃς τὸν πόδα σου ἀπὸ τῶν σαββάτων τοῦ μὴ ποιεῖν τὰ θελήματά σου ἐν τῇ ἡμέρᾳ τῇ ἁγίᾳ, καὶ καλέσεις τὰ σάββατα τρυφερὰ, ἅγια τῷ Θεῷ· οὐκ ἀρεῖς τὸν πόδα σου ἐπʼ ἔργῳ, οὐδὲ λαλήσεις λόγον ἐν ὀργῇ ἐκ τοῦ στόματός σου,
23936	ΗΣΑΙΑΣ 59:10	ὡς οὐχ	2	consecutive enclitics	καὶ	ὑπαρχόντων	\vs{10}Ψηλαφήσουσιν ὡς τυφλοὶ τοῖχον, καὶ ὡς οὐχ ὑπαρχόντων ὀφθαλμῶν ψηλαφήσουσι· καὶ πεσοῦνται ἐν μεσημβρίᾳ ὡς ἐν μεσονυκτίῳ, ὡς ἀποθνήσκοντες στενάξουσιν·
23936	ΗΣΑΙΑΣ 59:10	ὡς ἐν	2	consecutive enclitics	μεσημβρίᾳ	μεσονυκτίῳ	\vs{10}Ψηλαφήσουσιν ὡς τυφλοὶ τοῖχον, καὶ ὡς οὐχ ὑπαρχόντων ὀφθαλμῶν ψηλαφήσουσι· καὶ πεσοῦνται ἐν μεσημβρίᾳ ὡς ἐν μεσονυκτίῳ, ὡς ἀποθνήσκοντες στενάξουσιν·
23948	ΗΣΑΙΑΣ 59:19	οἱ ἀπ	2	consecutive enclitics	καὶ	ἀνατολῶν	\vs{19}Καὶ φοβηθήσονται οἱ ἀπὸ δυσμῶν τὸ ὄνομα Κυρίου, καὶ οἱ ἀπʼ ἀνατολῶν ἡλίου τὸ ὄνομα τὸ ἔνδοξον· ἥξει γὰρ ὡς ποταμὸς βίαιος ἡ ὀργὴ παρὰ Κυρίου, ἥξει μετὰ θυμοῦ.
23951	ΗΣΑΙΑΣ 59:21	ἡ παρ	2	consecutive enclitics	αὐτοῖς	ἐμοῦ	\vs{21}Καὶ αὕτη αὐτοῖς ἡ παρʼ ἐμοῦ διαθήκη, εἶπε Κύριος· τὸ πνεῦμα τὸ ἐμὸν, ὅ ἐστιν ἐπὶ σοί, καὶ τὰ ῥήματα, ἃ ἔδωκα εἰς τὸ στόμα σου, οὐ μὴ ἐκλίπῃ ἐκ τοῦ στόματός σου, καὶ ἐκ τοῦ στόματος τοῦ σπέρματός σου· εἶπε γὰρ Κύριος ἀπὸ τοῦ νῦν καὶ εἰς τὸν αἰῶνα.
23951	ΗΣΑΙΑΣ 59:21	σου οὐ	2	consecutive enclitics	στόμα	μὴ	\vs{21}Καὶ αὕτη αὐτοῖς ἡ παρʼ ἐμοῦ διαθήκη, εἶπε Κύριος· τὸ πνεῦμα τὸ ἐμὸν, ὅ ἐστιν ἐπὶ σοί, καὶ τὰ ῥήματα, ἃ ἔδωκα εἰς τὸ στόμα σου, οὐ μὴ ἐκλίπῃ ἐκ τοῦ στόματός σου, καὶ ἐκ τοῦ στόματος τοῦ σπέρματός σου· εἶπε γὰρ Κύριος ἀπὸ τοῦ νῦν καὶ εἰς τὸν αἰῶνα.
23958	ΗΣΑΙΑΣ 60:4	σου ἐπ	2	consecutive enclitics	θυγατέρες	ὤμων	\vs{4}Ἆρον κύκλῳ τοὺς ὀφθαλμούς σου, καὶ ἴδε συνηγμένα τὰ τέκνα σου· ἥκασι πάντες οἱ υἱοί σου μακρόθεν, καὶ αἱ θυγατέρες σου ἐπʼ ὤμων ἀρθήσονται.
23975	ΗΣΑΙΑΣ 60:17	σου ἐν	2	consecutive enclitics	ἄρχοντάς	εἰρήνῃ	\vs{17}Καὶ ἀντὶ χαλκοῦ οἴσω σοι χρυσίον, ἀντὶ δὲ σιδήρου οἴσω σοι ἀργύριον, ἀντὶ δὲ ξύλων οἴσω σοι χαλκόν, ἀντὶ δὲ λίθων, σιδήρον· καὶ δώσω τοὺς ἄρχοντάς σου ἐν εἰρήνῃ, καὶ τοὺς ἐπισκόπους σου ἐν δικαιοσύνῃ·
23975	ΗΣΑΙΑΣ 60:17	σου ἐν	2	consecutive enclitics	ἐπισκόπους	δικαιοσύνῃ	\vs{17}Καὶ ἀντὶ χαλκοῦ οἴσω σοι χρυσίον, ἀντὶ δὲ σιδήρου οἴσω σοι ἀργύριον, ἀντὶ δὲ ξύλων οἴσω σοι χαλκόν, ἀντὶ δὲ λίθων, σιδήρον· καὶ δώσω τοὺς ἄρχοντάς σου ἐν εἰρήνῃ, καὶ τοὺς ἐπισκόπους σου ἐν δικαιοσύνῃ·
23978	ΗΣΑΙΑΣ 60:20	σοι οὐκ	2	consecutive enclitics	σελήνη	ἐκλείψει	\vs{20}Οὐ γὰρ δύσεται ὁ ἥλιος σοι, καὶ ἡ σελήνη σοι οὐκ ἐκλείψει· ἔσται γὰρ σοι Κύριος φῶς αἰώνιον, καὶ ἀναπληρωθήσονται αἱ ἡμέραι τοῦ πένθους σου.
24000	ΗΣΑΙΑΣ 62:1	μου ὡς	2	consecutive enclitics	σωτήριόν	λαμπὰς	Διὰ Σιὼν οὐ σιωπήσομαι, καὶ διὰ Ἱερουσαλὴμ οὐκ ἀνήσω, ἕως ἂν ἐξέλθῃ ὡς φῶς ἡ δικαιοσύνη αὐτῆς, τὸ δὲ σωτήριόν μου ὡς λαμπὰς καυθήσεται.
24003	ΗΣΑΙΑΣ 62:4	σου οὐ	2	consecutive enclitics	γῆ	κληθήσεται	\vs{4}Καὶ οὐκέτι κληθήσῃ Καταλελειμμένη, καὶ ἡ γῆ σου οὐ κληθήσεται ἔτι Ἔρημος· σοὶ γὰρ κληθήσεται, Θέλημα ἐμὸν, καὶ τῇ γῇ σου, Οἰκουμένη, ὅτι εὐδόκησε Κύριος ἐν σοὶ, καὶ ἡ γῆ σου συνοικισθήσεται.
24009	ΗΣΑΙΑΣ 62:8	σου ἐφ	2	consecutive enclitics	οἶνόν	ᾧ	\vs{8}Ὤμοσε Κύριος κατὰ τῆς δόξης αὐτοῦ, καὶ κατὰ τῆς ἰσχύος τοῦ βραχίονος αὐτοῦ, εἰ ἔτι δώσω τὸν σῖτόν σου, καὶ τὰ βρώματα σου τοῖς ἐχθροῖς σου, καὶ εἰ ἔτι πίονται υἱοὶ ἀλλότριοι τὸν οἶνόν σου, ἐφʼ ᾧ ἐμόχθησας.
24010	ΗΣΑΙΑΣ 62:9	Ἀλλ οἱ	2	consecutive enclitics		συναγαγόντες	\vs{9}Ἀλλʼ οἱ συναγαγόντες φάγονται αὐτὰ, καὶ αἰνέσουσι Κύριον, καὶ οἱ συναγαγόντες πίονται αὐτὰ ἐν ταῖς ἐπαύλεσι ταῖς ἁγίαις μου.
24019	ΗΣΑΙΑΣ 63:2	σου ὡς	2	consecutive enclitics	ἐνδύματά	ἀπὸ	\vs{2}Διατί σου ἐρυθρὰ τὰ ἱμάτια, καὶ τὰ ἐνδύματά σου ὡς ἀπὸ πατητοῦ ληνοῦ;
24027	ΗΣΑΙΑΣ 63:8	οὐχ ὁ	2	consecutive enclitics	εἶπεν	λαός	\vs{8}Καὶ εἶπεν, οὐχ ὁ λαός μου; τέκνα οὐ μὴ ἀθετήσωσι· καὶ ἐγένετο αὐτοῖς εἰς σωτηρίαν
24031	ΗΣΑΙΑΣ 63:11	ἐστιν ὁ	2	consecutive enclitics	ποῦ	θεὶς	\vs{11}Καὶ ἐμνήσθη ἡμερῶν αἰωνίων· ποῦ ὁ ἀναβιβάσας ἐκ τῆς θαλάσσης τὸν ποιμένα τῶν προβάτων; ποῦ ἐστιν ὁ θεὶς ἐν αὐτοῖς τὸ πνεῦμα τὸ ἅγιον;
24036	ΗΣΑΙΑΣ 63:15	ἐστιν ὁ	2	consecutive enclitics	ποῦ	ζῆλός	\vs{15}Ἐπίστρεψον ἐκ τοῦ οὐρανοῦ, καὶ ἴδε ἐκ τοῦ οἴκου τοῦ ἁγίου σου, καὶ δόξης σου· ποῦ ἐστιν ὁ ζῆλός σου καὶ ἡ ἰσχύς σου; ποῦ ἐστι τὸ πλῆθος τοῦ ἐλέους σου, καὶ οἰκτιρμῶν σου, ὅτι ἀνέσχου ἡμῶν;
24037	ΗΣΑΙΑΣ 63:16	σου ἐφ	2	consecutive enclitics	ὄνομά	ἡμᾶς	\vs{16}Σὺ γὰρ εἶ πατὴρ ἡμῶν, ὅτι Ἁβραὰμ οὐκ ἔγνω ἡμᾶς, καὶ Ἰσραὴλ οὐκ ἐπέγνω ἡμᾶς, ἀλλὰ σὺ Κύριε πατὴρ ἡμῶν ῥῦσαι ἡμᾶς, ἀπʼ ἀρχῆς τὸ ὄνομά σου ἐφʼ ἡμᾶς ἐστι.
24041	ΗΣΑΙΑΣ 63:19	σου ἐφ	2	consecutive enclitics	ὄνομά	ἡμᾶς	\vs{19}Ἐγενόμεθα ὡς τὸ ἀπʼ ἀρχῆς ὅτε οὐκ ἦρξας ἡμῶν, οὐδὲ ἐκλήθη τὸ ὄνομά σου ἐφʼ ἡμᾶς.
24045	ΗΣΑΙΑΣ 64:1	σου ἐν	2	consecutive enclitics	ὄνομά	τοῖς	\ch{64}ὡς κηρὸς ἀπὸ προσώπου πυρὸς τήκεται, καὶ κατακαύσει πῦρ τοὺς ὑπεναντίους, καὶ φανερὸν ἔσται τὸ ὄνομά σου ἐν τοῖς ὑπεναντίοις· ἀπὸ προσώπου σου ἔθνη ταραχθήσονται,
24051	ΗΣΑΙΑΣ 64:6	σου ἀφ	2	consecutive enclitics	πρόσωπόν	ἡμῶν	\vs{6}Καὶ οὐκ ἔστιν ὁ ἐπικαλούμενος τὸ ὄνομά σου, καὶ ὁ μνησθεὶς ἀντιλαβέσθαι σου· ὅτι ἀπέστρεψας τὸ πρόσωπόν σου ἀφʼ ἡμῶν, καὶ παρέδωκας ἡμᾶς διὰ τὰς ἁμαρτίας ἡμῶν.
24067	ΗΣΑΙΑΣ 65:6	μου οὐ	2	consecutive enclitics	ἐνώπιόν	σιωπήσω	\vs{6}Ἰδοὺ, γέγραπται ἐνώπιόν μου, οὐ σιωπήσω ἕως ἂν ἀποδώσω εἰς τὸν κόλπον αὐτῶν
24081	ΗΣΑΙΑΣ 65:17	οὐδ οὐ	2	consecutive enclitics	προτέρων	μὴ	\vs{17}Ἔσται γὰρ ὁ οὐρανὸς καινὸς, καὶ ἡ γῆ καινὴ, καὶ οὐ μὴ μνησθῶσι τῶν προτέρων, οὐδʼ οὐ μὴ ἐπέλθῃ αὐτῶν ἐπὶ τὴν καρδίαν,
24084	ΗΣΑΙΑΣ 65:20	οὐδ οὐ	2	consecutive enclitics		μὴ	\vs{20}οὐδʼ οὐ μὴ γένηται ἔτι ἐκεῖ ἄωρος καὶ πρεσβύτης, ὃς οὐκ ἐμπλήσει τὸν χρόνον αὐτοῦ· ἔσται γὰρ ὁ νέος ἐκατὸν ἐτῶν, ὁ δὲ ἀποθνήσκων ἁμαρτωλὸς ἑκατὸν ἐτῶν, καὶ ἐπικατάρατος ἔσται.
24087	ΗΣΑΙΑΣ 65:23	μου οὐ	2	consecutive enclitics	ἐκλεκτοί	κοπιάσουσιν	\vs{23}Οἱ ἐκλεκτοί μου οὐ κοπιάσουσιν εἰς κενὸν, οὐδὲ τεκνοποιήσουσιν εἰς κατάραν, ὅτι σπέρμα εὐλογημένον ὑπὸ Θεοῦ ἐστι, καὶ τὰ ἔκγονα αὐτῶν μετʼ αὐτῶν.
24096	ΗΣΑΙΑΣ 66:3	ὡς ὁ	2	consecutive enclitics	μόσχον	ἀποκτέννων	\vs{3}Ὁ δὲ ἄνομος ὁ θύων μοι μόσχον, ὡς ὁ ἀποκτέννων κύνα· ὁ δὲ ἀναφέρων σεμίδαλιν, ὡς αἷμα ὕειον· ὁ διδοὺς λίβανον εἰς μνημόσυνον, ὡς βλάσφημος.
24120	ΗΣΑΙΑΣ 66:19	μου ἐν	2	consecutive enclitics	δόξαν	τοῖς	\vs{19}Καὶ καταλείψω ἐπʼ αὐτῶν σημεῖον, καὶ ἐξαποστελῶ ἐξ αὐτῶν σεσωσμένους εἰς τὰ ἔθνη, εἰς Θαρσὶς, καὶ Φοὺδ, καὶ Λοὺδ, καὶ Μοσόχ, καὶ εἰς Θοβὲλ, καὶ εἰς τὴν Ἑλλάδα, καὶ εἰς τὰς νήσους τὰς πόῤῥω, οἳ οὐκ ἀκηκόασί μου τὸ ὄνομα, οὔτε ἑωράκασί μου τὴν δόξαν· καὶ ἀναγγελοῦσι τὴν δόξαν μου ἐν τοῖς ἔθνεσι,
24138	ΙΕΡΕΜΙΑΣ 1:5	σε ἐν	2	consecutive enclitics	πλάσαι	κοιλίᾳ	\vs{5}Πρὸ τοῦ με πλάσαι σε ἐν κοιλίᾳ, ἐπίσταμαί σε, καὶ πρὸ τοῦ σε ἐξελθεῖν ἐκ μήτρας, ἡγίακά σε, προφήτην εἰς ἔθνη τέθεικά σε.
24143	ΙΕΡΕΜΙΑΣ 1:9	μου εἰς	2	consecutive enclitics	λόγους	τὸ	\vs{9}Καὶ ἐξέτεινε Κύριος τὴν χεῖρα αὐτοῦ πρὸς μὲ, καὶ ἥψατο τοῦ στόματός μου, καὶ εἶπε Κύριος πρὸς μὲ, ἰδοὺ δέδωκα τοὺς λόγους μου εἰς τὸ στόμα σου.
24155	ΙΕΡΕΜΙΑΣ 1:18	σε ἐν	2	consecutive enclitics	τέθεικά	τῇ	\vs{18}Ἰδοὺ τέθεικά σε ἐν τῇ σήμερον ἡμέρᾳ ὡς πόλιν ὀχυρὰν καὶ ὡς τεῖχος χαλκοῦν, ὀχυρὸν πᾶσι τοῖς βασιλεύσιν Ἰούδα, καὶ τοῖς ἄρχουσιν αὐτοῦ, καὶ τῷ λαῷ τῆς γῆς.
24180	ΙΕΡΕΜΙΑΣ 2:19	σε ἡ	2	consecutive enclitics	Παιδεύσει	ἀποστασία	\vs{19}Παιδεύσει σε ἡ ἀποστασία σου, καὶ ἡ κακία σου ἐλέγξει σε· καὶ γνῶθι, καὶ ἴδε, ὅτι πικρόν σοι τὸ καταλιπεῖν σε ἐμὲ, λέγει Κύριος ὁ Θεός σου· καὶ οὐκ εὐδόκησα ἐπὶ σοὶ, λέγει Κύριος ὁ Θεός σου.
24186	ΙΕΡΕΜΙΑΣ 2:23	σου ἐν	2	consecutive enclitics	ὁδούς	τῷ	\vs{23}Πῶς ἐρεῖς, οὐκ ἐμιάνθην, καὶ ὀπίσω τῆς Βάαλ οὐκ ἐπορεύθην; ἴδε τὰς ὁδούς σου ἐν τῷ πολυανδρίῳ, καὶ γνῶθι τί ἐποίησας· ὀψὲ φωνὴ αὐτῆς ὠλόλυξε·
24196	ΙΕΡΕΜΙΑΣ 2:31	μου οὐ	2	consecutive enclitics	λαός	κυριευθησόμεθα	\vs{31}Ἀκούσατε λόγον Κυρίου· τάδε λέγει Κύριος, μὴ ἔρημος ἐγενόμην τῷ Ἰσραὴλ ἢ γῆ κεχερσωμένη; διατί εἶπεν ὁ λαός μου, οὐ κυριευθησόμεθα, καὶ οὐχ ἥξομεν πρὸς σὲ ἔτι;
24199	ΙΕΡΕΜΙΑΣ 2:34	οὐκ ἐν	2	consecutive enclitics	ἀθώων	διορύγμασιν	\vs{34}καὶ ἐν ταῖς χερσί σου εὑρέθησαν αἵματα ψυχῶν ἀθώων· οὐκ ἐν διορύγμασιν εὗρον αὐτοὺς, ἀλλʼ ἐπὶ πάσῃ δρυΐ.
24202	ΙΕΡΕΜΙΑΣ 2:35	σε οὐχ	2	consecutive enclitics	λέγειν	ἥμαρτον	Ἰδοὺ ἐγὼ κρίνομαι πρὸς σὲ, ἐν τῷ λέγειν σε, οὐχ ἥμαρτον·
24208	ΙΕΡΕΜΙΑΣ 3:2	σου εἰς	2	consecutive enclitics	ὀφθαλμούς	εὐθεῖαν	\vs{2}Ἆρον τοὺς ὀφθαλμούς σου εἰς εὐθεῖαν, καὶ ἴδε, ποῦ οὐχὶ ἐξεφύρθης· ἐπὶ ταῖς ὁδοῖς ἐκάθισας αὐτοῖς ὡσεὶ κορώνη ἐρημουμένη, καὶ ἐμίανας τὴν γῆν ἐν ταῖς πορνείαις σου καὶ ἐν ταῖς κακίαις σου,
24211	ΙΕΡΕΜΙΑΣ 3:4	Οὐχ ὡς	2	consecutive enclitics		οἶκόν	\vs{4}Οὐχ ὡς οἶκόν με ἐκαλέσας, καὶ πατέρα καὶ ἀρχηγὸν τῆς παρθενίας σου;
24214	ΙΕΡΕΜΙΑΣ 3:6	μοι ἡ	2	consecutive enclitics	ἐποίησέ	κατοικία	\vs{6}Καὶ εἶπε Κύριος πρὸς μὲ ἐν ταῖς ἡμέραις Ἰωσείου τοῦ βασιλέως, εἶδες ἃ ἐποίησέ μοι ἡ κατοικία τοῦ Ἰσραήλ; ἐπορεύθησαν ἐπὶ πᾶν ὄρος ὑψηλὸν, καὶ ὑποκάτω παντὸς ξύλου ἀλσώδους, καὶ ἐπόρνευσαν ἐκεῖ.
24221	ΙΕΡΕΜΙΑΣ 3:12	μου ἐφ	2	consecutive enclitics	πρόσωπόν	ὑμᾶς	\vs{12}Πορεύου καὶ ἀνάγνωθι τοὺς λόγους τούτους πρὸς Βοῤῥᾶν, καὶ ἐρεῖς, ἐπιστράφηθι πρὸς μὲ ἡ κατοικία τοῦ Ἰσραὴλ, λέγει Κύριος· καὶ μὴ στηριῶ τὸ πρόσωπόν μου ἐφʼ ὑμᾶς, ὅτι ἐλεήμων ἐγώ εἰμι, λέγει Κύριος, καὶ οὐ μηνιῶ ὑμῖν εἰς τὸν αἰῶνα.
24222	ΙΕΡΕΜΙΑΣ 3:13	σου εἰς	2	consecutive enclitics	ὁδούς	ἀλλοτρίους	\vs{13}Πλὴν, γνῶθι τὴν ἀδικίαν σου, ὅτι εἰς Κύριον τὸν Θεόν σου ἠσέβησας, καὶ διέχεας τὰς ὁδούς σου εἰς ἀλλοτρίους ὑποκάτω παντὸς ξύλου ἀλσώδους, τῆς δὲ φωνῆς μου οὐχ ὑπήκουσας, λέγει Κύριος.
24222	ΙΕΡΕΜΙΑΣ 3:13	μου οὐχ	2	consecutive enclitics	φωνῆς	ὑπήκουσας	\vs{13}Πλὴν, γνῶθι τὴν ἀδικίαν σου, ὅτι εἰς Κύριον τὸν Θεόν σου ἠσέβησας, καὶ διέχεας τὰς ὁδούς σου εἰς ἀλλοτρίους ὑποκάτω παντὸς ξύλου ἀλσώδους, τῆς δὲ φωνῆς μου οὐχ ὑπήκουσας, λέγει Κύριος.
24230	ΙΕΡΕΜΙΑΣ 3:19	σε εἰς	2	consecutive enclitics	τάξω	τέκνα	\vs{19}Καὶ ἐγὼ εἶπα, γένοιτο Κύριε· ὅτι τάξω σε εἰς τέκνα, καὶ δώσω σοι γῆν ἐκλεκτὴν, κληρονομίαν Θεοῦ παντοκράτορος ἐθνῶν· καὶ εἶπα, πατέρα καλέσετέ με, καὶ ἀπʼ ἐμοῦ οὐκ ἀποστραφήσεσθε.
24256	ΙΕΡΕΜΙΑΣ 4:11	οὐδ εἰς	2	consecutive enclitics	καθαρὸν	ἅγιον	\vs{11}Ἐν τῷ καιρῷ ἐκείνῳ ἐροῦσι τῷ λαῷ τούτῳ καὶ τῇ Ἱερουσαλὴμ, πνεῦμα πλανήσεως ἐν τῇ ἐρήμῳ, ὁδὸς τῆς θυγατρὸς τοῦ λαοῦ μου, οὐκ εἰς καθαρὸν, οὐδʼ εἰς ἅγιον.
24266	ΙΕΡΕΜΙΑΣ 4:19	μου οὐ	2	consecutive enclitics	καρδία	σιωπήσομαι	\vs{19}Τὴν κοιλίαν μου, τὴν κοιλίαν μου ἀλγῶ, καὶ τὰ αἰσθητήρια τῆς καρδίας μου, μαιμάσσει ἡ ψυχή μου, σπαράσσεται ἡ καρδία μου· οὐ σιωπήσομαι, ὅτι φωνὴν σάλπιγγος ἤκουσεν ἡ ψυχή μου, κραυγὴν πολέμου
24280	ΙΕΡΕΜΙΑΣ 4:30	σου εἰς	2	consecutive enclitics	ὀφθαλμούς	μάταιον	\vs{30}Καὶ σὺ τί ποιήσεις; ἐὰν περιβάλῃ κόκκινον, καὶ κοσμήσῃ κόσμῳ χρυσῷ· ἐὰν ἐγχρίσῃ στίβι τοὺς ὀφθαλμούς σου, εἰς μάταιον ὡραϊσμός σου· ἀπώσαντό σε οἱ ἐρασταί σου, τὴν ψυχήν σου ζητοῦσιν.
24280	ΙΕΡΕΜΙΑΣ 4:30	σε οἱ	2	consecutive enclitics	ἀπώσαντό	ἐρασταί	\vs{30}Καὶ σὺ τί ποιήσεις; ἐὰν περιβάλῃ κόκκινον, καὶ κοσμήσῃ κόσμῳ χρυσῷ· ἐὰν ἐγχρίσῃ στίβι τοὺς ὀφθαλμούς σου, εἰς μάταιον ὡραϊσμός σου· ἀπώσαντό σε οἱ ἐρασταί σου, τὴν ψυχήν σου ζητοῦσιν.
24282	ΙΕΡΕΜΙΑΣ 4:31	σου ὡς	2	consecutive enclitics	στεναγμοῦ	πρωτοτοκούσης	\vs{31}Ὅτι φωνὴν ὡς ὠδινούσης ἤκουσα τοῦ στεναγμοῦ σου, ὡς πρωτοτοκούσης· φωνὴ θυγατρὸς Σιὼν ἐκλυθήσεται, καὶ παρήσει τὰς χεῖρας αὐτῆς· οἴμοι ἐγὼ, ὅτι ἐκλείπει ἡ ψυχή μου ἐπὶ τοῖς ἀνῃρημένοις.
24286	ΙΕΡΕΜΙΑΣ 5:2	οὐκ ἐν	2	consecutive enclitics	διατοῦτο	ψεύδεσιν	\vs{2}Ζῇ Κύριος, λέγουσι, διατοῦτο οὐκ ἐν ψεύδεσιν ὀμνύουσι;
24287	ΙΕΡΕΜΙΑΣ 5:3	σου εἰς	2	consecutive enclitics	ὀφθαλμοί	πίστιν	\vs{3}Κύριε, οἱ ὀφθαλμοί σου εἰς πίστιν· ἐμαστίγωσας αὐτοὺς, καὶ οὐκ ἐπόνεσαν, συνετέλεσας αὐτοὺς, καὶ οὐκ ἠθέλησαν δέξασθαι παιδείαν· ἐστερέωσαν τὰ πρόσωπα αὐτῶν ὑπὲρ πέτραν, καὶ οὐκ ἠθέλησαν ἐπιστραφῆναι.
24292	ΙΕΡΕΜΙΑΣ 5:7	σοι οἱ	2	consecutive enclitics	γένωμαί	υἱοί	\vs{7}Ποίᾳ τούτων ἵλεως γένωμαί σοι; οἱ υἱοί σου ἐγκατέλιπόν με, καὶ ὤμνυον ἐν τοῖς οὐκ οὖσι θεοῖς· καὶ ἐχόρτασα αὐτοὺς, καὶ ἐμοιχῶντο, καὶ ἐν οἴκοις πορνῶν κατέλυον.
24301	ΙΕΡΕΜΙΑΣ 5:14	μου εἰς	2	consecutive enclitics	λόγους	τὸ	\vs{14}Διατοῦτο τάδε λέγει Κύριος παντοκράτωρ, ἀνθʼ ὧν ἐλαλήσατε τὸ ῥῆμα τοῦτο, ἰδοὺ ἐγὼ δέδωκα τοὺς λόγους μου εἰς τὸ στόμα σου πῦρ, καὶ τὸν λαὸν τοῦτον ξύλα, καὶ καταφάγεται αὐτούς.
24305	ΙΕΡΕΜΙΑΣ 5:18	σου οὐ	2	consecutive enclitics	Θεός	μὴ	\vs{18}Καὶ ἔσται ἐν ταῖς ἡμέραις ἐκείναις, λέγει Κύριος ὁ Θεός σου, οὐ μὴ ποιήσω ὑμᾶς εἰς συντέλειαν.
24311	ΙΕΡΕΜΙΑΣ 5:22	μου οὐκ	2	consecutive enclitics	προσώπου	εὐλαβηθήσεσθε	\vs{22}Μὴ ἐμὲ οὐ φοβηθήσεσθε; λέγει Κύριος· ἢ ἀπὸ προσώπου μου οὐκ εὐλαβηθήσεσθε; τὸν τάξαντα ἄμμον ὅριον τῇ θαλάσσῃ, πρόσταγμα αἰώνιον, καὶ οὐχ ὑπερβήσεται αὐτὸ, καὶ ταραχθήσεται, καὶ οὐ δυνήσεται· καὶ ἠχήσουσι τὰ κύματα αὐτῆς, καὶ οὐχ ὑπερβήσεται αὐτό.
24338	ΙΕΡΕΜΙΑΣ 6:9	ὡς ὁ	2	consecutive enclitics	ἐπιστρέψατε	τρυγῶν	\vs{9}Ὅτι τάδε λέγει Κύριος, καλαμᾶσθε, καλαμᾶσθε ὡς ἄμπελον τὰ κατάλοιπα τοῦ Ἰσραὴλ, ἐπιστρέψατε ὡς ὁ τρυγῶν ἐπὶ τὸν κάρταλλον αὐτοῦ.
24346	ΙΕΡΕΜΙΑΣ 6:15	οὐδ ὡς	2	consecutive enclitics	καὶ	καταισχυνόμενοι	\vs{15}Κατῃσχύνθησαν, ὅτι ἐξελίποσαν· καὶ οὐδʼ ὡς καταισχυνόμενοι κατῃσχύνθησαν, καὶ τὴν ἀτιμίαν αὐτῶν οὐκ ἔγνωσαν· διατοῦτο πεσοῦνται ἐν τῇ πτώσει αὐτῶν, καὶ ἐν καιρῷ ἐπισκοπῆς ἀπολοῦνται, εἶπε Κύριος.
24352	ΙΕΡΕΜΙΑΣ 6:19	μου οὐ	2	consecutive enclitics	λόγων	προσέσχον	\vs{19}Ἄκουε γῆ, ἰδοὺ ἐγὼ ἐπάγω ἐπὶ τὸν λαὸν τοῦτον κακὰ, τὸν καρπὸν ἀποστροφῆς αὐτῶν, ὅτι τῶν λόγων μου οὐ προσέσχον, καὶ τὸν νόμον μου ἀπώσαντο.
24363	ΙΕΡΕΜΙΑΣ 6:27	σε ἐν	2	consecutive enclitics	δέδωκά	λαοῖς	\vs{27}Δοκιμαστὴν δέδωκά σε ἐν λαοῖς δεδοκιμασμένοις, καὶ γνώσῃ με ἐν τῷ δοκιμάσαι με τὴν ὁδὸν αὐτῶν,
24363	ΙΕΡΕΜΙΑΣ 6:27	με ἐν	2	consecutive enclitics	γνώσῃ	τῷ	\vs{27}Δοκιμαστὴν δέδωκά σε ἐν λαοῖς δεδοκιμασμένοις, καὶ γνώσῃ με ἐν τῷ δοκιμάσαι με τὴν ὁδὸν αὐτῶν,
24379	ΙΕΡΕΜΙΑΣ 7:10	μου ἐπ	2	consecutive enclitics	ὄνομά	αὐτῷ	\vs{10}καὶ ἤλθετε καὶ ἔστητε ἐνώπιον ἐμοῦ ἐν τῷ οἴκῳ οὗ ἐπικέκληται τὸ ὄνομά μου ἐπʼ αὐτῷ, καὶ εἴπατε, ἀπεσχήμεθα τοῦ μὴ ποιεῖν πάντα τὰ βδελύγματα ταῦτα.
24380	ΙΕΡΕΜΙΑΣ 7:11	μου ἐπ	2	consecutive enclitics	ὄνομά	αὐτῷ	\vs{11}Μὴ σπήλαιον λῃστῶν ὁ οἶκός μου, οὗ ἐπικέκληται τὸ ὄνομά μου ἐπʼ αὐτῷ ἐκεῖ ἐνώπιον ὑμῶν; καὶ ἰδοὺ ἐγὼ ἑώρακα, λέγει Κύριος.
24384	ΙΕΡΕΜΙΑΣ 7:14	μου ἐπ	2	consecutive enclitics	ὄνομά	αὐτῷ	\vs{14}τοίνυν κᾀγὼ ποιήσω τῷ οἴκῳ ᾧ ἐπικέκληται τὸ ὄνομά μου ἐπʼ αὐτῷ, ἐφʼ ᾧ ὑμεῖς πεποίθατε ἐπʼ αὐτῷ, καὶ τῷ τόπῳ ᾧ ἔδωκα ὑμῖν καὶ τοῖς πατράσιν ὑμῶν, καθὼς ἐποίησα τῇ Σηλώ.
24396	ΙΕΡΕΜΙΑΣ 7:23	μοι εἰς	2	consecutive enclitics	ἔσεσθέ	λαὸν	\vs{23}Ἀλλʼ ἢ τὸ ῥῆμα τοῦτο ἐνετειλάμην αὐτοῖς, λέγων, ἀκούσατε τῆς φωνῆς μου, καὶ ἔσομαι ὑμῖν εἰς Θεὸν, καὶ ὑμεῖς ἔσεσθέ μοι εἰς λαὸν, καὶ πορεύεσθε ἐν πάσαις ταῖς ὁδοῖς μου, αἷς ἂν ἐντείλωμαι ὑμῖν, ὅπως ἂν εὖ ᾖ ὑμῖν.
24397	ΙΕΡΕΜΙΑΣ 7:24	οὐκ εἰς	2	consecutive enclitics	καὶ	τὰ	\vs{24}Καὶ οὐκ ἤκουσάν μου, καὶ οὐ προσέσχε τὸ οὖς αὐτῶν, ἀλλʼ ἐπορεύθησαν ἐν τοῖς ἐνθυμήμασι τῆς καρδίας αὐτῶν τῆς κακῆς, καὶ ἐγενήθησαν εἰς τὰ ὄπισθεν· καὶ οὐκ εἰς τὰ ἔμπροσθεν,
24405	ΙΕΡΕΜΙΑΣ 7:30	μου ἐπ	2	consecutive enclitics	ὄνομά	αὐτὸν	\vs{30}Ὅτι ἐποίησαν οἱ υἱοὶ Ἰούδα τὸ πονηρὸν ἐναντίον ἐμοῦ, λέγει Κύριος· ἔταξαν τὰ βδελύγματα αὐτῶν ἐν τῷ οἴκῳ, οὗ ἐπικέκληται τὸ ὄνομά μου ἐπʼ αὐτὸν, τοῦ μιάναι αὐτόν.
24406	ΙΕΡΕΜΙΑΣ 7:31	ἐστιν ἐν	2	consecutive enclitics	ὅς	φάραγγι	\vs{31}Καὶ ᾠκοδόμησαν τὸν βωμὸν τοῦ Ταφὲθ, ὅς ἐστιν ἐν φάραγγι υἱοῦ Ἐννὸμ, τοῦ κατακαίειν τοὺς υἱοὺς αὐτῶν καὶ τὰς θυγατέρας αὐτῶν ἐν πυρὶ, ὃ οὐκ ἐνετειλάμην αὐτοῖς, καὶ οὐ διενοήθην ἐν τῇ καρδίᾳ μου.
24408	ΙΕΡΕΜΙΑΣ 7:32	ἀλλ ἡ	2	consecutive enclitics	Ἐννὸμ	φάραγξ	\vs{32}Διατοῦτο ἰδοὺ ἡμέραι ἔρχονται, λέγει Κύριος, καὶ οὐκ ἐροῦσιν ἔτι, Βωμὸς τοῦ Ταφὲθ καὶ φάραγξ υἱοῦ Ἐννὸμ, ἀλλʼ ἡ φάραγξ τῶν ἀνῃρημένων· καὶ θάψουσιν ἐν τῷ Ταφὲθ, διὰ τὸ μὴ ὑπάρχειν τόπον.
24422	ΙΕΡΕΜΙΑΣ 8:8	ἐστιν εἰς	2	consecutive enclitics	ἡμῶν	μάτην	\vs{8}Πῶς ἐρεῖτε, ὅτι σοφοί ἐσμεν ἡμεῖς, καὶ νόμος Κυρίου μεθʼ ἡμῶν ἐστιν; εἰς μάτην ἐγενήθη σχοῖνος ψευδὴς γραμματεῦσιν.
24423	ΙΕΡΕΜΙΑΣ 8:9	ἐστιν ἐν	2	consecutive enclitics	τίς	αὐτοῖς	\vs{9}Ἠσχύνθησαν σοφοὶ, καὶ ἐπτοήθησαν καὶ ἑάλωσαν, ὅτι τὸν νόμον Κυρίου ἀπεδοκίμασαν· σοφία τίς ἐστιν ἐν αὐτοῖς;
24425	ΙΕΡΕΜΙΑΣ 8:13	οὐκ ἐστι	2	consecutive enclitics	καὶ	σῦκα	\vs{13}καὶ συνάξουσι τὰ γεννήματα αὐτῶν, λέγει Κύριος. Οὐκ ἔστι σταφυλὴ ἐν ταῖς ἀμπέλοις, καὶ οὐκ ἐστι σῦκα ἐν ταῖς συκαῖς, καὶ τὰ φύλλα κατεῤῥύηκεν.
24434	ΙΕΡΕΜΙΑΣ 8:19	με ἐν	2	consecutive enclitics	παρώργισάν	τοῖς	\vs{19}Ἰδοὺ φωνὴ κραυγῆς θυγατρὸς λαοῦ μου ἀπὸ γῆς μακρόθεν· μὴ Κύριος οὐκ ἔστιν ἐν Σιών; ἢ βασιλεὺς οὐκ ἔστιν ἐκεῖ; διότι παρώργισάν με ἐν τοῖς γλυπτοῖς αὐτῶν, καὶ ἐν ματαίοις ἀλλοτρίοις.
24443	ΙΕΡΕΜΙΑΣ 9:1	μοι ἐν	2	consecutive enclitics	δῴη	τῇ	Τίς δῴη μοι ἐν τῇ ἐρήμῳ σταθμὸν ἔσχατον, καὶ καταλείψω τὸν λαόν μου, καὶ ἀπελεύσομαι ἀπʼ αὐτῶν; ὅτι πάντες μοιχῶνται, σύνοδος ἀθετούντων,
24480	ΙΕΡΕΜΙΑΣ 10:5	ἐστιν οὐ	2	consecutive enclitics	τορευτόν	πορεύσονται	\vs{5}Θήσουσιν αὐτὰ, καὶ οὐ κινηθήσονται· ἀργύριον τορευτόν ἐστιν, οὐ πορεύσονται,
24495	ΙΕΡΕΜΙΑΣ 10:20	μου οὐκ	2	consecutive enclitics	πρόβατά	εἰσὶν	\vs{20}Ἡ σκηνή σου ἐταλαιπώρησεν, ὤλετο· καὶ πᾶσαι αἱ δέῤῥεις σου διεσπάσθησαν· οἱ υἱοί μου καὶ τὰ πρόβατά μου οὐκ εἰσὶν, οὐκ ἔστιν ἔτι τόπος τῆς σκηνῆς μου, τόπος τῶν δέῤῥεών μου.
24501	ΙΕΡΕΜΙΑΣ 10:25	σου οὐκ	2	consecutive enclitics	ὄνομά	ἐπεκαλέσαντο	\vs{25}Ἔκχεον τὸν θυμόν σου ἐπὶ ἔθνη τὰ μὴ εἰδότα σε, καὶ ἐπὶ γενεὰς αἳ τὸ ὄνομά σου οὐκ ἐπεκαλέσαντο, ὅτι κατέφαγον τὸν Ἰακὼβ καὶ ἐξανήλωσαν αὐτὸν, καὶ τὴν νομὴν αὐτοῦ ἠρήμωσαν.
24508	ΙΕΡΕΜΙΑΣ 11:4	μοι εἰς	2	consecutive enclitics	ἔσεσθέ	λαὸν	\vs{4}ἧς ἐνετειλάμην τοῖς πατράσιν ὑμῶν, ἐν ἡμέρᾳ ᾗ ἀνήγαγον αὐτοὺς ἐκ γῆς Αἰγύπτου ἐκ καμίνου τῆς σιδηρᾶς, λέγων, ἀκούσατε τῆς φωνῆς μου, καὶ ποιήσατε πάντα ὅσα ἐὰν ἐντείλωμαι ὑμῖν, καὶ ἔσεσθέ μοι εἰς λαὸν, καὶ ἐγὼ ἔσομαι ὑμῖν εἰς Θεόν·
24520	ΙΕΡΕΜΙΑΣ 11:14	με ἐν	2	consecutive enclitics	ἐπικαλοῦνταί	καιρῷ	\vs{14}Καὶ σὺ μὴ προσεύχου περὶ τοῦ λαοῦ τούτου, καὶ μὴ ἀξίου περὶ αὐτῶν ἐν δεήσει καὶ προσευχῇ, ὅτι οὐκ εἰσακούσομαι ἐν τῷ καιρῷ ἐν ᾧ ἐπικαλοῦνταί με, ἐν καιρῷ κακώσεως αὐτῶν.
24522	ΙΕΡΕΜΙΑΣ 11:16	σου εἰς	2	consecutive enclitics	ὄνομά	φωνὴν	\vs{16}Ἐλαίαν ὡραίαν εὔσκιον τῷ εἴδει ἐκάλεσε Κύριος τὸ ὄνομά σου, εἰς φωνὴν περιτομῆς αὐτῆς· ἀνήφθη πῦρ ἐπʼ αὐτὴν, μεγάλη ἡ θλίψις ἐπὶ σὲ, ἠχρειώθησαν οἱ κλάδοι αὐτῆς·
24523	ΙΕΡΕΜΙΑΣ 11:17	με ἐν	2	consecutive enclitics	παροργίσαι	τῷ	\vs{17}Καὶ Κύριος ὁ καταφυτεύσας σε, ἐλάλησεν ἐπὶ σὲ κακὰ ἀντὶ τῆς κακίας οἴκου Ἰσραὴλ καὶ οἴκου Ἰούδα, ὅ, τι ἐποίησαν ἑαυτοῖς τοῦ παροργίσαι με ἐν τῷ θυμιᾷν αὐτοὺς τῇ Βάαλ.
24542	ΙΕΡΕΜΙΑΣ 12:7	μου εἰς	2	consecutive enclitics	ψυχήν	χεῖρας	\vs{7}Ἐγκαταλέλοιπα τὸν οἶκόν μου, ἀφῆκα τὴν κληρονομίαν μου, ἔδωκα τὴν ἠγαπημένην ψυχήν μου εἰς χεῖρας ἐχθρῶν αὐτῆς.
24546	ΙΕΡΕΜΙΑΣ 12:10	μου εἰς	2	consecutive enclitics	ἐπιθυμητήν	ἔρημον	\vs{10}Ποιμένες πολλοὶ διέφθειραν τὸν ἀμπελῶνά μου, ἐμόλυναν τὴν μερίδα μου, ἔδωκαν τὴν μερίδα τὴν ἐπιθυμητήν μου εἰς ἔρημον ἄβατον,
24569	ΙΕΡΕΜΙΑΣ 13:11	μοι εἰς	2	consecutive enclitics	γενέσθαι	λαὸν	\vs{11}Ὅτι καθάπερ κολλᾶται τὸ περίζωμα περὶ τὴν ὀσφὺν τοῦ ἀνθρώπου, οὕτως ἐκόλλησα πρὸς ἐμαυτὸν τὸν οἶκον τοῦ Ἰσραὴλ, καὶ πάντα οἶκον Ἰούδα, τοῦ γενέσθαι μοι εἰς λαὸν ὀνομαστὸν, καὶ εἰς καύχημα, καὶ εἰς δόξαν, καὶ οὐκ εἰσήκουσάν μου.
24610	ΙΕΡΕΜΙΑΣ 14:14	μου οὐκ	2	consecutive enclitics	ὀνόματί	ἀπέστειλα	\vs{14}Καὶ εἶπε Κύριος πρὸς μὲ, ψευδῆ οἱ προφῆται προφητεύουσιν ἐπὶ τῷ ὀνόματί μου, οὐκ ἀπέστειλα αὐτοὺς, καὶ οὐκ ἐνετειλάμην αὐτοῖς, καὶ οὐκ ἐλάλησα πρὸς αὐτούς· ὅτι ὁράσεις ψευδεῖς, καὶ μαντείας, καὶ οἰωνίσματα, καὶ προαιρέσεις καρδίας αὐτῶν αὐτοὶ προφητεύουσιν ὑμῖν.
24620	ΙΕΡΕΜΙΑΣ 14:22	εἰ ὁ	2	consecutive enclitics	καὶ	οὐρανὸς	\vs{22}Μὴ ἔστιν ἐν εἰδώλοις τῶν ἐθνῶν ὑετίζων; καὶ εἰ ὁ οὐρανὸς δώσει πλησμονὴν αὐτοῦ, οὐχὶ σὺ εἶ αὐτός; καὶ ὑπομενοῦμέν σε Κύριε, ὅτι σὺ ἐποίησας πάντα ταῦτα.
24623	ΙΕΡΕΜΙΑΣ 15:1	μου οὐκ	2	consecutive enclitics	προσώπου	ἔστιν	Καὶ εἶπε Κύριος πρὸς μὲ, ἐὰν στῇ Μωυσῆς καὶ Σαμουὴλ πρὸ προσώπου μου, οὐκ ἔστιν ἡ ψυχή μου πρὸς αὐτούς· ἐξαπόστειλον τὸν λαὸν τοῦτον, καὶ ἐξελθέτωσαν.
24636	ΙΕΡΕΜΙΑΣ 15:11	σοι ἐν	2	consecutive enclitics	παρέστην	καιρῷ	\vs{11}Γένοιτο δέσποτα κατευθυνόντων αὐτῶν· εἰ μὴ παρέστην σοι ἐν καιρῷ τῶν κακῶν αὐτῶν, καὶ ἐν καιρῷ θλίψεως αὐτῶν, εἰς ἀγαθὰ πρὸς τὸν ἐχθρόν.
24638	ΙΕΡΕΜΙΑΣ 15:13	σου εἰς	2	consecutive enclitics	θησαυρούς	προνομὴν	\vs{13}Καὶ τοὺς θησαυρούς σου εἰς προνομὴν δώσω ἀντάλλαγμα, διὰ πάσας τὰς ἁμαρτίας σου, καὶ ἐν πᾶσι τοῖς ὁρίοις σου.
24639	ΙΕΡΕΜΙΑΣ 15:14	σου ἐν	2	consecutive enclitics	ἐχθροῖς	τῇ	\vs{14}Καὶ καταδουλώσω σε κύκλῳ τοῖς ἐχθροῖς σου, ἐν τῇ γῇ ᾗ οὐκ ᾔδεις· ὅτι πῦρ ἐκκέκαυται ἐκ τοῦ θυμοῦ μου, ἐφʼ ὑμᾶς καυθήσεται.
24639	ΙΕΡΕΜΙΑΣ 15:14	μου ἐφ	2	consecutive enclitics	θυμοῦ	ὑμᾶς	\vs{14}Καὶ καταδουλώσω σε κύκλῳ τοῖς ἐχθροῖς σου, ἐν τῇ γῇ ᾗ οὐκ ᾔδεις· ὅτι πῦρ ἐκκέκαυται ἐκ τοῦ θυμοῦ μου, ἐφʼ ὑμᾶς καυθήσεται.
24642	ΙΕΡΕΜΙΑΣ 15:16	σου ἐπ	2	consecutive enclitics	ὄνομά	ἐμοὶ	\vs{16}ὑπὸ τῶν ἀθετούντων τοὺς λόγους σου· συντέλεσον αὐτούς· καὶ ἔσται ὁ λόγος σου ἐμοὶ εἰς εὐφροσύνην καὶ χαρὰν καρδίας μου, ὅτι ἐπικέκληται τὸ ὄνομά σου ἐπʼ ἐμοὶ, Κύριε παντοκράτωρ.
24645	ΙΕΡΕΜΙΑΣ 15:18	μου ἡ	2	consecutive enclitics	κατισχύουσί	πληγή	\vs{18}Ἱνατί οἱ λυποῦντές με κατισχύουσί μου; ἡ πληγή μου στερεὰ, πόθεν ἰαθήσομαι; γινομένη ἐγενήθη μοι ὡς ὕδωρ ψευδὲς, οὐκ ἔχον πίστιν.
24645	ΙΕΡΕΜΙΑΣ 15:18	μοι ὡς	2	consecutive enclitics	ἐγενήθη	ὕδωρ	\vs{18}Ἱνατί οἱ λυποῦντές με κατισχύουσί μου; ἡ πληγή μου στερεὰ, πόθεν ἰαθήσομαι; γινομένη ἐγενήθη μοι ὡς ὕδωρ ψευδὲς, οὐκ ἔχον πίστιν.
24649	ΙΕΡΕΜΙΑΣ 15:21	σε ἐκ	2	consecutive enclitics	ἐξαιρεῖσθαί	χειρὸς	\vs{21}καὶ τοῦ ἐξαιρεῖσθαί σε ἐκ χειρὸς πονηρῶν, καὶ λυτρώσομαί σε ἐκ χειρὸς λοιμῶν.
24649	ΙΕΡΕΜΙΑΣ 15:21	σε ἐκ	2	consecutive enclitics	λυτρώσομαί	χειρὸς	\vs{21}καὶ τοῦ ἐξαιρεῖσθαί σε ἐκ χειρὸς πονηρῶν, καὶ λυτρώσομαί σε ἐκ χειρὸς λοιμῶν.
24665	ΙΕΡΕΜΙΑΣ 16:11	με οἱ	2	consecutive enclitics	ἐγκατέλιπόν	πατέρες	\vs{11}Καὶ ἐρεῖς πρὸς αὐτοὺς, ἀνθʼ ὧν ἐγκατέλιπόν με οἱ πατέρες ὑμῶν, λέγει Κύριος, καὶ ᾤχοντο ὀπισω θεῶν ἀλλοτρίων, καὶ ἐδούλευσαν αὐτοῖς, καὶ προσεκύνησαν αὐτοῖς, καὶ ἐμὲ ἐγκατέλιπον, καὶ τὸν νόμον μου οὐκ ἐφυλάξαντο·
24665	ΙΕΡΕΜΙΑΣ 16:11	μου οὐκ	2	consecutive enclitics	νόμον	ἐφυλάξαντο	\vs{11}Καὶ ἐρεῖς πρὸς αὐτοὺς, ἀνθʼ ὧν ἐγκατέλιπόν με οἱ πατέρες ὑμῶν, λέγει Κύριος, καὶ ᾤχοντο ὀπισω θεῶν ἀλλοτρίων, καὶ ἐδούλευσαν αὐτοῖς, καὶ προσεκύνησαν αὐτοῖς, καὶ ἐμὲ ἐγκατέλιπον, καὶ τὸν νόμον μου οὐκ ἐφυλάξαντο·
24674	ΙΕΡΕΜΙΑΣ 16:18	μου ἐν	2	consecutive enclitics	γῆν	τοῖς	\vs{18}Καὶ ἀνταποδώσω διπλὰς τὰς κακίας αὐτῶν, καὶ τὰς ἁμαρτίας αὐτῶν, ἐφʼ αἷς ἐβεβήλωσαν τὴν γῆν μου ἐν τοῖς θνησιμαίοις τῶν βδελυγμάτων αὐτῶν, καὶ ἐν ταῖς ἀνομίαις αὐτῶν, ἐν αἷς ἐπλημμέλησαν τὴν κληρονομίαν μου.
24676	ΙΕΡΕΜΙΑΣ 16:19	μου ἐν	2	consecutive enclitics	καταφυγή	ἡμέραις	\vs{19}Κύριε σὺ ἰσχύς μου, καὶ βοήθειά μου, καὶ καταφυγή μου ἐν ἡμέραις κακῶν· πρὸς σὲ ἔθνη ἥξουσιν ἀπʼ ἐσχάτου τῆς γῆς, καὶ ἐροῦσιν, ὡς ψευδῆ ἐκτήσαντο οἱ πατέρες ἡμῶν εἴδωλα, καὶ οὐκ ἔστιν ἐν αὐτοῖς ὠφέλημα;
24682	ΙΕΡΕΜΙΑΣ 17:6	ὡς ἡ	2	consecutive enclitics	ἔσται	ἀγριομυρίκη	\vs{6}Καὶ ἔσται ὡς ἡ ἀγριομυρίκη ἡ ἐν τῇ ἐρήμῳ, οὐκ ὄψεται ὅταν ἔλθῃ τὰ ἀγαθὰ, καὶ κατασκηνώσει ἐν ἁλίμοις, καὶ ἐν ἐρήμῳ, ἐν γῇ ἁλμυρᾷ ἥτις οὐ κατοικεῖται.
24682	ΙΕΡΕΜΙΑΣ 17:6	ἡ ἐν	2	consecutive enclitics	ἀγριομυρίκη	τῇ	\vs{6}Καὶ ἔσται ὡς ἡ ἀγριομυρίκη ἡ ἐν τῇ ἐρήμῳ, οὐκ ὄψεται ὅταν ἔλθῃ τὰ ἀγαθὰ, καὶ κατασκηνώσει ἐν ἁλίμοις, καὶ ἐν ἐρήμῳ, ἐν γῇ ἁλμυρᾷ ἥτις οὐ κατοικεῖται.
24696	ΙΕΡΕΜΙΑΣ 17:15	ἐστιν ὁ	2	consecutive enclitics	ποῦ	λόγος	\vs{15}Ἰδοὺ αὐτοὶ λέγουσι πρὸς μὲ, ποῦ ἐστιν ὁ λόγος Κυρίου; ἐλθέτω.
24698	ΙΕΡΕΜΙΑΣ 17:17	μοι εἰς	2	consecutive enclitics	γενηθῇς	ἀλλοτρίωσιν	\vs{17}Μὴ γενηθῇς μοι εἰς ἀλλοτρίωσιν, φειδόμενός μου ἐν ἡμέρᾳ πονηρᾷ.
24698	ΙΕΡΕΜΙΑΣ 17:17	μου ἐν	2	consecutive enclitics	φειδόμενός	ἡμέρᾳ	\vs{17}Μὴ γενηθῇς μοι εἰς ἀλλοτρίωσιν, φειδόμενός μου ἐν ἡμέρᾳ πονηρᾷ.
24701	ΙΕΡΕΜΙΑΣ 17:19	σου ἐν	2	consecutive enclitics	λαοῦ	αἷς	\vs{19}Τάδε λέγει Κύριος, βάδισον, καὶ στῆθι ἐν ταῖς πύλαις υἱῶν λαοῦ σου, ἐν αἷς εἰσπορεύονται ἐν αὐταῖς βασιλεῖς Ἰούδα, καὶ ἐν αἷς ἐκπορεύονται ἐν αὐταῖς, καὶ ἐν πάσαις ταῖς πύλαις Ἱερουσαλὴμ,
24720	ΙΕΡΕΜΙΑΣ 18:6	ὡς ὁ	2	consecutive enclitics	ἰδοὺ	πηλὸς	\vs{6}Εἰ καθὼς ὁ κεραμεὺς οὗτος οὐ δυνήσομαι τοῦ ποιῆσαι ὑμᾶς οἶκος Ἰσραήλ; ἰδοὺ, ὡς ὁ πηλὸς τοῦ κεραμέως, ὑμεῖς ἐστε ἐν χερσί μου.
24720	ΙΕΡΕΜΙΑΣ 18:6	ἐστε ἐν	2	consecutive enclitics	ὑμεῖς	χερσί	\vs{6}Εἰ καθὼς ὁ κεραμεὺς οὗτος οὐ δυνήσομαι τοῦ ποιῆσαι ὑμᾶς οἶκος Ἰσραήλ; ἰδοὺ, ὡς ὁ πηλὸς τοῦ κεραμέως, ὑμεῖς ἐστε ἐν χερσί μου.
24731	ΙΕΡΕΜΙΑΣ 18:15	μου εἰς	2	consecutive enclitics	λαός	κενὸν	\vs{15}Ὅτι ἐπελάθοντό μου λαός μου, εἰς κενὸν ἐθυμίασαν καὶ ἀσθενήσουσιν ἐν ταῖς ὁδοῖς αὐτῶν σχοίνους αἰωνίους, τοῦ ἐπιβῆναι τρίβους οὐκ ἔχοντας ὁδὸν εἰς πορείαν,
24738	ΙΕΡΕΜΙΑΣ 18:20	σου ἀπ	2	consecutive enclitics	θυμόν	αὐτῶν	\vs{20}Εἰ ἀνταποδίδοται ἀντὶ ἀγαθῶν κακὰ, ὅτι συνελάλησαν ῥήματα κατὰ τῆς ψυχῆς μου, καὶ τὴν κόλασιν αὐτῶν ἔκρυψάν μοι· μνήσθητι ἑστηκότος μου κατὰ πρόσωπόν σου, τοῦ λαλῆσαι ὑπὲρ αὐτῶν ἀγαθὰ, τοῦ ἀποστρέψαι τὸν θυμόν σου ἀπʼ αὐτῶν.
24742	ΙΕΡΕΜΙΑΣ 18:23	σου ἐν	2	consecutive enclitics	ἐναντίον	καιρῷ	\vs{23}Καὶ σὺ, Κύριε, ἔγνως ἅπασαν τὴν βουλὴν αὐτῶν ἐπʼ ἐμὲ εἰς θάνατον· μὴ ἀθωώσῃς τὰς ἀδικίας αὐτῶν, καὶ τὰς ἁμαρτίας αὐτῶν ἀπὸ προσώπου σου μὴ ἐξαλείψῃς· γενέσθω ἡ ἀσθένεια αὐτῶν ἐναντίον σου, ἐν καιρῷ θυμοῦ σου ποίησον ἐν αὐτοῖς.
24770	ΙΕΡΕΜΙΑΣ 20:3	σου ἀλλ	2	consecutive enclitics	ὄνομά	ἢ	\vs{3}Καὶ ἐξήγαγε Πασχὼρ τὸν Ἱερεμίαν ἐκ τοῦ καταράκτου· καὶ εἶπεν αὐτῷ Ἱερεμίας, οὐχὶ Πασχὼρ ἐκάλεσε τὸ ὄνομά σου, ἀλλʼ ἢ Μέτοικον.
24771	ΙΕΡΕΜΙΑΣ 20:4	σε εἰς	2	consecutive enclitics	δίδωμί	μετοικίαν	\vs{4}Διότι τάδε λέγει Κύριος, ἰδοὺ ἐγὼ δίδωμί σε εἰς μετοικίαν σὺν πᾶσι τοῖς φίλοις σου· καὶ πεσοῦνται ἐν μαχαίρᾳ ἐχθρῶν αὐτῶν, καὶ οἱ ὀφθαλμοί σου ὄψονται· καὶ σὲ καὶ πάντα Ἰούδα δώσω εἰς χεῖρας βασιλέως Βαβυλῶνος, καὶ μετοικιοῦσιν αὐτοὺς, καὶ κατακόψουσιν ἐν μαχαίραις.
24785	ΙΕΡΕΜΙΑΣ 20:14	με ἡ	2	consecutive enclitics	ἔτεκέν	μήτηρ	\vs{14}Ἐπικατάρατος ἡ ἡμέρα ἐν ᾗ ἐτέχθην ἐν αὐτῇ· ἡ ἡμέρα ἐν ᾗ ἔτεκέν με ἡ μήτηρ μου, μὴ ἔστω ἐπευκτή.
24787	ΙΕΡΕΜΙΑΣ 20:16	ὡς αἱ	2	consecutive enclitics	ἐκεῖνος	πόλεις	\vs{16}ἔστω ὁ ἄνθρωπος ἐκεῖνος, ὡς αἱ πόλεις ἃς κατέστρεψε Κύριος ἐν θυμῷ καὶ οὐ μετεμελήθη· ἀκουσάτω κραυγῆς τῷ πρωὶ, καὶ ἀλαλαγμοῦ μεσημβρίας,
24788	ΙΕΡΕΜΙΑΣ 20:17	με ἐν	2	consecutive enclitics	ἀπέκτεινέ	μήτρᾳ	\vs{17}ὅτι οὐκ ἀπέκτεινέ με ἐν μήτρᾳ, καὶ ἐγένετό μοι ἡ μήτηρ μου τάφος μου, καὶ ἡ μήτρα συλλήψεως αἰωνίας.
24788	ΙΕΡΕΜΙΑΣ 20:17	μοι ἡ	2	consecutive enclitics	ἐγένετό	μήτηρ	\vs{17}ὅτι οὐκ ἀπέκτεινέ με ἐν μήτρᾳ, καὶ ἐγένετό μοι ἡ μήτηρ μου τάφος μου, καὶ ἡ μήτρα συλλήψεως αἰωνίας.
24803	ΙΕΡΕΜΙΑΣ 21:10	οὐκ εἰς	2	consecutive enclitics	καὶ	ἀγαθά	\vs{10}Διότι ἐστήρικα τὸ πρόσωπόν μου ἐπὶ τὴν πόλιν ταύτην εἰς κακὰ, καὶ οὐκ εἰς ἀγαθά· εἰς χεῖρας βασιλέως Βαβυλῶνος παραδοθήσεται, καὶ κατακαύσει αὐτὴν ἐν πυρί.
24819	ΙΕΡΕΜΙΑΣ 22:6	σε εἰς	2	consecutive enclitics	θῶ	ἔρημον	\vs{6}Ὅτι τάδε λέγει Κύριος κατὰ τοῦ οἴκου βασιλέως Ἰούδα, Γαλαὰδ σύ μοι ἀρχὴ τοῦ Λιβάνου, ἐὰν μὴ θῶ σε εἰς ἔρημον, πόλεις μὴ κατοικηθησομένας,
24828	ΙΕΡΕΜΙΑΣ 22:13	οὐκ ἐν	2	consecutive enclitics	αὐτοῦ	κρίματι	\vs{13}Ὁ οἰκοδομῶν οἰκίαν αὐτοῦ οὐ μετὰ δικαιοσύνης, καὶ τὰ ὑπερῷα αὐτοῦ οὐκ ἐν κρίματι, παρὰ τῷ πλησίον αὐτοῦ ἐργᾶται δωρεὰν, καὶ τὸν μισθὸν αὐτοῦ οὐ μὴ ἀποδώσει αὐτῷ.
24830	ΙΕΡΕΜΙΑΣ 22:15	σου οὐ	2	consecutive enclitics	πατρί	φάγονται	\vs{15}Μὴ βασιλεύσῃς, ὅτι σὺ παροξυνῇ ἐν Ἄχαζ τῷ πατρί σου; οὐ φάγονται, καὶ οὐ πίονται· βέλτιόν σε ποιεῖν κρίμα καὶ δικαιοσύνην.
24838	ΙΕΡΕΜΙΑΣ 22:21	σου ἐκ	2	consecutive enclitics	ὁδός	νεότητός	\vs{21}Ἐλάλησα πρὸς σὲ ἐν τῇ παραπτώσει σου, καὶ εἶπας, οὐκ ἀκούσομαι· αὕτη ἡ ὁδός σου ἐκ νεότητός σου, οὐκ ἤκουσας τῆς φωνῆς μου.
24838	ΙΕΡΕΜΙΑΣ 22:21	σου οὐκ	2	consecutive enclitics	νεότητός	ἤκουσας	\vs{21}Ἐλάλησα πρὸς σὲ ἐν τῇ παραπτώσει σου, καὶ εἶπας, οὐκ ἀκούσομαι· αὕτη ἡ ὁδός σου ἐκ νεότητός σου, οὐκ ἤκουσας τῆς φωνῆς μου.
24839	ΙΕΡΕΜΙΑΣ 22:22	σου ἐν	2	consecutive enclitics	ἐρασταί	αἰχμαλωσίᾳ	\vs{22}Πάντας τοὺς ποιμένας σου ποιμανεῖ ἄνεμος, καὶ οἱ ἐρασταί σου ἐν αἰχμαλωσίᾳ ἐξελεύσονται, ὅτι τότε αἰσχυνθήσῃ καὶ ἀτιμωθήσῃ ἀπὸ πάντων τῶν φιλούντων σε.
24843	ΙΕΡΕΜΙΑΣ 22:25	σε εἰς	2	consecutive enclitics	παραδώσω	χεῖρας	\vs{25}καὶ παραδώσω σε εἰς χεῖρας τῶν ζητούντων τὴν ψυχήν σου, ὧν σὺ εὐλαβῇ ἀπὸ προσώπου αὐτῶν, εἰς χεῖρας τῶν Χαλδαίων,
24844	ΙΕΡΕΜΙΑΣ 22:26	σε εἰς	2	consecutive enclitics	τεκοῦσάν	γῆν	\vs{26}καὶ ἀποῤῥίψω σε καὶ τὴν μητέρα σου τὴν τεκοῦσάν σε εἰς γῆν, οὗ οὐκ ἐτέχθης ἐκεῖ, καὶ ἐκεῖ ἀποθανεῖσθε·
24860	ΙΕΡΕΜΙΑΣ 23:9	μου ἐν	2	consecutive enclitics	καρδία	ἐμοὶ	\vs{9}Συνετρίβη ἡ καρδία μου ἐν ἐμοὶ, ἐσαλεύθη πάντα τὰ ὀστᾶ μου, ἐγενήθην ὡς ἀνὴρ συντετριμμένος, καὶ ὡς ἄνθρωπος συνεχόμενος ἀπὸ οἶνου ἀπὸ προσώπου Κυρίου καὶ ἀπὸ προσώπου εὐπρεπείας δόξης αὐτοῦ.
24880	ΙΕΡΕΜΙΑΣ 23:24	τις ἐν	2	consecutive enclitics	κρυβήσεταί	κρυφαίοις	\vs{24}Εἰ κρυβήσεταί τις ἐν κρυφαίοις, καὶ ἐγὼ οὐκ ὄψομαι αὐτόν; μὴ οὐχὶ τὸν οὐρανὸν καὶ τὴν γῆν ἐγὼ πληρῶ; λέγει Κύριος.
24884	ΙΕΡΕΜΙΑΣ 23:27	μου ἐν	2	consecutive enclitics	νόμου	τοῖς	\vs{27}τῶν λογιζομένων τοῦ ἐπιλαθέσθαι τοῦ νόμου μου ἐν τοῖς ἐνυπνίοις αὐτῶν, ἃ διηγοῦντο ἕκαστος τῷ πλησίον αὐτοῦ, καθάπερ ἐπελάθοντο οἱ πατέρες αὐτῶν τοῦ ὀνόματός μου ἐν τῇ Βάαλ;
24884	ΙΕΡΕΜΙΑΣ 23:27	μου ἐν	2	consecutive enclitics	ὀνόματός	τῇ	\vs{27}τῶν λογιζομένων τοῦ ἐπιλαθέσθαι τοῦ νόμου μου ἐν τοῖς ἐνυπνίοις αὐτῶν, ἃ διηγοῦντο ἕκαστος τῷ πλησίον αὐτοῦ, καθάπερ ἐπελάθοντο οἱ πατέρες αὐτῶν τοῦ ὀνόματός μου ἐν τῇ Βάαλ;
24885	ΙΕΡΕΜΙΑΣ 23:28	μου ἐπ	2	consecutive enclitics	λόγον	ἀληθείας	\vs{28}Ὁ προφήτης ἐν ᾧ τὸ ἐνύπνιόν ἐστι, διηγησάσθω τὸ ἐνύπνιον αὐτοῦ, καὶ ἐν ᾧ ὁ λόγος μου πρὸς αὐτὸν, διηγησάσθω τὸν λόγον μου ἐπʼ ἀληθείας· τί τὸ ἄχυρον πρὸς τὸν σῖτον; οὕτως οἱ λόγοι μου, λέγει Κύριος.
24890	ΙΕΡΕΜΙΑΣ 23:32	μου ἐν	2	consecutive enclitics	λαόν	τοῖς	\vs{32}Διατοῦτο ἰδοὺ ἐγὼ πρὸς τοὺς προφήτας τοὺς προφητεύοντας ἐνύπνια ψευδῆ, καὶ οὐ διηγοῦντο αὐτὰ, καὶ ἐπλάνησαν τὸν λαόν μου ἐν τοῖς ψεύδεσιν αὐτῶν, καὶ ἐν τοῖς πλάνοις αὐτῶν, καὶ ἐγὼ οὐκ ἀπέστειλα αὐτοὺς, καὶ οὐκ ἐνετειλάμην αὐτοῖς, καὶ ὠφέλειαν οὐκ ὠφελήσουσι τὸν λαὸν τοῦτον.
24911	ΙΕΡΕΜΙΑΣ 24:6	μου ἐπ	2	consecutive enclitics	ὀφθαλμούς	αὐτοὺς	\vs{6}Καὶ στηριῶ τοὺς ὀφθαλμούς μου ἐπʼ αὐτοὺς εἰς ἀγαθὰ, καὶ ἀποκαταστήσω αὐτοὺς εἰς τὴν γῆν ταύτην εἰς ἀγαθά· καὶ ἀνοικοδομήσω αὐτοὺς, καὶ οὐ μὴ καθελῶ αὐτοὺς, καὶ καταφυτεύσω αὐτοὺς, καὶ οὐ μὴ ἐκτίλω.
24913	ΙΕΡΕΜΙΑΣ 24:7	μου εἰς	2	consecutive enclitics	ἔσονταί	λαὸν	\vs{7}Καὶ δώσω αὐτοῖς καρδίαν τοῦ εἰδέναι αὐτοὺς ἐμὲ, ὅτι ἐγώ εἰμι Κύριος, καὶ ἔσονταί μου εἰς λαὸν, καὶ ἐγὼ ἔσομαι αὐτοῖς εἰς Θεὸν, ὅτι ἐπιστραφήσονται ἐπʼ ἐμὲ ἐξ ὅλης τῆς καρδίας αὐτῶν.
24926	ΙΕΡΕΜΙΑΣ 25:6	με ἐν	2	consecutive enclitics	παροργίζητέ	τοῖς	\vs{6}Μὴ πορεύεσθε ὀπίσω θεῶν ἀλλοτρίων, τοῦ δουλεύειν αὐτοῖς, καὶ τοῦ προσκυνεῖν αὐτοῖς, ὅπως μὴ παροργίζητέ με ἐν τοῖς ἔργοις τῶν χειρῶν ὑμῶν, τοῦ κακῶσαι ὑμᾶς.
24942	ΙΕΡΕΜΙΑΣ 25:18	μου ἐν	2	consecutive enclitics	θρόνον	Αἰλὰμ	\vs{18}Καὶ θήσω τὸν θρόνον μου ἐν Αἰλὰμ, καὶ ἐξαποστελῶ ἐκεῖθεν βασιλέα καὶ μεγιστᾶνας.
24968	ΙΕΡΕΜΙΑΣ 26:15	σου οὐκ	2	consecutive enclitics	ἐκλεκτός	ἔμεινεν	\vs{15}Διατί ἔφυγεν ἀπὸ σοῦ ὁ Ἄπις; ὁ μόσχος ὁ ἐκλεκτός σου οὐκ ἔμεινεν· ὅτι Κύριος παρέλυσεν αὐτόν.
24971	ΙΕΡΕΜΙΑΣ 26:18	ὡς ὁ	2	consecutive enclitics	καὶ	Κάρμηλος	\vs{18}Ζῶ ἐγὼ, λέγει Κύριος ὁ Θεὸς, ὅτι ὡς τὸ Ἰταβύριον ἐν τοῖς ὄρεσι, καὶ ὡς ὁ Κάρμηλος ὁ ἐν τῇ θαλάσσῃ, ἥξει.
24971	ΙΕΡΕΜΙΑΣ 26:18	ὁ ἐν	2	consecutive enclitics	Κάρμηλος	τῇ	\vs{18}Ζῶ ἐγὼ, λέγει Κύριος ὁ Θεὸς, ὅτι ὡς τὸ Ἰταβύριον ἐν τοῖς ὄρεσι, καὶ ὡς ὁ Κάρμηλος ὁ ἐν τῇ θαλάσσῃ, ἥξει.
24982	ΙΕΡΕΜΙΑΣ 26:27	σου ἐκ	2	consecutive enclitics	σπέρμα	τῆς	\vs{27}Σὺ δὲ μὴ φοβηθῇς δοῦλός μου Ἰακὼβ, μηδὲ πτοηθῇς Ἰσραήλ· διότι ἐγὼ ἰδοὺ σώζων σε μακρόθεν, καὶ τὸ σπέρμα σου ἐκ τῆς αἰχμαλωσίας αὐτῶν· καὶ ἀναστρέψει Ἰακὼβ, καὶ ἡσυχάσει καὶ ὑπνώσει, καὶ οὐκ ἔσται ὁ παρενοχλῶν αὐτόν.
24983	ΙΕΡΕΜΙΑΣ 26:28	εἰμι ἡ	2	consecutive enclitics	ἐγώ	ἀπτόητος	\vs{28}Μὴ φοβοῦ παῖς μου Ἰακὼβ, λέγει Κύριος, ὅτι μετὰ σοῦ ἐγώ εἰμι· ἡ ἀπτόητος καὶ τρυφερὰ παρεδόθη· ὅτι ποιήσω ἔθνει συντέλειαν ἐν παντὶ ἔθνει εἰς οὓς ἔξωσά σε ἐκεῖ, σὲ δὲ οὐ μὴ ποιήσω ἐκλιπεῖν, καὶ παιδεύσω σε εἰς κρίμα, καὶ ἀθῶον οὐκ ἀθωώσω σε.
24983	ΙΕΡΕΜΙΑΣ 26:28	σε εἰς	2	consecutive enclitics	παιδεύσω	κρίμα	\vs{28}Μὴ φοβοῦ παῖς μου Ἰακὼβ, λέγει Κύριος, ὅτι μετὰ σοῦ ἐγώ εἰμι· ἡ ἀπτόητος καὶ τρυφερὰ παρεδόθη· ὅτι ποιήσω ἔθνει συντέλειαν ἐν παντὶ ἔθνει εἰς οὓς ἔξωσά σε ἐκεῖ, σὲ δὲ οὐ μὴ ποιήσω ἐκλιπεῖν, καὶ παιδεύσω σε εἰς κρίμα, καὶ ἀθῶον οὐκ ἀθωώσω σε.
24994	ΙΕΡΕΜΙΑΣ 27:6	μου οἱ	2	consecutive enclitics	λαός	ποιμένες	\vs{6}Πρόβατα ἀπολωλότα ἐγενήθη ὁ λαός μου, οἱ ποιμένες αὐτῶν ἔξωσαν αὐτοὺς, ἐπὶ τὰ ὄρη ἀπεπλάνησαν αὐτοὺς, ἐξ ὄρους ἐπὶ βουνὸν ᾤχοντο, ἐπελάθοντο κοίτης αὐτῶν.
25078	ΙΕΡΕΜΙΑΣ 28:25	σε ὡς	2	consecutive enclitics	δώσω	ὄρος	\vs{25}Ἰδοὺ ἐγὼ πρὸς σὲ τὸ ὄρος τὸ διεφθαρμένον, τὸ διαφθεῖρον πᾶσαν τὴν γῆν, καὶ ἐκτενῶ τὴν χεῖρά μου ἐπὶ σὲ, καὶ κατακυλιῶ σε ἐπὶ τῶν πετρῶν, καὶ δώσω σε ὡς ὄρος ἐμπεπυρισμένον·
25091	ΙΕΡΕΜΙΑΣ 28:34	με ὡς	2	consecutive enclitics	κατέπιέ	δράκων	\vs{34}Κατέφαγέ με, ἐμερίσατό με, κατέλαβέ με σκότος λεπτὸν, Ναβουχοδονόσορ βασιλεὺς Βαβυλῶνος κατέπιέ με, ὡς δράκων ἔπλησε τὴν κοιλίαν αὐτοῦ ἀπὸ τῆς τρυφῆς μου·
25092	ΙΕΡΕΜΙΑΣ 28:35	με οἱ	2	consecutive enclitics	Ἔξωσάν	μόχθοι	\vs{35}Ἔξωσάν με οἱ μόχθοι μου καὶ αἱ ταλαιπωρίαι μου εἰς Βαβυλῶνα, ἐρεῖ κατοικοῦσα Σιὼν, καὶ τὸ αἷμά μου ἐπὶ τοὺς κατοικοῦντας Χαλδαίους, ἐρεῖ Ἱερουσαλήμ.
25092	ΙΕΡΕΜΙΑΣ 28:35	μου εἰς	2	consecutive enclitics	ταλαιπωρίαι	Βαβυλῶνα	\vs{35}Ἔξωσάν με οἱ μόχθοι μου καὶ αἱ ταλαιπωρίαι μου εἰς Βαβυλῶνα, ἐρεῖ κατοικοῦσα Σιὼν, καὶ τὸ αἷμά μου ἐπὶ τοὺς κατοικοῦντας Χαλδαίους, ἐρεῖ Ἱερουσαλήμ.
25109	ΙΕΡΕΜΙΑΣ 28:53	ὡς ὁ	2	consecutive enclitics	Βαβυλὼν	οὐρανὸς	\vs{53}Ὅτι ἐὰν ἀναβῇ Βαβυλὼν ὡς ὁ οὐρανὸς, καὶ ὅτι ἐὰν ὀχυρώσῃ τὰ τείχη ἰσχύϊ αὐτῆς, παρʼ ἐμοῦ ἥξουσιν ἐξολοθρεύοντες αὐτὴν, λέγει Κύριος.
25148	ΙΕΡΕΜΙΑΣ 30:9	σε ἐν	2	consecutive enclitics	ἔδωκά	ἔθνεσιν	\vs{9}Μικρὸν ἔδωκά σε ἐν ἔθνεσιν, εὐκαταφρόνητον ἐν ἀνθρώποις.
25228	ΙΕΡΕΜΙΑΣ 31:36	μου ἐπ	2	consecutive enclitics	καρδία	ἀνθρώπους	\vs{36}Διατοῦτο καρδία τοῦ Μωὰβ, ὥσπερ αὐλοὶ βομβήσουσι, καρδία μου ἐπʼ ἀνθρώπους κειράδας ὥσπερ αὐλὸς βομβήσει· διατοῦτο ἃ περιεποιήσατο, ἀπώλετο ἀπὸ ἀνθρώπου.
25256	ΙΕΡΕΜΙΑΣ 32:29	μου ἐπ	2	consecutive enclitics	ὄνομά	αὐτὴν	\vs{29}ὅτι ἐν πόλει ἐν ᾗ ὠνομάσθη τὸ ὄνομά μου ἐπʼ αὐτὴν, ἐγὼ ἄρχομαι κακῶσαι, καὶ ὑμεῖς καθάρσει οὐ μὴ καθαρισθῆτε, ὅτι μάχαιραν ἐγὼ καλῶ ἐπὶ πάντας τοὺς καθημένους ἐπὶ τῆς γῆς.
25287	ΙΕΡΕΜΙΑΣ 33:14	μοι ὡς	2	consecutive enclitics	ποιήσατέ	συμφέρει	\vs{14}Καὶ ἰδοὺ ἐγὼ ἐν χερσὶν ὑμῶν, ποιήσατέ μοι ὡς συμφέρει, καὶ ὡς βέλτιον ὑμῖν.
25315	ΙΕΡΕΜΙΑΣ 34:15	μου ἐπ	2	consecutive enclitics	ὀνόματί	ἀδίκῳ	\vs{15}ὅτι οὐκ ἀπέστειλα αὐτοὺς, φησὶ Κύριος, καὶ προφητεύουσι τῷ ὀνόματί μου ἐπ ἀδίκῳ, πρὸς τὸ ἀπολέσαι ὑμᾶς, καὶ ἀπολεῖσθε ὑμεῖς, καὶ οἱ προφῆται ὑμῶν, οἱ προφητεύοντες ὑμῖν ἐπʼ ἀδίκῳ ψευδῆ.
25356	ΙΕΡΕΜΙΑΣ 36:8	οἱ ἐν	2	consecutive enclitics	ψευδοπροφῆται	ὑμῖν	\vs{8}Ὅτι οὕτως εἶπε Κύριος, μὴ ἀναπειθέτωσαν ὑμᾶς οἱ ψευδοπροφῆται οἱ ἐν ὑμῖν, καὶ μὴ ἀναπειθέτωσαν ὑμᾶς οἱ μάντεις ὑμῶν, καὶ μὴ ἀκούετε εἰς τὰ ἐνύπνια ὑμῶν, ἃ ὑμεῖς ἐνυπνιάζεσθε,
25358	ΙΕΡΕΜΙΑΣ 36:10	μου ἐφ	2	consecutive enclitics	λόγους	ὑμᾶς	\vs{10}Ὅτι οὕτως εἶπε Κύριος, ὅταν μέλλῃ πληροῦσθαι Βαβυλῶνι ἑβδομήκοντα ἔτη, ἐπισκέψομαι ὑμᾶς, καὶ ἐπιστήσω τοὺς λόγους μου ἐφʼ ὑμᾶς, τοῦ ἀποστρέψαι τὸν λαὸν ὑμῶν εἰς τὸν τόπον τοῦτον.
25361	ΙΕΡΕΜΙΑΣ 36:13	με ἐν	2	consecutive enclitics	ζητήσετέ	ὅλῃ	\vs{13}Καὶ ἐκζητήσατέ με, καὶ εὑρήσετέ με· ὅτι ζητήσετέ με ἐν ὅλῃ καρδίᾳ ὑμῶν,
25396	ΙΕΡΕΜΙΑΣ 37:13	σου εἰς	2	consecutive enclitics	κρίσιν	ἀλγηρὸν	\vs{13}οὐκ ἔστι κρίνων κρίσιν σου, εἰς ἀλγηρὸν ἰατρεύθης, ὠφέλειά σοι οὐκ ἔστι.
25396	ΙΕΡΕΜΙΑΣ 37:13	σοι οὐκ	2	consecutive enclitics	ὠφέλειά	ἔστι	\vs{13}οὐκ ἔστι κρίνων κρίσιν σου, εἰς ἀλγηρὸν ἰατρεύθης, ὠφέλειά σοι οὐκ ἔστι.
25397	ΙΕΡΕΜΙΑΣ 37:14	σου οὐ	2	consecutive enclitics	ἐπελάθοντό	μὴ	\vs{14}Πάντες οἱ φίλοι σου ἐπελάθοντό σου, οὐ μὴ ἐπερωτήσωσιν· ὅτι πληγὴν ἐχθροῦ ἔπαισά σε, παιδείαν στερεάν· ἐπὶ πᾶσαν ἀδικίαν σου ἐπλήθυναν αἱ ἁμαρτίαι σου.
25398	ΙΕΡΕΜΙΑΣ 37:16	σε εἰς	2	consecutive enclitics	διαφοροῦντές	διαφόρημα	\vs{16}Διατοῦτο πάντες οἱ ἔσθοντές σε βρωθήσονται, καὶ πάντες οἱ ἐχθροί σου κρέας αὐτῶν πᾶν ἔδονται. Ἐπὶ πλῆθος ἀδικιῶν σου ἐπληθύνθησαν αἱ ἁμαρτίαι σου· ἐποίησαν ταῦτά σοι· Καὶ ἔσονται οἱ διαφοροῦντές σε εἰς διαφόρημα, καὶ πάντας τοὺς προνομεύσαντάς σε δώσω εἰς προνομήν.
25410	ΙΕΡΕΜΙΑΣ 38:1	μοι εἰς	2	consecutive enclitics	ἔσονταί	λαόν	Ἐν τῷ χρόνῳ ἐκείνῳ, εἶπε Κύριος, ἔσομαι εἰς Θεὸν τῷ γένει Ἰσραὴλ, καὶ αὐτοὶ ἔσονταί μοι εἰς λαόν.
25412	ΙΕΡΕΜΙΑΣ 38:3	σε εἰς	2	consecutive enclitics	εἵλκυσά	οἰκτείρημα	\vs{3}Κύριος πόῤῥωθεν ὤφθη αὐτῷ· ἀγάπησιν αἰώνιον ἠγάπησά σε· διατοῦτο εἵλκυσά σε εἰς οἰκτείρημα.
25421	ΙΕΡΕΜΙΑΣ 38:10	ὡς ὁ	2	consecutive enclitics	αὐτὸν	βόσκων	\vs{10}Ἀκούσατε λόγους Κυρίου ἔθνη, καὶ ἀναγγείλατε εἰς νήσους τὰς μακρόθεν· εἴπατε, ὁ λικμήσας τὸν Ἰσραὴλ καὶ συνάξει αὐτὸν, καὶ φυλάξει αὐτὸν, ὡς ὁ βόσκων ποίμνιον αὐτοῦ.
25434	ΙΕΡΕΜΙΑΣ 38:20	μου ἐν	2	consecutive enclitics	λόγοι	αὐτῷ	\vs{20}Υἱὸς ἀγαπητὸς Ἐφραὶμ, ἐμοὶ παιδίον ἐντρυφῶν, ὅτι ἀνθʼ ὧν οἱ λόγοι μου ἐν αὐτῷ, μνείᾳ μνησθήσομαι αὐτοῦ· διατοῦτο ἔσπευσα ἐπʼ αὐτῷ, ἐλεῶν ἐλεήσω αὐτὸν, φησὶ Κύριος.
25436	ΙΕΡΕΜΙΑΣ 38:21	σου εἰς	2	consecutive enclitics	καρδίαν	τοὺς	\vs{21}Στῆσον σεαυτὴν Σιὼν, ποίησον τιμωρίαν, δὸς καρδίαν σου εἰς τοὺς ὤμους· ὁδὸν ᾗ ἐπορεύθης, ἀποστράφηθι παρθένος Ἰσραὴλ, ἀποστράφητι εἰς τὰς πόλεις σου πενθοῦσα.
25451	ΙΕΡΕΜΙΑΣ 38:33	μου εἰς	2	consecutive enclitics	νόμους	τὴν	\vs{33}Ὅτι αὕτη ἡ διαθήκη μου, ἣν διαθήσομαι τῷ οἴκῳ Ἰσραὴλ, μετὰ τὰς ἡμέρας ἐκείνας, φησὶ Κύριος, διδοὺς δώσω νόμους μου εἰς τὴν διάνοιαν αὐτῶν, καὶ ἐπὶ καρδίας αὐτῶν γράψω αὐτοὺς, καὶ ἔσομαι αὐτοῖς εἰς Θεὸν, καὶ αὐτοὶ ἔσονταί μοι εἰς λαόν.
25451	ΙΕΡΕΜΙΑΣ 38:33	μοι εἰς	2	consecutive enclitics	ἔσονταί	λαόν	\vs{33}Ὅτι αὕτη ἡ διαθήκη μου, ἣν διαθήσομαι τῷ οἴκῳ Ἰσραὴλ, μετὰ τὰς ἡμέρας ἐκείνας, φησὶ Κύριος, διδοὺς δώσω νόμους μου εἰς τὴν διάνοιαν αὐτῶν, καὶ ἐπὶ καρδίας αὐτῶν γράψω αὐτοὺς, καὶ ἔσομαι αὐτοῖς εἰς Θεὸν, καὶ αὐτοὶ ἔσονταί μοι εἰς λαόν.
25466	ΙΕΡΕΜΙΑΣ 39:2	ἐστιν ἐν	2	consecutive enclitics	ἥ	οἴκῳ	\vs{2}Καὶ δύναμις βασιλέως Βαβυλῶνος ἐχαράκωσεν ἐπὶ Ἱερουσαλὴμ, καὶ Ἱερεμίας ἐφυλάσσετο ἐν αὐλῇ τῆς φυλακῆς, ἥ ἐστιν ἐν οἴκῳ βασιλέως,
25473	ΙΕΡΕΜΙΑΣ 39:8	μου εἰς	2	consecutive enclitics	πατρός	τὴν	\vs{8}Καὶ ἦλθε πρὸς μὲ Ἀναμεὴλ υἱὸς Σαλὼμ, ἀδελφοῦ πατρός μου, εἰς τὴν αὐλὴν τῆς φυλακῆς, καὶ εἶπε, κτῆσαι σεαυτῷ τὸν ἀγρόν μου τὸν ἐν γῇ Βενιαμὶν τὸν ἐν Ἀναθὼθ, ὅτι σοὶ κρίμα κτήσασθαι αὐτὸν, καὶ σὺ πρεσβύτερος. καὶ ἔγνων, ὅτι λόγος Κυρίου ἐστὶ,
25486	ΙΕΡΕΜΙΑΣ 39:19	σου εἰς	2	consecutive enclitics	ὀφθαλμοί	τὰς	\vs{19}Κύριος μεγάλης βουλῆς, καὶ δυνατὸς τοῖς ἔργοις, ὁ Θεὸς ὁ μέγας ὁ παντοκράτωρ, καὶ μεγαλώνυμος Κύριος· οἱ ὀφθαλμοί σου εἰς τὰς ὁδοὺς τῶν υἱῶν τῶν ἀνθρώπων, δοῦναι ἑκάστῳ κατὰ τὴν ὁδὸν αὐτοῦ·
25490	ΙΕΡΕΜΙΑΣ 39:23	σου οὐκ	2	consecutive enclitics	προστάγμασί	ἐπορεύθησαν	\vs{23}Καὶ εἰσήλθοσαν καὶ ἔλαβον αὐτὴν, καὶ οὐκ ἤκουσαν τῆς φωνῆς σου, καὶ ἐν τοῖς προστάγμασί σου οὐκ ἐπορεύθησαν· ἅπαντα ἃ ἐνετείλω αὐτοῖς οὐκ ἐποίησαν, καὶ ἐποίησαν συμβῆναι αὐτοῖς πάντα τὰ κακὰ ταῦτα.
25503	ΙΕΡΕΜΙΑΣ 39:34	μου ἐπ	2	consecutive enclitics	ὄνομά	αὐτῷ	\vs{34}Καὶ ἔθηκαν τὰ μιάσματα αὐτῶν ἐν τῷ οἴκῳ, οὗ ἐπεκλήθη τὸ ὄνομά μου ἐπʼ αὐτῷ, ἐν ἀκαθαρσίαις αὐτῶν.
25508	ΙΕΡΕΜΙΑΣ 39:38	μοι εἰς	2	consecutive enclitics	ἔσονταί	λαὸν	\vs{38}Καὶ ἔσονταί μοι εἰς λαὸν, καὶ ἐγὼ ἔσομαι αὐτοῖς εἰς Θεόν.
25523	ΙΕΡΕΜΙΑΣ 40:5	μου ἀπ	2	consecutive enclitics	πρόσωπόν	αὐτῶν	\vs{5}τοῦ μάχεσθαι πρὸς τοὺς Χαλδαίους, καὶ πληρῶσαι αὐτὴν τῶν νεκρῶν τῶν ἀνθρώπων, οὓς ἐπάταξα ἐν ὀργῇ μου, καὶ ἐν θυμῷ μου· καὶ ἀπέστρεψα τὸ πρόσωπόν μου ἀπʼ αὐτῶν, περὶ πασῶν τῶν πονηριῶν αὐτῶν.
25555	ΙΕΡΕΜΙΑΣ 41:15	μου ἐν	2	consecutive enclitics	πρόσωπόν	τῷ	\vs{15}Καὶ ἐπέστρεψαν σήμερον ποιῆσαι τὸ εὐθὲς πρὸ ὀφθαλμῶν μου, τοῦ καλέσαι ἄφεσιν ἕκαστον τοῦ πλησίον αὐτοῦ· καὶ συνετέλεσαν διαθήκην κατὰ πρόσωπόν μου, ἐν τῷ οἴκῳ οὗ ἐπεκλήθη τὸ ὄνομά μου ἐπʼ αὐτῷ.
25555	ΙΕΡΕΜΙΑΣ 41:15	μου ἐπ	2	consecutive enclitics	ὄνομά	αὐτῷ	\vs{15}Καὶ ἐπέστρεψαν σήμερον ποιῆσαι τὸ εὐθὲς πρὸ ὀφθαλμῶν μου, τοῦ καλέσαι ἄφεσιν ἕκαστον τοῦ πλησίον αὐτοῦ· καὶ συνετέλεσαν διαθήκην κατὰ πρόσωπόν μου, ἐν τῷ οἴκῳ οὗ ἐπεκλήθη τὸ ὄνομά μου ἐπʼ αὐτῷ.
25651	ΙΕΡΕΜΙΑΣ 44:14	οὐκ εἰς	2	consecutive enclitics	ψεῦδος	τοὺς	\vs{14}Καὶ εἶπε, ψεῦδος, οὐκ εἰς τοὺς Χαλδαίους ἐγὼ φεύγω· καὶ οὐκ εἰσήκουσεν αὐτοῦ· καὶ συνέλαβε Σαρουΐα τὸν Ἱερεμίαν, καὶ εἰσήγαγεν αὐτὸν πρὸς τοὺς ἄρχοντας.
25656	ΙΕΡΕΜΙΑΣ 44:18	με εἰς	2	consecutive enclitics	δίδως	οἰκίαν	\vs{18}Καὶ εἶπεν Ἱερεμίας τῷ βασιλεῖ, τί ἠδίκησά σε, καὶ τοὺς παῖδάς σου, καὶ τὸν λαὸν τοῦτον, ὅτι σὺ δίδως με εἰς οἰκίαν φυλακῆς;
25657	ΙΕΡΕΜΙΑΣ 44:19	εἰσιν οἱ	2	consecutive enclitics	ποῦ	προφῆται	\vs{19}Καὶ ποῦ εἰσιν οἱ προφῆται ὑμῶν οἱ προφητεύσαντες ὑμῖν, λέγοντες, ὅτι οὐ μὴ ἔλθῃ βασιλεὺς Βαβυλῶνος ἐπὶ τὴν γῆν ταύτην;
25658	ΙΕΡΕΜΙΑΣ 44:20	με εἰς	2	consecutive enclitics	ἀποστρέφεις	οἰκίαν	\vs{20}Καὶ νῦν, Κύριε βασιλεῦ, πεσέτω τὸ ἔλεός μου κατὰ πρόσωπόν σου· καὶ τί ἀποστρέφεις με εἰς οἰκίαν Ἰωνάθαν τοῦ γραμματέως; καὶ οὐ μὴ ἀποθάνω ἐκεῖ.
25680	ΙΕΡΕΜΙΑΣ 45:15	σοι οὐ	2	consecutive enclitics	συμβουλεύσω	μὴ	\vs{15}Καὶ εἶπεν Ἱερεμίας τῷ βασιλεῖ, ἐὰν ἀναγγείλω σοι, οὐχὶ θανάτῳ με θανατώσεις; καὶ ἐὰν συμβουλεύσω σοι, οὐ μὴ ἀκούσῃς μου.
25681	ΙΕΡΕΜΙΑΣ 45:16	σε εἰς	2	consecutive enclitics	δώσω	χεῖρας	\vs{16}Καὶ ὤμοσεν αὐτῷ ὁ βασιλεὺς, λέγων, ζῇ Κύριος ὃς ἐποίησεν ἡμῖν τὴν ψυχὴν ταύτην, εἰ ἀποκτενῶ σε, καὶ εἰ δώσω σε εἰς χεῖρας τῶν ἀνθρώπων τούτων.
25686	ΙΕΡΕΜΙΑΣ 45:19	με εἰς	2	consecutive enclitics	δώσειν	χεῖρας	\vs{19}Καὶ εἶπεν ὁ βασιλεὺς τῷ Ἱερεμίᾳ, ἐγὼ λόγον ἔχω τῶν Ἰουδαίων τῶν πεφευγότων πρὸς τοὺς Χαλδαίους, μὴ δώσειν με εἰς χεῖρας αὐτῶν, καὶ καταμωκήσονταί μου.
25694	ΙΕΡΕΜΙΑΣ 45:25	σοι ὁ	2	consecutive enclitics	ἐλάλησέ	βασιλεύς	\vs{25}Καὶ ἐὰν οἱ ἄρχοντες ἀκούσωσιν ὅτι ἐλάλησά σοι, καὶ ἔλθωσι πρὸς σὲ, καὶ εἴπωσί σοι, ἀνάγγειλον ἡμῖν, τί ἐλάλησέ σοι ὁ βασιλεύς; μὴ κρύψῃς ἀφʼ ἡμῶν, καὶ οὐ μὴ ἀνέλωμέν σε· καὶ τί ἐλάλησε πρὸς σὲ ὁ βασιλεύς;
25695	ΙΕΡΕΜΙΑΣ 45:26	μου κατ	2	consecutive enclitics	ἔλεός	ὀφθαλμοὺς	\vs{26}Καὶ ἐρεῖς αὐτοῖς, ῥίπτω ἐγὼ τὸ ἔλεός μου κατʼ ὀφθαλμοὺς τοῦ βασιλέως, πρὸς τὸ μὴ ἀποστρέψαι με εἰς οἰκίαν Ἰωνάθαν, ἀποθανεῖν με ἐκεῖ.
25695	ΙΕΡΕΜΙΑΣ 45:26	με εἰς	2	consecutive enclitics	ἀποστρέψαι	οἰκίαν	\vs{26}Καὶ ἐρεῖς αὐτοῖς, ῥίπτω ἐγὼ τὸ ἔλεός μου κατʼ ὀφθαλμοὺς τοῦ βασιλέως, πρὸς τὸ μὴ ἀποστρέψαι με εἰς οἰκίαν Ἰωνάθαν, ἀποθανεῖν με ἐκεῖ.
25707	ΙΕΡΕΜΙΑΣ 46:16	οὐκ εἰς	2	consecutive enclitics	καὶ	ἀγαθά	\vs{16}πορεύου καὶ εἰπὲ πρὸς Ἀβδεμέλεχ τὸν Αἰθίοπα, οὕτως εἶπε Κύριος ὁ Θεὸς Ἰσραὴλ, ἰδοὺ ἐγὼ φέρω τοὺς λόγους μου ἐπὶ τὴν πόλιν ταύτην εἰς κακὰ καὶ οὐκ εἰς ἀγαθά.
25708	ΙΕΡΕΜΙΑΣ 46:17	σε ἐν	2	consecutive enclitics	σώσω	τῇ	\vs{17}Καὶ σώσω σε ἐν τῇ ἡμέρᾳ ἐκείνῃ, καὶ οὐ μὴ δώσω σε εἰς χεῖρας τῶν ἀνθρώπων ὧν σὺ φοβῇ ἀπὸ προσώπου αὐτῶν,
25708	ΙΕΡΕΜΙΑΣ 46:17	σε εἰς	2	consecutive enclitics	δώσω	χεῖρας	\vs{17}Καὶ σώσω σε ἐν τῇ ἡμέρᾳ ἐκείνῃ, καὶ οὐ μὴ δώσω σε εἰς χεῖρας τῶν ἀνθρώπων ὧν σὺ φοβῇ ἀπὸ προσώπου αὐτῶν,
25709	ΙΕΡΕΜΙΑΣ 46:18	σου εἰς	2	consecutive enclitics	ψυχή	εὕρημα	\vs{18}ὅτι σώζων σώσω σε, καὶ ἐν ῥομφαίᾳ οὐ μὴ πέσῃς· καὶ ἔσται ἡ ψυχή σου εἰς εὕρημα, ὅτι ἐπεποίθεις ἐπʼ ἐμοὶ, φησὶ Κύριος.
25716	ΙΕΡΕΜΙΑΣ 47:4	σου εἰ	2	consecutive enclitics	χεῖράς	καλὸν	\vs{4}Ἰδοὺ ἔλυσά σε ἀπὸ τῶν χειροπέδων τῶν ἐπὶ τὰς χεῖράς σου· εἰ καλὸν ἐναντίον σου ἐλθεῖν μετʼ ἐμοῦ εἰς Βαβυλῶνα, καὶ θήσω τοὺς ὀφθαλμούς μου ἐπὶ σέ.
25726	ΙΕΡΕΜΙΑΣ 47:11	οἱ ἐν	2	consecutive enclitics	Ἰουδαῖοι	Μωὰβ	\vs{11}Καὶ πάντες οἱ Ἰουδαῖοι οἱ ἐν Μωὰβ, καὶ ἐν υἱοῖς Ἀμμὼν, καὶ οἱ ἐν τῇ Ἰδουμαίᾳ, καὶ οἱ ἐν πάσῃ τῇ γῇ, ἤκουσαν ὅτι ἔδωκε βασιλεὺς Βαβυλῶνος κατάλειμμα τῷ Ἰούδᾳ, καὶ ὅτι κατέστησεν ἐπʼ αὐτοὺς τὸν Γοδολίαν υἱὸν Ἀχεικάμ.
25726	ΙΕΡΕΜΙΑΣ 47:11	οἱ ἐν	2	consecutive enclitics	καὶ	τῇ	\vs{11}Καὶ πάντες οἱ Ἰουδαῖοι οἱ ἐν Μωὰβ, καὶ ἐν υἱοῖς Ἀμμὼν, καὶ οἱ ἐν τῇ Ἰδουμαίᾳ, καὶ οἱ ἐν πάσῃ τῇ γῇ, ἤκουσαν ὅτι ἔδωκε βασιλεὺς Βαβυλῶνος κατάλειμμα τῷ Ἰούδᾳ, καὶ ὅτι κατέστησεν ἐπʼ αὐτοὺς τὸν Γοδολίαν υἱὸν Ἀχεικάμ.
25726	ΙΕΡΕΜΙΑΣ 47:11	οἱ ἐν	2	consecutive enclitics	καὶ	πάσῃ	\vs{11}Καὶ πάντες οἱ Ἰουδαῖοι οἱ ἐν Μωὰβ, καὶ ἐν υἱοῖς Ἀμμὼν, καὶ οἱ ἐν τῇ Ἰδουμαίᾳ, καὶ οἱ ἐν πάσῃ τῇ γῇ, ἤκουσαν ὅτι ἔδωκε βασιλεὺς Βαβυλῶνος κατάλειμμα τῷ Ἰούδᾳ, καὶ ὅτι κατέστησεν ἐπʼ αὐτοὺς τὸν Γοδολίαν υἱὸν Ἀχεικάμ.
25729	ΙΕΡΕΜΙΑΣ 47:13	οἱ ἐν	2	consecutive enclitics	δυνάμεως	τοῖς	\vs{13}Καὶ Ἰωάναν υἱὸς Κάρηε, καὶ πάντες οἱ ἡγεμόνες τῆς δυνάμεως, οἱ ἐν τοῖς ἀγροῖς, ἦλθον πρὸς τὸν Γοδολίαν εἰς Μασσηφὰ,
25749	ΙΕΡΕΜΙΑΣ 48:11	οἱ μετ	2	consecutive enclitics	δυνάμεως	αὐτοῦ	\vs{11}Καὶ ἤκουσεν Ἰωάναν υἱὸς Κάρηε, καὶ πάντες οἱ ἡγεμόνες τῆς δυνάμεως οἱ μετʼ αὐτοῦ, πάντα τὰ κακὰ ἃ ἐποίησεν Ἰσμαὴλ,
25755	ΙΕΡΕΜΙΑΣ 48:16	οἱ μετ	2	consecutive enclitics	δυνάμεως	αὐτοῦ	\vs{16}Καὶ ἔλαβεν Ἰωάναν, καὶ πάντες οἱ ἡγεμόνες τῆς δυνάμεως οἱ μετʼ αὐτοῦ, πάντας τοὺς καταλοίπους τοῦ λαοῦ, οὓς ἀπέστρεψεν ἀπὸ Ἰσμαὴλ, δυνατοὺς ἄνδρας ἐν πολέμῳ, καὶ τὰς γυναῖκας, καὶ τὰ λοιπὰ, καὶ τοὺς εὐνούχους, οὓς ἀπέστρεψαν ἀπὸ Γαβαὼν,
25782	ΙΕΡΕΜΙΑΣ 49:18	μου ἐφ	2	consecutive enclitics	θυμός	ὑμᾶς	\vs{18}Ὅτι οὕτως εἶπε Κύριος, καθὼς ἔσταξεν ὁ θυμός μου ἐπὶ τοὺς κατοικοῦντας Ἱερουσαλὴμ, οὕτως στάξει ὁ θυμός μου ἐφʼ ὑμᾶς, εἰσελθόντων ὑμῶν εἰς Αἴγυπτον· καὶ ἔσεσθε εἰς ἄβατον, καὶ ὑποχείριοι, καὶ εἰς ἀρὰν, καὶ εἰς ὀνειδισμὸν, καὶ οὐ μὴ ἴδητε οὐκέτι τὸν τόπον τοῦτον.
25814	ΙΕΡΕΜΙΑΣ 51:6	ὡς ἡ	2	consecutive enclitics	ἄβατον	ἡμέρα	\vs{6}Καὶ ἔσταξεν ἡ ὀργή μου, καὶ ὁ θυμός μου, καὶ ἐξεκαύθη ἐν πύλαις Ἰούδα, καὶ ἔξωθεν Ἱερουσαλήμ· καὶ ἐγενήθησαν εἰς ἐρήμωσιν καὶ εἰς ἄβατον ὡς ἡ ἡμέρα αὕτη.
25817	ΙΕΡΕΜΙΑΣ 51:8	με ἐν	2	consecutive enclitics	παραπικράναι	τοῖς	\vs{8}παραπικράναι με ἐν τοῖς ἔργοις τῶν χειρῶν ὑμῶν, θυμιᾷν θεοῖς ἑτέροις ἐν γῇ Αἰγύπτῳ, εἰς ἣν ἤλθετε κατοικεῖν ἐκεῖ, ἵνα κοπῆτε, καὶ ἵνα γένησθε εἰς κατάραν καὶ εἰς ὀνειδισμὸν ἐν πᾶσι τοῖς ἔθνεσι τῆς γῆς;
25835	ΙΕΡΕΜΙΑΣ 51:22	ὡς ἐν	2	consecutive enclitics	ἀρὰν	τῇ	\vs{22}Καὶ οὐκ ἠδύνατο Κύριος ἔτι φέρειν ἀπὸ προσώπου πονηρίας πραγμάτων ὑμῶν, καὶ ἀπὸ τῶν βδελυγμάτων ὑμῶν ὧν ἐποιήσατε· καὶ ἐγενήθη ἡ γῆ ὑμῶν εἰς ἐρήμωσιν, καὶ εἰς ἄβατον, καὶ εἰς ἀρὰν, ὡς ἐν τῇ ἡμέρᾳ ταύτῃ,
25840	ΙΕΡΕΜΙΑΣ 51:26	μου ἐν	2	consecutive enclitics	ὄνομά	τῷ	\vs{26}Διατοῦτο ἀκούσατε λόγον Κυρίου, πᾶς Ἰούδα οἱ καθήμενοι ἐν γῇ Αἰγύπτῳ, ἰδοὺ ὤμοσα τῷ ὀνόματί μου τῷ μεγάλῳ, εἶπε Κύριος, ἐὰν γένηται ἔτι ὄνομά μου ἐν τῷ στόματι παντὸς Ἰούδα εἰπεῖν, ζῇ Κύριος, ἐπὶ πάση γῇ Αἰγύπτῳ.
25852	ΙΕΡΕΜΙΑΣ 51:35	σου εἰς	2	consecutive enclitics	ψυχήν	εὕρημα	\vs{35}Καὶ σὺ ζητήσεις σεαυτῷ μεγάλα; μὴ ζητήσῃς, ὅτι ἰδοὺ ἐγὼ ἐπάγω κακὰ ἐπὶ πᾶσαν σάρκα, λέγει Κύριος· καὶ δώσω τὴν ψυχήν σου εἰς εὕρημα ἐν παντὶ τόπῳ οὗ ἐὰν βαδίσῃς ἐκεῖ.
25908	ΘΡΗΝΟΙ ΙΕΡΕΜΙΟΥ 1:6	ἐν οὐκ	2	consecutive enclitics	ἐπορεύοντο	ἰσχύϊ	\vs{6}ΟΥΑΥ. Καὶ ἐξῄρθη ἐκ θυγατρὸς Σιὼν πᾶσα ἡ εὐπρέπεια αὐτῆς· ἐγένοντο οἱ ἄρχοντες αὐτῆς ὡς κριοὶ οὐχ εὑρίσκοντες νομὴν, καὶ ἐπορεύοντο ἐν οὐκ ἰσχύϊ κατὰ πρόσωπον διώκοντος.
25922	ΘΡΗΝΟΙ ΙΕΡΕΜΙΟΥ 1:13	με εἰς	2	consecutive enclitics	ἀπέστρεψέ	τὰ	\vs{13}ΜΗΜ. Ἐξ ὕψους αὐτοῦ ἀπέστειλε πῦρ, ἐν τοῖς ὀστέοις μου κατήγαγεν αὐτό· διεπέτασε δίκτυον τοῖς ποσί μου, ἀπέστρεψέ με εἰς τὰ ὀπίσω· ἔδωκέ με ἠφανισμένην, ὅλην τὴν ἡμέραν ὠδυνωμένην.
25924	ΘΡΗΝΟΙ ΙΕΡΕΜΙΟΥ 1:14	μου ἐν	2	consecutive enclitics	ἀσεβήματά	χερσί	\vs{14}ΝΟΥΝ. Ἐγρηγορήθη ἐπὶ τὰ ἀσεβήματά μου, ἐν χερσί μου συνεπλάκησαν· ἀνέβησαν ἐπὶ τὸν τράχηλόν μου· ἠσθένησεν ἡ ἰσχύς μου· ὅτι ἔδωκε Κύριος ἐν χερσί μου ὀδύνας, οὐ δυνήσομαι στῆναι.
25926	ΘΡΗΝΟΙ ΙΕΡΕΜΙΟΥ 1:15	μου ὁ	2	consecutive enclitics	ἰσχυρούς	Κύριος	\vs{15}ΣΑΜΕΧ. Ἐξῇρε πάντας τοὺς ἰσχυρούς μου ὁ Κύριος ἐκ μέσου μου, ἐκάλεσεν ἐπʼ ἐμὲ καιρὸν τοῦ συντρίψαι ἐκλεκτούς μου· ληνὸν ἐπάτησε Κύριος παρθένῳ θυγατρὶ Ἰούδα· ἐπὶ τούτοις ἐγὼ κλαίω.
25928	ΘΡΗΝΟΙ ΙΕΡΕΜΙΟΥ 1:16	με ὁ	2	consecutive enclitics	παρακαλῶν	ἐπιστρέφων	\vs{16}ΑΙΝ. Ὁ ὀφθαλμός μου κατήγαγεν ὕδωρ, ὅτι ἐμακρύνθη ἀπʼ ἐμοῦ ὁ παρακαλῶν με, ὁ ἐπιστρέφων ψυχήν μου· ἐγένοντο οἱ υἱοί μου ἠφανισμένοι, ὅτι ἐκραταιώθη ὁ ἐχθρός.
25934	ΘΡΗΝΟΙ ΙΕΡΕΜΙΟΥ 1:19	με οἱ	2	consecutive enclitics	παρελογίσαντό	ἱερεῖς	\vs{19}ΚΩΦ. Ἐκάλεσα τοὺς ἐραστάς μου, αὐτοὶ δὲ παρελογίσαντό με· οἱ ἱερεῖς μου καὶ οἱ πρεσβύτεροί μου ἐν τῇ πόλει ἐξέλιπον, ὅτι ἐζήτησαν βρῶσιν αὐτοῖς ἵνα ἐπιστρέψωσι ψυχὰς αὐτῶν, καὶ οὐχ εὗρον.
25934	ΘΡΗΝΟΙ ΙΕΡΕΜΙΟΥ 1:19	μου ἐν	2	consecutive enclitics	πρεσβύτεροί	τῇ	\vs{19}ΚΩΦ. Ἐκάλεσα τοὺς ἐραστάς μου, αὐτοὶ δὲ παρελογίσαντό με· οἱ ἱερεῖς μου καὶ οἱ πρεσβύτεροί μου ἐν τῇ πόλει ἐξέλιπον, ὅτι ἐζήτησαν βρῶσιν αὐτοῖς ἵνα ἐπιστρέψωσι ψυχὰς αὐτῶν, καὶ οὐχ εὗρον.
25949	ΘΡΗΝΟΙ ΙΕΡΕΜΙΟΥ 2:4	μου ἐν	2	consecutive enclitics	ὀφθαλμῶν	σκηνῇ	\vs{4}ΔΑΛΕΘ. Ἐνέτεινε τόξον αὐτοῦ ὡς ἐχθρὸς ὑπεναντίος, ἐστερέωσε δεξιὰν αὐτοῦ ὡς ὑπεναντίος, καὶ ἀπέκτεινε πάντα τὰ ἐπιθυμήματα τῶν ὀφθαλμῶν μου ἐν σκηνῇ θυγατρὸς Σιὼν, ἐξέχεεν ὡς πῦρ τὸν θυμὸν αὐτοῦ.
25955	ΘΡΗΝΟΙ ΙΕΡΕΜΙΟΥ 2:7	ὡς ἐν	2	consecutive enclitics	Κυρίου	ἡμέρᾳ	\vs{7}ΖΑΙΝ. Ἀπώσατο Κύριος θυσιαστήριον αὐτοῦ, ἀπετίναξεν ἁγίασμα αὐτοῦ, συνέτριψεν ἐν χειρὶ ἐχθροῦ τεῖχος βάρεων αὐτῆς· φωνὴν ἔδωκαν ἐν οἴκῳ Κυρίου ὡς ἐν ἡμέρᾳ ἑορτῆς.
25963	ΘΡΗΝΟΙ ΙΕΡΕΜΙΟΥ 2:11	μου ἐν	2	consecutive enclitics	λαοῦ	τῷ	\vs{11}ΧΑΦ. Ἐξέλιπον ἐν δάκρυσιν οἱ ὀφθαλμοί μου, ἐταράχθη ἡ καρδία μου, ἐξεχύθη εἰς τὴν γῆν ἡ δόξα μου, ἐπὶ τὸ σύντριμμα τῆς θυγατρὸς λαοῦ μου, ἐν τῷ ἐκλείπειν νήπιον καὶ θηλάζοντα ἐν πλατείαις πόλεως.
25989	ΘΡΗΝΟΙ ΙΕΡΕΜΙΟΥ 3:2	με εἰς	2	consecutive enclitics	ἀπήγαγέ	σκότος	\vs{2}Παρέλαβέ με καὶ ἀπήγαγέ με εἰς σκότος, καὶ οὐ φῶς.
25994	ΘΡΗΝΟΙ ΙΕΡΕΜΙΟΥ 3:6	με ὡς	2	consecutive enclitics	ἐκάθισέ	νεκροὺς	\vs{6}ἐν σκοτεινοῖς ἐκάθισέ με ὡς νεκροὺς αἰῶνος.
26003	ΘΡΗΝΟΙ ΙΕΡΕΜΙΟΥ 3:12	με ὡς	2	consecutive enclitics	ἐστήλωσέ	σκοπὸν	\vs{12}Η. Ἐνέτεινε τόξον αὐτοῦ, καὶ ἐστήλωσέ με ὡς σκοπὸν εἰς βέλος.
26027	ΘΡΗΝΟΙ ΙΕΡΕΜΙΟΥ 3:31	οὐκ εἰς	2	consecutive enclitics	Ὅτι	τὸν	\vs{31}Ὅτι οὐκ εἰς τὸν αἰῶνα ἀπώσεται Κύριος.
26055	ΘΡΗΝΟΙ ΙΕΡΕΜΙΟΥ 3:52	με ὡς	2	consecutive enclitics	ἐθήρευσάν	στρουθίον	\vs{52}ΤΣΑΔΗ. Θηρεύοντες ἐθήρευσάν με ὡς στρουθίον· πάντες οἱ ἐχθροί μου δωρεὰν
26060	ΘΡΗΝΟΙ ΙΕΡΕΜΙΟΥ 3:56	σου εἰς	2	consecutive enclitics	ὦτά	τὴν	\vs{56}Φωνήν μου ἤκουσας· μὴ κρύψῃς τὰ ὦτά σου εἰς τὴν δέησίν μου·
26080	ΘΡΗΝΟΙ ΙΕΡΕΜΙΟΥ 4:3	μου εἰς	2	consecutive enclitics	λαοῦ	ἀνίατον	\vs{3}ΓΙΜΕΛ. Καί γε δράκοντες ἐξέδυσαν μαστοὺς, ἐθήλασαν σκύμνοι αὐτῶν θυγατέρας λαοῦ μου εἰς ἀνίατον, ὡς στρουθίον ἐν ἐρήμῳ.
26122	ΘΡΗΝΟΙ ΙΕΡΕΜΙΟΥ 5:3	ὡς αἱ	2	consecutive enclitics	ἡμῶν	χῆραι	\vs{3}Ὀρφανοὶ ἐγενήθημεν, οὐχ ὑπάρχει πατὴρ, μητέρες ἡμῶν ὡς αἱ χῆραι.
26141	ΘΡΗΝΟΙ ΙΕΡΕΜΙΟΥ 5:19	σου εἰς	2	consecutive enclitics	θρόνος	γενεὰν	\vs{19}Σὺ δὲ Κύριε εἰς τὸν αἰῶνα κατοικήσεις, ὁ θρόνος σου εἰς γενεὰν καὶ γενεάν.
26171	ΙΕΖΕΚΙΗΛ 1:18	οὐδ οἱ	2	consecutive enclitics		νῶτοι	\vs{18}οὐδʼ οἱ νῶτοι αὐτῶν· καὶ ὕψος ἦν αὐτοῖς· καὶ ἴδον αὐτὰ, καὶ οἱ νῶτοι αὐτῶν πλήρεις ὀφθαλμῶν κυκλόθεν τοῖς τέσσαρσι.
26205	ΙΕΖΕΚΙΗΛ 3:3	μου ὡς	2	consecutive enclitics	στόματί	μέλι	\vs{3}Καὶ εἶπε πρὸς μὲ, υἱὲ ἀνθρώπου, τὸ στόμα σου φάγεται, καὶ ἡ κοιλία σου πλησθήσεται τῆς κεφαλίδος ταύτης τῆς δεδομένης εἰς σέ· καὶ ἔφαγον αὐτὴν, καὶ ἐγένετο ἐν τῷ στόματί μου, ὡς μέλι γλυκάζον.
26235	ΙΕΖΕΚΙΗΛ 3:25	σε ἐν	2	consecutive enclitics	δήσουσί	αὐτοῖς	\vs{25}Καὶ σὺ, υἱὲ ἀνθρώπου, ἰδοὺ δέδονται ἐπὶ σὲ δεσμοὶ, καὶ δήσουσί σε ἐν αὐτοῖς, καὶ οὐ μὴ ἐξέλθῃς ἐκ μέσου αὐτῶν.
26242	ΙΕΖΕΚΙΗΛ 4:3	σου ἐπ	2	consecutive enclitics	πρόσωπόν	αὐτὴν	\vs{3}Καὶ σὺ λάβε σεαυτῷ τήγανον σιδηροῦν, καὶ θήσεις αὐτὸ τοῖχον σιδηροῦν ἀναμέσον σου καὶ ἀναμέσον τῆς πόλεως, καὶ ἑτοιμάσεις τὸ πρόσωπόν σου ἐπʼ αὐτὴν, καὶ ἔσται ἐν συνκλεισμῷ, καὶ συγκλείσεις αὐτήν· σημεῖόν ἐστι τοῦτο τοῖς υἱοῖς Ἰσραήλ.
26257	ΙΕΖΕΚΙΗΛ 4:14	εἰ ἡ	2	consecutive enclitics	Ἰσραήλ	ψυχή	\vs{14}Καὶ εἶπα, μηδαμῶς Κύριε Θεὲ Ἰσραήλ· εἰ ἡ ψυχή μου οὐ μεμίανται ἐν ἀκαθαρσίᾳ, καὶ θνησιμαῖον καὶ θηριάλωτον οὐ βέβρωκα ἀπὸ γενέσεώς μου ἕως τοῦ νῦν, οὐδὲ εἰσελήλυθεν εἰς τὸ στόμα μου πᾶν κρέας ἕωλον.
26257	ΙΕΖΕΚΙΗΛ 4:14	μου οὐ	2	consecutive enclitics	ψυχή	μεμίανται	\vs{14}Καὶ εἶπα, μηδαμῶς Κύριε Θεὲ Ἰσραήλ· εἰ ἡ ψυχή μου οὐ μεμίανται ἐν ἀκαθαρσίᾳ, καὶ θνησιμαῖον καὶ θηριάλωτον οὐ βέβρωκα ἀπὸ γενέσεώς μου ἕως τοῦ νῦν, οὐδὲ εἰσελήλυθεν εἰς τὸ στόμα μου πᾶν κρέας ἕωλον.
26259	ΙΕΖΕΚΙΗΛ 4:15	σου ἐπ	2	consecutive enclitics	ἄρτους	αὐτῶν	\vs{15}Καὶ εἶπε πρὸς μὲ, ἰδοὺ δέδωκά σοι βόλβιτα βοῶν ἀντὶ τῶν βολβίτων τῶν ἀνθρωπίνων, καὶ ποιήσεις τοὺς ἄρτους σου ἐπʼ αὐτῶν.
26272	ΙΕΖΕΚΙΗΛ 5:6	μου οὐκ	2	consecutive enclitics	νομίμοις	ἐπορεύθησαν	\vs{6}Καὶ ἐρεῖς τὰ δικαιώματά μου τῇ ἀνόμῳ ἐκ τῶν ἐθνῶν, καὶ τὰ νόμιμά μου τῶν χωρῶν τῶν κύκλῳ αὐτῆς· διότι τὰ δικαιώματά μου ἀπώσαντο, καὶ ἐν τοῖς νομίμοις μου οὐκ ἐπορεύθησαν ἐν αὐτοῖς.
26274	ΙΕΖΕΚΙΗΛ 5:7	μου οὐκ	2	consecutive enclitics	νομίμοις	ἐπορεύθητε	\vs{7}Διατοῦτο τάδε λέγει Κύριος, ἀνθʼ ὧν ἡ ἀφορμὴ ὑμῶν ἐκ τῶν ἐθνῶν τῶν κύκλῳ ὑμῶν, καὶ ἐν τοῖς νομίμοις μου οὐκ ἐπορεύθητε, καὶ τὰ δικαιώματά μου οὐκ ἐποιήσατε, ἀλλʼ οὐδὲ κατὰ τὰ δικαιώματα τῶν ἐθνῶν τῶν κύκλῳ ὑμῶν οὐ πεποιήκατε,
26274	ΙΕΖΕΚΙΗΛ 5:7	μου οὐκ	2	consecutive enclitics	δικαιώματά	ἐποιήσατε	\vs{7}Διατοῦτο τάδε λέγει Κύριος, ἀνθʼ ὧν ἡ ἀφορμὴ ὑμῶν ἐκ τῶν ἐθνῶν τῶν κύκλῳ ὑμῶν, καὶ ἐν τοῖς νομίμοις μου οὐκ ἐπορεύθητε, καὶ τὰ δικαιώματά μου οὐκ ἐποιήσατε, ἀλλʼ οὐδὲ κατὰ τὰ δικαιώματα τῶν ἐθνῶν τῶν κύκλῳ ὑμῶν οὐ πεποιήκατε,
26277	ΙΕΖΕΚΙΗΛ 5:10	σου εἰς	2	consecutive enclitics	καταλοίπους	πάντα	\vs{10}Διατοῦτο πατέρες φάγονται τέκνα ἐν μέσῳ σου, καὶ τέκνα φάγονται πατέρας· καὶ ποιήσω ἐν σοὶ κρίματα, καὶ διασκορπιῶ πάντας τοὺς καταλοίπους σου εἰς πάντα ἄνεμον.
26279	ΙΕΖΕΚΙΗΛ 5:11	σε οὐ	2	consecutive enclitics	ἀπώσομαί	φείσεταί	\vs{11}Διατοῦτο, ζῶ ἐγὼ, λέγει Κύριος, ἦ μὴν ἀνθʼ ὧν τὰ ἅγιά μου ἐμίανας ἐν πᾶσι τοῖς βδελύγμασί σου, κᾀγὼ ἀπώσομαί σε, οὐ φείσεταί μου ὁ ὀφθαλμὸς, κᾀγὼ οὐκ ἐλεήσω.
26279	ΙΕΖΕΚΙΗΛ 5:11	μου ὁ	2	consecutive enclitics	φείσεταί	ὀφθαλμὸς	\vs{11}Διατοῦτο, ζῶ ἐγὼ, λέγει Κύριος, ἦ μὴν ἀνθʼ ὧν τὰ ἅγιά μου ἐμίανας ἐν πᾶσι τοῖς βδελύγμασί σου, κᾀγὼ ἀπώσομαί σε, οὐ φείσεταί μου ὁ ὀφθαλμὸς, κᾀγὼ οὐκ ἐλεήσω.
26280	ΙΕΖΕΚΙΗΛ 5:12	σου ἐν	2	consecutive enclitics	τέταρτόν	θανάτῳ	\vs{12}Τὸ τέταρτόν σου ἐν θανάτῳ ἀναλωθήσεται, καὶ τὸ τέταρτόν σου ἐν λιμῷ συντελεσθήσεται ἐν μέσῳ σου, καὶ τὸ τέταρτόν σου εἰς πάντα ἄνεμον σκορπιῶ αὐτοὺς, καὶ τὸ τέταρτόν σου ἐν ῥομφαίᾳ πεσοῦνται κύκλῳ σου, καὶ μάχαιραν ἐκκενώσω ὀπίσω αὐτῶν.
26280	ΙΕΖΕΚΙΗΛ 5:12	σου ἐν	2	consecutive enclitics	τέταρτόν	λιμῷ	\vs{12}Τὸ τέταρτόν σου ἐν θανάτῳ ἀναλωθήσεται, καὶ τὸ τέταρτόν σου ἐν λιμῷ συντελεσθήσεται ἐν μέσῳ σου, καὶ τὸ τέταρτόν σου εἰς πάντα ἄνεμον σκορπιῶ αὐτοὺς, καὶ τὸ τέταρτόν σου ἐν ῥομφαίᾳ πεσοῦνται κύκλῳ σου, καὶ μάχαιραν ἐκκενώσω ὀπίσω αὐτῶν.
26280	ΙΕΖΕΚΙΗΛ 5:12	σου εἰς	2	consecutive enclitics	τέταρτόν	πάντα	\vs{12}Τὸ τέταρτόν σου ἐν θανάτῳ ἀναλωθήσεται, καὶ τὸ τέταρτόν σου ἐν λιμῷ συντελεσθήσεται ἐν μέσῳ σου, καὶ τὸ τέταρτόν σου εἰς πάντα ἄνεμον σκορπιῶ αὐτοὺς, καὶ τὸ τέταρτόν σου ἐν ῥομφαίᾳ πεσοῦνται κύκλῳ σου, καὶ μάχαιραν ἐκκενώσω ὀπίσω αὐτῶν.
26280	ΙΕΖΕΚΙΗΛ 5:12	σου ἐν	2	consecutive enclitics	τέταρτόν	ῥομφαίᾳ	\vs{12}Τὸ τέταρτόν σου ἐν θανάτῳ ἀναλωθήσεται, καὶ τὸ τέταρτόν σου ἐν λιμῷ συντελεσθήσεται ἐν μέσῳ σου, καὶ τὸ τέταρτόν σου εἰς πάντα ἄνεμον σκορπιῶ αὐτοὺς, καὶ τὸ τέταρτόν σου ἐν ῥομφαίᾳ πεσοῦνται κύκλῳ σου, καὶ μάχαιραν ἐκκενώσω ὀπίσω αὐτῶν.
26282	ΙΕΖΕΚΙΗΛ 5:13	μου ἐπ	2	consecutive enclitics	ὀργή	αὐτοὺς	\vs{13}Καὶ συντελεσθήσεται ὁ θυμός μου, καὶ ἡ ὀργή μου ἐπʼ αὐτοὺς, καὶ ἐπιγνώσῃ, διότι ἐγὼ Κύριος λελάληκα ἐν ζήλῳ μου, ἐν τῷ συντελέσαι με τὴν ὀργήν μου ἐπʼ αὐτούς.
26282	ΙΕΖΕΚΙΗΛ 5:13	μου ἐν	2	consecutive enclitics	ζήλῳ	τῷ	\vs{13}Καὶ συντελεσθήσεται ὁ θυμός μου, καὶ ἡ ὀργή μου ἐπʼ αὐτοὺς, καὶ ἐπιγνώσῃ, διότι ἐγὼ Κύριος λελάληκα ἐν ζήλῳ μου, ἐν τῷ συντελέσαι με τὴν ὀργήν μου ἐπʼ αὐτούς.
26282	ΙΕΖΕΚΙΗΛ 5:13	μου ἐπ	2	consecutive enclitics	ὀργήν	αὐτούς	\vs{13}Καὶ συντελεσθήσεται ὁ θυμός μου, καὶ ἡ ὀργή μου ἐπʼ αὐτοὺς, καὶ ἐπιγνώσῃ, διότι ἐγὼ Κύριος λελάληκα ἐν ζήλῳ μου, ἐν τῷ συντελέσαι με τὴν ὀργήν μου ἐπʼ αὐτούς.
26284	ΙΕΖΕΚΙΗΛ 5:14	σε εἰς	2	consecutive enclitics	θήσομαί	ἔρημον	\vs{14}Καὶ θήσομαί σε εἰς ἔρημον, καὶ τὰς θυγατέρας σου κύκλῳ σου ἐνώπιον παντὸς διοδεύοντος.
26285	ΙΕΖΕΚΙΗΛ 5:15	σου ἐν	2	consecutive enclitics	κύκλῳ	τῷ	\vs{15}Καὶ ἔσῃ στενακτὴ καὶ δηλαϊστὴ ἐν τοῖς ἔθνεσι τοῖς κύκλῳ σου, ἐν τῷ ποιῆσαί με ἐν σοὶ κρίματα ἐν ἐκδικήσει θυμοῦ μου· ἐγὼ Κύριος λελάληκα.
26285	ΙΕΖΕΚΙΗΛ 5:15	με ἐν	2	consecutive enclitics	ποιῆσαί	σοὶ	\vs{15}Καὶ ἔσῃ στενακτὴ καὶ δηλαϊστὴ ἐν τοῖς ἔθνεσι τοῖς κύκλῳ σου, ἐν τῷ ποιῆσαί με ἐν σοὶ κρίματα ἐν ἐκδικήσει θυμοῦ μου· ἐγὼ Κύριος λελάληκα.
26301	ΙΕΖΕΚΙΗΛ 6:9	μου οἱ	2	consecutive enclitics	μνησθήσονταί	ἀνασωζόμενοι	\vs{9}καὶ μνησθήσονταί μου οἱ ἀνασωζόμενοι ἐξ ὑμῶν ἐν τοῖς ἔθνεσιν, οὗ ᾐχμαλωτεύθησαν ἐκεῖ· ὀμώμοκα τῇ καρδίᾳ αὐτῶν τῇ ἐκπορνευούσῃ ἀπʼ ἐμοῦ, καὶ τοῖς ὀφθαλμοῖς αὐτῶν τοῖς ἐκπορνεύουσιν ὀπίσω τῶν ἐπιτηδευμάτων αὐτῶν· καὶ κόψονται πρόσωπα αὐτῶν ἐν πᾶσι τοῖς βδελύγμασιν αὐτῶν·
26305	ΙΕΖΕΚΙΗΛ 6:12	μου ἐπ	2	consecutive enclitics	ὀργήν	αὐτούς	\vs{12}Ὁ ἐγγὺς ἐν ῥομφαίᾳ πεσεῖται, ὁ δὲ μακρὰν ἐν θανάτῳ τελευτήσει· καὶ ὁ περιεχόμενος ἐν λιμῷ συντελεσθήσεται· καὶ συντελέσω τὴν ὀργήν μου ἐπʼ αὐτούς.
26308	ΙΕΖΕΚΙΗΛ 6:14	μου ἐπ	2	consecutive enclitics	χεῖρά	αὐτούς	\vs{14}Καὶ ἐκτενῶ τὴν χεῖρά μου ἐπʼ αὐτούς, καὶ θήσομαι τὴν γῆν εἰς ἀφανισμὸν καὶ εἰς ὄλεθρον ἀπὸ τῆς ἐρήμου Δεβλαθὰ ἐκ πάσης τῆς κατοικεσίας αὐτῶν· ἐπιγνώσεσθε ὅτι ἐγὼ Κύριος.
26318	ΙΕΖΕΚΙΗΛ 7:5	μου ἐν	2	consecutive enclitics	θυμόν	σοὶ	\vs{5}Νῦν ἐγγύθεν ἐκχεῶ τὴν ὀργήν μου ἐπὶ σὲ, καὶ συντελέσω τὸν θυμόν μου ἐν σοὶ, καὶ κρινῶ σε ἐν ταῖς ὁδοῖς σου, καὶ δώσω ἐπὶ σὲ πάντα τὰ βδελύγματά σου,
26318	ΙΕΖΕΚΙΗΛ 7:5	σε ἐν	2	consecutive enclitics	κρινῶ	ταῖς	\vs{5}Νῦν ἐγγύθεν ἐκχεῶ τὴν ὀργήν μου ἐπὶ σὲ, καὶ συντελέσω τὸν θυμόν μου ἐν σοὶ, καὶ κρινῶ σε ἐν ταῖς ὁδοῖς σου, καὶ δώσω ἐπὶ σὲ πάντα τὰ βδελύγματά σου,
26319	ΙΕΖΕΚΙΗΛ 7:6	σου ἐν	2	consecutive enclitics	βδελύγματά	μέσῳ	\vs{6}οὐ φείσεται ὁ ὀφθαλμός μου, οὐδὲ μὴ ἐλεήσω· διότι τὰς ὁδούς σου ἐπὶ σὲ δώσω, καὶ τὰ βδελύγματά σου ἐν μέσῳ σου ἔσονται, καὶ ἐπιγνώσῃ, διότι ἐγώ εἰμι Κύριος ὁ τύπτων.
26321	ΙΕΖΕΚΙΗΛ 7:8	σου ἐν	2	consecutive enclitics	βδελύγματά	μέσῳ	\vs{8}οὐ φείσεται ὁ ὀφθαλμός μου, οὐδὲ μὴ ἐλεήσω· διότι τὴν ὁδόν σου ἐπὶ σὲ δώσω, καὶ τὰ βδελύγματά σου ἐν μέσῳ σου ἔσται, καὶ ἐπιγνώσῃ διότι ἐγὼ Κύριος.
26330	ΙΕΖΕΚΙΗΛ 7:15	ὁ ἐν	2	consecutive enclitics	ἔσωθεν	τῷ	\vs{15}Ὁ πόλεμος ἐν ῥομφαίᾳ ἔξωθεν, καὶ ὁ λιμὸς καὶ ὁ θάνατος ἔσωθεν· ὁ ἐν τῷ πεδίῳ ἐν ῥομφαίᾳ τελευτήσει, τοὺς δʼ ἐν τῇ πόλει λιμὸς καὶ θάνατος συντελέσει.
26330	ΙΕΖΕΚΙΗΛ 7:15	δ ἐν	2	consecutive enclitics	τοὺς	τῇ	\vs{15}Ὁ πόλεμος ἐν ῥομφαίᾳ ἔξωθεν, καὶ ὁ λιμὸς καὶ ὁ θάνατος ἔσωθεν· ὁ ἐν τῷ πεδίῳ ἐν ῥομφαίᾳ τελευτήσει, τοὺς δʼ ἐν τῇ πόλει λιμὸς καὶ θάνατος συντελέσει.
26339	ΙΕΖΕΚΙΗΛ 7:22	μου ἀπ	2	consecutive enclitics	πρόσωπόν	αὐτῶν	\vs{22}Καὶ ἀποστρέψω τὸ πρόσωπόν μου ἀπʼ αὐτῶν, καὶ μιανοῦσι τῆν ἐπισκοπήν μου, καὶ εἰσελεύσονται εἰς αὐτὰ ἀφυλάκτως, καὶ βεβηλώσουσιν αὐτά.
26349	ΙΕΖΕΚΙΗΛ 8:3	με εἰς	2	consecutive enclitics	ἤγαγέ	Ἱερουσαλὴμ	\vs{3}Καὶ ἐξέτεινεν ὁμοίωμα χειρὸς, καὶ ἀνέλαβέ με τῆς κορυφῆς μου, καὶ ἀνέλαβέ με πνεῦμα ἀναμέσον τῆς γῆς καὶ ἀναμέσον τοῦ οὐρανοῦ, καὶ ἤγαγέ με εἰς Ἱερουσαλὴμ ἐν ὁράσει Θεοῦ ἐπὶ τὰ πρόθυρα τῆς πύλης τῆς βλεπούσης εἰς Βοῤῥᾶν, οὗ ἦν ἡ στήλη τοῦ κτωμένου·
26366	ΙΕΖΕΚΙΗΛ 8:16	με εἰς	2	consecutive enclitics	εἰσήγαγέ	τὴν	\vs{16}Καὶ εἰσήγαγέ με εἰς τὴν αὐλὴν οἴκου Κυρίου τὴν ἐσωτέραν, καὶ ἐπὶ τῶν προθύρων τοῦ ναοῦ Κυρίου ἀναμέσον τῶν αἰλὰμ, καὶ ἀναμέσον τοῦ θυσιαστηρίου, ὡς εἴκοσι ἄνδρες τὰ ὀπίσθια αὐτῶν πρὸς τὸν ναὸν τοῦ Κυρίου, καὶ τὰ πρόσωπα αὐτῶν ἀπέναντι, καὶ οὗτοι προσκυνοῦσι τῷ ἡλίῳ.
26384	ΙΕΖΕΚΙΗΛ 9:10	μου ὁ	2	consecutive enclitics	φείσεταί	ὀφθαλμὸς	\vs{10}Καὶ οὐ φείσεταί μου ὁ ὀφθαλμὸς, οὐδὲ μὴ ἐλεήσω, τὰς ὁδοὺς αὐτῶν εἰς κεφαλὰς αὐτῶν δέδωκα.
26442	ΙΕΖΕΚΙΗΛ 11:20	μοι εἰς	2	consecutive enclitics	ἔσονταί	λαὸν	\vs{20}Ὅπως ἐν τοῖς προστάγμασί μου πορεύωνται, καὶ τὰ δικαιώματά μου φυλάσσωνται καὶ ποιῶσιν αὐτὰ, καὶ ἔσονταί μοι εἰς λαὸν, καὶ ἐγὼ ἔσομαι αὐτοῖς εἰς Θεόν.
26444	ΙΕΖΕΚΙΗΛ 11:21	ὡς ἡ	2	consecutive enclitics	αὐτῶν	καρδία	\vs{21}Καὶ εἰς τὴν καρδίαν τῶν βδελυγμάτων αὐτῶν καὶ τῶν ἀνομιῶν αὐτῶν, ὡς ἡ καρδία αὐτῶν ἐπορεύετο, τὰς ὁδοὺς αὐτῶν εἰς τὰς κεφαλὰς αὐτῶν δέδωκα, λέγει Κύριος.
26449	ΙΕΖΕΚΙΗΛ 11:24	με εἰς	2	consecutive enclitics	ἤγαγέ	γῆν	\vs{24}Καὶ ἀνέλαβέ με πνεῦμα, καὶ ἤγαγέ με εἰς γῆν Χαλδαίων εἰς τὴν αἰχμαλωσίαν ἐν ὁράσει ἐν πνεύματι Θεοῦ· καὶ ἀνέβην ἀπὸ τῆς ὁράσεως ἧς ἴδον.
26456	ΙΕΖΕΚΙΗΛ 12:3	σου εἰς	2	consecutive enclitics	τόπου	ἕτερον	\vs{3}Καὶ σὺ, υἱὲ ἀνθρώπου, ποίησον σεαυτῷ σκεύη αἰχμαλωσίας ἡμέρας ἐνώπιον αὐτῶν, καὶ αἰχμαλωτευθήσῃ ἐκ τοῦ τόπου σου εἰς ἕτερον τόπον ἐνώπιον αὐτῶν, ὅπως ἴδωσι διότι οἶκος παραπικραίνων ἐστί.
26466	ΙΕΖΕΚΙΗΛ 12:10	εἰσιν ἐν	2	consecutive enclitics	οἵ	μέσῳ	Τάδε λέγει Κύριος Κύριος, ὁ ἄρχων καὶ ὁ ἀφηγούμενος ἐν Ἱερουσαλὴμ, καὶ παντὶ οἴκῳ Ἰσραὴλ, οἵ εἰσιν ἐν μέσῳ αὐτῶν,
26469	ΙΕΖΕΚΙΗΛ 12:13	μου ἐπ	2	consecutive enclitics	δίκτυόν	αὐτὸν	\vs{13}Καὶ ἐκπετάσω τὸ δίκτυόν μου ἐπʼ αὐτὸν, καὶ συλληφθήσεται ἐν τῇ περιοχῇ μου, καὶ ἄξω αὐτὸν εἰς Βαβυλῶνα εἰς γῆν Χαλδαίων, καὶ αὐτὴν οὐκ ὄψεται, καὶ ἐκεῖ τελευτήσει.
26506	ΙΕΖΕΚΙΗΛ 13:9	μου οὐκ	2	consecutive enclitics	λαοῦ	ἔσονται	\vs{9}Καὶ ἐκτενῶ τὴν χεῖρά μου ἐπὶ τοὺς προφήτας τοὺς ὁρῶντας ψευδῆ, καὶ τοὺς ἀποφθεγγομένους μάταια· ἐν παιδείᾳ τοῦ λαοῦ μου οὐκ ἔσονται, οὐδὲ ἐν γραφῇ οἴκου Ἰσραὴλ οὐ γραφήσονται, καὶ εἰς τὴν γῆν τοῦ Ἰσραὴλ οὐκ εἰσελεύσονται, καὶ γνώσονται διότι ἐγὼ Κύριος·
26510	ΙΕΖΕΚΙΗΛ 13:12	ἐστιν ἡ	2	consecutive enclitics	ποῦ	ἀλοιφὴ	\vs{12}Καὶ ἰδοὺ πέπτωκεν ὁ τοῖχος, καὶ οὐκ ἐροῦσι πρὸς ὑμᾶς, ποῦ ἐστιν ἡ ἀλοιφὴ ὑμῶν ἣν ἠλείψατε;
26522	ΙΕΖΕΚΙΗΛ 13:21	μου ἐκ	2	consecutive enclitics	λαόν	χειρὸς	\vs{21}Καὶ διαῤῥήξω τὰ ἐπιβόλαια ὑμῶν, καὶ ῥύσομαι τὸν λαόν μου ἐκ χειρὸς ὑμῶν, καὶ οὐκέτι ἔσονται ἐν χερσὶν ὑμῶν εἰς συστροφήν· καὶ ἐπιγνώσεσθε διότι ἐγὼ Κύριος.
26525	ΙΕΖΕΚΙΗΛ 13:23	μου ἐκ	2	consecutive enclitics	λαόν	χειρὸς	\vs{23}Διατοῦτο ψευδῆ οὐ μὴ ἴδητε, καὶ μαντείας οὐ μὴ μαντεύσησθε ἔτι· καὶ ῥύσομαι τὸν λαόν μου ἐκ χειρὸς ὑμῶν, καὶ γνώσεσθε ὅτι ἐγὼ Κύριος.
26538	ΙΕΖΕΚΙΗΛ 14:9	μου ἐπ	2	consecutive enclitics	χεῖρά	αὐτὸν	\vs{9}Καὶ ὁ προφήτης ἐὰν πλανήσῃ καὶ λαλήσῃ, ἐγὼ Κύριος πεπλάνηκα τὸν προφήτην ἐκεῖνον, καὶ ἐκτενῶ τὴν χεῖρά μου ἐπʼ αὐτὸν, καὶ ἀφανιῶ αὐτὸν ἐκ μέσου τοῦ λαοῦ μου Ἰσραήλ.
26540	ΙΕΖΕΚΙΗΛ 14:11	μοι εἰς	2	consecutive enclitics	ἔσονταί	λαὸν	\vs{11}Ὅπως μὴ πλανᾶται ἔτι ὁ οἶκος τοῦ Ἰσραὴλ ἀπʼ ἐμοῦ, καὶ ἵνα μὴ μιαίνωνται ἔτι ἐν πᾶσι τοῖς παραπτώμασιν αὐτῶν· καὶ ἔσονταί μοι εἰς λαὸν, καὶ ἐγὼ ἔσομαι αὐτοῖς εἰς Θεὸν, λέγει Κύριος.
26543	ΙΕΖΕΚΙΗΛ 14:13	μου ἐπ	2	consecutive enclitics	χεῖρά	αὐτὴν	\vs{13}υἱὲ ἀνθρώπου, γῆ ἣ ἐὰν ἁμάρτῃ μοι τοῦ παραπεσεῖν παράπτωμα, καὶ ἐκτενῶ τὴν χεῖρά μου ἐπʼ αὐτὴν, καὶ συντρίψω αὐτῆς στήριγμα ἄρτου, καὶ ἐξαποστελῶ ἐπʼ αὐτὴν λιμὸν, καὶ ἐξαρῶ ἐξ αὐτῆς ἄνθρωπον καὶ κτήνη.
26551	ΙΕΖΕΚΙΗΛ 14:19	μου ἐπ	2	consecutive enclitics	θυμόν	αὐτὴν	\vs{19}Ἢ καὶ θάνατον ἐπαποστέλλω ἐπὶ τὴν γῆν ἐκείνην, καὶ ἐκχεῶ τὸν θυμόν μου ἐπʼ αὐτὴν ἐν αἵματι τοῦ ἐξολοθρεῦσαι ἐξ αὐτῆς ἄνθρωπον καὶ κτῆνος,
26568	ΙΕΖΕΚΙΗΛ 15:7	μου ἐπ	2	consecutive enclitics	πρόσωπόν	αὐτούς	\vs{7}Καὶ δώσω τὸ πρόσωπόν μου ἐπʼ αὐτούς· ἐκ τοῦ πυρὸς ἐξελεύσονται, καὶ πῦρ αὐτοὺς καταφάγεται, καὶ ἐπιγνώσονται ὅτι ἐγὼ Κύριος ἐν τῷ στηρίσαι με τὸ πρόσωπόν μου ἐπʼ αὐτούς.
26568	ΙΕΖΕΚΙΗΛ 15:7	μου ἐπ	2	consecutive enclitics	πρόσωπόν	αὐτούς	\vs{7}Καὶ δώσω τὸ πρόσωπόν μου ἐπʼ αὐτούς· ἐκ τοῦ πυρὸς ἐξελεύσονται, καὶ πῦρ αὐτοὺς καταφάγεται, καὶ ἐπιγνώσονται ὅτι ἐγὼ Κύριος ἐν τῷ στηρίσαι με τὸ πρόσωπόν μου ἐπʼ αὐτούς.
26576	ΙΕΖΕΚΙΗΛ 16:3	σου ἐκ	2	consecutive enclitics	γένεσίς	γῆς	Τάδε λέγει Κύριος τῇ Ἱερουσαλὴμ, ἡ ῥίζα σου καὶ ἡ γένεσίς σου ἐκ γῆς Χαναάν· ὁ πατήρ σου Ἀμοῤῥαῖος, καὶ ἡ μήτηρ σου Χετταία.
26577	ΙΕΖΕΚΙΗΛ 16:4	σου ἐν	2	consecutive enclitics	γένεσίς	ᾗ	\vs{4}Καὶ ἡ γένεσίς σου ἐν ᾗ ἡμέρᾳ ἐτέχθης, οὐκ ἔδησας τοὺς μαστοὺς σου, καὶ ἐν ὕδατι οὐκ ἐλούσθης, οὐδὲ ἁλὶ ἡλίσθης, καὶ ἐν σπαργάνοις οὐκ ἐσπαργανώθης,
26578	ΙΕΖΕΚΙΗΛ 16:5	σου ἐν	2	consecutive enclitics	ψυχῆς	ἡμέρᾳ	\vs{5}οὐδὲ ἐφείσατο ὁ ὀφθαλμός μου ἐπὶ σοὶ, τοῦ ποιῆσαί σοι ἓν ἐκ πάντων τούτων, τοῦ παθεῖν τι ἐπὶ σοί· καὶ ἀπεῤῥίφης ἐπὶ πρόσωπον τοῦ πεδίου τῇ σκολιότητι τῆς ψυχῆς σου ἐν ἡμέρᾳ ᾗ ἐτέχθης.
26580	ΙΕΖΕΚΙΗΛ 16:6	σοι ἐκ	2	consecutive enclitics	εἶπά	τοῦ	\vs{6}Καὶ διῆλθον ἐπὶ σὲ, καὶ ἴδον σε πεφυρμένην ἐν τῷ αἵματί σου· καὶ εἶπά σοι, ἐκ τοῦ αἵματός σου ζωὴ,
26584	ΙΕΖΕΚΙΗΛ 16:9	σε ἐν	2	consecutive enclitics	ἔλουσά	ὕδατι	\vs{9}Καὶ ἔλουσά σε ἐν ὕδατι, καὶ ἀπέπλυνα τὸ αἷμά σου ἀπὸ σοῦ, καὶ ἔχρισά σε ἐν ἐλαίῳ.
26584	ΙΕΖΕΚΙΗΛ 16:9	σε ἐν	2	consecutive enclitics	ἔχρισά	ἐλαίῳ	\vs{9}Καὶ ἔλουσά σε ἐν ὕδατι, καὶ ἀπέπλυνα τὸ αἷμά σου ἀπὸ σοῦ, καὶ ἔχρισά σε ἐν ἐλαίῳ.
26593	ΙΕΖΕΚΙΗΛ 16:17	σου ἐκ	2	consecutive enclitics	καυχήσεώς	τοῦ	\vs{17}Καὶ ἔλαβες τὰ σκεύη τῆς καυχήσεώς σου ἐκ τοῦ χρυσίου μου καὶ ἐκ τοῦ ἀργυρίου μου, ἐξ ὧν ἔδωκά σοι, καὶ ἐποίησας σεαυτῇ εἰκόνας ἀρσενικὰς, καὶ ἐξεπόρνευσας ἐν αὐταῖς.
26593	ΙΕΖΕΚΙΗΛ 16:17	μου ἐξ	2	consecutive enclitics	ἀργυρίου	ὧν	\vs{17}Καὶ ἔλαβες τὰ σκεύη τῆς καυχήσεώς σου ἐκ τοῦ χρυσίου μου καὶ ἐκ τοῦ ἀργυρίου μου, ἐξ ὧν ἔδωκά σοι, καὶ ἐποίησας σεαυτῇ εἰκόνας ἀρσενικὰς, καὶ ἐξεπόρνευσας ἐν αὐταῖς.
26606	ΙΕΖΕΚΙΗΛ 16:27	σε ἐκ	2	consecutive enclitics	ἐκκλινούσας	τῆς	\vs{27}Ἐὰν δὲ ἐκτείνω τὴν χεῖρά μου ἐπὶ σὲ, καὶ ἐξαρῶ τὰ νόμιμά σου, καὶ παραδώσω εἰς ψυχὰς μισούντων σε, θυγατέρας ἀλλοφύλων τὰς ἐκκλινούσας σε ἐκ τῆς ὁδοῦ σου ἧς ἠσέβησας.
26609	ΙΕΖΕΚΙΗΛ 16:29	οὐδε ἐν	2	consecutive enclitics	καὶ	τούτοις	\vs{29}Καὶ ἐπλήθυνας τὰς διαθήκας σου πρὸς γῆν Χαλδαίων, καὶ οὐδε ἐν τούτοις ἐνεπλήσθης.
26619	ΙΕΖΕΚΙΗΛ 16:36	σου ἐν	2	consecutive enclitics	αἰσχύνη	τῇ	\vs{36}Τάδε λέγει Κύριος, ἀνθʼ ὧν ἐξέχεας τὸν χαλκόν σου, καὶ ἀποκαλυφθήσεται ἡ αἰσχύνη σου ἐν τῇ πορνείᾳ σου πρὸς τοὺς ἐραστάς σου, καὶ εἰς πάντα τὰ ἐνθυμήματα τῶν ἀνομιῶν σου, καὶ ἐν τοῖς αἵμασι τῶν τέκνων σου ὧν ἔδωκας αὐτοῖς·
26620	ΙΕΖΕΚΙΗΛ 16:37	σου ἐν	2	consecutive enclitics	ἐραστάς	οἷς	\vs{37}Διατοῦτο ἰδοὺ ἐγὼ ἐπισυνάγω πάντας τοὺς ἐραστάς σου ἐν οἷς ἐπεμίγης ἐν αὐτοῖς, καὶ πάντας οὓς ἠγάπησας, σὺν πᾶσιν οἷς ἐμίσεις, καὶ συνάξω αὐτοὺς ἐπὶ σὲ κυκλόθεν, καὶ ἀποκαλύψω τὰς κακίας σου πρὸς αὐτούς, καὶ ὄψονται πᾶσαν τὴν αἰσχύνην σου,
26621	ΙΕΖΕΚΙΗΛ 16:38	σε ἐν	2	consecutive enclitics	θήσω	αἵματι	\vs{38}καὶ ἐκδικήσω σε ἐκδικήσει μοιχαλίδος, καὶ θήσω σε ἐν αἵματι θυμοῦ καὶ ζήλου.
26622	ΙΕΖΕΚΙΗΛ 16:39	σε εἰς	2	consecutive enclitics	παραδώσω	χεῖρας	\vs{39}Καὶ παραδώσω σε εἰς χεῖρας αὐτῶν, καὶ κατασκάψουσι τὸ πορνεῖόν σου, καὶ καθελοῦσι τὴν βάσιν σου, καὶ ἐκδύσουσί σε τὰ ἱμάτιά σου, καὶ λήψονται τὰ σκεύη τῆς καυχήσεώς σου· καὶ ἀφήσουσί σε γυμνὴν, καὶ ἀσχημονοῦσαν.
26623	ΙΕΖΕΚΙΗΛ 16:40	σε ἐν	2	consecutive enclitics	λιθοβολήσουσί	λίθοις	\vs{40}Καὶ ἄξουσιν ἐπὶ σὲ ὄχλους, καὶ λιθοβολήσουσί σε ἐν λίθοις, καὶ κατασφάξουσί σε ἐν τοῖς ξίφεσιν αὐτῶν.
26623	ΙΕΖΕΚΙΗΛ 16:40	σε ἐν	2	consecutive enclitics	κατασφάξουσί	τοῖς	\vs{40}Καὶ ἄξουσιν ἐπὶ σὲ ὄχλους, καὶ λιθοβολήσουσί σε ἐν λίθοις, καὶ κατασφάξουσί σε ἐν τοῖς ξίφεσιν αὐτῶν.
26624	ΙΕΖΕΚΙΗΛ 16:41	σε ἐκ	2	consecutive enclitics	ἀποστρέψω	πορνείας	\vs{41}Καὶ ἐμπρήσουσι τοὺς οἴκους σου πυρὶ, καὶ ποιήσουσιν ἐν σοὶ ἐκδικήσεις ἐνώπιον γυναικῶν πολλῶν· καὶ ἀποστρέψω σε ἐκ πορνείας, καὶ μισθώματα οὐ μὴ δώσω οὐκέτι.
26626	ΙΕΖΕΚΙΗΛ 16:42	μου ἐκ	2	consecutive enclitics	ζῆλός	σοῦ	\vs{42}Καὶ ἐπαφήσω τὸν θυμόν μου ἐπὶ σὲ, καὶ ἐξαρθήσεται ὁ ζῆλός μου ἐκ σοῦ· καὶ ἀναπαύσομαι, καὶ οὐ μὴ μεριμνήσω οὐκέτι.
26627	ΙΕΖΕΚΙΗΛ 16:43	με ἐν	2	consecutive enclitics	ἐλύπεις	πᾶσι	\vs{43}Ἀνθʼ ὧν οὐκ ἐμνήσθης τῆς νηπιότητός σου, καὶ ἐλύπεις με ἐν πᾶσι τούτοις· καὶ ἰδοὺ ἐγὼ τὰς ὁδούς σου εἰς κεφαλήν σου δέδωκα, λέγει Κύριος· καὶ οὕτως ἐποίησας τὴν ἀσέβειαν ἐπὶ πάσαις ταῖς ἀνομίαις σου.
26627	ΙΕΖΕΚΙΗΛ 16:43	σου εἰς	2	consecutive enclitics	ὁδούς	κεφαλήν	\vs{43}Ἀνθʼ ὧν οὐκ ἐμνήσθης τῆς νηπιότητός σου, καὶ ἐλύπεις με ἐν πᾶσι τούτοις· καὶ ἰδοὺ ἐγὼ τὰς ὁδούς σου εἰς κεφαλήν σου δέδωκα, λέγει Κύριος· καὶ οὕτως ἐποίησας τὴν ἀσέβειαν ἐπὶ πάσαις ταῖς ἀνομίαις σου.
26630	ΙΕΖΕΚΙΗΛ 16:45	σου αἱ	2	consecutive enclitics	ἀδελφῶν	ἀπωσάμεναι	\vs{45}καὶ ἡ θυγάτηρ θυγάτηρ τῆς μητρός σου· σὺ εἶ ἡ ἀπωσαμένη τὸν ἄνδρα αὐτῆς καὶ τὰ τέκνα αὐτῆς, καὶ ἀδελφαὶ τῶν ἀδελφῶν σου αἱ ἀπωσάμεναι τοὺς ἄνδρας αὐτῶν καὶ τὰ τέκνα αὐτῶν· ἡ μήτηρ ὑμῶν Χετταία, καὶ ὁ πατὴρ Ἀμοῤῥαῖος.
26631	ΙΕΖΕΚΙΗΛ 16:46	σου ἡ	2	consecutive enclitics	ἀδελφή	νεωτέρα	\vs{46}Ἡ ἀδελφὴ ὑμῶν ἡ πρεσβυτέρα Σαμάρεια, αὐτὴ καὶ αἱ θυγατέρες αὐτῆς, ἡ κατοικοῦσα ἐξ εὐωνύμων σου· καὶ ἡ ἀδελφή σου ἡ νεωτέρα σου, ἡ κατοικοῦσα ἐκ δεξιῶν σου, Σόδομα καὶ αἱ θυγατέρες αὐτῆς.
26631	ΙΕΖΕΚΙΗΛ 16:46	σου ἡ	2	consecutive enclitics	νεωτέρα	κατοικοῦσα	\vs{46}Ἡ ἀδελφὴ ὑμῶν ἡ πρεσβυτέρα Σαμάρεια, αὐτὴ καὶ αἱ θυγατέρες αὐτῆς, ἡ κατοικοῦσα ἐξ εὐωνύμων σου· καὶ ἡ ἀδελφή σου ἡ νεωτέρα σου, ἡ κατοικοῦσα ἐκ δεξιῶν σου, Σόδομα καὶ αἱ θυγατέρες αὐτῆς.
26638	ΙΕΖΕΚΙΗΛ 16:51	σου οὐχ	2	consecutive enclitics	ἁμαρτιῶν	ἥμαρτε	\vs{51}Καὶ Σαμάρεια κατὰ τὰς ἡμίσεις τῶν ἁμαρτιῶν σου οὐχ ἥμαρτε· καὶ ἐπλήθυνας τὰς ἀνομίας σου ὑπὲρ αὐτὰς, καὶ ἐδικαίωσας τὰς ἀδελφάς σου ἐν πάσαις ταῖς ἀνομίαις σου αἷς ἐποίησας.
26638	ΙΕΖΕΚΙΗΛ 16:51	σου ἐν	2	consecutive enclitics	ἀδελφάς	πάσαις	\vs{51}Καὶ Σαμάρεια κατὰ τὰς ἡμίσεις τῶν ἁμαρτιῶν σου οὐχ ἥμαρτε· καὶ ἐπλήθυνας τὰς ἀνομίας σου ὑπὲρ αὐτὰς, καὶ ἐδικαίωσας τὰς ἀδελφάς σου ἐν πάσαις ταῖς ἀνομίαις σου αἷς ἐποίησας.
26639	ΙΕΖΕΚΙΗΛ 16:52	σου ἐν	2	consecutive enclitics	βάσανόν	ᾗ	\vs{52}Καὶ σὺ κόμισαι βάσανόν σου, ἐν ᾗ ἔφθειρας τὰς ἀδελφάς σου ἐν ταῖς ἁμαρτίαις σου αἷς ἠνόμησας ὑπὲρ αὐτὰς, καὶ ἐδικαίωσας αὐτὰς ὑπὲρ σεαυτήν· καὶ σὺ αἰσχύνθητι, καὶ λάβε τὴν ἀτιμίαν σου ἐν τῷ δικαιῶσαί σε τὰς ἀδελφάς σου.
26639	ΙΕΖΕΚΙΗΛ 16:52	σου ἐν	2	consecutive enclitics	ἀδελφάς	ταῖς	\vs{52}Καὶ σὺ κόμισαι βάσανόν σου, ἐν ᾗ ἔφθειρας τὰς ἀδελφάς σου ἐν ταῖς ἁμαρτίαις σου αἷς ἠνόμησας ὑπὲρ αὐτὰς, καὶ ἐδικαίωσας αὐτὰς ὑπὲρ σεαυτήν· καὶ σὺ αἰσχύνθητι, καὶ λάβε τὴν ἀτιμίαν σου ἐν τῷ δικαιῶσαί σε τὰς ἀδελφάς σου.
26639	ΙΕΖΕΚΙΗΛ 16:52	σου ἐν	2	consecutive enclitics	ἀτιμίαν	τῷ	\vs{52}Καὶ σὺ κόμισαι βάσανόν σου, ἐν ᾗ ἔφθειρας τὰς ἀδελφάς σου ἐν ταῖς ἁμαρτίαις σου αἷς ἠνόμησας ὑπὲρ αὐτὰς, καὶ ἐδικαίωσας αὐτὰς ὑπὲρ σεαυτήν· καὶ σὺ αἰσχύνθητι, καὶ λάβε τὴν ἀτιμίαν σου ἐν τῷ δικαιῶσαί σε τὰς ἀδελφάς σου.
26640	ΙΕΖΕΚΙΗΛ 16:53	σου ἐν	2	consecutive enclitics	ἀποστροφήν	μέσῳ	\vs{53}Καὶ ἀποστρέψω τὰς ἀποστροφὰς αὐτῶν, τὴν ἀποστροφὴν Σοδόμων καὶ τῶν θυγατέρων αὐτῆς· καὶ ἀποστρέψω τὴν ἀποστροφὴν Σαμαρείας καὶ τῶν θυγατέρων αὐτῆς· καὶ ἀποστρέψω τὴν ἀποστροφήν σου ἐν μέσῳ αὐτῶν·
26645	ΙΕΖΕΚΙΗΛ 16:56	σου εἰς	2	consecutive enclitics	ἀδελφή	ἀκοὴν	\vs{56}Καὶ εἰ μὴ ἦν Σόδομα ἡ ἀδελφή σου εἰς ἀκοὴν ἐν τῷ στόματί σου ἐν ταῖς ἡμέραις ὑπερηφανίας σου·
26645	ΙΕΖΕΚΙΗΛ 16:56	σου ἐν	2	consecutive enclitics	στόματί	ταῖς	\vs{56}Καὶ εἰ μὴ ἦν Σόδομα ἡ ἀδελφή σου εἰς ἀκοὴν ἐν τῷ στόματί σου ἐν ταῖς ἡμέραις ὑπερηφανίας σου·
26651	ΙΕΖΕΚΙΗΛ 16:61	σοι εἰς	2	consecutive enclitics	αὐτάς	οἰκοδομὴν	\vs{61}Καὶ μνησθήσῃ τὴν ὁδόν σου, καὶ ἐξατιμωθήσῃ ἐν τῷ ἀναλαβεῖν σε τὰς ἀδελφάς σου τὰς πρεσβυτέρας σου σὺν ταῖς νεωτέραις σου, καὶ δώσω αὐτάς σοι εἰς οἰκοδομὴν, καὶ οὐκ ἐκ διαθήκης σου.
26651	ΙΕΖΕΚΙΗΛ 16:61	οὐκ ἐκ	2	consecutive enclitics	καὶ	διαθήκης	\vs{61}Καὶ μνησθήσῃ τὴν ὁδόν σου, καὶ ἐξατιμωθήσῃ ἐν τῷ ἀναλαβεῖν σε τὰς ἀδελφάς σου τὰς πρεσβυτέρας σου σὺν ταῖς νεωτέραις σου, καὶ δώσω αὐτάς σοι εἰς οἰκοδομὴν, καὶ οὐκ ἐκ διαθήκης σου.
26653	ΙΕΖΕΚΙΗΛ 16:63	σου ἐν	2	consecutive enclitics	ἀτιμίας	τῷ	\vs{63}Ὅπως μνησθῇς καὶ αἰσχυνθῇς, καὶ μὴ ᾖ σοι ἔτι ἀνοῖξαι τὸ στόμα σου ἀπὸ προσώπου τῆς ἀτιμίας σου, ἐν τῷ ἐξιλάσκεσθαί με σοὶ κατὰ πάντα ὅσα ἐποίησας, λέγει Κύριος.
26668	ΙΕΖΕΚΙΗΛ 17:9	οὐκ ἐν	2	consecutive enclitics	καὶ	βραχίονι	\vs{9}Διατοῦτο εἰπὸν, τάδε λέγει Κύριος, εἰ κατευθυνεῖ; οὐχὶ αἱ ῥίζαι τῆς ἁπαλότητος αὐτῆς καὶ ὁ καρπὸς σαπήσεται; καὶ ξηρανθήσεται πάντα τὰ προανατέλλοντα αὐτῆς, καὶ οὐκ ἐν βραχίονι μεγάλῳ, οὐδὲ ἐν λαῷ πολλῷ, τοῦ ἐκσπᾶσαι αὐτὴν ἐκ ῥιζῶν αὐτῆς.
26677	ΙΕΖΕΚΙΗΛ 17:16	μου μετ	2	consecutive enclitics	διαθήκην	αὐτοῦ	\vs{16}Ζῶ ἐγὼ, λέγει Κύριος, ἐὰν μὴ ἐν τόπῳ ὁ βασιλεὺς ὁ βασιλεύσας αὐτὸν, ὃς ἠτίμωσε τὴν ἀράν μου, καὶ ὃς παρέβη τὴν διαθήκην μου, μετʼ αὐτοῦ ἐν μέσῳ Βαβυλῶνος τελευτήσει,
26678	ΙΕΖΕΚΙΗΛ 17:17	οὐκ ἐν	2	consecutive enclitics	καὶ	δυνάμει	\vs{17}καὶ οὐκ ἐν δυνάμει μεγάλῃ οὐδὲ ἐν ὄχλῳ πολλῷ ποιήσει πρὸς αὐτὸν Φαραὼ πόλεμον, ἐν χαρακοβολίᾳ καὶ ἐν οἰκοδομῇ βελοστάσεων, τοῦ ἐξᾶραι ψυχάς.
26694	ΙΕΖΕΚΙΗΛ 18:4	εἰσιν ἡ	2	consecutive enclitics	ἐμαί	ψυχὴ	\vs{4}Ὅτι πᾶσαι αἱ ψυχαὶ ἐμαί εἰσιν, ὃν τρόπον ἡ ψυχὴ τοῦ πατρὸς, οὕτως καὶ ἡ ψυχὴ τοῦ υἱοῦ, ἐμαί εἰσιν· ἡ ψυχὴ ἡ ἁμαρτάνουσα, αὕτη ἀποθανεῖται.
26722	ΙΕΖΕΚΙΗΛ 18:25	μου οὐ	2	consecutive enclitics	ὁδός	κατευθυνεῖ	\vs{25}Καὶ εἰπατε, οὐ κατευθύνει ἡ ὁδὸς Κυρίου· ἀκούσατε δὴ πᾶς ὁ οἶκος Ἰσραήλ· μὴ ἡ ὁδός μου οὐ κατευθυνεῖ; οὐχὶ ἡ ὁδὸς ὑμῶν κατευθύνει;
26727	ΙΕΖΕΚΙΗΛ 18:29	μου οὐ	2	consecutive enclitics	ὁδός	κατορθοῖ	\vs{29}Καὶ λέγουσιν ὁ οἶκος τοῦ Ἰσραὴλ, οὐ κατορθοῖ ἡ ὁδὸς Κυρίου· μὴ ἡ ὁδός μου οὐ κατορθοῖ, οἶκος Ἰσραήλ; οὐχὶ ἡ ὁδὸς ὑμῶν οὐ κατορθοῖ;
26745	ΙΕΖΕΚΙΗΛ 19:10	σου ὡς	2	consecutive enclitics	μήτηρ	ἄμπελος	\vs{10}Ἡ μήτηρ σου ὡς ἄμπελος καὶ ὡς ἄνθος ἐν ῥοᾷ, ἐν ὕδατι πεφυτευμένη, ὁ καρπὸς αὐτῆς καὶ ὁ βλαστὸς αὐτῆς ἐγένετο ἐξ ὕδατος πολλοῦ.
26763	ΙΕΖΕΚΙΗΛ 20:8	μου ἐπ	2	consecutive enclitics	θυμόν	αὐτοὺς	\vs{8}Καὶ ἀπέστησαν ἀπʼ ἐμοῦ, καὶ οὐκ ἠθέλησαν εἰσακοῦσαί μου, τὰ βδελύγματα τῶν ὀφθαλμῶν αὐτῶν οὐκ ἀπέῤῥιψαν, καὶ τὰ ἐπιτηδεύματα Αἰγύπτου οὐκ ἐγκατέλιπον· καὶ εἶπα τοῦ ἐκχέαι τὸν θυμόν μου ἐπʼ αὐτοὺς, τοῦ συντελέσαι ὀργήν μου ἐν αὐτοῖς ἐν μέσῳ τῆς Αἰγύπτου.
26763	ΙΕΖΕΚΙΗΛ 20:8	μου ἐν	2	consecutive enclitics	ὀργήν	αὐτοῖς	\vs{8}Καὶ ἀπέστησαν ἀπʼ ἐμοῦ, καὶ οὐκ ἠθέλησαν εἰσακοῦσαί μου, τὰ βδελύγματα τῶν ὀφθαλμῶν αὐτῶν οὐκ ἀπέῤῥιψαν, καὶ τὰ ἐπιτηδεύματα Αἰγύπτου οὐκ ἐγκατέλιπον· καὶ εἶπα τοῦ ἐκχέαι τὸν θυμόν μου ἐπʼ αὐτοὺς, τοῦ συντελέσαι ὀργήν μου ἐν αὐτοῖς ἐν μέσῳ τῆς Αἰγύπτου.
26764	ΙΕΖΕΚΙΗΛ 20:9	εἰσιν ἐν	2	consecutive enclitics	αὐτοί	μέσῳ	\vs{9}Καὶ ἐποίησα ὅπως τὸ ὄνομά μου τὸ παράπαν μὴ βεβηλωθῇ ἐνώπιον τῶν ἐθνῶν, ὧν αὐτοί εἰσιν ἐν μέσῳ αὐτῶν, ἐν οἷς ἐγνώσθην πρὸς αὐτοὺς ἐνώπιον αὐτῶν, τοῦ ἐξαγαγεῖν αὐτοὺς ἐκ γῆς Αἰγύπτου.
26770	ΙΕΖΕΚΙΗΛ 20:13	μου ἐπ	2	consecutive enclitics	θυμόν	αὐτοὺς	\vs{13}Καὶ εἶπα πρὸς τὸν οἶκον τοῦ Ἰσραὴλ ἐν τῇ ἐρήμῳ, ἐν τοῖς προστάγμασί μου πορεύεσθε· καὶ οὐκ ἐπορεύθησαν· καὶ τὰ δικαιώματά μου ἀπώσαντο, ἃ ποιήσει αὐτὰ ἄνθρωπος καὶ ζήσεται ἐν αὐτοῖς· καὶ τὰ σάββατά μου ἐβεβήλωσαν σφόδρα· καὶ εἶπα τοῦ ἐκχέαι τὸν θυμόν μου ἐπʼ αὐτοὺς ἐν τῇ ἐρήμῳ, τοῦ ἐξαναλῶσαι αὐτούς.
26773	ΙΕΖΕΚΙΗΛ 20:15	μου ἐπ	2	consecutive enclitics	χεῖρά	αὐτοὺς	\vs{15}Καὶ ἐγὼ ἐξῇρα τὴν χεῖρά μου ἐπʼ αὐτοὺς ἐν τῇ ἐρήμῳ τὸ παράπαν, τοῦ μὴ εἰσαγαγεῖν αὐτοὺς εἰς τὴν γῆν ἣν ἔδωκα αὐτοῖς, γῆν ῥέουσαν γάλα καὶ μέλι· κηρίον ἐστὶ παρὰ πᾶσαν τὴν γῆν·
26774	ΙΕΖΕΚΙΗΛ 20:16	μου οὐκ	2	consecutive enclitics	προστάγμασί	ἐπορεύθησαν	\vs{16}Ἀνθʼ ὧν τὰ δικαιώματά μου ἀπώσαντο, καὶ ἐν τοῖς προστάγμασί μου οὐκ ἐπορεύθησαν ἐν αὐτοῖς, καὶ τὰ σάββατά μου ἐβεβήλουν, καὶ ὀπίσω τῶν ἐνθυμημάτων καρδίας αὐτῶν ἐπορεύοντο.
26776	ΙΕΖΕΚΙΗΛ 20:17	μου ἐπ	2	consecutive enclitics	ὀφθαλμός	αὐτοὺς	\vs{17}Καὶ ἐφείσατο ὁ ὀφθαλμός μου ἐπʼ αὐτοὺς, τοῦ ἐξαλεῖψαι αὐτοὺς, καὶ οὐκ ἐποίησα αὐτοὺς εἰς συντέλειαν ἐν τῇ ἐρήμῳ.
26781	ΙΕΖΕΚΙΗΛ 20:21	μου οὐκ	2	consecutive enclitics	προστάγμασί	ἐπορεύθησαν	\vs{21}Καὶ παρεπίκρανάν με, καὶ τὰ τέκνα αὐτῶν ἐν τοῖς προστάγμασί μου οὐκ ἐπορεύθησαν, καὶ τὰ δικαιώματά μου οὐκ ἐφυλάξαντο τοῦ ποιεῖν αὐτὰ, ἃ ποιήσει ἄνθρωπος καὶ ζήσεται ἐν αὐτοῖς, καὶ τὰ σάββατά μου ἐβεβήλουν· καῖ εἶπα τοῦ ἐκχέαι τὸν θυμόν μου ἐπʼ αὐτοὺς ἐν τῇ ἐρήμῳ, τοῦ συντελέσαι τὴν ὀργήν μου ἐπʼ αὐτούς.
26781	ΙΕΖΕΚΙΗΛ 20:21	μου οὐκ	2	consecutive enclitics	δικαιώματά	ἐφυλάξαντο	\vs{21}Καὶ παρεπίκρανάν με, καὶ τὰ τέκνα αὐτῶν ἐν τοῖς προστάγμασί μου οὐκ ἐπορεύθησαν, καὶ τὰ δικαιώματά μου οὐκ ἐφυλάξαντο τοῦ ποιεῖν αὐτὰ, ἃ ποιήσει ἄνθρωπος καὶ ζήσεται ἐν αὐτοῖς, καὶ τὰ σάββατά μου ἐβεβήλουν· καῖ εἶπα τοῦ ἐκχέαι τὸν θυμόν μου ἐπʼ αὐτοὺς ἐν τῇ ἐρήμῳ, τοῦ συντελέσαι τὴν ὀργήν μου ἐπʼ αὐτούς.
26781	ΙΕΖΕΚΙΗΛ 20:21	μου ἐπ	2	consecutive enclitics	θυμόν	αὐτοὺς	\vs{21}Καὶ παρεπίκρανάν με, καὶ τὰ τέκνα αὐτῶν ἐν τοῖς προστάγμασί μου οὐκ ἐπορεύθησαν, καὶ τὰ δικαιώματά μου οὐκ ἐφυλάξαντο τοῦ ποιεῖν αὐτὰ, ἃ ποιήσει ἄνθρωπος καὶ ζήσεται ἐν αὐτοῖς, καὶ τὰ σάββατά μου ἐβεβήλουν· καῖ εἶπα τοῦ ἐκχέαι τὸν θυμόν μου ἐπʼ αὐτοὺς ἐν τῇ ἐρήμῳ, τοῦ συντελέσαι τὴν ὀργήν μου ἐπʼ αὐτούς.
26781	ΙΕΖΕΚΙΗΛ 20:21	μου ἐπ	2	consecutive enclitics	ὀργήν	αὐτούς	\vs{21}Καὶ παρεπίκρανάν με, καὶ τὰ τέκνα αὐτῶν ἐν τοῖς προστάγμασί μου οὐκ ἐπορεύθησαν, καὶ τὰ δικαιώματά μου οὐκ ἐφυλάξαντο τοῦ ποιεῖν αὐτὰ, ἃ ποιήσει ἄνθρωπος καὶ ζήσεται ἐν αὐτοῖς, καὶ τὰ σάββατά μου ἐβεβήλουν· καῖ εἶπα τοῦ ἐκχέαι τὸν θυμόν μου ἐπʼ αὐτοὺς ἐν τῇ ἐρήμῳ, τοῦ συντελέσαι τὴν ὀργήν μου ἐπʼ αὐτούς.
26784	ΙΕΖΕΚΙΗΛ 20:23	μου ἐπ	2	consecutive enclitics	χεῖρά	αὐτοὺς	\vs{23}Ἐξῇρα τὴν χεῖρά μου ἐπʼ αὐτοὺς ἐν τῇ ἐρήμῳ τοῦ διασκορπίσαι αὐτοὺς ἐν τοῖς ἔθνεσι, διασπεῖραι αὐτοὺς ἐν ταῖς χώραις,
26785	ΙΕΖΕΚΙΗΛ 20:24	μου οὐκ	2	consecutive enclitics	δικαιώματά	ἐποίησαν	\vs{24}ἀνθʼ ὧν τὰ δικαιώματά μου οὐκ ἐποίησαν, καὶ τὰ προστάγματά μου ἀπώσαντο, καὶ τὰ σάββατά μου ἐβεβήλουν καὶ ὀπίσω τῶν ἐνθυμημάτων τῶν πατέρων αὐτῶν ἦσαν οἱ ὀφθαλμοὶ αὐτῶν.
26790	ΙΕΖΕΚΙΗΛ 20:27	με οἱ	2	consecutive enclitics	παρώργισάν	πατέρες	\vs{27}Διατοῦτο λάλησον πρὸς τὸν οἶκον τοῦ Ἰσραὴλ, υἱὲ ἀνθρώπου, καὶ ἐρεῖς πρὸς αὐτοὺς, τάδε λέγει Κύριος, ἕως τούτου παρώργισάν με οἱ πατέρες ὑμῶν ἐν τοῖς παραπτώμασιν αὐτῶν ἐν οἷς παρέπεσον εἰς ἐμέ.
26794	ΙΕΖΕΚΙΗΛ 20:30	εἰ ἐν	2	consecutive enclitics	Κύριος	ταῖς	\vs{30}Διατοῦτο εἰπὸν πρὸς τὸν οἶκον τοῦ Ἰσραὴλ, τάδε λέγει Κύριος, εἰ ἐν ταῖς ἀνομίαις τῶν πατέρων ὑμῶν ὑμεῖς μιαίνεσθε, καὶ ὀπίσω τῶν βδελυγμάτων αὐτῶν ὑμεῖς ἐκπορνεύετε,
26796	ΙΕΖΕΚΙΗΛ 20:32	ὡς αἱ	2	consecutive enclitics	καὶ	φυλαὶ	\vs{32}Καὶ οὐκ ἔσται ὃν τρόπον ὑμεῖς λέγετε, ἐσόμεθα ὡς τὰ ἔθνη, καὶ ὡς αἱ φυλαὶ τῆς γῆς, τοῦ λατρεύειν ξύλοις καὶ λίθοις.
26807	ΙΕΖΕΚΙΗΛ 20:40	μου ἐπ	2	consecutive enclitics	ἁγίου	ὄρους	\vs{40}Διότι ἐπι τοῦ ὄρους τοῦ ἁγίου μου, ἐπʼ ὄρους ὑψηλοῦ, λέγει Κύριος Κύριος, ἐκεῖ δουλεύσουσί μοι πᾶς οἶκος Ἰσραὴλ εἰς τέλος· καὶ ἐκεῖ προσδέξομαι, καὶ ἐκεῖ ἐπισκέψομαι τὰς ἀπαρχὰς ὑμῶν, καὶ τὰς ἀπαρχὰς τῶν ἀφορισμῶν ὑμῶν, ἐν πᾶσι τοῖς ἁγιάσμασιν ὑμῶν.
26825	ΙΕΖΕΚΙΗΛ 21:8	μου ἐκ	2	consecutive enclitics	ἐγχειρίδιόν	τοῦ	\vs{8}καὶ προφητεύσεις ἐπὶ τὴν γῆν τοῦ Ἰσραὴλ, καὶ ἐρεῖς πρὸς τὴν γῆν τοῦ Ἰσραὴλ, τάδε λέγει Κύριος, ἰδοὺ ἐγὼ πρὸς σὲ, καὶ ἐκσπάσω τὸ ἐγχειρίδιόν μου ἐκ τοῦ κολεοῦ αὐτοῦ, καὶ ἐξολοθρεύσω ἐκ σοῦ ἄνομον καὶ ἄδικον·
26826	ΙΕΖΕΚΙΗΛ 21:9	μου ἐκ	2	consecutive enclitics	ἐγχειρίδιόν	τοῦ	\vs{9}Ἀνθʼ ὧν ἐξολοθρεύσω ἐκ σοῦ ἄδικον καὶ ἄνομον, οὕτως ἐξελεύσεται τὸ ἐγχειρίδιόν μου ἐκ τοῦ κολεοῦ αὐτοῦ ἐπὶ πᾶσαν σάρκα ἀπὸ ἀπηλιώτου ἔως Βοῤῥᾶ,
26827	ΙΕΖΕΚΙΗΛ 21:10	μου ἐκ	2	consecutive enclitics	ἐγχειρίδιόν	τοῦ	\vs{10}καὶ ἐπιγνώσεται πᾶσα σὰρξ, διότι ἐγὼ Κύριος ἐξέσπασα τὸ ἐγχειρίδιόν μου ἐκ τοῦ κολεοῦ αὐτοῦ, οὐκ ἀποστρέψει οὐκέτι.
26863	ΙΕΖΕΚΙΗΛ 21:36	μου ἐν	2	consecutive enclitics	ὀργήν	πυρὶ	\vs{36}Καὶ ἐκχεῶ ἐπὶ σὲ ὀργήν μου, ἐν πυρὶ ὀργῆς μου ἐμφυσήσω ἐπὶ σὲ, καὶ παραδώσω σε εἰς χεῖρας ἀνδρῶν βαρβάρων τεκταινόντων διαφθοράς.
26863	ΙΕΖΕΚΙΗΛ 21:36	σε εἰς	2	consecutive enclitics	παραδώσω	χεῖρας	\vs{36}Καὶ ἐκχεῶ ἐπὶ σὲ ὀργήν μου, ἐν πυρὶ ὀργῆς μου ἐμφυσήσω ἐπὶ σὲ, καὶ παραδώσω σε εἰς χεῖρας ἀνδρῶν βαρβάρων τεκταινόντων διαφθοράς.
26864	ΙΕΖΕΚΙΗΛ 21:37	σου οὐ	2	consecutive enclitics	γῆς	μὴ	\vs{37}Ἐν πυρὶ ἔσῃ κατάβρωμα, τὸ αἷμά σου ἔσται ἐν μέσῳ τῆς γῆς σου· οὐ μὴ γένηταί σου μνεία, διότι ἐγὼ Κύριος λελάληκα.
26870	ΙΕΖΕΚΙΗΛ 22:4	σε εἰς	2	consecutive enclitics	δέδωκά	ὀνειδισμὸν	\vs{4}ἐν τοῖς αἵμασιν αὐτῶν οἷς ἐξέχεας, παραπέπτωκας, καὶ ἐν τοῖς ἐνθυμήμασί σου οἷς ἐποίεις, ἐμιαίνου· καὶ ἤγγισας τὰς ἡμέρας σου, καὶ ἤγαγες καιρὸν ἐτῶν σου· διατοῦτο δέδωκά σε εἰς ὀνειδισμὸν τοῖς ἔθνεσι, καὶ εἰς ἐμπαιγμὸν πάσαις ταῖς χώραις ταῖς ἐγγιζούσαις πρὸς σὲ,
26882	ΙΕΖΕΚΙΗΛ 22:13	μου ἐφ	2	consecutive enclitics	χεῖρά	οἷς	\vs{13}Ἐὰν δὲ πατάξω χεῖρά μου ἐφʼ οἷς συντετέλεσαι οἷς ἐποίησας, καὶ ἐπὶ τοῖς αἵμασί σου τοῖς γεγενημένοις ἐν μέσῳ σου,
26883	ΙΕΖΕΚΙΗΛ 22:14	σου εἰ	2	consecutive enclitics	καρδία	κρατήσουσιν	\vs{14}εἰ ὑποστήσεται ἡ καρδία σου; εἰ κρατήσουσιν αἱ χεῖρές σου ἐν ταῖς ἡμέραις αἷς ἐγὼ ποιῶ ἐν σοί; ἐγὼ Κύριος λελάληκα, καὶ ποιήσω.
26883	ΙΕΖΕΚΙΗΛ 22:14	σου ἐν	2	consecutive enclitics	χεῖρές	ταῖς	\vs{14}εἰ ὑποστήσεται ἡ καρδία σου; εἰ κρατήσουσιν αἱ χεῖρές σου ἐν ταῖς ἡμέραις αἷς ἐγὼ ποιῶ ἐν σοί; ἐγὼ Κύριος λελάληκα, καὶ ποιήσω.
26884	ΙΕΖΕΚΙΗΛ 22:15	σε ἐν	2	consecutive enclitics	διασκορπιῶ	τοῖς	\vs{15}Καὶ διασκορπιῶ σε ἐν τοῖς ἔθνεσι, καὶ διασπερῶ σε ἐν ταῖς χώραις, καὶ ἐκλείψει ἡ ἀκαθαρσία σου ἐκ σοῦ.
26884	ΙΕΖΕΚΙΗΛ 22:15	σε ἐν	2	consecutive enclitics	διασπερῶ	ταῖς	\vs{15}Καὶ διασκορπιῶ σε ἐν τοῖς ἔθνεσι, καὶ διασπερῶ σε ἐν ταῖς χώραις, καὶ ἐκλείψει ἡ ἀκαθαρσία σου ἐκ σοῦ.
26884	ΙΕΖΕΚΙΗΛ 22:15	σου ἐκ	2	consecutive enclitics	ἀκαθαρσία	σοῦ	\vs{15}Καὶ διασκορπιῶ σε ἐν τοῖς ἔθνεσι, καὶ διασπερῶ σε ἐν ταῖς χώραις, καὶ ἐκλείψει ἡ ἀκαθαρσία σου ἐκ σοῦ.
26888	ΙΕΖΕΚΙΗΛ 22:18	μοι ὁ	2	consecutive enclitics	γεγόνασί	οἶκος	\vs{18}υἱὲ ἀνθρώπου, ἰδοὺ γεγόνασί μοι ὁ οἶκος Ἰσραὴλ ἀναμεμιγμένοι πάντες χαλκῷ, καὶ σιδήρῳ, καὶ κασσιτέρῳ, καὶ μολίβῳ, ἐν μέσῳ ἀργυρίου ἀναμεμιγμένος ἐστί.
26893	ΙΕΖΕΚΙΗΛ 22:22	μου ἐφ	2	consecutive enclitics	θυμόν	ὑμᾶς	\vs{22}Ὃν τρόπον χωνεύεται ἀργύριον ἐν μέσῳ καμίνου, οὕτως χωνευθήσεσθε ἐν μέσῳ αὐτῆς, καὶ ἐπιγνώσεσθε διότι ἐγὼ Κύριος ἐξέχεα τὸν θυμόν μου ἐφʼ ὑμᾶς.
26896	ΙΕΖΕΚΙΗΛ 22:24	ἡ οὐ	2	consecutive enclitics	γῆ	βρεχομένη	\vs{24}υἱὲ ἀνθρώπου, εἰπὸν αὐτῇ, σὺ εἶ γῆ ἡ οὐ βρεχομένη, οὐδὲ ὑετὸς ἐγένετο ἐπὶ σὲ ἐν ἡμέρᾳ ὀργῆς.
26904	ΙΕΖΕΚΙΗΛ 22:31	μου ἐν	2	consecutive enclitics	θυμόν	πυρὶ	\vs{31}Καὶ ἐξέχεα ἐπʼ αὐτὴν θυμόν μου ἐν πυρὶ ὀργῆς μου, τοῦ συντελέσαι· τὰς ὁδοὺς αὐτῶν εἰς κεφαλὰς αὐτῶν δέδωκα, λέγει Κύριος Κύριος.
26927	ΙΕΖΕΚΙΗΛ 23:18	μου ἀπ	2	consecutive enclitics	ψυχή	αὐτῆς	\vs{18}Καὶ ἀπεκάλυψε τὴν πορνείαν αὐτῆς, καὶ ἀπεκάλυψεν αἰσχύνην αὐτῆς· καὶ ἀπέστη ἡ ψυχή μου ἀπʼ αὐτῆς, ὃν τρόπον ἀπέστη ἡ ψυχή μου ἀπὸ τῆς ἀδελφῆς αὐτῆς.
26929	ΙΕΖΕΚΙΗΛ 23:19	σου ἐν	2	consecutive enclitics	νεότητός	αἷς	\vs{19}Καὶ ἐπλήθυνας τὴν πορνείαν σου, τοῦ ἀναμνῆσαι ἡμέραν νεότητός σου, ἐν αἷς ἐπόρνευσας ἐν Αἰγύπτῳ,
26933	ΙΕΖΕΚΙΗΛ 23:22	σου ἀπ	2	consecutive enclitics	ψυχή	αὐτῶν	\vs{22}Διατοῦτο, Ὀολιβὰ, τάδε λέγει Κύριος, ἰδοὺ ἐγὼ ἐξεγείρω τοὺς ἐραστάς σου ἐπὶ σὲ, ἀφʼ ὧν ἀπέστη ἡ ψυχή σου ἀπʼ αὐτῶν, καὶ ἐπάξω αὐτοὺς ἐπὶ σὲ κυκλόθεν,
26936	ΙΕΖΕΚΙΗΛ 23:25	σε ἐν	2	consecutive enclitics	ἐκδικήσουσί	τοῖς	\vs{25}καὶ δώσω πρὸ προσώπου αὐτῶν κρίμα, καὶ ἐκδικήσουσί σε ἐν τοῖς κρίμασιν αὐτῶν. Καὶ δώσω τὸν ζῆλόν μου ἐν σοὶ, καὶ ποιήσουσι μετὰ σου ἐν ὀργῇ θυμοῦ· μυκτῆρά σου καὶ ὦτά σου ἀφελοῦσι, καὶ τοὺς καταλοίπους σου ἐν ῥομφαίᾳ καταβαλοῦσιν· αὐτοὶ υἱούς σου καὶ θυγατέρας σου λήψονται, καὶ τοὺς καταλοίπους σου πῦρ καταφάγεται.
26936	ΙΕΖΕΚΙΗΛ 23:25	μου ἐν	2	consecutive enclitics	ζῆλόν	σοὶ	\vs{25}καὶ δώσω πρὸ προσώπου αὐτῶν κρίμα, καὶ ἐκδικήσουσί σε ἐν τοῖς κρίμασιν αὐτῶν. Καὶ δώσω τὸν ζῆλόν μου ἐν σοὶ, καὶ ποιήσουσι μετὰ σου ἐν ὀργῇ θυμοῦ· μυκτῆρά σου καὶ ὦτά σου ἀφελοῦσι, καὶ τοὺς καταλοίπους σου ἐν ῥομφαίᾳ καταβαλοῦσιν· αὐτοὶ υἱούς σου καὶ θυγατέρας σου λήψονται, καὶ τοὺς καταλοίπους σου πῦρ καταφάγεται.
26936	ΙΕΖΕΚΙΗΛ 23:25	σου ἐν	2	consecutive enclitics	μετὰ	ὀργῇ	\vs{25}καὶ δώσω πρὸ προσώπου αὐτῶν κρίμα, καὶ ἐκδικήσουσί σε ἐν τοῖς κρίμασιν αὐτῶν. Καὶ δώσω τὸν ζῆλόν μου ἐν σοὶ, καὶ ποιήσουσι μετὰ σου ἐν ὀργῇ θυμοῦ· μυκτῆρά σου καὶ ὦτά σου ἀφελοῦσι, καὶ τοὺς καταλοίπους σου ἐν ῥομφαίᾳ καταβαλοῦσιν· αὐτοὶ υἱούς σου καὶ θυγατέρας σου λήψονται, καὶ τοὺς καταλοίπους σου πῦρ καταφάγεται.
26936	ΙΕΖΕΚΙΗΛ 23:25	σου ἐν	2	consecutive enclitics	καταλοίπους	ῥομφαίᾳ	\vs{25}καὶ δώσω πρὸ προσώπου αὐτῶν κρίμα, καὶ ἐκδικήσουσί σε ἐν τοῖς κρίμασιν αὐτῶν. Καὶ δώσω τὸν ζῆλόν μου ἐν σοὶ, καὶ ποιήσουσι μετὰ σου ἐν ὀργῇ θυμοῦ· μυκτῆρά σου καὶ ὦτά σου ἀφελοῦσι, καὶ τοὺς καταλοίπους σου ἐν ῥομφαίᾳ καταβαλοῦσιν· αὐτοὶ υἱούς σου καὶ θυγατέρας σου λήψονται, καὶ τοὺς καταλοίπους σου πῦρ καταφάγεται.
26938	ΙΕΖΕΚΙΗΛ 23:27	σου ἐκ	2	consecutive enclitics	ἀσεβείας	σοῦ	\vs{27}Καὶ ἀποστρέψω τὰς ἀσεβείας σου ἐκ σοῦ, καὶ τὴν πορνείαν σου ἐκ γῆς Αἰγύπτου· καὶ οὐ μὴ ἄρῃς τοὺς ὀφθαλμούς σου ἐπʼ αὐτοὺς, καὶ Αἰγύπτου οὐ μὴ μνησθῇς οὐκέτι.
26938	ΙΕΖΕΚΙΗΛ 23:27	σου ἐκ	2	consecutive enclitics	πορνείαν	γῆς	\vs{27}Καὶ ἀποστρέψω τὰς ἀσεβείας σου ἐκ σοῦ, καὶ τὴν πορνείαν σου ἐκ γῆς Αἰγύπτου· καὶ οὐ μὴ ἄρῃς τοὺς ὀφθαλμούς σου ἐπʼ αὐτοὺς, καὶ Αἰγύπτου οὐ μὴ μνησθῇς οὐκέτι.
26938	ΙΕΖΕΚΙΗΛ 23:27	σου ἐπ	2	consecutive enclitics	ὀφθαλμούς	αὐτοὺς	\vs{27}Καὶ ἀποστρέψω τὰς ἀσεβείας σου ἐκ σοῦ, καὶ τὴν πορνείαν σου ἐκ γῆς Αἰγύπτου· καὶ οὐ μὴ ἄρῃς τοὺς ὀφθαλμούς σου ἐπʼ αὐτοὺς, καὶ Αἰγύπτου οὐ μὴ μνησθῇς οὐκέτι.
26940	ΙΕΖΕΚΙΗΛ 23:28	σε εἰς	2	consecutive enclitics	παραδίδωμί	χεῖρας	\vs{28}Διότι τάδε λέγει Κύριος Κύριος, ἰδοὺ ἐγὼ παραδίδωμί σε εἰς χεῖρας ὧν μισεῖς, ἀφʼ ὧν ἀπέστη ἡ ψυχή σου ἀπʼ αὐτῶν.
26940	ΙΕΖΕΚΙΗΛ 23:28	σου ἀπ	2	consecutive enclitics	ψυχή	αὐτῶν	\vs{28}Διότι τάδε λέγει Κύριος Κύριος, ἰδοὺ ἐγὼ παραδίδωμί σε εἰς χεῖρας ὧν μισεῖς, ἀφʼ ὧν ἀπέστη ἡ ψυχή σου ἀπʼ αὐτῶν.
26942	ΙΕΖΕΚΙΗΛ 23:30	σοι ἐν	2	consecutive enclitics	ταῦτά	τῷ	\vs{30}ἐποίησε ταῦτά σοι, ἐν τῷ ἐκπορνεῦσαί σε ὀπίσω ἐθνῶν, καὶ ἐμιαίνου ἐν τοῖς ἐνθυμήμασιν αὐτῶν.
26958	ΙΕΖΕΚΙΗΛ 23:43	οὐκ ἐν	2	consecutive enclitics	εἶπα	τούτοις	\vs{43}Καὶ εἶπα, οὐκ ἐν τούτοις μοιχεύουσι; καὶ ἔργα πόρνης καὶ αὐτὴ ἐξεπόρνευσε;
26986	ΙΕΖΕΚΙΗΛ 24:14	σε ἡ	2	consecutive enclitics	κρινῶ	ἀκάθαρτος	\vs{14}Ἐγὼ Κύριος λελάληκα, καὶ ἥξει, καὶ ποιήσω, οὐ διαστελῶ, οὐδὲ μὴ ἐλεήσω· κατὰ τὰς ὁδούς σου, καὶ κατὰ τὰ ἐνθυμήματά σου κρινῶ σε, λέγει Κύριος· διατοῦτο ἐγὼ κρινῶ σε κατὰ τὰ αἵματά σου, καὶ κατὰ τὰ ἐνθυμήματά σου κρινῶ σε, ἡ ἀκάθαρτος, ἡ ὀνομαστὴ, καὶ πολλὴ τοῦ παραπικραίνειν.
26989	ΙΕΖΕΚΙΗΛ 24:16	σου ἐν	2	consecutive enclitics	ὀφθαλμῶν	παρατάξει	\vs{16}υἱὲ ἀνθρώπου, ἰδοὺ ἐγὼ λαμβάνω ἐκ σοῦ τὰ ἐπιθυμήματα τῶν ὀφθαλμῶν σου ἐν παρατάξει, οὐ μὴ κοπῇς, οὐδʼ οὐ μὴ κλαυσθῇς,
26989	ΙΕΖΕΚΙΗΛ 24:16	οὐδ οὐ	2	consecutive enclitics	κοπῇς	μὴ	\vs{16}υἱὲ ἀνθρώπου, ἰδοὺ ἐγὼ λαμβάνω ἐκ σοῦ τὰ ἐπιθυμήματα τῶν ὀφθαλμῶν σου ἐν παρατάξει, οὐ μὴ κοπῇς, οὐδʼ οὐ μὴ κλαυσθῇς,
26990	ΙΕΖΕΚΙΗΛ 24:17	σου ἐν	2	consecutive enclitics	ὑποδήματά	τοῖς	\vs{17}στεναγμὸς αἵματος, ὀσφύος πένθος ἔσῃ· οὐκ ἔσται τὸ τρίχωμά σου συμπεπλεγμένον ἐπὶ σὲ, καὶ τὰ ὑποδήματά σου ἐν τοῖς ποσί σου· οὐ μὴ παρακληθῇς ἐν χείλεσιν αὐτῶν, καὶ ἄρτον ἀνδρῶν οὐ μὴ φάγῃς.
26990	ΙΕΖΕΚΙΗΛ 24:17	σου οὐ	2	consecutive enclitics	ποσί	μὴ	\vs{17}στεναγμὸς αἵματος, ὀσφύος πένθος ἔσῃ· οὐκ ἔσται τὸ τρίχωμά σου συμπεπλεγμένον ἐπὶ σὲ, καὶ τὰ ὑποδήματά σου ἐν τοῖς ποσί σου· οὐ μὴ παρακληθῇς ἐν χείλεσιν αὐτῶν, καὶ ἄρτον ἀνδρῶν οὐ μὴ φάγῃς.
27003	ΙΕΖΕΚΙΗΛ 24:26	σοι εἰς	2	consecutive enclitics	ἀναγγεῖλαί	τὰ	\vs{26}ἐν τῇ ἡμέρᾳ ἐκείνῃ ἥξει ὁ ἀνασωζόμενος πρὸς σὲ, τοῦ ἀναγγεῖλαί σοι εἰς τὰ ὦτα;
27016	ΙΕΖΕΚΙΗΛ 25:7	σε εἰς	2	consecutive enclitics	δώσω	διαρπαγὴν	\vs{7}διατοῦτο ἐκτενῶ τὴν χεῖρά μου ἐπὶ σὲ, καὶ δώσω σε εἰς διαρπαγὴν ἐν τοῖς ἔθνεσι, καὶ ἐξολεθρεύσω σε ἐκ τῶν λαῶν, καὶ ἀπολῶ σε ἐκ τῶν χωρῶν ἀπωλείᾳ, καὶ ἐπιγνώσῃ διότι ἐγὼ Κύριος.
27016	ΙΕΖΕΚΙΗΛ 25:7	σε ἐκ	2	consecutive enclitics	ἐξολεθρεύσω	τῶν	\vs{7}διατοῦτο ἐκτενῶ τὴν χεῖρά μου ἐπὶ σὲ, καὶ δώσω σε εἰς διαρπαγὴν ἐν τοῖς ἔθνεσι, καὶ ἐξολεθρεύσω σε ἐκ τῶν λαῶν, καὶ ἀπολῶ σε ἐκ τῶν χωρῶν ἀπωλείᾳ, καὶ ἐπιγνώσῃ διότι ἐγὼ Κύριος.
27016	ΙΕΖΕΚΙΗΛ 25:7	σε ἐκ	2	consecutive enclitics	ἀπολῶ	τῶν	\vs{7}διατοῦτο ἐκτενῶ τὴν χεῖρά μου ἐπὶ σὲ, καὶ δώσω σε εἰς διαρπαγὴν ἐν τοῖς ἔθνεσι, καὶ ἐξολεθρεύσω σε ἐκ τῶν λαῶν, καὶ ἀπολῶ σε ἐκ τῶν χωρῶν ἀπωλείᾳ, καὶ ἐπιγνώσῃ διότι ἐγὼ Κύριος.
27029	ΙΕΖΕΚΙΗΛ 25:17	μου ἐπ	2	consecutive enclitics	ἐκδίκησίν	αὐτούς	\vs{17}Καὶ ποιήσω ἐν αὐτοῖς ἐκδικήσεις μεγάλας, καὶ ἐπιγνώσονται διότι ἐγὼ Κύριος, ἐν τῷ δοῦναι τὴν ἐκδίκησίν μου ἐπʼ αὐτούς.
27043	ΙΕΖΕΚΙΗΛ 26:10	σε ὁ	2	consecutive enclitics	κατακαλύψει	κονιορτὸς	\vs{10}Ἀπὸ τοῦ πλήθους τῶν ἵππων αὐτοῦ κατακαλύψει σε ὁ κονιορτὸς αὐτῶν· καὶ ἀπὸ τῆς φωνῆς τῶν ἱππέων αὐτοῦ καὶ τῶν τροχῶν τῶν ἁρμάτων αὐτοῦ σεισθήσεται τὰ τείχη σου, εἰσπορευομένου αὐτοῦ τὰς πύλας σου, ὡς εἰσπορευόμενος εἰς πόλιν ἐκ πεδίου.
27043	ΙΕΖΕΚΙΗΛ 26:10	σου ὡς	2	consecutive enclitics	πύλας	εἰσπορευόμενος	\vs{10}Ἀπὸ τοῦ πλήθους τῶν ἵππων αὐτοῦ κατακαλύψει σε ὁ κονιορτὸς αὐτῶν· καὶ ἀπὸ τῆς φωνῆς τῶν ἱππέων αὐτοῦ καὶ τῶν τροχῶν τῶν ἁρμάτων αὐτοῦ σεισθήσεται τὰ τείχη σου, εἰσπορευομένου αὐτοῦ τὰς πύλας σου, ὡς εἰσπορευόμενος εἰς πόλιν ἐκ πεδίου.
27046	ΙΕΖΕΚΙΗΛ 26:12	σου εἰς	2	consecutive enclitics	χοῦν	μέσον	\vs{12}Καὶ προνομεύσει τὴν δύναμίν σου, καὶ σκυλεύσει τὰ ὑπάρχοντά σου, καὶ καταβαλεῖ τὰ τείχη σου, καὶ τοὺς οἴκους σου τοὺς ἐπιθυμητοὺς καθελεῖ· καὶ τοὺς λίθους σου, καὶ τὰ ξύλα σου, καὶ τὸν χοῦν σου εἰς μέσον τῆς θαλάσσης σου ἐμβαλεῖ.
27047	ΙΕΖΕΚΙΗΛ 26:13	σου οὐ	2	consecutive enclitics	ψαλτηρίων	μὴ	\vs{13}Καὶ καταλύσει τὸ πλῆθος τῶν μουσικῶν σου, καὶ ἡ φωνὴ τῶν ψαλτηρίων σου οὐ μὴ ἀκουσθῇ ἔτι.
27050	ΙΕΖΕΚΙΗΛ 26:15	σου ἐν	2	consecutive enclitics	πτώσεώς	τῷ	\vs{15}Διότι τάδε λέγει Κύριος Κύριος τῇ Σὸρ, οὐκ ἀπὸ φωνῆς τῆς πτώσεώς σου, ἐν τῷ στενάξαι τραυματίας, ἐν τῷ σπᾶσαι μάχαιραν ἐν μέσῳ σου, σεισθήσονται αἱ νῆσοι;
27056	ΙΕΖΕΚΙΗΛ 26:20	σε εἰς	2	consecutive enclitics	κατοικιῶ	βάθη	\vs{20}καὶ καταβιβάσω σε πρὸς τοὺς καταβαίνοντας εἰς βόθρον πρὸς λαὸν αἰῶνος, καὶ κατοικιῶ σε εἰς βάθη τῆς γῆς ὡς ἔρημον αἰώνιον μετὰ καταβαινόντων εἰς βόθρον, ὅπως μὴ κατοικηθῇς, μηδὲ ἀναστῇς ἐπὶ γῆς ζωῆς,
27065	ΙΕΖΕΚΙΗΛ 27:4	μου ἐν	2	consecutive enclitics	κάλλος	καρδίᾳ	\vs{4}Σὺ εἶπας, ἐγὼ περιέθηκα ἐμαυτῇ κάλλος μου, ἐν καρδίᾳ θαλάσσης τῷ Βεελεὶμ υἱοί σου περιέθηκάν σοι κάλλος.
27070	ΙΕΖΕΚΙΗΛ 27:8	σου οἱ	2	consecutive enclitics	ἄρχοντές	κατοικοῦντες	\vs{8}Καὶ οἱ ἄρχοντές σου οἱ κατοικοῦντες Σιδῶνα, καὶ Ἀράδιοι ἐγένοντο κωπηλάται σου· οἱ σοφοί σου Σὸρ, οἳ ἦσαν ἐν σοὶ, οὗτοι κυβερνῆταί σου.
27070	ΙΕΖΕΚΙΗΛ 27:8	σου οἱ	2	consecutive enclitics	κωπηλάται	σοφοί	\vs{8}Καὶ οἱ ἄρχοντές σου οἱ κατοικοῦντες Σιδῶνα, καὶ Ἀράδιοι ἐγένοντο κωπηλάται σου· οἱ σοφοί σου Σὸρ, οἳ ἦσαν ἐν σοὶ, οὗτοι κυβερνῆταί σου.
27077	ΙΕΖΕΚΙΗΛ 27:13	σοι ἐν	2	consecutive enclitics	ἐνεπορεύοντό	ψυχαῖς	\vs{13}Ἡ Ἑλλὰς, καὶ ἡ σύμπασα, καὶ τὰ παρατείνοντα, οὗτοι ἐνεπορεύοντό σοι ἐν ψυχαῖς ἀνθρώπων, καὶ σκεύη χαλκᾶ ἔδωκαν τὴν ἐμπορίαν σου.
27082	ΙΕΖΕΚΙΗΛ 27:17	σου ἐν	2	consecutive enclitics	ἔμποροί	πράσει	\vs{17}Ἰούδας καὶ οἱ υἱοὶ τοῦ Ἰσραὴλ, οὗτοι ἔμποροί σου, ἐν πράσει σίτου καὶ μύρων καὶ κασίας, καὶ πρῶτον μέλι καὶ ἔλαιον καὶ ῥητίνην ἔδωκαν εἰς τὸν σύμμικτόν σου.
27083	ΙΕΖΕΚΙΗΛ 27:18	σου ἐκ	2	consecutive enclitics	ἔμποροί	πλήθους	\vs{18}Δαμασκὸς ἔμποροί σου, ἐκ πλήθους πάσης δυνάμεώς σου· οἶνος ἐκ Χελβὼν, καὶ ἔρια ἐκ Μιλήτου, καὶ οἶνον εἰς τὴν ἀγοράν σου ἔδωκαν.
27091	ΙΕΖΕΚΙΗΛ 27:25	σου ἐν	2	consecutive enclitics	ἔμποροί	τῷ	\vs{25}Πλοῖα ἔμποροί σου, ἐν τῷ πλήθει, ἐν τῷ συμμίκτῳ σου· καὶ ἐνεπλήσθης καὶ ἐβαρύνθης σφόδρα ἐν καρδίᾳ θαλάσσης.
27093	ΙΕΖΕΚΙΗΛ 27:26	σε οἱ	2	consecutive enclitics	ἦγόν	κωπηλάται	\vs{26}Ἐν ὕδατι πολλῷ ἦγόν σε οἱ κωπηλάται σου, τὸ πνεῦμα τοῦ Νότου συνέτριψέ σε ἐν καρδίᾳ θαλάσσης.
27093	ΙΕΖΕΚΙΗΛ 27:26	σε ἐν	2	consecutive enclitics	συνέτριψέ	καρδίᾳ	\vs{26}Ἐν ὕδατι πολλῷ ἦγόν σε οἱ κωπηλάται σου, τὸ πνεῦμα τοῦ Νότου συνέτριψέ σε ἐν καρδίᾳ θαλάσσης.
27094	ΙΕΖΕΚΙΗΛ 27:27	σου ἐκ	2	consecutive enclitics	σύμμικτοί	τῶν	\vs{27}Ἦσαν δυνάμεις σου, καὶ ὁ μισθός σου, καὶ τῶν συμμίκτων σου, καὶ οἱ κωπηλάται σου, καὶ οἱ κυβερνῆταί σου, καὶ οἱ σύμβουλοί σου, καὶ οἱ σύμμικτοί σου ἐκ τῶν συμμίκτων σου, καὶ πάντες οἱ ἄνδρες οἱ πολεμισταί σου οἱ ἐν σοί· καὶ πᾶσα συναγωγή σου ἐν μέσῳ σου πεσοῦνται ἐν καρδίᾳ θαλάσσης, ἐν τῇ ἡμέρᾳ τῆς πτώσεώς σου.
27094	ΙΕΖΕΚΙΗΛ 27:27	σου ἐν	2	consecutive enclitics	συναγωγή	μέσῳ	\vs{27}Ἦσαν δυνάμεις σου, καὶ ὁ μισθός σου, καὶ τῶν συμμίκτων σου, καὶ οἱ κωπηλάται σου, καὶ οἱ κυβερνῆταί σου, καὶ οἱ σύμβουλοί σου, καὶ οἱ σύμμικτοί σου ἐκ τῶν συμμίκτων σου, καὶ πάντες οἱ ἄνδρες οἱ πολεμισταί σου οἱ ἐν σοί· καὶ πᾶσα συναγωγή σου ἐν μέσῳ σου πεσοῦνται ἐν καρδίᾳ θαλάσσης, ἐν τῇ ἡμέρᾳ τῆς πτώσεώς σου.
27096	ΙΕΖΕΚΙΗΛ 27:28	σου οἱ	2	consecutive enclitics	φωνῆς	κυβερνῆταί	\vs{28}Πρὸς τὴν κραυγὴν τῆς φωνῆς σου οἱ κυβερνῆταί σου φόβῳ φοβηθήσονται.
27102	ΙΕΖΕΚΙΗΛ 27:34	σου ἐν	2	consecutive enclitics	συναγωγή	μέσῳ	\vs{34}Νῦν συνετρίβης ἐν θαλάσσῃ, ἐν βάθει ὕδατος ὁ σύμμικτός σου, καὶ πᾶσα ἡ συναγωγή σου ἐν μέσῳ σου· ἔπεσον πάντες οἱ κωπηλάται σου.
27109	ΙΕΖΕΚΙΗΛ 28:2	σου ἡ	2	consecutive enclitics	ὑψώθη	καρδία	\vs{2}Καὶ σὺ υἱὲ ἀνθρώπου εἰπὸν τῷ ἄρχοντι Τύρου, τάδε λέγει Κύριος, ἀνθʼ οὗ ὑψώθη σου ἡ καρδία, καὶ εἶπας, Θεός εἰμι ἐγὼ, κατοικίαν Θεοῦ, καὶ ἔδωκας τὴν καρδίαν σου ὡς καρδίαν Θεοῦ.
27109	ΙΕΖΕΚΙΗΛ 28:2	σου ὡς	2	consecutive enclitics	καρδίαν	καρδίαν	\vs{2}Καὶ σὺ υἱὲ ἀνθρώπου εἰπὸν τῷ ἄρχοντι Τύρου, τάδε λέγει Κύριος, ἀνθʼ οὗ ὑψώθη σου ἡ καρδία, καὶ εἶπας, Θεός εἰμι ἐγὼ, κατοικίαν Θεοῦ, καὶ ἔδωκας τὴν καρδίαν σου ὡς καρδίαν Θεοῦ.
27112	ΙΕΖΕΚΙΗΛ 28:5	σου ἐν	2	consecutive enclitics	καρδία	τῇ	\vs{5}Ἐν τῇ πολλῇ ἐπιστήμῃ σου καὶ ἐμπορίᾳ σου ἐπλήθυνας δύναμίν σου, ὑψώθη ἡ καρδία σου ἐν τῇ δυνάμει σου.
27114	ΙΕΖΕΚΙΗΛ 28:6	σου ὡς	2	consecutive enclitics	καρδίαν	καρδίαν	\vs{6}Διατοῦτο τάδε λέγει Κύριος, ἐπειδὴ δέδωκας τὴν καρδίαν σου ὡς καρδίαν Θεοῦ,
27115	ΙΕΖΕΚΙΗΛ 28:7	σου εἰς	2	consecutive enclitics	κάλλος	ἀπώλειαν	\vs{7}ἀντὶ τούτου ἰδοὺ ἐγὼ ἐπάγω ἐπὶ σὲ ἀλλοτρίους λοιμοὺς ἀπὸ ἐθνῶν, καὶ ἐκκενώσουσι τὰς μαχαίρας αὐτῶν ἐπὶ σὲ, καὶ ἐπὶ τὸ κάλλος τῆς ἐπιστήμης σου, καὶ στρώσουσιν τὸ κάλλος σου εἰς ἀπώλειαν,
27122	ΙΕΖΕΚΙΗΛ 28:13	σου ἐν	2	consecutive enclitics	ἀποθήκας	σοί	\vs{13}καὶ στέφανος κάλλους ἐν τῇ τρυφῇ τοῦ παραδείσου τοῦ Θεοῦ ἐγενήθης· πᾶντα λίθον χρηστὸν ἐνδέδεσαι, σάρδιον καὶ τοπάζιον, καὶ σμάραγδον καὶ ἄνθρακα, καὶ σάπφειρον καὶ ἴασπιν, καὶ ἀργύριον καὶ χρυσίον, καὶ λιγύριον καὶ ἀχάτην, καὶ ἀμέθυστον καὶ χρυσόλιθον, καὶ βηρύλλιον καὶ ὀνύχιον, καὶ χρυσίου ἐνέπλησας τοὺς θησαυρούς σου καὶ τὰς ἀποθήκας σου ἐν σοί.
27123	ΙΕΖΕΚΙΗΛ 28:14	σε ἐν	2	consecutive enclitics	ἔθηκά	ὄρει	\vs{14}Ἀφʼ ἧς ἡμέρας ἐκτίσθης σὺ μετὰ τοῦ χερούβ, ἔθηκά σε ἐν ὄρει ἁγίῳ Θεοῦ, ἐγενήθης ἐν μέσῳ λίθων πυρίνων.
27124	ΙΕΖΕΚΙΗΛ 28:15	σου ἀφ	2	consecutive enclitics	ἡμέραις	ἧς	\vs{15}Ἐγενήθης σὺ ἄμωμος ἐν ταῖς ἡμέραις σου, ἀφʼ ἧς ἡμέρας σὺ ἐκτίσθης ἕως εὑρέθη τὰ ἀδικήματα ἐν σοί.
27129	ΙΕΖΕΚΙΗΛ 28:19	σε ἐν	2	consecutive enclitics	ἐπιστάμενοί	τοῖς	\vs{19}Καὶ πάντες οἱ ἐπιστάμενοί σε ἐν τοῖς ἔθνεσι στενάξουσιν ἐπὶ σέ· ἀπώλεια ἐγένου, καὶ οὐχ ὑπάρξεις ἔτι εἰς τὸν αἰῶνα.
27135	ΙΕΖΕΚΙΗΛ 28:22	με ἐν	2	consecutive enclitics	ποιῆσαί	σοὶ	Τάδε λέγει Κύριος, ἰδοὺ ἐγὼ ἐπὶ σέ Σιδὼν, καὶ ἐνδοξασθήσομαι ἐν σοί, καὶ γνώσῃ ὅτι ἐγώ εἰμι Κύριος, ἐν τῷ ποιῆσαί με ἐν σοὶ κρίματα, καὶ ἁγιασθήσομαι ἐν σοί.
27147	ΙΕΖΕΚΙΗΛ 29:3	εἰσιν οἱ	2	consecutive enclitics	ἐμοί	ποταμοὶ	Τάδε λέγει Κύριος, ἰδοὺ ἐγὼ ἐπὶ Φαραὼ, τὸν δράκοντα τὸν μέγαν τὸν ἐγκαθήμενον ἐν μέσῳ ποταμῶν αὐτοῦ, τὸν λέγοντα, ἐμοί εἰσιν οἱ ποταμοὶ, καὶ ἐγὼ ἐποίησα αὐτούς.
27148	ΙΕΖΕΚΙΗΛ 29:4	σε ἐκ	2	consecutive enclitics	ἀνάξω	μέσου	\vs{4}Καὶ ἐγὼ δώσω παγίδας εἰς τὰς σιαγόνας σου, καὶ προσκολλήσω τοὺς ἰχθῦας τοῦ ποταμοῦ σου πρὸς τὰς πτέρυγάς σου, καὶ ἀνάξω σε ἐκ μέσου τοῦ ποταμοῦ σου,
27149	ΙΕΖΕΚΙΗΛ 29:5	σε ἐν	2	consecutive enclitics	καταβαλῶ	τάχει	\vs{5}καὶ καταβαλῶ σε ἐν τάχει καὶ πάντας τοὺς ἰχθύας τοῦ ποταμοῦ σου· ἐπὶ πρόσωπον τοῦ πεδίου πέσῃ, καὶ οὐ μὴ συναχθῇς, καὶ οὐ μὴ περισταλῇς, τοῖς θηρίοις τῆς γῆς καὶ τοῖς πετεινοῖς τοῦ οὐρανοῦ δέδωκά σε εἰς κατάβρωμα·
27149	ΙΕΖΕΚΙΗΛ 29:5	σε εἰς	2	consecutive enclitics	δέδωκά	κατάβρωμα	\vs{5}καὶ καταβαλῶ σε ἐν τάχει καὶ πάντας τοὺς ἰχθύας τοῦ ποταμοῦ σου· ἐπὶ πρόσωπον τοῦ πεδίου πέσῃ, καὶ οὐ μὴ συναχθῇς, καὶ οὐ μὴ περισταλῇς, τοῖς θηρίοις τῆς γῆς καὶ τοῖς πετεινοῖς τοῦ οὐρανοῦ δέδωκά σε εἰς κατάβρωμα·
27154	ΙΕΖΕΚΙΗΛ 29:9	σε οἱ	2	consecutive enclitics	λέγειν	ποταμοὶ	\vs{9}καὶ ἔσται ἡ γῆ Αἰγύπτου ἀπώλεια καὶ ἔρημος· καὶ γνώσονται ὅτι ἐγώ εἰμι Κύριος· ἀντὶ τοῦ λέγειν σε, οἱ ποταμοὶ ἐμοί εἰσι, καὶ ἐγὼ ἐποίησα αὐτοὺς,
27204	ΙΕΖΕΚΙΗΛ 30:24	μου εἰς	2	consecutive enclitics	ῥομφαίαν	τὴν	\vs{24}Καὶ κατισχύσω τοὺς βραχίονας βασιλέως Βαβυλῶνος, καὶ δώσω τὴν ῥομφαίαν μου εἰς τὴν χεῖρα αὐτοῦ, καὶ ἐπάξει αὐτὴν ἐπʼ Αἴγυπτον, καὶ προνομεύσει τὴν προνομὴν αὐτῆς, καὶ σκυλεύσει τὰ σκῦλα αὐτῆς.
27205	ΙΕΖΕΚΙΗΛ 30:25	μου εἰς	2	consecutive enclitics	ῥομφαίαν	χεῖρας	\vs{25}Καὶ ἐνισχύσω τοὺς βραχίονας βασιλέως Βαβυλῶνος, οἱ δὲ βραχίονες Φαραὼ πεσοῦνται· καὶ γνώσονται ὅτι ἐγώ εἰμι Κύριος, ἐν τῷ δοῦναι τὴν ῥομφαίαν μου εἰς χεῖρας βασιλέως Βαβυλῶνος, καὶ ἐκτενεῖ αὐτὴν ἐπὶ γῆν Αἰγύπτου.
27221	ΙΕΖΕΚΙΗΛ 31:10	σου εἰς	2	consecutive enclitics	ἀρχήν	μέσον	\vs{10}Διατοῦτο τάδε λέγει Κύριος, ἀνθʼ ὧν ἐγένου μέγας τῷ μεγέθει, καὶ ἔδωκας τὴν ἀρχήν σου εἰς μέσον νεφελῶν, καὶ εἶδον ἐν τῷ ὑψωθῆναι αὐτόν·
27238	ΙΕΖΕΚΙΗΛ 32:2	ὁ ἐν	2	consecutive enclitics	δράκων	τῇ	Λέοντι ἐθνῶν ὡμοιώθης σὺ, καὶ ὡς δράκων ὁ ἐν τῇ θαλάσσῃ, καὶ ἐκεράτιζες τοῖς ποταμοῖς σου, καὶ ἐτάρασσες ὕδωρ τοῖς ποσί σου, καὶ κατεπάτεις τοὺς ποταμούς σου.
27240	ΙΕΖΕΚΙΗΛ 32:3	σε ἐν	2	consecutive enclitics	ἀνάξω	τῷ	\vs{3}Τάδε λέγει Κύριος, καὶ περιβαλῶ ἐπὶ σὲ δίκτυα λαῶν πολλῶν, καὶ ἀνάξω σε ἐν τῷ ἀγκίστρῳ μου,
27247	ΙΕΖΕΚΙΗΛ 32:9	σου εἰς	2	consecutive enclitics	αἰχμαλωσίαν	τὰ	\vs{9}Καὶ παροργιῶ καρδίαν λαῶν πολλῶν, ἡνίκα ἂν ἄγω αἰχμαλωσίαν σου εἰς τὰ ἔθνη, εἰς γῆν ἣν οὐκ ἔγνως.
27261	ΙΕΖΕΚΙΗΛ 32:21	σοι οἱ	2	consecutive enclitics	ἐροῦσί	γίγαντες	\vs{21}καὶ ἐροῦσί σοι οἱ γίγαντες, ἐν βάθει βόθρου γίνου, τίνος κρείττων εἶ; καὶ κατάβηθι, καὶ κοιμήθητι μετὰ ἀπεριτμήτων, ἐν μέσῳ τραυματιῶν μαχαίρας.
27306	ΙΕΖΕΚΙΗΛ 33:17	σου οὐκ	2	consecutive enclitics	λαοῦ	εὐθεῖα	\vs{17}Καὶ ἐροῦσιν οἱ υἱοὶ τοῦ λαοῦ σου, οὐκ εὐθεῖα ἡ ὁδὸς τοῦ Κυρίου· καὶ αὕτη ἡ ὁδὸς αὐτῶν οὐκ εὐθεῖα.
27312	ΙΕΖΕΚΙΗΛ 33:22	μου οὐ	2	consecutive enclitics	στόμα	συνεσχέθη	\vs{22}Καὶ χεὶρ Κυρίου ἐγενήθη ἐπʼ ἐμὲ ἑσπέρας πρὶν ἐλθεῖν αὐτὸν, καὶ ἤνοιξέ μου τὸ στόμα, ὡς ἦλθε πρὸς μὲ τὸ πρωΐ· καὶ ἀνοιχθὲν τὸ στόμα μου, οὐ συνεσχέθη ἔτι.
27318	ΙΕΖΕΚΙΗΛ 33:27	οἱ ἐν	2	consecutive enclitics	μὴν	ταῖς	\vs{27}ζῶ ἐγὼ, εἰ μὴν οἱ ἐν ταῖς ἠρημωμέναις μαχαίραις πεσοῦνται, καὶ οἱ ἐπὶ προσώπου τοῦ πεδίου τοῖς θηρίοις τοῦ ἀγροῦ δοθήσονται εἰς κατάβρωμα, καὶ τοὺς ἐν ταῖς τετειχισμέναις, καὶ τοὺς ἐν τοῖς σπηλαίοις θανάτῳ ἀποκτενῶ.
27322	ΙΕΖΕΚΙΗΛ 33:30	σου οἱ	2	consecutive enclitics	λαοῦ	λαλοῦντες	\vs{30}Καὶ σὺ υἱὲ ἀνθρώπου, οἱ υἱοὶ τοῦ λαοῦ σου οἱ λαλοῦντες περὶ σοῦ παρὰ τὰ τείχη καὶ ἐν τοῖς πυλῶσι τῶν οἰκιῶν, καὶ λαλοῦσιν ἄνθρωπος τῷ ἀδελφῷ αὐτοῦ, λέγοντες, συνέλθωμεν, καὶ ἀκούσωμεν τὰ ἐκπορευόμενα παρὰ Κυρίου.
27332	ΙΕΖΕΚΙΗΛ 34:3	μου οὐ	2	consecutive enclitics	πρόβατά	βόσκετε	\vs{3}Ἰδοὺ τὸ γάλα κατέσθετε, καὶ τὰ ἔρια περιβάλλεσθε, καὶ τὸ παχὺ σφάζετε, καὶ τὰ πρόβατά μου οὐ βόσκετε.
27335	ΙΕΖΕΚΙΗΛ 34:6	μου ἐν	2	consecutive enclitics	πρόβατά	παντὶ	\vs{6}Καὶ διεσπάρη τὰ πρόβατά μου ἐν παντὶ ὄρει, καὶ ἐπὶ πᾶν βουνὸν ὑψηλὸν, καὶ ἐπὶ προσώπου τῆς γῆς διεσπάρη, καὶ οὐκ ἦν ὁ ἐκζητῶν οὐδὲ ὁ ἀποστρέφων.
27338	ΙΕΖΕΚΙΗΛ 34:8	μου εἰς	2	consecutive enclitics	πρόβατά	προνομὴν	\vs{8}Ζῶ ἐγὼ, λέγει Κύριος Κύριος, εἰ μὴν ἀντὶ τοῦ γενέσθαι τὰ πρόβατά μου εἰς προνομὴν, καὶ γενέσθαι τὰ πρόβατά μου εἰς κατάβρωμα πᾶσι τοῖς θηρίοις τοῦ πεδίου, παρὰ τὸ μὴ εἶναι ποιμένας, καὶ οὐκ ἐξεζήτησαν οἱ ποιμένες τὰ πρόβατά μου, καὶ ἐβόσκησαν οἱ ποιμένες ἑαυτοὺς, τὰ δὲ πρόβατά μου οὐκ ἐβόσκησαν·
27338	ΙΕΖΕΚΙΗΛ 34:8	μου εἰς	2	consecutive enclitics	πρόβατά	κατάβρωμα	\vs{8}Ζῶ ἐγὼ, λέγει Κύριος Κύριος, εἰ μὴν ἀντὶ τοῦ γενέσθαι τὰ πρόβατά μου εἰς προνομὴν, καὶ γενέσθαι τὰ πρόβατά μου εἰς κατάβρωμα πᾶσι τοῖς θηρίοις τοῦ πεδίου, παρὰ τὸ μὴ εἶναι ποιμένας, καὶ οὐκ ἐξεζήτησαν οἱ ποιμένες τὰ πρόβατά μου, καὶ ἐβόσκησαν οἱ ποιμένες ἑαυτοὺς, τὰ δὲ πρόβατά μου οὐκ ἐβόσκησαν·
27338	ΙΕΖΕΚΙΗΛ 34:8	μου οὐκ	2	consecutive enclitics	πρόβατά	ἐβόσκησαν	\vs{8}Ζῶ ἐγὼ, λέγει Κύριος Κύριος, εἰ μὴν ἀντὶ τοῦ γενέσθαι τὰ πρόβατά μου εἰς προνομὴν, καὶ γενέσθαι τὰ πρόβατά μου εἰς κατάβρωμα πᾶσι τοῖς θηρίοις τοῦ πεδίου, παρὰ τὸ μὴ εἶναι ποιμένας, καὶ οὐκ ἐξεζήτησαν οἱ ποιμένες τὰ πρόβατά μου, καὶ ἐβόσκησαν οἱ ποιμένες ἑαυτοὺς, τὰ δὲ πρόβατά μου οὐκ ἐβόσκησαν·
27340	ΙΕΖΕΚΙΗΛ 34:10	μου ἐκ	2	consecutive enclitics	πρόβατά	τῶν	\vs{10}τάδε λέγει Κύριος Κύριος, ἰδοὺ ἐγὼ ἐπὶ τοὺς ποιμένας, καὶ ἐκζητήσω τὰ πρόβατά μου ἐκ τῶν χειρῶν αὐτῶν, καὶ ἀποστρέψω αὐτοὺς τοῦ μὴ ποιμαίνειν τὰ πρόβατά μου, καὶ οὐ βοσκήσουσιν ἔτι οἱ ποιμένες αὐτά· καὶ ἐξελοῦμαι τὰ πρόβατά μου ἐκ τοῦ στόματος αὐτῶν, καὶ οὐκ ἔσονται αὐτοῖς ἔτι εἰς κατάβρωμα.
27340	ΙΕΖΕΚΙΗΛ 34:10	μου ἐκ	2	consecutive enclitics	πρόβατά	τοῦ	\vs{10}τάδε λέγει Κύριος Κύριος, ἰδοὺ ἐγὼ ἐπὶ τοὺς ποιμένας, καὶ ἐκζητήσω τὰ πρόβατά μου ἐκ τῶν χειρῶν αὐτῶν, καὶ ἀποστρέψω αὐτοὺς τοῦ μὴ ποιμαίνειν τὰ πρόβατά μου, καὶ οὐ βοσκήσουσιν ἔτι οἱ ποιμένες αὐτά· καὶ ἐξελοῦμαι τὰ πρόβατά μου ἐκ τοῦ στόματος αὐτῶν, καὶ οὐκ ἔσονται αὐτοῖς ἔτι εἰς κατάβρωμα.
27370	ΙΕΖΕΚΙΗΛ 35:2	σου ἐπ	2	consecutive enclitics	πρόσωπόν	ὄρος	\vs{2}υἱὲ ἀνθρώπου, ἐπίστρεψον τὸ πρόσωπόν σου ἐπʼ ὄρος Σηεὶρ, καὶ προφήτευσον εἰς αὐτὸ,
27373	ΙΕΖΕΚΙΗΛ 35:3	σε εἰς	2	consecutive enclitics	δώσω	ἔρημον	Τάδε λέγει Κύριος Κύριος, ἰδοὺ ἐγὼ ἐπὶ σὲ ὄρος Σηεὶρ, καὶ ἐκτενῶ τὴν χεῖρά μου ἐπὶ σὲ, καὶ δώσω σε εἰς ἔρημον, καὶ ἐρημωθήσῃ,
27380	ΙΕΖΕΚΙΗΛ 35:9	σου οὐ	2	consecutive enclitics	πόλεις	μὴ	\vs{9}Ἐρημίαν αἰώνιον θήσομαί σε, καὶ αἱ πόλεις σου οὐ μὴ κατοικηθῶσιν ἔτι, καὶ γνώσῃ ὅτι ἐγώ εἰμι Κύριος.
27407	ΙΕΖΕΚΙΗΛ 36:14	σου οὐκ	2	consecutive enclitics	ἔθνος	ἀτεκνώσεις	\vs{14}Διατοῦτο ἀνθρώπους οὐκέτι φάγεσαι, καὶ τὸ ἔθνος σου οὐκ ἀτεκνώσεις ἔτι, λέγει Κύριος Κύριος.
27412	ΙΕΖΕΚΙΗΛ 36:18	μου ἐπ	2	consecutive enclitics	θυμόν	αὐτοὺς	\vs{18}Καὶ ἐξέχεα τὸν θυμόν μου ἐπʼ αὐτοὺς,
27418	ΙΕΖΕΚΙΗΛ 36:23	με ἐν	2	consecutive enclitics	ἁγιασθῆναί	ὑμῖν	\vs{23}Καὶ ἁγιάσω τὸ ὄνομά μου τὸ μέγα τὸ βεβηλωθὲν ἐν τοῖς ἔθνεσιν, ὃ ἐβεβηλώσατε ἐν μέσῳ αὐτῶν, καὶ γνώσονται τὰ ἔθνη ὅτι ἐγώ εἰμι Κύριος, ἐν τῷ ἁγιασθῆναί με ἐν ὑμῖν κατʼ ὀφθαλμοὺς αὐτῶν.
27424	ΙΕΖΕΚΙΗΛ 36:28	μοι εἰς	2	consecutive enclitics	ἔσεσθέ	λαὸν	\vs{28}Καὶ κατοικήσετε ἐπὶ τῆς γῆς ἧς ἔδωκα τοῖς πατράσιν ὑμῶν, καὶ ἔσεσθέ μοι εἰς λαὸν, καὶ ἐγὼ ἔσομαι ὑμῖν εἰς Θεόν.
27429	ΙΕΖΕΚΙΗΛ 36:32	Οὐ δι	2	consecutive enclitics		ὑμᾶς	\vs{32}Οὐ διʼ ὑμᾶς ἐγὼ ποιῶ, λέγει Κύριος Κύριος, γνωστόν ἐστιν ὑμῖν· αἰσχύνθητε καὶ ἐντράπητε ἐκ τῶν ὁδῶν ὑμῶν οἶκος Ἰσραήλ.
27440	ΙΕΖΕΚΙΗΛ 37:1	με ἐν	2	consecutive enclitics	ἐξήγαγέ	πνεύματι	Καὶ ἐγένετο ἐπʼ ἐμὲ χεὶρ Κυρίου, καὶ ἐξήγαγέ με ἐν πνεύματι Κύριος, καὶ ἔθηκέ με ἐν μέσῳ τοῦ πεδίου, καὶ τοῦτο ἦν μεστὸν ὀστέων ἀνθρωπίνων,
27440	ΙΕΖΕΚΙΗΛ 37:1	με ἐν	2	consecutive enclitics	ἔθηκέ	μέσῳ	Καὶ ἐγένετο ἐπʼ ἐμὲ χεὶρ Κυρίου, καὶ ἐξήγαγέ με ἐν πνεύματι Κύριος, καὶ ἔθηκέ με ἐν μέσῳ τοῦ πεδίου, καὶ τοῦτο ἦν μεστὸν ὀστέων ἀνθρωπίνων,
27441	ΙΕΖΕΚΙΗΛ 37:2	με ἐπ	2	consecutive enclitics	περιήγαγέ	αὐτὰ	\vs{2}καὶ περιήγαγέ με ἐπʼ αὐτὰ κυκλόθεν κύκλῳ, καὶ ἰδοὺ πολλὰ σφόδρα ἐπὶ προσώπου τοῦ πεδίου, ξηρὰ σφόδρα.
27446	ΙΕΖΕΚΙΗΛ 37:6	μου εἰς	2	consecutive enclitics	πνεῦμά	ὑμᾶς	\vs{6}καὶ δώσω ἐφʼ ὑμᾶς νεῦρα, καὶ ἀνάξω ἐφʼ ὑμᾶς σάρκα, καὶ ἐκτενῶ ἐφʼ ὑμᾶς δέρμα, καὶ δώσω πνεῦμά μου εἰς ὑμᾶς, καὶ ζήσεσθε, καὶ γνώσεσθε ὅτι ἐγώ εἰμι Κύριος.
27457	ΙΕΖΕΚΙΗΛ 37:13	με ἐκ	2	consecutive enclitics	ἀναγαγεῖν	τῶν	\vs{13}Καὶ γνώσεσθε ὅτι ἐγώ εἰμι Κύριος, ἐν τῷ ἀνοῖξαί με τοὺς τάφους ὑμῶν, τοῦ ἀναγαγεῖν με ἐκ τῶν τάφων τὸν λαόν μου.
27458	ΙΕΖΕΚΙΗΛ 37:14	μου εἰς	2	consecutive enclitics	πνεῦμά	ὑμὰς	\vs{14}Καὶ δώσω πνεῦμά μου εἰς ὑμὰς, καὶ ζήσεσθε, καὶ θήσομαι ὑμᾶς ἐπὶ τὴν γῆν ὑμῶν, καὶ γνώσεσθε ὅτι ἐγὼ Κύριος· λελάληκα καὶ ποιήσω, λέγει Κύριος.
27464	ΙΕΖΕΚΙΗΛ 37:18	σου οὐκ	2	consecutive enclitics	λαοῦ	ἀναγγέλλεις	\vs{18}Καὶ ἔσται ὅταν λέγωσι πρὸς σὲ οἱ υἱοὶ τοῦ λαοῦ σου, οὐκ ἀναγγέλλεις ἡμῖν, τί ἐστι ταῦτά σοι;
27471	ΙΕΖΕΚΙΗΛ 37:23	μοι εἰς	2	consecutive enclitics	ἔσονταί	λαὸν	\vs{23}ἵνα μὴ μιαίνωνται ἔτι ἐν τοῖς εἰδώλοις αὐτῶν· καὶ ῥύσομαι αὐτοὺς ἀπὸ πασῶν τῶν ἀνομιῶν αὐτῶν, ὧν ἡμάρτοσαν ἐν αὐταῖς, καὶ καθαριῶ αὐτοὺς, καὶ ἔσονταί μοι εἰς λαὸν, καὶ ἐγὼ Κύριος ἔσομαι αὐτοῖς εἰς Θεόν.
27476	ΙΕΖΕΚΙΗΛ 37:26	μου ἐν	2	consecutive enclitics	ἅγιά	μέσῳ	\vs{26}Καὶ διαθήσομαι αὐτοῖς διαθήκην εἰρήνης, διαθήκη αἰωνία ἔσται μετʼ αὐτῶν, καὶ θήσω τὰ ἅγιά μου ἐν μέσῳ αὐτῶν εἰς τὸν αἰῶνα,
27477	ΙΕΖΕΚΙΗΛ 37:27	μου ἐν	2	consecutive enclitics	κατασκήνωσίς	αὐτοῖς	\vs{27}καὶ ἔσται ἡ κατασκήνωσίς μου ἐν αὐτοῖς, καὶ ἔσομαι αὐτοῖς Θεὸς, καὶ αὐτοί μου ἔσονται λαός·
27478	ΙΕΖΕΚΙΗΛ 37:28	μου ἐν	2	consecutive enclitics	ἅγιά	μέσῳ	\vs{28}Καὶ γνώσονται τὰ ἔθνη ὅτι ἐγώ εἰμι Κύριος ὁ ἁγιάζων αὐτοὺς, ἐν τῷ εἶναι τὰ ἅγιά μου ἐν μέσῳ αὐτῶν εἰς τὸν αἰῶνα.
27489	ΙΕΖΕΚΙΗΛ 38:7	σου ἡ	2	consecutive enclitics	συναγωγή	συνηγμένη	\vs{7}Ἑτοιμάσθητι, ἑτοίμασον σεαυτὸν σὺ, καὶ πᾶσα ἡ συναγωγή σου ἡ συνηγμένη μετὰ σοῦ, καὶ ἔσῃ μοι εἰς προφυλακήν.
27489	ΙΕΖΕΚΙΗΛ 38:7	μοι εἰς	2	consecutive enclitics	ἔσῃ	προφυλακήν	\vs{7}Ἑτοιμάσθητι, ἑτοίμασον σεαυτὸν σὺ, καὶ πᾶσα ἡ συναγωγή σου ἡ συνηγμένη μετὰ σοῦ, καὶ ἔσῃ μοι εἰς προφυλακήν.
27495	ΙΕΖΕΚΙΗΛ 38:12	μου εἰς	2	consecutive enclitics	χεῖράς	τὴν	\vs{12}προνομεῦσαι προνομὴν, καὶ σκῦλα σκυλεῦσαι αὐτῶν, τοῦ ἐπιστρέψαι χεῖράς μου εἰς τὴν ἠρημωμένην ἣ κατῳκίσθη, καὶ ἐπʼ ἔθνος συνηγμένον ἀπὸ ἐθνῶν πολλῶν, πεποιηκότας κτήσεις, κατοικοῦντας ἐπὶ τὸν ὀμφαλὸν τῆς γῆς.
27496	ΙΕΖΕΚΙΗΛ 38:13	σοι εἰς	2	consecutive enclitics	ἐροῦσί	προνομὴν	\vs{13}Σαββὰ, καὶ Δαιδὰν, καὶ ἔμποροι Καρχηδόνιοι, καὶ πᾶσαι αἱ κῶμαι αὐτῶν ἐροῦσί σοι, εἰς προνομὴν τοῦ προνομεῦσαι σὺ ἔρχῃ, καὶ σκυλεῦσαι σκῦλα, συνήγαγες συναγωγήν σου λαβεῖν ἀργύριον καὶ χρυσίον, ἀπενέγκασθαι κτῆσιν, τοῦ σκυλεῦσαι σκῦλα.
27498	ΙΕΖΕΚΙΗΛ 38:14	οὐκ ἐν	2	consecutive enclitics	Κύριος	τῇ	\vs{14}Διατοῦτο προφήτευσον υἱὲ ἀνθρώπου, καὶ εἰπὸν τῷ Γὼγ, τάδε λέγει Κύριος, οὐκ ἐν τῇ ἡμέρᾳ ἐκείνῃ, ἐν τῷ κατοικισθῆναι τὸν λαόν μου Ἰσραὴλ ἐπʼ εἰρήνης, ἐγερθήσῃ,
27499	ΙΕΖΕΚΙΗΛ 38:15	σου ἀπ	2	consecutive enclitics	τόπου	ἐσχάτου	\vs{15}καὶ ἥξεις ἐκ τοῦ τόπου σου ἀπʼ ἐσχάτου Βοῤῥᾶ, καὶ ἔθνη πολλὰ μετὰ σοῦ; ἀναβάται ἵππων πάντες, συναγωγὴ μεγάλη καὶ δύναμις πολλή.
27500	ΙΕΖΕΚΙΗΛ 38:16	με ἐν	2	consecutive enclitics	ἁγιασθῆναί	σοὶ	\vs{16}Καὶ ἀναβήσῃ ἐπὶ τὸν λαόν μου Ἰσραὴλ ὡς νεφέλη καλύψαι γῆν· ἐπʼ ἐσχάτων τῶν ἡμερῶν ἔσται, καὶ ἀνάξω σε ἐπὶ τὴν γῆν μου, ἵνα γνῶσι πάντα τὰ ἔθνη ἐμὲ, ἐν τῷ ἁγιασθῆναί με ἐν σοὶ ἐνώπιον αὐτῶν.
27502	ΙΕΖΕΚΙΗΛ 38:17	σε ἐπ	2	consecutive enclitics	ἀναγαγεῖν	αὐτούς	\vs{17}Τάδε λέγει Κύριος Κύριος τῷ Γὼγ, σὺ εἶ περὶ οὗ ἐλάλησα πρὸ ἡμερῶν τῶν ἔμπροσθεν, διὰ χειρὸς τῶν δούλων μου τῶν προφητῶν τοῦ Ἰσραὴλ, ἐν ταῖς ἡμέραις ἐκείναις καὶ ἔτεσι, τοῦ ἀναγαγεῖν σε ἐπʼ αὐτούς.
27504	ΙΕΖΕΚΙΗΛ 38:19	μου ἐν	2	consecutive enclitics	ζῆλός	πυρὶ	\vs{19}καὶ ὁ ζῆλός μου· ἐν πυρὶ τῆς ὀργῆς μου ἐλάλησα, εἰ μὴν ἐν τῇ ἡμέρᾳ ἐκείνῃ ἔσται σεισμὸς μέγας ἐπὶ γῆς Ἰσραήλ·
27513	ΙΕΖΕΚΙΗΛ 39:2	σε ἐπ	2	consecutive enclitics	ἀναβιβῶ	ἐσχάτου	\vs{2}Καὶ συνάξω σε, καὶ καθοδηγήσω σε, καὶ ἀναβιβῶ σε ἐπʼ ἐσχάτου τοῦ Βοῤῥᾶ, καὶ ἀνάξω σε ἐπὶ τὰ ὄρη τῷ Ἰσραήλ.
27539	ΙΕΖΕΚΙΗΛ 39:21	μου ἐν	2	consecutive enclitics	δόξαν	ὑμῖν	\vs{21}Καὶ δώσω τὴν δόξαν μου ἐν ὑμῖν, καὶ ὄψονται πάντα τὰ ἔθνη τὴν κρίσιν μου ἣν ἐποίησα, καὶ τὴν χεῖρά μου ἣν ἐπήγαγον ἐπʼ αὐτούς.
27542	ΙΕΖΕΚΙΗΛ 39:23	μου ἀπ	2	consecutive enclitics	πρόσωπόν	αὐτῶν	\vs{23}Καὶ γνώσονται πάντα τὰ ἔθνη, ὅτι διὰ τὰς ἁμαρτίας αὐτῶν ᾐχμαλωτεύθησαν οἶκος Ἰσραὴλ, ἀνθʼ ὧν ἠθέτησαν εἰς ἐμὲ, καὶ ἀπέστρεψα τὸ πρόσωπόν μου ἀπʼ αὐτῶν, καὶ παρέδωκα αὐτοὺς εἰς χεῖρας τῶν ἐχθρῶν αὐτῶν, καὶ ἔπεσαν πάντες μαχαίρᾳ.
27543	ΙΕΖΕΚΙΗΛ 39:24	μου ἀπ	2	consecutive enclitics	πρόσωπόν	αὐτῶν	\vs{24}Κατὰ τὰς ἀκαθαρσίας αὐτῶν, καὶ κατὰ τὰ ἀνομήματα αὐτῶν ἐποίησα αὐτοῖς, καὶ ἀπέστρεψα τὸ πρόσωπόν μου ἀπʼ αὐτῶν.
27549	ΙΕΖΕΚΙΗΛ 39:29	μου ἀπ	2	consecutive enclitics	πρόσωπόν	αὐτῶν	\vs{29}Καὶ οὐκ ἀποστρέψω οὐκέτι τὸ πρόσωπόν μου ἀπʼ αὐτῶν, ἀνθʼ ὧν ἐξέχεα τὸν θυμόν μου ἐπὶ τὸν οἶκον Ἰσραὴλ, λέγει Κύριος Κύριος.
27553	ΙΕΖΕΚΙΗΛ 40:2	με ἐν	2	consecutive enclitics	ἤγαγέ	ὁράσει	\vs{2}καὶ ἤγαγέ με ἐν ὁράσει Θεοῦ εἰς τὴν γῆν Ἰσραὴλ, καὶ ἔθηκέ με ἐπʼ ὄρος ὑψηλὸν σφόδρα, καὶ ἐπʼ αὐτῷ ὡσεὶ οἰκοδομὴ πόλεως ἀπέναντι,
27553	ΙΕΖΕΚΙΗΛ 40:2	με ἐπ	2	consecutive enclitics	ἔθηκέ	ὄρος	\vs{2}καὶ ἤγαγέ με ἐν ὁράσει Θεοῦ εἰς τὴν γῆν Ἰσραὴλ, καὶ ἔθηκέ με ἐπʼ ὄρος ὑψηλὸν σφόδρα, καὶ ἐπʼ αὐτῷ ὡσεὶ οἰκοδομὴ πόλεως ἀπέναντι,
27576	ΙΕΖΕΚΙΗΛ 40:17	με εἰς	2	consecutive enclitics	εἰσήγαγέ	τὴν	\vs{17}Καὶ εἰσήγαγέ με εἰς τὴν αὐλὴν τὴν ἐσωτέραν, καὶ ἰδοὺ παστοφόρια, καὶ περίστυλα κύκλῳ τῆς αὐλῆς, τριάκοντα παστοφόρια ἐν τοῖς περιστύλοις,
27589	ΙΕΖΕΚΙΗΛ 40:28	με εἰς	2	consecutive enclitics	εἰσήγαγέ	τὴν	\vs{28}Καὶ εἰσήγαγέ με εἰς τὴν αὐλὴν τὴν ἐσωτέραν τῆς πύλης τῆς πρὸς Νότον, καὶ διεμέτρησε τὴν πύλην κατὰ τὰ μέτρα ταῦτα,
27593	ΙΕΖΕΚΙΗΛ 40:32	με εἰς	2	consecutive enclitics	εἰσήγαγέ	τὴν	\vs{32}Καὶ εἰσήγαγέ με εἰς τὴν πύλην τὴν βλέπουσαν κατὰ ἀνατολὰς, καὶ διεμέτρησεν αὐτὴν κατὰ τὰ μέτρα ταῦτα,
27597	ΙΕΖΕΚΙΗΛ 40:35	με εἰς	2	consecutive enclitics	εἰσήγαγέ	τὴν	\vs{35}Καὶ εἰσήγαγέ με εἰς τὴν πύλην τὴν πρὸς βοῤῥᾶν, καὶ διεμέτρησε κατὰ τὰ μέτρα ταῦτα,
27608	ΙΕΖΕΚΙΗΛ 40:44	με εἰς	2	consecutive enclitics	εἰσήγαγέ	τὴν	\vs{44}Καὶ εἰσήγαγέ με εἰς τὴν αὐλὴν τὴν ἐσωτέραν· καὶ ἰδοὺ δύο ἐξέδραι ἐν τῇ αὐλῇ τῇ ἐσωτέρᾳ, μία κατὰ νώτου τῆς πύλης τῆς βλεπούσης πρὸς Βοῤῥᾶν, φέρουσα πρὸς Νότον, καὶ μία κατὰ νώτου τῆς πύλης τῆς πρὸς Νότον, βλεπούσης δὲ πρὸς Βοῤῥᾶν.
27610	ΙΕΖΕΚΙΗΛ 40:46	εἰσιν οἱ	2	consecutive enclitics	ἐκεῖνοί	υἱοὶ	\vs{46}καὶ ἡ ἐξέδρα ἡ βλέπουσα πρὸς Βοῤῥᾶν, τοῖς ἱερεῦσι τοῖς φυλάσσουσι τὴν φυλακὴν τοῦ θυσιαστηρίου· ἐκεῖνοί εἰσιν οἱ υἱοὶ Σαδδοὺκ, οἱ ἐγγίζοντες ἐκ τοῦ Λευὶ πρὸς Κύριον, λειτουργεῖν αὐτῷ.
27613	ΙΕΖΕΚΙΗΛ 40:48	με εἰς	2	consecutive enclitics	εἰσήγαγέ	τὸ	\vs{48}Καὶ εἰσήγαγέ με εἰς τὸ αἰλὰμ τοῦ οἴκου· καὶ διεμέτρησε τὸ αἲλ τοῦ αἰλὰμ πηχῶν πέντε τὸ πλάτος ἔνθεν, καὶ πηχῶν πέντε ἔνθεν, καὶ τὸ εὖρος τοῦ θυρώματος πηχῶν δεκατεσσάρων, καὶ ἐπωμίδες τῆς θύρας τοῦ αἰλὰμ πηχῶν τριῶν ἔνθεν, καὶ πηχῶν τριῶν ἔνθεν.
27617	ΙΕΖΕΚΙΗΛ 41:1	με εἰς	2	consecutive enclitics	εἰσήγαγέ	τὸν	Καὶ εἰσήγαγέ με εἰς τὸν ναὸν, ᾧ διεμέτρησε τὸ αἰλὰμ πηχῶν ἓξ τὸ πλάτος ἔνθεν,
27654	ΙΕΖΕΚΙΗΛ 42:1	με εἰς	2	consecutive enclitics	εἰσήγαγέ	τὴν	Καὶ εἰσήγαγέ με εἰς τὴν αὐλὴν τὴν ἐσωτέραν κατὰ ἀνατολὰς, κατέναντι τῆς πύλης τῆς πρὸς Βοῤῥᾶν, καὶ εἰσήγαγέ με· καὶ ἰδοὺ ἐξέδραι πέντε, ἐχόμεναι τοῦ ἀπολοίπου, καὶ ἐχόμεναι τοῦ διορίζοντος πρὸς Βοῤῥᾶν,
27662	ΙΕΖΕΚΙΗΛ 42:8	εἰσιν αἱ	2	consecutive enclitics	αὗταί	ἀντιπρόσωποι	\vs{8}Ὅτι τὸ μῆκος τῶν ἐξεδρῶν τῶν βλεπουσῶν εἰς τὴν αὐλὴν τὴν ἐξωτέραν, ἦν πηχῶν πεντήκοντα, καὶ αὗταί εἰσιν αἱ ἀντιπρόσωποι ταύταις· τὸ πᾶν πηχῶν ἑκατόν.
27669	ΙΕΖΕΚΙΗΛ 42:13	εἰσιν αἱ	2	consecutive enclitics	αὗταί	ἐξέδραι	\vs{13}Καὶ εἶπε πρὸς μὲ, αἱ ἐξέδραι αἱ πρὸς Βοῤῥᾶν, καὶ αἱ ἐξέδραι αἱ πρὸς Νότον, οὖσαι κατὰ πρόσωπον τῶν διαστημάτων, αὗταί εἰσιν αἱ ἐξέδραι τοῦ ἁγίου, ἐν αἷς φάγονται ἐκεῖ οἱ ἱερεῖς υἱοὶ Σαδδοὺκ, οἱ ἐγγίζοντες πρὸς Κύριον, τὰ ἅγια τῶν ἁγίων, καὶ ἐκεῖ θήσουσι τὰ ἅγια τῶν ἁγίων, καὶ τὴν θυσίαν, καὶ τὰ περὶ ἁμαρτίας, καὶ τὰ περὶ ἀγνοίας, διότι ὁ τόπος ἅγιος.
27672	ΙΕΖΕΚΙΗΛ 42:15	με καθ	2	consecutive enclitics	ἐξήγαγέ	ὁδὸν	\vs{15}Καὶ συνετελέσθη ἡ διαμέτρησις τοῦ οἴκου ἔσωθεν· καὶ ἐξήγαγέ με καθʼ ὁδὸν τῆς πύλης τῆς βλεπούσης πρὸς ἀνατολὰς, καὶ διεμέτρησε τὸ ὑπόδειγμα τοῦ οἴκου κυκλόθεν ἐν διατάξει.
27686	ΙΕΖΕΚΙΗΛ 43:5	με εἰς	2	consecutive enclitics	εἰσήγαγέ	τὴν	\vs{5}Καὶ ἀνέλαβέ με πνεῦμα, καὶ εἰσήγαγέ με εἰς τὴν αὐλὴν τὴν ἐσωτέραν· καὶ ἰδοὺ πλήρης δόξης ὁ Κυρίου οἶκος.
27690	ΙΕΖΕΚΙΗΛ 43:7	μου ἐν	2	consecutive enclitics	ποδῶν	οἷς	Υἱὲ ἀνθρώπου, ἑώρακας τὸν τόπον τοῦ θρόνου μου, καὶ τὸν τόπον τοῦ ἴχνους τῶν ποδῶν μου, ἐν οἷς κατασκηνώσῃ τὸ ὄνομά μου ἐν μέσῳ οἴκου Ἰσραὴλ τὸν αἰῶνα· καὶ οὐ βεβηλώσουσιν οὐκέτι οἶκος Ἰσραὴλ τὸ ὄνομα τὸ ἅγιόν μου, αὐτοὶ καὶ οἱ ἡγούμενοι αὐτῶν ἐν τῇ πορνείᾳ αὐτῶν, καὶ ἐν τοῖς φόνοις τῶν ἡγουμένων ἐν μέσῳ αὐτῶν,
27690	ΙΕΖΕΚΙΗΛ 43:7	μου ἐν	2	consecutive enclitics	ὄνομά	μέσῳ	Υἱὲ ἀνθρώπου, ἑώρακας τὸν τόπον τοῦ θρόνου μου, καὶ τὸν τόπον τοῦ ἴχνους τῶν ποδῶν μου, ἐν οἷς κατασκηνώσῃ τὸ ὄνομά μου ἐν μέσῳ οἴκου Ἰσραὴλ τὸν αἰῶνα· καὶ οὐ βεβηλώσουσιν οὐκέτι οἶκος Ἰσραὴλ τὸ ὄνομα τὸ ἅγιόν μου, αὐτοὶ καὶ οἱ ἡγούμενοι αὐτῶν ἐν τῇ πορνείᾳ αὐτῶν, καὶ ἐν τοῖς φόνοις τῶν ἡγουμένων ἐν μέσῳ αὐτῶν,
27691	ΙΕΖΕΚΙΗΛ 43:8	μου ἐν	2	consecutive enclitics	πρόθυρόν	τοῖς	\vs{8}ἐν τῷ τιθέναι αὐτοὺς τὸ πρόθυρόν μου ἐν τοῖς προθύροις αὐτῶν, καὶ τὰς φλιάς μου ἐχομένας τῶν φλιῶν αὐτῶν· καὶ ἔδωκαν τὸν τοῖχόν μου ὡς συνεχόμενον ἐμοῦ καὶ αὐτῶν, καὶ ἐβεβήλωσαν τὸ ὄνομα τὸ ἅγιόν μου ἐν ταῖς ἀνομίαις αὐτῶν αἷς ἐποίουν· καὶ ἐξέτριψα αὐτοὺς ἐν θυμῷ μου, καὶ ἐν φόνῳ.
27691	ΙΕΖΕΚΙΗΛ 43:8	μου ὡς	2	consecutive enclitics	τοῖχόν	συνεχόμενον	\vs{8}ἐν τῷ τιθέναι αὐτοὺς τὸ πρόθυρόν μου ἐν τοῖς προθύροις αὐτῶν, καὶ τὰς φλιάς μου ἐχομένας τῶν φλιῶν αὐτῶν· καὶ ἔδωκαν τὸν τοῖχόν μου ὡς συνεχόμενον ἐμοῦ καὶ αὐτῶν, καὶ ἐβεβήλωσαν τὸ ὄνομα τὸ ἅγιόν μου ἐν ταῖς ἀνομίαις αὐτῶν αἷς ἐποίουν· καὶ ἐξέτριψα αὐτοὺς ἐν θυμῷ μου, καὶ ἐν φόνῳ.
27691	ΙΕΖΕΚΙΗΛ 43:8	μου ἐν	2	consecutive enclitics	ἅγιόν	ταῖς	\vs{8}ἐν τῷ τιθέναι αὐτοὺς τὸ πρόθυρόν μου ἐν τοῖς προθύροις αὐτῶν, καὶ τὰς φλιάς μου ἐχομένας τῶν φλιῶν αὐτῶν· καὶ ἔδωκαν τὸν τοῖχόν μου ὡς συνεχόμενον ἐμοῦ καὶ αὐτῶν, καὶ ἐβεβήλωσαν τὸ ὄνομα τὸ ἅγιόν μου ἐν ταῖς ἀνομίαις αὐτῶν αἷς ἐποίουν· καὶ ἐξέτριψα αὐτοὺς ἐν θυμῷ μου, καὶ ἐν φόνῳ.
27724	ΙΕΖΕΚΙΗΛ 44:5	σου εἰς	2	consecutive enclitics	καρδίαν	τὴν	\vs{5}Καὶ εἶπε Κύριος πρὸς μὲ, υἱὲ ἀνθρώπου, τάξον εἰς τὴν καρδίαν σου, καὶ ἴδε τοῖς ὀφθαλμοῖς, καὶ τοῖς ὠσί σου ἄκουε πάντα ὅσα ἐγὼ λαλῶ μετὰ σοῦ, κατὰ πάντα τὰ προστάγματα τοῦ οἴκου Κυρίου, καὶ πάντα τὰ νόμιμα αὐτοῦ· καὶ τάξεις τὴν καρδίαν σου εἰς τὴν εἴσοδον τοῦ οἴκου, κατὰ πάσας τὰς ἐξόδους αὐτοῦ, ἐν πᾶσι τοῖς ἁγίοις.
27726	ΙΕΖΕΚΙΗΛ 44:7	μου ἐν	2	consecutive enclitics	διαθήκην	πάσαις	\vs{7}τοῦ εἰσαγαγεῖν ὑμᾶς υἱοὺς ἀλλογενεῖς, ἀπεριτμήτους καρδίᾳ· καὶ ἀπεριτμήτους σαρκὶ, τοῦ γίνεσθαι ἐν τοῖς ἁγίοις μου, καὶ βεβηλοῦν αὐτὰ, ἐν τῷ προσφέρειν ὑμᾶς ἄρτους, σάρκας, καὶ αἷμα· καὶ παρεβαίνετε τὴν διαθήκην μου ἐν πάσαις ταῖς ἀνομίαις ὑμῶν,
27729	ΙΕΖΕΚΙΗΛ 44:9	μου ἐν	2	consecutive enclitics	ἅγιά	πᾶσιν	\vs{9}Διατοῦτο τάδε λέγει Κύριος ὁ Θεὸς, πᾶς υἱὸς ἀλλογενὴς ἀπερίτμητος καρδίᾳ, καὶ ἀπερίτμητος σαρκὶ, οὐκ εἰσελεύσεται εἰς τὰ ἅγιά μου ἐν πᾶσιν υἱοῖς ἀλλογενῶν, τῶν ὄντων ἐν μέσῳ οἴκου Ἰσραήλ·
27733	ΙΕΖΕΚΙΗΛ 44:12	μου ἐπ	2	consecutive enclitics	χεῖρά	αὐτοὺς	\vs{12}Ἀνθʼ ὧν ἐλειτούργουν αὐτοῖς πρὸ προσώπου τῶν εἰδώλων αὐτῶν· καὶ ἐγένετο τῷ οἴκῳ Ἰσραὴλ εἰς κόλασιν ἀδικίας· ἕνεκα τούτου ᾖρα τὴν χεῖρά μου ἐπʼ αὐτοὺς, λέγει Κύριος ὁ Θεὸς,
27737	ΙΕΖΕΚΙΗΛ 44:15	μου ἐν	2	consecutive enclitics	ἁγίων	τῷ	\vs{15}Οἱ ἱερεῖς οἱ Λευῖται, οἱ υἱοὶ τοῦ Σαδδοὺκ, οἵτινες ἐφυλάξαντο τὰς φυλακὰς τῶν ἁγίων μου, ἐν τῷ πλανᾶσθαι οἶκον Ἰσραὴλ ἀπʼ ἐμοῦ, οὗτοι προσάξουσι πρὸς μὲ, τοῦ λειτουργεῖν μοι, καὶ στήσονται πρὸ προσώπου μου, τοῦ προσφέρειν μοι θυσίαν, στέαρ καὶ αἷμα, λέγει Κύριος ὁ Θεός.
27748	ΙΕΖΕΚΙΗΛ 44:24	μου ἐν	2	consecutive enclitics	προστάγματά	πάσαις	\vs{24}Καὶ ἐπὶ κρίσιν αἵματος οὗτοι ἐπιστήσονται τοῦ διακρίνειν· τὰ δικαιώματά μου δικαιώσουσι, καὶ τὰ κρίματά μου κρινοῦσι, καὶ τὰ νόμιμά μου καὶ τὰ προστάγματά μου ἐν πάσαις ταῖς ἑορταῖς μου φυλάξονται, καὶ τὰ σάββατά μου ἁγιάσουσι.
27794	ΙΕΖΕΚΙΗΛ 46:1	ἡ ἐν	2	consecutive enclitics	πύλη	τῇ	Τάδε λέγει Κύριος Θεὸς, ἡ πύλη ἡ ἐν τῇ αὐλῇ τῇ ἐσωτέρᾳ, ἡ βλέπουσα πρὸς ἀνατολὰς, ἔσται κεκλεισμένη ἓξ ἡμέρας τὰς ἐνεργούς· ἐν τῇ ἡμέρᾳ τῶν σαββάτων ἀνοιχθῇ, καὶ ἐν τῇ ἡμέρᾳ τῆς νουμηνίας ἀνοιχθήσεται.
27818	ΙΕΖΕΚΙΗΛ 46:19	με εἰς	2	consecutive enclitics	εἰσήγαγέ	τὴν	\vs{19}Καὶ εἰσήγαγέ με εἰς τὴν εἴσοδον τῆς κατὰ νώτου τῆς πύλης, εἰς τὴν ἐξέδραν τῶν ἁγίων τῶν ἱερέων, τὴν βλέπουσαν πρὸς Βοῤῥᾶν· καὶ ἰδοὺ ἐκεῖ τόπος κεχωρισμένος.
27821	ΙΕΖΕΚΙΗΛ 46:21	με εἰς	2	consecutive enclitics	ἐξήγαγέ	τὴν	\vs{21}Καὶ ἐξήγαγέ με εἰς τὴν αὐλὴν τὴν ἐξωτέραν, καὶ περιήγαγέ με ἐπὶ τὰ τέσσαρα μέρη τῆς αὐλῆς· καὶ ἰδοὺ αὐλὴ κατὰ τὰ κλίτη τῆς αὐλῆς,
27833	ΙΕΖΕΚΙΗΛ 47:6	με ἐπι	2	consecutive enclitics	ἐπέστρεψέ	τὸ	\vs{6}Καὶ εἶπε πρὸς μὲ, ἑώρακας υἱὲ ἀνθρώπου; καὶ ἤγαγέ με, καὶ ἐπέστρεψέ με ἐπι τὸ χεῖλος τοῦ ποταμοῦ,
27838	ΙΕΖΕΚΙΗΛ 47:10	ὡς οἱ	2	consecutive enclitics	αὐτῆς	ἰχθύες	\vs{10}Καὶ στήσονται ἐκεῖ ἁλιεῖς ἀπὸ Ἰνγαδεὶν ἕως Ἐναγαλλείμ· ψυγμὸς σαγηνῶν ἔσται, καθʼ ἑαυτὴν ἔσται· καὶ οἱ ἰχθύες αὐτῆς, ὡς οἱ ἰχθύες τῆς θαλάσσης τῆς μεγάλης, πλῆθος πολὺ σφόδρα.
27916	ΔΑΝΙΗΛ 1:8	ὡς οὐ	2	consecutive enclitics	αὐτοῦ	μὴ	\vs{8}Καὶ ἔθετο Δανιὴλ εἰς τὴν καρδίαν αὐτοῦ, ὡς οὐ μὴ ἁλισγηθῇ ἐν τῇ τραπέζῃ τοῦ βασιλέως, καὶ ἐν τῷ οἴνῳ ἀπὸ τοῦ ποτοῦ αὐτοῦ· καὶ ἠξίωσε τὸν ἀρχιευνοῦχον, ὡς οὐ μὴ ἁλισγηθῇ.
27916	ΔΑΝΙΗΛ 1:8	ὡς οὐ	2	consecutive enclitics	ἀρχιευνοῦχον	μὴ	\vs{8}Καὶ ἔθετο Δανιὴλ εἰς τὴν καρδίαν αὐτοῦ, ὡς οὐ μὴ ἁλισγηθῇ ἐν τῇ τραπέζῃ τοῦ βασιλέως, καὶ ἐν τῷ οἴνῳ ἀπὸ τοῦ ποτοῦ αὐτοῦ· καὶ ἠξίωσε τὸν ἀρχιευνοῦχον, ὡς οὐ μὴ ἁλισγηθῇ.
27921	ΔΑΝΙΗΛ 1:13	σου αἱ	2	consecutive enclitics	ἐνώπιόν	ἰδέαι	\vs{13}καὶ ὀφθήτωσαν ἐνώπιόν σου αἱ ἰδέαι ἡμῶν, καὶ αἱ ἰδέαι τῶν παιδαρίων τῶν ἐσθόντων τὴν τράπεζαν τοῦ βασιλέως, καὶ καθὼς ἐὰν ἴδῃς, ποίησον μετὰ τῶν παίδων σου.
27946	ΔΑΝΙΗΛ 2:11	ἀλλ οἱ	2	consecutive enclitics	βασιλέως	θεοὶ	\vs{11}Ὅτι ὁ λόγος ὃν ὁ βασιλεὺς ἐπερωτᾷ, βαρύς, καὶ ἕτερος οὐκ ἔστιν ὃς ἀναγγελεῖ αὐτὸν ἐνώπιον τοῦ βασιλέως, ἀλλʼ οἱ θεοὶ, ὧν οὐκ ἔστιν ἡ κατοικία μετὰ πάσης σαρκός.
27971	ΔΑΝΙΗΛ 2:30	οὐκ ἐν	2	consecutive enclitics	δὲ	σοφίᾳ	\vs{30}Καὶ ἐμοὶ δὲ οὐκ ἐν σοφίᾳ τῇ οὔσῃ ἐν ἐμοὶ παρὰ πάντας τοὺς ζῶντας τὸ μυστήριον τοῦτο ἀπεκαλύφθη, ἀλλʼ ἕνεκεν τοῦ τὴν σύγκρισιν τῷ βασιλεῖ γνωρίσαι, ἵνα τοὺς διαλογισμοὺς τῆς καρδίας σου γνῷς.
27999	ΔΑΝΙΗΛ 3:3	οἱ ἐπ	2	consecutive enclitics	μεγάλοι	ἐξουσιῶν	\vs{3}Καὶ συνήχθησαν οἱ τοπάρχαι, ὕπατοι, στρατηγοὶ, ἡγούμενοι, τύραννοι μεγάλοι, οἱ ἐπʼ ἐξουσιῶν, καὶ πάντες οἱ ἄρχοντες τῶν χωρῶν, εἰς τὸν ἐγκαινισμὸν τῆς εἰκόνος, ἧς ἔστησε Ναβουχοδονόσορ ὁ βασιλεύς· καὶ εἱστήκεισαν ἐνώπιον τῆς εἰκόνος.
28010	ΔΑΝΙΗΛ 3:12	σου οὐ	2	consecutive enclitics	θεοῖς	λατρεύουσι	\vs{12}Εἰσὶν ἄνδρες Ἰουδαῖοι, οὓς κατέστησας ἐπὶ τὰ ἔργα τῆς χώρας Βαβυλῶνος, Σεδρὰχ, Μισὰχ, Ἀβδεναγὼ, οἳ οὐχ ὑπήκουσαν βασιλεῦ τῷ δόγματί σου, τοῖς θεοῖς σου οὐ λατρεύουσι, καὶ τῇ εἰκόνι τῇ χρυσῇ τᾗ ἔστησας οὐ προσκυνοῦσι.
28013	ΔΑΝΙΗΛ 3:14	μου οὐ	2	consecutive enclitics	θεοῖς	λατρεύετε	\vs{14}Καὶ ἀπεκρίθη Ναβουχοδονόσορ, καὶ εἶπεν αὐτοῖς, εἶ ἀληθῶς Σεδρὰχ, Μισὰχ, Ἀβδεναγὼ, τοῖς θεοῖς μου οὐ λατρεύετε, καὶ τῇ εἰκόνι τῇ χρυσῇ ᾗ ἔστησα οὐ προσκυνεῖτε;
28018	ΔΑΝΙΗΛ 3:18	σου οὐ	2	consecutive enclitics	θεοῖς	λατρεύομεν	\vs{18}Καὶ ἐὰν μὴ, γνωστὸν ἔστω σοι, βασιλεῦ, ὅτι τοῖς θεοῖς σου οὐ λατρεύομεν, καὶ τῇ εἰκόνι ᾗ ἔστησας οὐ προσκυνοῦμεν.
28029	ΔΑΝΙΗΛ 3:26	σου εἰς	2	consecutive enclitics	ὄνομά	τοὺς	\vs{26}Εὐλογητὸς εἶ Κύριε ὁ Θεὸς τῶν πατέρων ἡμῶν, καὶ αἰνετὸς, καὶ δεδοξασμένον τὸ ὄνομά σου εἰς τοὺς αἰῶνας.
28033	ΔΑΝΙΗΛ 3:29	σου οὐκ	2	consecutive enclitics	ἐντολῶν	ἠκούσαμεν	\vs{29}Ὅτι ἡμάρτομεν καὶ ἠνομήσαμεν ἀποστῆναι ἀπὸ σοῦ, καὶ ἐξημάρτομεν ἐν πᾶσι, καὶ τῶν ἐντολῶν σου οὐκ ἠκούσαμεν,
28041	ΔΑΝΙΗΛ 3:35	σου ἀφ	2	consecutive enclitics	ἔλεός	ἡμῶν	\vs{35}καὶ μὴ ἀποστήσῃς τὸ ἔλεός σου ἀφʼ ἡμῶν, διὰ Ἁβραὰμ τὸν ἠγαπημένον ὑπὸ σοῦ, καὶ διὰ Ἰσαὰκ τὸν δοῦλόν σου, καὶ Ἰσραὴλ τὸν ἅγιόν σου,
28046	ΔΑΝΙΗΛ 3:39	Ἀλλ ἐν	2	consecutive enclitics		ψυχῇ	\vs{39}Ἀλλʼ ἐν ψυχῇ συντετριμμένῃ, καὶ πνεύματι ταπεινώσεως προσδεχθείημεν, ὡς ἐν ὁλοκαυτώσει κριῶν καὶ ταύρων, καὶ ἐν μυριάσιν ἀρνῶν πιόνων,
28046	ΔΑΝΙΗΛ 3:39	ὡς ἐν	2	consecutive enclitics	προσδεχθείημεν	ὁλοκαυτώσει	\vs{39}Ἀλλʼ ἐν ψυχῇ συντετριμμένῃ, καὶ πνεύματι ταπεινώσεως προσδεχθείημεν, ὡς ἐν ὁλοκαυτώσει κριῶν καὶ ταύρων, καὶ ἐν μυριάσιν ἀρνῶν πιόνων,
28063	ΔΑΝΙΗΛ 3:51	ὡς ἐξ	2	consecutive enclitics	τρεῖς	ἑνὸς	\vs{51}Τότε οἱ τρεῖς ὡς ἐξ ἑνὸς στόματος ὕμνουν, καὶ ἐδόξαζον, καὶ ηὐλόγουν τὸν Θεὸν ἐν τῇ καμίνῳ, λέγοντες,
28142	ΔΑΝΙΗΛ 4:17	ἐστιν ὁ	2	consecutive enclitics	Κύριός	ὕψιστος	\vs{17}Διὰ συνκρίματος εἲρ ὁ λόγος, καὶ ῥῆμα ἁγίων τὸ ἐπερώτημα, ἵνα γνῶσιν οἱ ζῶντες, ὅτι Κύριός ἐστιν ὁ ὕψιστος τῆς βασιλείας τῶν ἀνθρώπων, καὶ ᾧ ἐὰν δόξῃ δώσει αὐτὴν, καὶ ἐξουδένωμα ἀνθρώπων ἀναστήσει ἐπʼ αὐτήν.
28143	ΔΑΝΙΗΛ 4:18	μου οὐ	2	consecutive enclitics	βασιλείας	δύνανται	\vs{18}Τοῦτο τὸ ἐνύπνιον ὃ ἴδον ἐγὼ Ναβουχοδονόσορ ὁ βασιλεὺς, καὶ σύ Βαλτάσαρ τὸ σύγκριμα εἰπὸν, ὅτι πάντες οἱ σοφοὶ τῆς βασιλείας μου οὐ δύνανται τὸ σύγκριμα αὐτοῦ δηλῶσαί μοι· σὺ δὲ Δανιὴλ δύνασαι, ὅτι πνεῦμα Θεοῦ ἅγιον ἐν σοί.
28148	ΔΑΝΙΗΛ 4:22	σου εἰς	2	consecutive enclitics	κυρεία	τὰ	\vs{22}σὺ εἶ, βασιλεῦ, ὅτι ἐμεγαλύνθης καὶ ἴσχυσας, καὶ ἡ μεγαλωσύνη σου ἐμεγαλύνθη, καὶ ἔφθασεν εἰς τὸν οὐρανὸν, καὶ ἡ κυρεία σου εἰς τὰ πέρατα τῆς γῆς.
28153	ΔΑΝΙΗΛ 4:27	σου ἐν	2	consecutive enclitics	ἁμαρτίας	ἐλεημοσύναις	\vs{27}Διατοῦτο, βασιλεῦ, ἡ βουλή μου ἀρεσάτω σοι, καὶ τὰς ἁμαρτίας σου ἐν ἐλεημοσύναις λύτρωσαι, καὶ τὰς ἀδικίας, ἐν οἰκτιρμοῖς πενήτων· ἴσως ἔσται μακρόθυμος τοῖς παραπτώμασί σου ὁ Θεός.
28153	ΔΑΝΙΗΛ 4:27	σου ὁ	2	consecutive enclitics	παραπτώμασί	Θεός	\vs{27}Διατοῦτο, βασιλεῦ, ἡ βουλή μου ἀρεσάτω σοι, καὶ τὰς ἁμαρτίας σου ἐν ἐλεημοσύναις λύτρωσαι, καὶ τὰς ἀδικίας, ἐν οἰκτιρμοῖς πενήτων· ἴσως ἔσται μακρόθυμος τοῖς παραπτώμασί σου ὁ Θεός.
28157	ΔΑΝΙΗΛ 4:30	μου εἰς	2	consecutive enclitics	ἰσχύος	τιμὴν	\vs{30}ἀπεκρίθη ὁ βασιλεὺς, καὶ εἶπεν, οὐχ αὕτη ἐστὶ Βαβυλὼν ἡ μεγάλη, ἣν ἐγὼ ᾠκοδόμησα εἰς οἶκον βασιλείας, ἐν τῷ κράτει τῆς ἰσχύος μου, εἰς τιμὴν τῆς δόξης μου;
28164	ΔΑΝΙΗΛ 4:34	μου εἰς	2	consecutive enclitics	ὀφθαλμούς	τὸν	\vs{34}Καὶ μετὰ τὸ τέλος τῶν ἡμερῶν ἐγὼ Ναβουχοδονόσορ τοὺς ὀφθαλμούς μου εἰς τὸν οὐρανὸν ἀνέλαβον, καὶ αἱ φρένες μου ἐπʼ ἐμὲ ἐπεστράφησαν, καὶ τῷ ὑψίστῳ ηὐλόγησα, καὶ τῷ ζῶντι εἰς τὸν αἰῶνα ᾔνεσα, καὶ ἐδόξασα, ὅτι ἡ ἐξουσία αὐτοῦ ἐξουσία αἰώνιος, καὶ ἡ βασιλεία αὐτοῦ εἰς γενεὰν καὶ γενεὰν,
28164	ΔΑΝΙΗΛ 4:34	μου ἐπ	2	consecutive enclitics	φρένες	ἐμὲ	\vs{34}Καὶ μετὰ τὸ τέλος τῶν ἡμερῶν ἐγὼ Ναβουχοδονόσορ τοὺς ὀφθαλμούς μου εἰς τὸν οὐρανὸν ἀνέλαβον, καὶ αἱ φρένες μου ἐπʼ ἐμὲ ἐπεστράφησαν, καὶ τῷ ὑψίστῳ ηὐλόγησα, καὶ τῷ ζῶντι εἰς τὸν αἰῶνα ᾔνεσα, καὶ ἐδόξασα, ὅτι ἡ ἐξουσία αὐτοῦ ἐξουσία αἰώνιος, καὶ ἡ βασιλεία αὐτοῦ εἰς γενεὰν καὶ γενεὰν,
28182	ΔΑΝΙΗΛ 5:10	σε οἱ	2	consecutive enclitics	ταρασσέτωσάν	διαλογισμοί	\vs{10}Καὶ εἰσῆλθεν ἡ βασίλισσα εἰς τὸν οἶκον τοῦ πότου, καὶ εἶπε, βασιλεῦ, εἰς τὸν αἰῶνα ζῆθι· μὴ ταρασσέτωσάν σε οἱ διαλογισμοί σου, καὶ ἡ μορφή σου μὴ ἀλλοιούσθω.
28183	ΔΑΝΙΗΛ 5:11	σου ἐν	2	consecutive enclitics	βασιλείᾳ	ᾧ	\vs{11}Ἔστιν ἀνὴρ ἐν τῇ βασιλείᾳ σου, ἐν ᾧ πνεῦμα Θεοῦ· καὶ ἐν ταῖς ἡμέραις τοῦ πατρός σου, γρηγόρησις καὶ σύνεσις εὑρέθη ἐν αὐτῷ, καὶ ὁ βασιλεὺς Ναβουχοδονόσορ ὁ πατήρ σου ἄρχοντα ἐπαοιδῶν, μάγων, Χαλδαίων, γαζαρηνῶν, κατέστησεν αὐτὸν,
28188	ΔΑΝΙΗΛ 5:15	μου οἱ	2	consecutive enclitics	ἐνώπιόν	σοφοὶ	\vs{15}Καὶ νῦν εἰσῆλθον ἐνώπιόν μου οἱ σοφοὶ, μάγοι, γαζαρηνοὶ, ἵνα τὴν γραφὴν ταύτην ἀναγνῶσι, καὶ τὴν σύγκρισιν γνωρίσωσί μοι, καὶ οὐκ ἠδυνήθησαν ἀναγγεῖλαί μοι.
28198	ΔΑΝΙΗΛ 5:23	σου ἐν	2	consecutive enclitics	πνοή	χειρὶ	\vs{23}Καὶ ἐπὶ τὸν Κύριον Θεὸν τοῦ οὐρανοῦ ὑψώθης, καὶ τὰ σκεύη τοῦ οἴκου αὐτοῦ ἤνεγκαν ἐνώπιόν σου, καὶ σὺ καὶ οἱ μεγιστᾶνές σου, καὶ αἱ παλλακαί σου, καὶ αἱ παράκοιτοί σου οἶνον ἐπίνετε ἐν αὐτοῖς· καὶ τοὺς θεοὺς τοὺς χρυσοῦς, καὶ ἀργυροῦς, καὶ χαλκοῦς, καὶ σιδηροῦς, καὶ ξυλίνους, καὶ λιθίνους, οἳ οὐ βλέπουσι, καὶ οἳ οὐκ ἀκούουσι, καὶ οὐ γινώσκουσιν, ᾔνεσας, καὶ τὸν Θεὸν οὗ ἡ πνοή σου ἐν χειρὶ αὐτοῦ καὶ πᾶσαι αἱ ὁδοί σου, αὐτὸν οὐκ ἐδόξασας.
28236	ΔΑΝΙΗΛ 6:21	σε ἐκ	2	consecutive enclitics	ἐξελέσθαί	στόματος	\vs{21}Καὶ ἐν τῷ ἐγγίζειν αὐτὸν τῷ λάκκῳ, ἐβοήσε φωνῇ ἰσχυρᾷ, Δανιὴλ, ὁ δοῦλος τοῦ Θεοῦ τοῦ ζῶντος, ὁ Θεός σου ᾧ σὺ λατρεύεις ἐνδελεχῶς, εἰ ἠδυνήθη ἐξελέσθαί σε ἐκ στόματος τῶν λεόντων;
28267	ΔΑΝΙΗΛ 7:15	μου ἐν	2	consecutive enclitics	πνεῦμά	τῇ	\vs{15}Ἔφριξε τὸ πνεῦμά μου ἐν τῇ ἕξει μου, ἐγὼ Δανιὴλ, καὶ αἱ ὁράσεις τῆς κεφαλῆς μου ἐτάρασσόν με.
28287	ΔΑΝΙΗΛ 8:2	ἐστιν ἐν	2	consecutive enclitics	ἥ	χώρᾳ	\vs{2}καὶ ἤμην ἐν Σούσοις τῇ βάρει, ἥ ἐστιν ἐν χώρᾳ Αἰλάμ· καὶ ἤμην ἐπὶ τοῦ Οὐβάλ.
28310	ΔΑΝΙΗΛ 8:21	ἐστιν ὁ	2	consecutive enclitics	αὐτός	βασιλεὺς	\vs{21}Ὁ τράγος τῶν αἰγῶν, βασιλεὺς Ἑλλήνων· καὶ τὸ κέρας τὸ μέγα ὃ ἦν ἀναμέσον τῶν ὀφθαλμῶν αὐτοῦ, αὐτός ἐστιν ὁ βασιλεὺς ὁ πρῶτος.
28311	ΔΑΝΙΗΛ 8:22	οὐκ ἐν	2	consecutive enclitics	καὶ	τῇ	\vs{22}Καὶ τοῦ συντριβέντος οὗ ἔστησαν τέσσαρα κέρατα ὑποκάτω, τέσσαρες βασιλεῖς ἐκ τοῦ ἔθνους αὐτοῦ ἀναστήσονται, καὶ οὐκ ἐν τῇ ἰσχύϊ αὐτῶν.
28327	ΔΑΝΙΗΛ 9:7	ὡς ἡ	2	consecutive enclitics	προσώπου	ἡμέρα	\vs{7}Σοὶ Κύριε ἡ δικαιοσύνη καὶ ἡμῖν ἡ αἰσχύνη τοῦ προσώπου, ὡς ἡ ἡμέρα αὕτη, ἀνδρὶ Ἰούδα, καὶ τοῖς ἐνοικοῦσιν ἐν Ἱερουσαλὴμ, καὶ παντὶ Ἰσραὴλ, τοῖς ἐγγὺς καὶ τοῖς μακρὰν ἐν πάσῃ τῇ γῇ, οὗ διέσπειρας αὐτοὺς ἐκεῖ, ἐν ἀθεσίᾳ αὐτῶν ᾗ ἠθέτησαν.
28336	ΔΑΝΙΗΛ 9:15	σου ἐκ	2	consecutive enclitics	λαόν	γῆς	\vs{15}Καὶ νῦν Κύριε ὁ Θεὸς ἡμῶν, ὃς ἐξήγαγες τὸν λαόν σου ἐκ γῆς Αἰγύπτου ἐν χειρὶ κραταιᾷ, καὶ ἐποίησας σεαυτῷ ὄνομα ὡς ἡ ἡμέρα αὕτη, ἡμάρτομεν, ἠνομήσαμεν.
28336	ΔΑΝΙΗΛ 9:15	ὡς ἡ	2	consecutive enclitics	ὄνομα	ἡμέρα	\vs{15}Καὶ νῦν Κύριε ὁ Θεὸς ἡμῶν, ὃς ἐξήγαγες τὸν λαόν σου ἐκ γῆς Αἰγύπτου ἐν χειρὶ κραταιᾷ, καὶ ἐποίησας σεαυτῷ ὄνομα ὡς ἡ ἡμέρα αὕτη, ἡμάρτομεν, ἠνομήσαμεν.
28338	ΔΑΝΙΗΛ 9:16	σου εἰς	2	consecutive enclitics	λαός	ὀνειδισμὸν	\vs{16}Κύριε ἐν πᾶσιν ἐλεημοσύνη σου, ἀποστραφήτω δὴ ὁ θυμός σου, καὶ ἡ ὀργή σου ἀπὸ τῆς πόλεώς σου Ἱερουσαλὴμ ὄρους ἁγίου σου, ὅτι ἡμάρτομεν, καὶ ἐν ταῖς ἀδικίαις ἡμῶν, καὶ τῶν πατέρων ἡμῶν, Ἱερουσαλὴμ, καὶ ὁ λαός σου εἰς ὀνειδισμὸν ἐγένετο ἐν πᾶσι τοῖς περικύκλῳ ἡμῶν.
28340	ΔΑΝΙΗΛ 9:18	σου ἐφ	2	consecutive enclitics	πόλεως	ἧς	\vs{18}κλῖνον ὁ Θεός μου τὸ οὖς σου, καὶ ἄκουσον· ἄνοιξον τοὺς ὀφθαλμούς σου, καὶ ἴδε τὸν ἀφανισμὸν ἡμῶν, καὶ τῆς πόλεως σου ἐφʼ ἧς ἐπικέκληται τὸ ὄνομά σου ἐπʼ αὐτῆς· ὅτι οὐκ ἐπὶ ταῖς δικαιοσύναις ἡμῶν ῥιπτοῦμεν τὸν οἰκτιρμὸν ἡμῶν ἐνώπιόν σου, ἀλλʼ ἐπὶ τοὺς οἰκτιρμούς σου τοὺς πολλοὺς Κύριε.
28340	ΔΑΝΙΗΛ 9:18	σου ἐπ	2	consecutive enclitics	ὄνομά	αὐτῆς	\vs{18}κλῖνον ὁ Θεός μου τὸ οὖς σου, καὶ ἄκουσον· ἄνοιξον τοὺς ὀφθαλμούς σου, καὶ ἴδε τὸν ἀφανισμὸν ἡμῶν, καὶ τῆς πόλεως σου ἐφʼ ἧς ἐπικέκληται τὸ ὄνομά σου ἐπʼ αὐτῆς· ὅτι οὐκ ἐπὶ ταῖς δικαιοσύναις ἡμῶν ῥιπτοῦμεν τὸν οἰκτιρμὸν ἡμῶν ἐνώπιόν σου, ἀλλʼ ἐπὶ τοὺς οἰκτιρμούς σου τοὺς πολλοὺς Κύριε.
28340	ΔΑΝΙΗΛ 9:18	σου ἀλλ	2	consecutive enclitics	ἐνώπιόν	ἐπὶ	\vs{18}κλῖνον ὁ Θεός μου τὸ οὖς σου, καὶ ἄκουσον· ἄνοιξον τοὺς ὀφθαλμούς σου, καὶ ἴδε τὸν ἀφανισμὸν ἡμῶν, καὶ τῆς πόλεως σου ἐφʼ ἧς ἐπικέκληται τὸ ὄνομά σου ἐπʼ αὐτῆς· ὅτι οὐκ ἐπὶ ταῖς δικαιοσύναις ἡμῶν ῥιπτοῦμεν τὸν οἰκτιρμὸν ἡμῶν ἐνώπιόν σου, ἀλλʼ ἐπὶ τοὺς οἰκτιρμούς σου τοὺς πολλοὺς Κύριε.
28341	ΔΑΝΙΗΛ 9:19	σου ὁ	2	consecutive enclitics	ἕνεκέν	Θεός	\vs{19}Εἰσάκουσον Κύριε, ἱλάσθητι Κύριε, πρόσχες Κύριε· μὴ χρονίσῃς ἕνεκέν σου ὁ Θεός μου, ὅτι τὸ ὄνομά σου ἐπικέκληται ἐπὶ τὴν πόλιν σου, καὶ ἐπὶ τὸν λαόν σου.
28363	ΔΑΝΙΗΛ 10:6	ὡς ἡ	2	consecutive enclitics	αὐτοῦ	ὅρασις	\vs{6}καὶ τὸ σῶμα αὐτοῦ ὡσεὶ Θαρσὶς, καὶ τὸ πρόσωπον αὐτοῦ ὡς ἡ ὅρασις ἀστραπῆς, καὶ οἱ ὀφθαλμοὶ αὐτοῦ ὡσεὶ λαμπάδες πυρὸς, καὶ οἱ βραχίονες αὐτοῦ καὶ τὰ σκέλη ὡς ὅρασις χαλκοῦ στίλβοντος, καὶ ἡ φωνὴ τῶν λόγων αὐτοῦ ὡς φωνὴ ὄχλου.
28364	ΔΑΝΙΗΛ 10:7	οἱ μετ	2	consecutive enclitics	ἄνδρες	ἐμοῦ	\vs{7}Καὶ ἴδον ἐγὼ Δανιὴλ μόνος τὴν ὀπτασίαν, καὶ οἱ ἄνδρες οἱ μετʼ ἐμοῦ οὐκ ἴδον τὴν ὀπτασίαν, ἀλλʼ ἢ ἔκστασις μεγάλη ἐπέπεσεν ἐπʼ αὐτοὺς, καὶ ἔφυγον ἐν φόβῳ.
28372	ΔΑΝΙΗΛ 10:14	σου ἐπ	2	consecutive enclitics	λαῷ	ἐσχάτων	\vs{14}καὶ ἦλθον συνετίσαι σε ὅσα ἀπαντήσεται τῷ λαῷ σου ἐπʼ ἐσχάτων τῶν ἡμερῶν, ὅτι ἔτι ἡ ὅρασις εἰς ἡμέρας.
28375	ΔΑΝΙΗΛ 10:16	μου ἐν	2	consecutive enclitics	ἐντός	ἐμοὶ	\vs{16}Καὶ ἰδοὺ ὡς ὁμοίωσις υἱοῦ ἀνθρώπου ἥψατο τῶν χειλέων μου· καὶ ἤνοιξα τὸ στόμα μου, καὶ ἐλάλησα, καὶ εἶπα πρὸς τὸν ἑστῶτα ἐναντίον μου, κύριε, ἐν τῇ ὀπτασίᾳ σου ἐστράφη τὰ ἐντός μου ἐν ἐμοὶ, καὶ οὐκ ἔσχον ἰσχύν.
28377	ΔΑΝΙΗΛ 10:18	μου ὡς	2	consecutive enclitics	ἥψατό	ὅρασις	\vs{18}Καὶ προσέθετο, καὶ ἥψατό μου ὡς ὅρασις ἀνθρώπου, καὶ ἐνίσχυσέ με,
28390	ΔΑΝΙΗΛ 11:4	οὐκ εἰς	2	consecutive enclitics	καὶ	τὰ	\vs{4}Καὶ ὡς ἂν στῇ ἡ βασιλεία αὐτοῦ, συντριβήσεται, καὶ διαιρεθήσεται εἰς τοὺς τέσσαρας ἀνέμους τοῦ οὐρανοῦ, καὶ οὐκ εἰς τὰ ἔσχατα αὐτοῦ, οὐδὲ κατὰ τὴν κυρείαν αὐτοῦ, ἣν ἐκυρίευσεν, ὅτι ἐκτιλήσεται ἡ βασιλεία αὐτοῦ, καὶ ἑτέροις ἐκτὸς τούτων.
28412	ΔΑΝΙΗΛ 11:20	οὐκ ἐν	2	consecutive enclitics	καὶ	προσώποις	\vs{20}Καὶ ἀναστήσεται ἐκ τῆς ῥίζης αὐτοῦ φυτὸν τῆς βασιλείας ἐπὶ τὴν ἑτοιμασίαν αὐτοῦ παραβιβάζων, πράσσων δόξαν βασιλείας· καὶ ἐν ταῖς ἡμέραις ἐκείναις ἔτι συντριβήσεται, καὶ οὐκ ἐν προσώποις, οὐδὲ ἐν πολέμῳ.
28424	ΔΑΝΙΗΛ 11:29	ὡς ἡ	2	consecutive enclitics	ἔσται	πρώτη	\vs{29}Εἰς τὸν καιρὸν ἐπιστρέψει, καὶ ἥξει ἐν τῷ Νότῳ, καὶ οὐκ ἔσται ὡς ἡ πρώτη καὶ ἡ ἐσχάτη.
28449	ΔΑΝΙΗΛ 12:3	ὡς ἡ	2	consecutive enclitics	λάμψουσιν	λαμπρότης	\vs{3}Καὶ οἱ συνιέντες λάμψουσιν ὡς ἡ λαμπρότης τοῦ στερεώματος, καὶ ἀπὸ τῶν δικαίων τῶν πολλῶν ὡς οἱ ἀστέρες εἰς τοὺς αἰῶνας, καὶ ἔτι.
28449	ΔΑΝΙΗΛ 12:3	ὡς οἱ	2	consecutive enclitics	πολλῶν	ἀστέρες	\vs{3}Καὶ οἱ συνιέντες λάμψουσιν ὡς ἡ λαμπρότης τοῦ στερεώματος, καὶ ἀπὸ τῶν δικαίων τῶν πολλῶν ὡς οἱ ἀστέρες εἰς τοὺς αἰῶνας, καὶ ἔτι.
28462	ΔΑΝΙΗΛ 12:13	σου εἰς	2	consecutive enclitics	κλῆρόν	συντέλειαν	\vs{13}Καὶ σὺ δεῦρο, καὶ ἀναπαύου· ἔτι γὰρ ἡμέραι καὶ ὧραι εἰς ἀναπλήρωσιν συντελείας, καὶ ἀναστήσῃ εἰς τὸν κλῆρόν σου εἰς συντέλειαν ἡμερῶν.
28482	ΩΣΗΕ 2:1	ὡς ἡ	2	consecutive enclitics	Ἰσραὴλ	ἄμμος	\ch{2}Καὶ ἦν ὁ ἀριθμὸς τῶν υἱῶν Ἰσραὴλ, ὡς ἡ ἄμμος τῆς θαλάσσης, ἣ οὐκ ἐκμετρηθήσεται, οὐδὲ ἐξαριθμηθήσεται· καὶ ἔσται, ἐν τῷ τόπῳ, οὗ ἐῤῥέθη αὐτοῖς, οὐ λαός μου ὑμεῖς, κληθήσονται καὶ αὐτοὶ υἱοὶ Θεοῦ ζῶντος.
28495	ΩΣΗΕ 2:11	μου καθ	2	consecutive enclitics	σῖτόν	ὥραν	\vs{11}Διὰ τοῦτο ἐπιστρέψω, καὶ κομιοῦμαι τὸν σῖτόν μου καθʼ ὥραν αὐτοῦ, καὶ τὸν οἶνόν μου ἐν καιρῷ αὐτοῦ· καὶ ἀφελοῦμαι τὰ ἱμάτιά μου, καὶ τὰ ὀθόνιά μου, τοῦ μὴ καλύπτειν τὴν ἀσχημοσύνην αὐτῆς·
28495	ΩΣΗΕ 2:11	μου ἐν	2	consecutive enclitics	οἶνόν	καιρῷ	\vs{11}Διὰ τοῦτο ἐπιστρέψω, καὶ κομιοῦμαι τὸν σῖτόν μου καθʼ ὥραν αὐτοῦ, καὶ τὸν οἶνόν μου ἐν καιρῷ αὐτοῦ· καὶ ἀφελοῦμαι τὰ ἱμάτιά μου, καὶ τὰ ὀθόνιά μου, τοῦ μὴ καλύπτειν τὴν ἀσχημοσύνην αὐτῆς·
28498	ΩΣΗΕ 2:14	μοι οἱ	2	consecutive enclitics	ἔδωκάν	ἐρασταί	\vs{14}Καὶ ἀφανιῶ ἄμπελον αὐτῆς, καὶ τὰς συκᾶς αὐτῆς, ὅσα εἶπε, μισθώματά μου ταῦτά ἐστιν ἃ ἔδωκάν μοι οἱ ἐρασταί μου· καὶ θήσομαι αὐτὰ εἰς μαρτύριον, καὶ καταφάγεται αὐτὰ τὰ θηρία τοῦ ἀγροῦ, καὶ τὰ πετεινὰ τοῦ οὐρανου, καὶ τὰ ἑρπετὰ τῆς γῆς.
28504	ΩΣΗΕ 2:18	με ὁ	2	consecutive enclitics	καλέσει	ἀνήρ	\vs{18}Καὶ ἔσται ἐν τῇ ἡμέρᾳ ἐκεῖνῃ, λέγει Κύριος, καλέσει με ὁ ἀνήρ μου, καὶ οὐ καλέσει με ἔτι Βααλείμ.
28506	ΩΣΗΕ 2:20	σε ἐπ	2	consecutive enclitics	κατοικιῶ	ἐλπίδι	\vs{20}Καὶ διαθήσομαι αὐτοῖς διαθήκην ἐν τῇ ἡμέρᾳ ἐκείνῃ μετὰ τῶν θηρίων τοῦ ἀγροῦ, καὶ μετὰ τῶν πετεινῶν τοῦ οὐρανοῦ, καὶ τῶν ἑρπετῶν τῆς γῆς· καὶ τόξον, καὶ ῥομφαίαν, καὶ πόλεμον συντρίψω ἀπὸ τῆς γῆς, καὶ κατοικιῶ σε ἐπʼ ἐλπίδι.
28526	ΩΣΗΕ 4:4	μου ὡς	2	consecutive enclitics	λαός	ἀντιλεγόμενος	\vs{4}ὅπως μηδεὶς μήτε δικάζηται, μήτε ἐλέγχῃ μηδείς· ὁ δὲ λαός μου ὡς ἀντιλεγόμενος ἱερεύς.
28563	ΩΣΗΕ 5:14	εἰμι ὡς	2	consecutive enclitics	ἐγώ	πανθὴρ	\vs{14}Διότι ἐγώ εἰμι ὡς πανθὴρ τῷ Ἐφραὶμ, καὶ ὡς λέων τῷ οἴκῳ Ἰούδα· καὶ ἐγὼ ἁρπῶμαι καὶ πορεύσομαι, καὶ λήψομαι, καὶ οὐκ ἔσται ὁ ἐξαιρούμενος.
28574	ΩΣΗΕ 6:5	μου ὡς	2	consecutive enclitics	κρίμα	φῶς	\vs{5}Διὰ τοῦτο ἀπεθέρισα τοὺς προφήτας ὑμῶν· ἀπέκτεινα αὐτοὺς ἐν ῥήματι στόματός μου· καὶ τὸ κρίμα μου ὡς φῶς ἐξελεύσεται.
28577	ΩΣΗΕ 6:7	εἰσιν ὡς	2	consecutive enclitics	δέ	ἄνθρωπος	\vs{7}Αὐτοὶ δέ εἰσιν ὡς ἄνθρωπος παραβαίνων διαθήκην· ἐκεῖ κατεφρόνησέ μου Γαλαὰδ πόλις,
28608	ΩΣΗΕ 8:4	οὐ δι	2	consecutive enclitics	καὶ	ἐμοῦ	\vs{4}Ἑαυτοῖς ἐβασίλευσαν, καὶ οὐ διʼ ἐμοῦ, ἦρξαν, καὶ οὐκ ἐγνώρισάν μοι· τὸ ἀργύριον αὐτῶν καὶ τὸ χρυσίον αὐτῶν ἐποίησαν ἑαυτοῖς εἴδωλα, ὅπως ἐξολοθρευθῶσιν.
28610	ΩΣΗΕ 8:5	μου ἐπ	2	consecutive enclitics	θυμός	αὐτούς	\vs{5}Ἀπότριψαι τὸν μόσχον σου Σαμάρεια, παρωξύνθη ὁ θυμός μου ἐπʼ αὐτούς· ἕως τίνος οὐ μὴ δύνωνται καθαρισθῆναι
28635	ΩΣΗΕ 9:10	ὡς οἱ	2	consecutive enclitics	ἐβδελυγμένοι	ἠγαπημένοι	\vs{10}Ὡς σταφυλὴν ἐν ἐρήμῳ εὗρον τὸν Ἰσραὴλ, καὶ ὡς σκοπὸν ἐν συκῇ πρώϊμον πατέρας αὐτῶν εἶδον· αὐτοὶ εἰσῆλθον πρὸς τὸν Βεελφεγὼρ, καὶ ἀπηλλοτριώθησαν εἰς αἰσχύνην, καὶ ἐγένοντο οἱ ἐβδελυγμένοι ὡς οἱ ἠγαπημένοι.
28637	ΩΣΗΕ 9:12	μου ἐξ	2	consecutive enclitics	σάρξ	αὐτῶν	\vs{12}Διότι καὶ ἐὰν ἐκθρέψωσι τὰ τέκνα αὐτῶν, ἀτεκνωθήσονται ἐξ ἀνθρώπων· διότι καὶ οὐαὶ αὐτοῖς ἐστι· σάρξ μου ἐξ αὐτῶν.
28661	ΩΣΗΕ 10:13	σου ἐν	2	consecutive enclitics	ἁμαρτήμασί	πλήθει	\vs{13}Ἱνατί παρεσιωπήσατε ἀσέβειαν, καὶ τὰς ἀδικίας αὐτῆς ἐτρυγήσατε; ἐφάγετε καρπὸν ψευδῆ, ὅτι ἤλπισας ἐν τοῖς ἁμαρτήμασί σου, ἐν πλήθει δυνάμεώς σου.
28675	ΩΣΗΕ 11:8	μου ἐν	2	consecutive enclitics	καρδία	τῷ	\vs{8}Τί σε διαθῶμαι Ἐφραίμ; ὑπερασπιῶ σου Ἰσραήλ; τί σε διαθῶ; ὡς Ἀδάμα θήσομαί σε, καὶ ὡς Σεβοείμ· μετεστράφη ἡ καρδία μου ἐν τῷ αὐτῷ, συνεταράχθη ἡ μεταμέλειά μου·
28676	ΩΣΗΕ 11:9	μου οὐ	2	consecutive enclitics	θυμοῦ	μὴ	\vs{9}Οὐ μὴ ποιήσω κατὰ τὴν ὀργὴν τοῦ θυμοῦ μου· οὐ μὴ ἐγκαταλίπω τοῦ ἐξαλειφθῆναι τὸν Ἐφραὶμ· διότι Θεὸς ἐγώ εἰμι, καὶ οὐκ ἄνθρωπος, ἐν σοὶ ἅγιος, καὶ οὐκ εἰσελεύσομαι εἰς πόλιν.
28681	ΩΣΗΕ 12:1	με ἐν	2	consecutive enclitics	Ἐκύκλωσέ	ψεύδει	Ἐκύκλωσέ με ἐν ψεύδει Ἐφραὶμ, καὶ ἐν ἀσεβείαις οἶκος Ἰσραὴλ, καὶ Ἰούδα· νῦν ἔγνω αὐτοὺς ὁ Θεὸς, καὶ ὁ λαὸς ἅγιος κεκλήσεται Θεοῦ.
28687	ΩΣΗΕ 12:5	μου ἐν	2	consecutive enclitics	ἐδεήθησάν	τῷ	\vs{5}Καὶ ἐνίσχυσε μετὰ ἀγγέλου, καὶ ἠδυνάσθη· ἔκλαυσαν, καὶ ἐδεήθησάν μου· ἐν τῷ οἴκῳ Ὦν εὕροσάν με, καὶ ἐκεῖ ἐλαλήθη πρὸς αὐτούς.
28693	ΩΣΗΕ 12:10	σε ἐκ	2	consecutive enclitics	ἀνήγαγόν	γῆς	\vs{10}Ἐγὼ δὲ Κύριος ὁ Θεός σου ἀνήγαγόν σε ἐκ γῆς Αἰγύπτου, ἔτι κατοικιῶ σε ἐν σκηναῖς, καθὼς ἡμέραι ἑορτῆς.
28693	ΩΣΗΕ 12:10	σε ἐν	2	consecutive enclitics	κατοικιῶ	σκηναῖς	\vs{10}Ἐγὼ δὲ Κύριος ὁ Θεός σου ἀνήγαγόν σε ἐκ γῆς Αἰγύπτου, ἔτι κατοικιῶ σε ἐν σκηναῖς, καθὼς ἡμέραι ἑορτῆς.
28705	ΩΣΗΕ 13:4	σου ὁ	2	consecutive enclitics	Θεός	στερεῶν	\vs{4}Ἐγὼ δὲ Κύριος ὁ Θεός σου ὁ στερεῶν τὸν οὐρανὸν, καὶ κτίζων γῆν, οὗ αἱ χεῖρες ἔκτισαν πᾶσαν τὴν στρατιὰν τοῦ οὐρανοῦ, καὶ οὐ παρέδειξά σοι αὐτὰ τοῦ πορεύεσθαι ὀπίσω αὐτῶν· καὶ ἐγὼ ἀνήγαγόν σε ἐκ γῆς Αἰγύπτου, καὶ θεὸν πλὴν ἐμοῦ οὐ γνώσῃ, καὶ σώζων οὐκ ἔστι πάρεξ ἐμοῦ.
28705	ΩΣΗΕ 13:4	σε ἐκ	2	consecutive enclitics	ἀνήγαγόν	γῆς	\vs{4}Ἐγὼ δὲ Κύριος ὁ Θεός σου ὁ στερεῶν τὸν οὐρανὸν, καὶ κτίζων γῆν, οὗ αἱ χεῖρες ἔκτισαν πᾶσαν τὴν στρατιὰν τοῦ οὐρανοῦ, καὶ οὐ παρέδειξά σοι αὐτὰ τοῦ πορεύεσθαι ὀπίσω αὐτῶν· καὶ ἐγὼ ἀνήγαγόν σε ἐκ γῆς Αἰγύπτου, καὶ θεὸν πλὴν ἐμοῦ οὐ γνώσῃ, καὶ σώζων οὐκ ἔστι πάρεξ ἐμοῦ.
28706	ΩΣΗΕ 13:5	σε ἐν	2	consecutive enclitics	ἐποίμαινόν	τῇ	\vs{5}Ἐγὼ ἐποίμαινόν σε ἐν τῇ ἐρήμῳ, ἐν γῇ ἀοικήτῳ
28712	ΩΣΗΕ 13:10	σε ἐν	2	consecutive enclitics	διασωσάτω	πάσαις	\vs{10}Ποῦ ὁ βασιλεύς σου οὗτος; καὶ διασωσάτω σε ἐν πάσαις ταῖς πόλεσί σου· κρινάτω σε ὃν εἶπας, δός μοι βασιλέα καὶ ἄρχοντα.
28716	ΩΣΗΕ 13:13	σου ὁ	2	consecutive enclitics	υἱός	φρόνιμος	\vs{13}ὠδῖνες ὡς τικτούσης ἥξουσιν αὐτῷ· οὗτος ὁ υἱός σου ὁ φρόνιμος, διότι οὐ μὴ ὑποστῇ ἐν συντριβῇ τέκνων.
28722	ΩΣΗΕ 14:1	αἱ ἐν	2	consecutive enclitics	καὶ	γαστρὶ	Ἀφανισθήσεται Σαμάρεια, ὅτι ἀντέστη πρὸς τὸν Θεὸν αὐτῆς· ἐν ῥομφαίᾳ πεσοῦνται αὐτοὶ, καὶ τὰ ὑποτίτθια αὐτῶν ἐδαφισθήσονται, καὶ αἱ ἐν γαστρὶ ἔχουσαι αὐτῶν διαῤῥαγήσονται.
28726	ΩΣΗΕ 14:4	ὁ ἐν	2	consecutive enclitics	ἡμῶν	σοὶ	\vs{4}Ἀσσοὺρ οὐ μὴ σώσῃ ἡμᾶς, ἐφʼ ἵππον οὐκ ἀναβησόμεθα· οὐκέτι μὴ εἴπωμεν, θεοὶ ἡμῶν, τοῖς ἔργοις τῶν χειρῶν ἡμῶν· ὁ ἐν σοὶ ἐλεήσει ὀρφανόν.
28728	ΩΣΗΕ 14:5	μου ἀπ	2	consecutive enclitics	ὀργήν	αὐτοῦ	\vs{5}Ἰάσομαι τὰς κατοικίας αὐτῶν, ἀγαπήσω αὐτοὺς ὁμολόγως, ὅτι ἀπέστρεψε τὴν ὀργήν μου ἀπʼ αὐτοῦ.
28729	ΩΣΗΕ 14:6	ὡς ὁ	2	consecutive enclitics	αὐτοῦ	Λίβανος	\vs{6}Ἔσομαι ὡς δρόσος τῷ Ἰσραὴλ, ἀνθήσει ὡς κρίνον, καὶ βαλεῖ τὰς ῥίζας αὐτοῦ ὡς ὁ Λίβανος·
28749	ΙΩΗΛ 1:7	μου εἰς	2	consecutive enclitics	ἄμπελόν	ἀφανισμὸν	\vs{7}Ἔθετο τὴν ἄμπελόν μου εἰς ἀφανισμὸν, καὶ τὰς συκάς μου εἰς συγκλασμόν· ἐρευνῶν ἐξηρεύνησεν αὐτὴν, καὶ ἔῤῥιψεν· ἐλεύκανε τὰ κλήματα αὐτῆς.
28749	ΙΩΗΛ 1:7	μου εἰς	2	consecutive enclitics	συκάς	συγκλασμόν	\vs{7}Ἔθετο τὴν ἄμπελόν μου εἰς ἀφανισμὸν, καὶ τὰς συκάς μου εἰς συγκλασμόν· ἐρευνῶν ἐξηρεύνησεν αὐτὴν, καὶ ἔῤῥιψεν· ἐλεύκανε τὰ κλήματα αὐτῆς.
28788	ΙΩΗΛ 2:17	σου εἰς	2	consecutive enclitics	κληρονομίαν	ὄνειδος	\vs{17}Ἀναμέσον τῆς κρηπίδος τοῦ θυσιαστηρίου, κλαύσονται οἱ ἱερεῖς οἱ λειτουργοῦντες τῷ Κυρίῳ, καὶ ἐροῦσι, φεῖσαι Κύριε, τοῦ λαοῦ σου, καὶ μὴ δῷς τὴν κληρονομίαν σου εἰς ὄνειδος, τοῦ κατάρξαι αὐτῶν ἔθνη, ὅπως μὴ εἴπωσιν ἐν τοῖς ἔθνεσι, ποῦ ἐστιν ὁ Θεὸς αὐτῶν;
28788	ΙΩΗΛ 2:17	ἐστιν ὁ	2	consecutive enclitics	ποῦ	Θεὸς	\vs{17}Ἀναμέσον τῆς κρηπίδος τοῦ θυσιαστηρίου, κλαύσονται οἱ ἱερεῖς οἱ λειτουργοῦντες τῷ Κυρίῳ, καὶ ἐροῦσι, φεῖσαι Κύριε, τοῦ λαοῦ σου, καὶ μὴ δῷς τὴν κληρονομίαν σου εἰς ὄνειδος, τοῦ κατάρξαι αὐτῶν ἔθνη, ὅπως μὴ εἴπωσιν ἐν τοῖς ἔθνεσι, ποῦ ἐστιν ὁ Θεὸς αὐτῶν;
28798	ΙΩΗΛ 2:25	μου ἡ	2	consecutive enclitics	δύναμίς	μεγάλη	\vs{25}Καὶ ἀνταποδώσω ὑμῖν ἀντὶ τῶν ἐτῶν ὧν κατέφαγεν ἡ ἀκρὶς, καὶ ὁ βροῦχος, καὶ ἡ ἐρυσίβη, καὶ ἡ κάμπη, ἡ δύναμίς μου ἡ μεγάλη, ἣν ἐξαπέστειλα εἰς ὑμᾶς.
28799	ΙΩΗΛ 2:26	μου εἰς	2	consecutive enclitics	λαός	τὸν	\vs{26}Καὶ φάγεσθε ἐσθίοντες, καὶ ἐμπλησθήσεσθε, καὶ αἰνέσετε τὸ ὄνομα Κυρίου τοῦ Θεοῦ ὑμῶν, ἃ ἐποίησε μεθʼ ὑμῶν εἰς θαυμάσια· καὶ οὐ μὴ καταισχυνθῇ ὁ λαός μου εἰς τὸν αἰῶνα.
28800	ΙΩΗΛ 2:27	μου εἰς	2	consecutive enclitics	λαός	τὸν	\vs{27}Καὶ ἐπιγνώσεσθε ὅτι ἐν μέσῳ τοῦ Ἰσραὴλ ἐγώ εἰμι, καὶ ἐγὼ Κύριος ὁ Θεὸς ὑμῶν, καὶ οὐκ ἕστιν ἔτι πλὴν ἐμοῦ· καὶ οὐ μὴ καταισχυνθῶσιν ἔτι ὁ λαός μου εἰς τὸν αἰῶνα.
28909	ΑΜΩΣ 4:1	αἱ ἐν	2	consecutive enclitics	Βασανίτιδος	τῷ	Ἀκούσατε τὸν λόγον τοῦτον δαμάλεις τῆς Βασανίτιδος, αἱ ἐν τῷ ὄρει τῆς Σαμαρείας, αἱ καταδυναστεύουσαι πτωχοὺς, καὶ καταπατοῦσαι πένητας, αἱ λέγουσαι τοῖς κυρίοις αὐτῶν, ἐπίδοτε ἡμῖν ὅπως πίωμεν.
28920	ΑΜΩΣ 4:9	οὐδ ὡς	2	consecutive enclitics	καὶ	ἐπεστρέψατε	\vs{9}Ἐπάταξα ὑμᾶς ἐν πυρώσει, καὶ ἐν ἰκτέρῳ· ἐπληθύνατε κήπους ὑμῶν, ἀμπελῶνας ὑμῶν, καὶ συκεῶνας ὑμῶν· καὶ ἐλαιῶνας ὑμῶν κατέφαγεν ἡ κάμπη· καὶ οὐδʼ ὡς ἐπεστρέψατε πρὸς μὲ, λέγει Κύριος.
28921	ΑΜΩΣ 4:10	οὐδ ὡς	2	consecutive enclitics	καὶ	ἐπεστρέψατε	\vs{10}Ἐξαπέστειλα εἰς ὑμᾶς θάνατον ἐν ὁδῷ Αἰγύπτου, καὶ ἀπέκτεινα ἐν ῥομφαίᾳ τοὺς νεανίσκους ὑμῶν, μετὰ αἰχμαλωσίας ἵππων σου, καὶ ἀνήγαγον ἐν πυρὶ τὰς παρεμβολὰς ἐν τῇ ὀργῇ ὑμῶν· καὶ οὐδʼ ὡς ἐπεστρέψατε πρὸς μὲ, λέγει Κύριος.
28922	ΑΜΩΣ 4:11	οὐδ ὡς	2	consecutive enclitics	καὶ	ἐπεστρέψατε	\vs{11}Κατέστρεψα ὑμᾶς, καθὼς κατέστρεψεν ὁ Θεὸς Σόδομα καὶ Γόμοῤῥα, καὶ ἐγένεσθε ὡς δαλὸς ἐξέσπασμένος ἐκ πυρός· καὶ οὐδʼ ὡς ἐπεστρέψατε πρὸς μὲ, λέγει Κύριος.
28933	ΑΜΩΣ 5:5	ὡς οὐχ	2	consecutive enclitics	ἔσται	ὑπάρχουσα	\vs{5}Καὶ μὴ ἐκζητεῖτε Βαιθὴλ, καὶ εἰς Γάλγαλα μὴ εἰσπορεύεσθε, καὶ ἐπὶ τὸ φρέαρ τοῦ ὅρκου μὴ διαβαίνετε, ὅτι Γάλγαλα αἰχμαλωτευομένη αἰχμαλωτευθήσεται, καὶ Βαιθὴλ ἔσται ὡς οὐχ ὑπάρχουσα.
28957	ΑΜΩΣ 5:23	σου οὐκ	2	consecutive enclitics	ὀργάνων	ἀκούσομαι	\vs{23}Μετάστησον ἀπʼ ἐμοῦ ἦχον ᾠδῶν σου, καὶ ψαλμὸν ὀργάνων σου οὐκ ἀκούσομαι.
28969	ΑΜΩΣ 6:5	οὐχ ὡς	2	consecutive enclitics	καὶ	φεύγοντα	\vs{5}οἱ ἐπικροτοῦντες πρὸς τὴν φωνὴν τῶν ὀργάνων, ὡς ἑστηκότα ἐλογίσαντο, καὶ οὐχ ὡς φεύγοντα,
29006	ΑΜΩΣ 7:17	σου ἐν	2	consecutive enclitics	γυνή	τῇ	\vs{17}Διὰ τοῦτο τάδε λέγει Κύριος, ἡ γυνή σου ἐν τῇ πόλει πορνεύσει, καὶ οἱ υἱοί σου καὶ αἱ θυγατέρες σου ἐν ῥομφαίᾳ πεσοῦνται, καὶ ἡ γῆ σου ἐν σχοινίῳ καταμετρηθήσεται, καὶ σὺ ἐν γῇ ἀκαθάρτῳ τελευτήσεις, ὁ δὲ Ἰσραὴλ αἰχμάλωτος ἀχθήσεται ἀπὸ τῆς γῆς αὐτοῦ· οὕτως ἔδειξέ μοι Κύριος Κύριος.
29006	ΑΜΩΣ 7:17	σου ἐν	2	consecutive enclitics	θυγατέρες	ῥομφαίᾳ	\vs{17}Διὰ τοῦτο τάδε λέγει Κύριος, ἡ γυνή σου ἐν τῇ πόλει πορνεύσει, καὶ οἱ υἱοί σου καὶ αἱ θυγατέρες σου ἐν ῥομφαίᾳ πεσοῦνται, καὶ ἡ γῆ σου ἐν σχοινίῳ καταμετρηθήσεται, καὶ σὺ ἐν γῇ ἀκαθάρτῳ τελευτήσεις, ὁ δὲ Ἰσραὴλ αἰχμάλωτος ἀχθήσεται ἀπὸ τῆς γῆς αὐτοῦ· οὕτως ἔδειξέ μοι Κύριος Κύριος.
29006	ΑΜΩΣ 7:17	σου ἐν	2	consecutive enclitics	γῆ	σχοινίῳ	\vs{17}Διὰ τοῦτο τάδε λέγει Κύριος, ἡ γυνή σου ἐν τῇ πόλει πορνεύσει, καὶ οἱ υἱοί σου καὶ αἱ θυγατέρες σου ἐν ῥομφαίᾳ πεσοῦνται, καὶ ἡ γῆ σου ἐν σχοινίῳ καταμετρηθήσεται, καὶ σὺ ἐν γῇ ἀκαθάρτῳ τελευτήσεις, ὁ δὲ Ἰσραὴλ αἰχμάλωτος ἀχθήσεται ἀπὸ τῆς γῆς αὐτοῦ· οὕτως ἔδειξέ μοι Κύριος Κύριος.
29032	ΑΜΩΣ 9:3	μου εἰς	2	consecutive enclitics	ὀφθαλμῶν	τὰ	\vs{3}Ἐὰν ἐγκατακρυβῶσιν εἰς τὴν κορυφὴν τοῦ Καρμήλου, ἐκεῖθεν ἐξερευνήσω, καὶ λήψομαι αὐτούς· καὶ ἐὰν καταδύσωσιν ἐξ ὀφθαλμῶν μου εἰς τὰ βάθη τῆς θαλάσσης, ἐκεῖ ἐντελοῦμαι τῷ δράκοντι, καὶ δήξεται αὐτούς.
29033	ΑΜΩΣ 9:4	μου ἐπ	2	consecutive enclitics	ὀφθαλμούς	αὐτοὺς	\vs{4}Καὶ ἐὰν πορευθῶσιν ἐν αἰχμαλωσίᾳ πρὸ προσώπου τῶν ἐχθρῶν αὐτῶν, ἐκεῖ ἐντελοῦμαι τῇ ῥομφαίᾳ, καὶ ἀποκτενεῖ αὐτούς· καὶ στηριῶ τοὺς ὀφθαλμούς μου ἐπʼ αὐτοὺς εἰς κακὰ, καὶ οὐκ εἰς ἀγαθά.
29033	ΑΜΩΣ 9:4	οὐκ εἰς	2	consecutive enclitics	καὶ	ἀγαθά	\vs{4}Καὶ ἐὰν πορευθῶσιν ἐν αἰχμαλωσίᾳ πρὸ προσώπου τῶν ἐχθρῶν αὐτῶν, ἐκεῖ ἐντελοῦμαι τῇ ῥομφαίᾳ, καὶ ἀποκτενεῖ αὐτούς· καὶ στηριῶ τοὺς ὀφθαλμούς μου ἐπʼ αὐτοὺς εἰς κακὰ, καὶ οὐκ εἰς ἀγαθά.
29038	ΑΜΩΣ 9:7	Οὐχ ὡς	2	consecutive enclitics		υἱοὶ	\vs{7}Οὐχ ὡς υἱοὶ Αἰθιόπων ὑμεῖς ἐστὲ ἐμοὶ, υἱοὶ Ἰσραὴλ; λέγει Κύριος· οὐ τὸν Ἰσραὴλ ἀνήγαγον ἐκ γῆς Αἰγύπτου, καὶ τοὺς ἀλλοφύλους ἐκ Καππαδοκίας, καὶ τοὺς Σύρους ἐκ βόθρου;
29039	ΑΜΩΣ 9:8	οὐκ εἰς	2	consecutive enclitics	ὅτι	τέλος	\vs{8}Ἰδοὺ οἱ ὀφθαλμοὶ Κυρίου τοῦ Θεοῦ ἐπὶ τὴν βασιλείαν τῶν ἁμαρτωλῶν, καὶ ἐξαρῶ αὐτὴν ἀπὸ προσώπου τῆς γῆς· πλὴν ὅτι οὐκ εἰς τέλος ἐξαρῶ τὸν οἶκον Ἰακὼβ, λέγει Κύριος.
29041	ΑΜΩΣ 9:10	μου οἱ	2	consecutive enclitics	λαοῦ	λέγοντες	\vs{10}Ἐν ῥομφαίᾳ τελευτήσουσι πάντες ἁμαρτωλοὶ λαοῦ μου, οἱ λέγοντες, οὐ μὴ ἐγγίσῃ, οὐδὲ μὴ γένηται ἐφʼ ἡμᾶς τὰ κακά.
29044	ΑΜΩΣ 9:12	μου ἐπ	2	consecutive enclitics	ὄνομά	αὐτοὺς	\vs{12}Ὅπως ἐκζητήσωσιν οἱ κατάλοιποι τῶν ἀνθρώπων καὶ πάντα τὰ ἔθνη, ἐφʼ οὓς ἐπικέκληται τὸ ὄνομά μου ἐπʼ αὐτοὺς, λέγει Κύριος ὁ ποιῶν πάντα ταῦτα.
29057	ΟΒΔΕΙΟΥ 1:2	σε ἐν	2	consecutive enclitics	δέδωκά	τοῖς	\vs{2}Ἰδοὺ ὀλιγοστὸν δέδωκά σε ἐν τοῖς ἔθνεσιν, ἠτιμωμένος εἶ σὺ σφόδρα.
29063	ΟΒΔΕΙΟΥ 1:7	σου οὐκ	2	consecutive enclitics	ὑποκάτω	ἔστι	\vs{7}Ἕως τῶν ὁρίων ἐξαπέστειλάν σε· πάντες οἱ ἄνδρες τῆς διαθήκης σου ἀντέστησάν σοι, ἠδυνάσθησαν πρὸς σὲ ἄνδρες εἰρηνικοί σου, ἔθηκαν ἔνεδρα ὑποκάτω σου, οὐκ ἔστι σύνεσις αὐτοῖς.
29070	ΟΒΔΕΙΟΥ 1:12	σου ἐν	2	consecutive enclitics	ἀδελφοῦ	ἡμέρᾳ	\vs{12}Καὶ μὴ ἐπίδῃς ἡμέραν ἀδελφοῦ σου ἐν ἡμέρᾳ ἀλλοτρίων, καὶ μὴ ἐπιχαρῇς ἐπὶ τοὺς υἱοὺς Ἰούδα ἐν ἡμέρᾳ ἀπωλείας αὐτῶν, καὶ μὴ μεγαλοῤῥημονῇ ἐν ἡμέρᾳ θλίψεως,
29079	ΟΒΔΕΙΟΥ 1:19	οἱ ἐν	2	consecutive enclitics	κατακληρονομήσουσιν	ναγὲβ	\vs{19}Καὶ κατακληρονομήσουσιν οἱ ἐν ναγὲβ τὸ ὄρος τὸ Ἡσαῦ, καὶ οἱ ἐν τῇ σεφηλὰ τοὺς ἀλλοφύλους· καὶ κατακληρονομήσουσι τὸ ὄρος Ἐφραὶμ, καὶ τὸ πεδίον Σαμαρείας, καὶ Βενιαμὶν, καὶ τὴν Γαλααδίτιν.
29079	ΟΒΔΕΙΟΥ 1:19	οἱ ἐν	2	consecutive enclitics	καὶ	τῇ	\vs{19}Καὶ κατακληρονομήσουσιν οἱ ἐν ναγὲβ τὸ ὄρος τὸ Ἡσαῦ, καὶ οἱ ἐν τῇ σεφηλὰ τοὺς ἀλλοφύλους· καὶ κατακληρονομήσουσι τὸ ὄρος Ἐφραὶμ, καὶ τὸ πεδίον Σαμαρείας, καὶ Βενιαμὶν, καὶ τὴν Γαλααδίτιν.
29100	ΙΩΝΑΣ 1:8	σου ἡ	2	consecutive enclitics	τίς	ἐργασία	\vs{8}Καὶ εἶπον πρὸς αὐτὸν, ἀπάγγειλον ἡμῖν, τίς σου ἡ ἐργασία ἐστὶ, καὶ πόθεν ἔρχῃ, καὶ ἐκ ποίας χώρας, καὶ ἐκ ποίου λαοῦ εἶ σύ;
29104	ΙΩΝΑΣ 1:12	με εἰς	2	consecutive enclitics	ἐμβάλετέ	τὴν	\vs{12}Καὶ εἶπεν Ἰωνᾶς πρὸς αὐτοὺς, ἄρατέ με, καὶ ἐμβάλετέ με εἰς τὴν θάλασσαν, καὶ κοπάσει ἡ θάλασσα ἀφʼ ὑμῶν· διότι ἔγνωκα ἐγὼ, ὅτι διʼ ἐμὲ ὁ κλύδων ὁ μέγας οὗτος ἐφʼ ὑμᾶς ἐστι.
29117	ΙΩΝΑΣ 2:3	μου ἐκ	2	consecutive enclitics	εἰσήκουσέ	κοιλίας	Ἐβόησα ἐν θλίψει μου πρὸς Κύριον τὸν Θεόν μου, καὶ εἰσήκουσέ μου, ἐκ κοιλίας ᾅδου κραυγῆς μου, ἤκουσας φωνῆς μου, ἀπέῤῥιψάς με εἰς βάθη καρδίας θαλάσσης,
29117	ΙΩΝΑΣ 2:3	με εἰς	2	consecutive enclitics	ἀπέῤῥιψάς	βάθη	Ἐβόησα ἐν θλίψει μου πρὸς Κύριον τὸν Θεόν μου, καὶ εἰσήκουσέ μου, ἐκ κοιλίας ᾅδου κραυγῆς μου, ἤκουσας φωνῆς μου, ἀπέῤῥιψάς με εἰς βάθη καρδίας θαλάσσης,
29118	ΙΩΝΑΣ 2:4	σου ἐπ	2	consecutive enclitics	κύματά	ἐμὲ	\vs{4}καὶ ποταμοί ἐκύκλωσάν με, πάντες οἱ μετεωρισμοί σου καὶ τὰ κύματά σου ἐπʼ ἐμὲ διῆλθον.
29120	ΙΩΝΑΣ 2:6	μου εἰς	2	consecutive enclitics	κεφαλή	σχισμὰς	\vs{6}Περιεχύθη μοι ὕδωρ ἕως ψυχῆς, ἄβυσσος ἐκύκλωσέ με ἐσχάτη, ἔδυ ἡ κεφαλή μου εἰς σχισμὰς ὀρέων,
29123	ΙΩΝΑΣ 2:8	μου εἰς	2	consecutive enclitics	προσευχή	ναὸν	\vs{8}Ἐν τῷ ἐκλείπειν ἀπʼ ἐμοῦ τὴν ψυχήν μου, τοῦ Κυρίου ἐμνήσθην, καὶ ἔλθοι πρὸς σὲ ἡ προσευχή μου εἰς ναὸν τὸν ἅγιόν σου.
29145	ΙΩΝΑΣ 4:2	μου ἐν	2	consecutive enclitics	ὄντος	τῇ	\vs{2}καὶ προσεύξατο πρὸς Κύριον, καὶ εἶπεν, Κύριε, οὐχ οὗτοι οἱ λόγοι μου, ἔτι ὄντος μου ἐν τῇ γῇ μου; διατοῦτο προέφθασα τοῦ φυγεῖν εἰς Θαρσὶς, διότι ἔγνων ὅτι σὺ ἐλεήμων καὶ οἰκτίρμων, μακρόθυμος καὶ πολυέλεος, καὶ μετανοῶν ἐπὶ ταῖς κακίαις.
29146	ΙΩΝΑΣ 4:3	μου ἀπ	2	consecutive enclitics	ψυχήν	ἐμοῦ	\vs{3}Καὶ νῦν, δέσποτα Κύριε, λάβε τὴν ψυχήν μου ἀπʼ ἐμοῦ, ὅτι καλὸν τὸ ἀποθανεῖν με ἢ ζῇν με.
29166	ΜΙΧΑΙΑΣ 1:2	οἱ ἐν	2	consecutive enclitics	πάντες	αὐτῇ	\vs{2}Ἀκούσατε λαοὶ λόγους, καὶ προσεχέτω ἡ γῆ, καὶ πάντες οἱ ἐν αὐτῇ· καὶ ἔσται Κύριος Κύριος ἐν ὑμῖν εἰς μαρτύριον, Κύριος ἐξ οἴκου ἁγίου αὐτοῦ.
29170	ΜΙΧΑΙΑΣ 1:5	οὐχ ἡ	2	consecutive enclitics	Ἰακώβ	Σαμάρεια	\vs{5}Διʼ ἀσέβειαν Ἰακὼβ πάντα ταῦτα, καὶ διʼ ἁμαρτίαν οἴκου Ἰσραήλ· τίς ἡ ἀσέβεια τοῦ Ἰακώβ; οὐχ ἡ Σαμάρεια; καὶ τίς ἡ ἁμαρτία οἴκου Ἰούδα; οὐχὶ Ἱερουσαλήμ;
29177	ΜΙΧΑΙΑΣ 1:10	Οἱ ἐν	2	consecutive enclitics		Γὲθ	\vs{10}Οἱ ἐν Γὲθ μὴ μεγαλύνεσθε, καὶ οἱ Ἐνακεὶμ μὴ ἀνοικοδομεῖτε ἐξ οἴκου κατὰ γέλωτα, γῆν καταπάσασθε καταγέλωτα ὑμῶν,
29184	ΜΙΧΑΙΑΣ 1:16	σου ὡς	2	consecutive enclitics	χηρείαν	ἀετὸς	\vs{16}Ξύρησαι, καὶ κεῖραι ἐπὶ τὰ τέκνα τὰ τρυφερά σου, ἐμπλάτυνον τὴν χηρείαν σου ὡς ἀετὸς, ὅτι ᾐχμαλωτεύθησαν ἀπὸ σοῦ.
29196	ΜΙΧΑΙΑΣ 2:8	μου εἰς	2	consecutive enclitics	λαός	ἔχθραν	\vs{8}Καὶ ἔμπροσθεν ὁ λαός μου εἰς ἔχθραν ἀντέστη, κατέναντι τῆς εἰρήνης αὐτοῦ· τὴν δορὰν αὐτοῦ ἐξέδειραν, τοῦ ἀφελέσθαι ἐλπίδας συντριμμὸν πολέμου.
29200	ΜΙΧΑΙΑΣ 2:11	σοι εἰς	2	consecutive enclitics	ἐστάλαξέ	οἶνον	\vs{11}κατεδιώχθητε οὐδενὸς διώκοντος· πνεῦμα ἔστησε ψεῦδος, ἐστάλαξέ σοι εἰς οἶνον καὶ μέθυσμα· καὶ ἔσται, ἐκ τῆς σταγόνος τοῦ λαοῦ τούτου
29217	ΜΙΧΑΙΑΣ 3:11	ἐστιν οὐ	2	consecutive enclitics	ἡμῖν	μὴ	\vs{11}οἱ ἡγούμενοι αὐτῆς μετὰ δώρων ἔκρινον, καὶ οἱ ἱερεῖς αὐτῆς μετὰ μισθοῦ ἀπεκρίνοντο, καὶ οἱ προφῆται αὐτῆς μετὰ ἀργυρίου ἐμαντεύοντο, καὶ ἐπὶ τὸν Κύριον ἐπανεπαύοντο, λέγοντες, οὐχὶ ὁ Κύριος ἐν ἡμῖν ἐστιν; οὐ μὴ ἐπέλθῃ ἐφʼ ἡμᾶς κακά.
29233	ΜΙΧΑΙΑΣ 4:10	σου ἐκ	2	consecutive enclitics	Θεός	χειρὸς	\vs{10}Ὤδινε καὶ ἀνδρίζου, καὶ ἔγγιζε θυγάτηρ Σιὼν ὡς τίκτουσα· διότι νῦν ἐξελεύσῃ ἐκ πόλεως, καὶ κατασκηνώσεις ἐν πεδίῳ, καὶ ἥξεις ἕως Βαβυλῶνος· ἐκεῖθεν ῥύσεταί σε, καὶ ἐκεῖθεν λυτρώσεταί σε Κύριος ὁ Θεός σου ἐκ χειρὸς ἐχθρῶν σου.
29256	ΜΙΧΑΙΑΣ 5:11	σου ἐκ	2	consecutive enclitics	φάρμακά	τῶν	\vs{11}καὶ ἐξολοθρεύσω τὰ φάρμακά σου ἐκ τῶν χειρῶν σου, καὶ ἀποφθεγγόμενοι οὐκ ἔσονται ἐν σοί·
29257	ΜΙΧΑΙΑΣ 5:12	σου ἐκ	2	consecutive enclitics	στηλὰς	μέσου	\vs{12}καὶ ἐξολοθρεύσω τὰ γλυπτά σου, καὶ τὰς στηλὰς σου ἐκ μέσου σου, καὶ οὐκ ἔτι μὴ προσκυνήσεις τοῖς ἔργοις τῶν χειρῶν σου.
29266	ΜΙΧΑΙΑΣ 6:4	σε ἐκ	2	consecutive enclitics	ἀνήγαγόν	γῆς	\vs{4}Διότι ἀνήγαγόν σε ἐκ γῆς Αἰγύπτου, καὶ ἐξ οἴκου δουλείας ἐλυτρωσάμην σε, καὶ ἐξαπέστειλα πρὸ προσώπου σου τὸν Μωυσῆν, καὶ Ἀαρὼν, καὶ Μαριάμ.
29279	ΜΙΧΑΙΑΣ 6:13	σε ἐν	2	consecutive enclitics	ἀφανιῶ	ταῖς	\vs{13}Καὶ ἐγὼ ἄρξομαι τοῦ πατάξαι σε, ἀφανιῶ σε ἐν ταῖς ἁμαρτίαις σου.
29282	ΜΙΧΑΙΑΣ 6:16	σε εἰς	2	consecutive enclitics	παραδῶ	ἀφανισμὸν	\vs{16}Καὶ ἐφύλαξας τὰ δικαιώματα Ζαμβρὶ, καὶ πάντα τὰ ἔργα οἴκου Ἀχαὰβ, καὶ ἐπορεύθητε ἐν ταῖς ὁδοῖς αὐτῶν, ὅπως παραδῶ σε εἰς ἀφανισμὸν, καὶ τοὺς κατοικοῦντας αὐτὴν εἰς συρισμὸν, καὶ ὀνείδη λαῶν λήψεσθε.
29290	ΜΙΧΑΙΑΣ 7:6	οἱ ἐν	2	consecutive enclitics	ἀνδρὸς	τῷ	\vs{6}Διότι υἱὸς ἀτιμάζει πατέρα, θυγάτηρ ἐπαναστήσεται ἐπὶ τὴν μητέρα αὐτῆς, νύμφη ἐπὶ τὴν πενθερὰν αὐτῆς, ἐχθροὶ πάντες ἀνδρὸς οἱ ἐν τῷ οἴκῳ αὐτοῦ.
29292	ΜΙΧΑΙΑΣ 7:7	μου ὁ	2	consecutive enclitics	εἰσακούσεταί	Θεός	\vs{7}Ἐγὼ δὲ ἐπὶ τὸν Κύριον ἐπιβλέψομαι, ὑπομενῶ ἐπὶ τῷ Θεῷ τῷ σωτῆρί μου, εἰσακούσεταί μου ὁ Θεός μου.
29294	ΜΙΧΑΙΑΣ 7:8	μοι ἡ	2	consecutive enclitics	ἐπίχαιρέ	ἐχθρά	\vs{8}Μὴ ἐπίχαιρέ μοι ἡ ἐχθρά μου, ὅτι πέπτωκα, καὶ ἀναστήσομαι· διότι ἐὰν καθίσω ἐν τῷ σκότει, Κύριος φωτιεῖ μοι.
29295	ΜΙΧΑΙΑΣ 7:9	με εἰς	2	consecutive enclitics	ἐξάξει	τὸ	\vs{9}Ὀργὴν Κυρίου ὑποίσω, ὅτι ἥμαρτον αὐτῷ, ἕως τοῦ δικαιῶσαι αὐτὸν τὴν δίκην μου· καὶ ποιήσει τὸ κρίμα μου, καὶ ἐξάξει με εἰς τὸ φῶς· ὄψομαι τὴν δικαιοσύνην αὐτοῦ,
29296	ΜΙΧΑΙΑΣ 7:10	σου οἱ	2	consecutive enclitics	Θεός	ὀφθαλμοί	\vs{10}καὶ ὄψεται ἡ ἐχθρά μου καὶ περιβαλεῖται αἰσχύνην, ἡ λέγουσα, ροῦ Κύριος ὁ Θεός σου; οἱ ὀφθαλμοί μου ἐπόψονται αὐτὴν, νῦν ἔσται εἰς καταπάτημα ὡς πηλὸς ἐν ταῖς ὁδοῖς.
29298	ΜΙΧΑΙΑΣ 7:11	σου ἡ	2	consecutive enclitics	ἐξάλειψίς	ἡμέρα	\vs{11}Ἡμέρα ἀλοιφῆς πλίνθου, ἐξάλειψίς σου ἡ ἡμέρα ἐκείνη, καὶ ἀποτρίψεται νόμιμά σου ἡ ἡμέρα ἐκείνη.
29298	ΜΙΧΑΙΑΣ 7:11	σου ἡ	2	consecutive enclitics	νόμιμά	ἡμέρα	\vs{11}Ἡμέρα ἀλοιφῆς πλίνθου, ἐξάλειψίς σου ἡ ἡμέρα ἐκείνη, καὶ ἀποτρίψεται νόμιμά σου ἡ ἡμέρα ἐκείνη.
29299	ΜΙΧΑΙΑΣ 7:12	σου αἱ	2	consecutive enclitics	πόλεις	ὀχυραὶ	\vs{12}Καὶ αἱ πόλεις σου ἥξουσιν εἰς ὁμαλισμὸν, καὶ εἰς διαμερισμὸν Ἀσσυρίων, καὶ αἱ πόλεις σου αἱ ὀχυραὶ εἰς διαμερισμὸν ἀπὸ Τύρου ἕως τοῦ ποταμοῦ, καὶ ἀπὸ θαλάσσης ἕως θαλάσσης, καὶ ἀπὸ ὄρους ἕως τοῦ ὄρους.
29302	ΜΙΧΑΙΑΣ 7:14	σου ἐν	2	consecutive enclitics	λαόν	ῥάβδῳ	\vs{14}Ποίμαινε λαόν σου ἐν ῥάβδῳ σου, πρόβατα κληρονομίας σου, κατασκηνοῦντας καθʼ ἑαυτοὺς δρυμὸν ἐν μέσῳ τοῦ Καρμήλου· νεμήσονται τὴν Βασανίτιν, καὶ τὴν Γαλααδίτιν καθὼς αἱ ἡμέραι τοῦ αἰῶνος.
29304	ΜΙΧΑΙΑΣ 7:15	σου ἐξ	2	consecutive enclitics	ἐξοδίας	Αἰγύπτου	\vs{15}Καὶ κατὰ τὰς ἡμέρας ἐξοδίας σου ἐξ Αἰγύπτου, ὄψεσθε θαυμαστά.
29332	ΝΑΟΥΜ 1:12	σου οὐκ	2	consecutive enclitics	ἀκοή	ἐνακουσθήσεται	\vs{12}Τάδε λέγει Κύριος κατάρχων ὑδάτων πολλῶν, καὶ οὕτως διασταλήσονται, καὶ ἡ ἀκοή σου οὐκ ἐνακουσθήσεται ἔτι.
29366	ΝΑΟΥΜ 3:6	σε εἰς	2	consecutive enclitics	θήσομαί	παράδειγμα	\vs{6}Καὶ ἐπιῤῥίψω ἐπὶ σὲ βδελυγμὸν κατὰ τὰς ἀκαθαρσίας σου, καὶ θήσομαί σε εἰς παράδειγμα.
29374	ΝΑΟΥΜ 3:13	σου ὡς	2	consecutive enclitics	λαός	γυναῖκες	\vs{13}Ἰδοὺ ὁ λαός σου ὡς γυναῖκες ἐν σοὶ, τοῖς ἐχθροῖς σου ἀνοιγόμεναι ἀνοιχθήσονται πύλαι τῆς γῆς σου, καταφάγεται πῦρ τοὺς μοχλούς σου.
29377	ΝΑΟΥΜ 3:15	σε ὡς	2	consecutive enclitics	καταφάγεταί	ἀκρὶς	\vs{15}Ἐκεῖ καταφάγεταί σε πῦρ, ἐξολοθρεύσει σε ῥομφαία, καταφάγεταί σε ὡς ἀκρὶς, καὶ βαρυνθήσῃ ὡς βροῦχος.
29379	ΝΑΟΥΜ 3:17	σου ὡς	2	consecutive enclitics	σύμμικτός	ἀκρὶς	\vs{17}Ἐξήλατο ὡς ἀττέλεβος ὁ σύμμικτός σου, ὡς ἀκρὶς ἐπιβεβηκυῖα ἐπὶ φραγμὸν ἐν ἡμέρᾳ πάγους· ὁ ἥλιος ἀνέτειλε, καὶ ἀφήλατο, καὶ οὐκ ἔγνω τὸν τόπον αὐτῆς· οὐαὶ αὐτοῖς.
29398	ΑΜΒΑΚΟΥΜ 1:7	ἐστιν ἐξ	2	consecutive enclitics	ἐπιφανής	αὐτοῦ	\vs{7}Φοβερὸς καὶ ἐπιφανής ἐστιν, ἐξ αὐτοῦ τὸ κρίμα αὐτοῦ ἔσται, καὶ τὸ λῆμμα αὐτοῦ ἐξ αὐτοῦ ἐξελεύσεται.
29415	ΑΜΒΑΚΟΥΜ 2:3	οὐκ εἰς	2	consecutive enclitics	καὶ	κενόν	\vs{3}Διότι ἔτι ὅρασις εἰς καιρὸν, καὶ ἀνατελεῖ εἰς πέρας, καὶ οὐκ εἰς κενόν· ἐὰν ὑστερήσῃ, ὑπόμεινον αὐτὸν, ὅτι ἐρχόμενος ἥξει, καὶ οὐ μὴ χρονίσῃ.
29417	ΑΜΒΑΚΟΥΜ 2:4	μου ἐν	2	consecutive enclitics	ψυχή	αὐτῷ	\vs{4}Ἐὰν ὑποστείληται, οὐκ εὐδοκεῖ ἡ ψυχή μου ἐν αὐτῷ· ὁ δὲ δίκαιος ἐκ πίστεώς μου ζήσεται.
29433	ΑΜΒΑΚΟΥΜ 2:17	σε δι	2	consecutive enclitics	πτοήσει	αἵματα	\vs{17}Διότι ἀσέβεια τοῦ Λιβάνου καλύψει σε, καὶ ταλαιπωρία θηρίων πτοήσει σε, διʼ αἵματα ἀνθρώπων, καὶ ἀσεβείας γῆς καὶ πόλεως, καὶ πάντων τῶν κατοικούντων αὐτήν.
29443	ΑΜΒΑΚΟΥΜ 3:2	μου ἐν	2	consecutive enclitics	ψυχήν	ὀργῇ	\vs{2}Κύριε εἰσακήκοα τὴν ἀκοήν σου, καὶ ἐφοβήθην· κατενόησα τὰ ἔργα σου, καὶ ἐξέστην· ἐν μέσῳ δύο ζώων γνωσθήσῃ, ἐν τῷ ἐγγίζειν τὰ ἔτη ἐπιγνωσθήσῃ· ἐν τῷ παρεῖναι τὸν καιρὸν ἀναδειχθήσῃ· ἐν τῷ ταραχθῆναι τὴν ψυχήν μου, ἐν ὀργῇ ἐλέους μνησθήσῃ.
29464	ΑΜΒΑΚΟΥΜ 3:19	μου εἰς	2	consecutive enclitics	πόδας	συντέλειαν	\vs{19}Κύριος ὁ Θεὸς δύναμίς μου, καὶ τάξει τοὺς πόδας μου εἰς συντέλειαν· ἐπὶ τὰ ὑψηλὰ ἐπιβιβᾷ με, τοῦ νικῆσαι ἐν τῇ ᾠδῇ αὐτοῦ.
29523	ΣΟΦΟΝΙΑΣ 3:5	οὐκ εἰς	2	consecutive enclitics	καὶ	νεῖκος	\vs{5}Ὁ δὲ Κύριος δίκαιος ἐν μέσῳ αὐτῆς, καὶ οὐ μὴ ποιήσῃ ἄδικον· πρωῒ πρωῒ δώσει κρίμα αὐτοῦ εἰς φῶς, καὶ οὐκ ἀπεκρύβη, καὶ οὐκ ἔγνω ἀδικίαν ἐν ἀπαιτήσει, καὶ οὐκ εἰς νεῖκος ἀδικίαν.
29527	ΣΟΦΟΝΙΑΣ 3:8	μου εἰς	2	consecutive enclitics	ἀναστάσεώς	μαρτύριον	\vs{8}Διατοῦτο ὑπόμεινόν με, λέγει Κύριος, εἰς ἡμέραν ἀναστάσεώς μου εἰς μαρτύριον· διὸ τὸ κρίμα μου εἰς συναγωγὰς ἐθνῶν, τοῦ εἰσδέξασθαι βασιλεῖς, τοῦ ἐκχέαι ἐπʼ αὐτοὺς πᾶσαν ὀργὴν θυμοῦ· διότι ἐν πυρὶ ζήλου μου καταναλωθήσεται πᾶσα ἡ γῆ.
29527	ΣΟΦΟΝΙΑΣ 3:8	μου εἰς	2	consecutive enclitics	κρίμα	συναγωγὰς	\vs{8}Διατοῦτο ὑπόμεινόν με, λέγει Κύριος, εἰς ἡμέραν ἀναστάσεώς μου εἰς μαρτύριον· διὸ τὸ κρίμα μου εἰς συναγωγὰς ἐθνῶν, τοῦ εἰσδέξασθαι βασιλεῖς, τοῦ ἐκχέαι ἐπʼ αὐτοὺς πᾶσαν ὀργὴν θυμοῦ· διότι ἐν πυρὶ ζήλου μου καταναλωθήσεται πᾶσα ἡ γῆ.
29536	ΣΟΦΟΝΙΑΣ 3:15	σε ἐκ	2	consecutive enclitics	λελύτρωταί	χειρὸς	\vs{15}Περιεῖλε Κύριος τὰ ἀδικήματά σου, λελύτρωταί σε ἐκ χειρὸς ἐχθρῶν σου· βασιλεὺς Ἰσραὴλ Κύριος ἐν μέσῳ σου, οὐκ ὄψῃ κακὰ οὐκέτι.
29536	ΣΟΦΟΝΙΑΣ 3:15	σου οὐκ	2	consecutive enclitics	μέσῳ	ὄψῃ	\vs{15}Περιεῖλε Κύριος τὰ ἀδικήματά σου, λελύτρωταί σε ἐκ χειρὸς ἐχθρῶν σου· βασιλεὺς Ἰσραὴλ Κύριος ἐν μέσῳ σου, οὐκ ὄψῃ κακὰ οὐκέτι.
29539	ΣΟΦΟΝΙΑΣ 3:17	σου ἐν	2	consecutive enclitics	Θεός	σοὶ	\vs{17}Κύριος ὁ Θεός σου ἐν σοὶ, ὁ δυνατὸς σώσει σε, ἐπάξει ἐπὶ δὲ εὐφροσύνην, καὶ καινιεῖ σε ἐν τῇ ἀγαπήσει αὐτοῦ· καὶ εὐφρανθήσεται ἐπὶ σὲ ἐν τέρψει ὡς ἐν ἡμέρᾳ ἑορτῆς.
29539	ΣΟΦΟΝΙΑΣ 3:17	σε ἐν	2	consecutive enclitics	καινιεῖ	τῇ	\vs{17}Κύριος ὁ Θεός σου ἐν σοὶ, ὁ δυνατὸς σώσει σε, ἐπάξει ἐπὶ δὲ εὐφροσύνην, καὶ καινιεῖ σε ἐν τῇ ἀγαπήσει αὐτοῦ· καὶ εὐφρανθήσεται ἐπὶ σὲ ἐν τέρψει ὡς ἐν ἡμέρᾳ ἑορτῆς.
29539	ΣΟΦΟΝΙΑΣ 3:17	ὡς ἐν	2	consecutive enclitics	τέρψει	ἡμέρᾳ	\vs{17}Κύριος ὁ Θεός σου ἐν σοὶ, ὁ δυνατὸς σώσει σε, ἐπάξει ἐπὶ δὲ εὐφροσύνην, καὶ καινιεῖ σε ἐν τῇ ἀγαπήσει αὐτοῦ· καὶ εὐφρανθήσεται ἐπὶ σὲ ἐν τέρψει ὡς ἐν ἡμέρᾳ ἑορτῆς.
29542	ΣΟΦΟΝΙΑΣ 3:19	σου ἐν	2	consecutive enclitics	ἔνεκέν	τῷ	\vs{19}Ἰδοὺ ἐγὼ ποιῶ ἐν σοὶ ἔνεκέν σου ἐν τῷ καιρῷ ἐκείνῳ, λέγει Κύριος, καὶ σώσω τὴν ἐκπεπιεσμένην, καὶ τὴν ἀπωσμένην εἰσδέξομαι, καὶ θήσομαι αὐτοὺς εἰς καύχημα, καὶ ὀνομαστοὺς ἐν πάσῃ τῇ γῇ.
29557	ΑΓΓΑΙΟΣ 1:6	οὐκ εἰς	2	consecutive enclitics	καὶ	πλησμονὴν	\vs{6}Ἐσπείρατε πολλὰ καὶ εἰσηνέγκατε ὀλίγα, ἐφάγετε καὶ οὐκ εἰς πλησμονὴν, ἐπίετε καὶ οὐκ εἰς μέθην, περιεβάλεσθε καὶ οὐκ ἐθερμάνθητε ἐν αὐτοῖς, καὶ ὁ τοὺς μισθοὺς συνάγων, συνήγαγεν εἰς δεσμὸν τετρυπημένον.
29557	ΑΓΓΑΙΟΣ 1:6	οὐκ εἰς	2	consecutive enclitics	καὶ	μέθην	\vs{6}Ἐσπείρατε πολλὰ καὶ εἰσηνέγκατε ὀλίγα, ἐφάγετε καὶ οὐκ εἰς πλησμονὴν, ἐπίετε καὶ οὐκ εἰς μέθην, περιεβάλεσθε καὶ οὐκ ἐθερμάνθητε ἐν αὐτοῖς, καὶ ὁ τοὺς μισθοὺς συνάγων, συνήγαγεν εἰς δεσμὸν τετρυπημένον.
29566	ΑΓΓΑΙΟΣ 1:13	εἰμι μεθ	2	consecutive enclitics	ἐγώ	ὑμῶν	\vs{13}Καὶ εἶπεν Ἀγγαῖος ἄγγελος Κυρίου ἐν ἀγγέλοις Κυρίου τῷ λαῷ, ἐγώ εἰμι μεθʼ ὑμῶν, λέγει Κύριος.
29601	ΑΓΓΑΙΟΣ 2:23	σε ὡς	2	consecutive enclitics	θήσομαί	σφραγίδα	\vs{23}Ἐν τῇ ἡμέρᾳ ἐκείνῃ, λέγει Κύριος παντοκράτωρ, λήψομαί σε Ζοροβάβελ τὸν τοῦ Σαλαθιὴλ, τὸν δοῦλόν μου, λέγει Κύριος, καὶ θήσομαί σε ὡς σφραγίδα, διότι σὲ ᾑρέτισα, λέγει Κύριος παντοκράτωρ.
29617	ΖΑΧΑΡΙΑΣ 1:7	ἐστιν ὁ	2	consecutive enclitics	οὗτός	μὴν	\vs{7}Τῇ τετράδι καὶ εἰκάδι, τῷ ἑνδεκάτῳ μηνὶ, οὗτός ἐστιν ὁ μὴν Σαβὰτ, ἐν τῷ δευτέρῳ ἔτει, ἐπὶ Δαρείου, ἐγένετο λόγος Κυρίου πρὸς Ζαχαρίαν τὸν τοῦ Βαραχίου υἱὸν Ἀδδὼ τὸν προφήτην, λέγων,
29649	ΖΑΧΑΡΙΑΣ 2:12	ὡς ὁ	2	consecutive enclitics	ὑμῶν	ἁπτόμενος	\vs{12}Διότι τάδε λέγει Κύριος παντοκράτωρ, ὀπίσω δόξης ἀπέσταλκέ με ἐπὶ τὰ ἔθνη τὰ σκυλεύσαντα ὑμᾶς, διότι ὁ ἁπτόμενος ὑμῶν ὡς ὁ ἁπτόμενος τῆς κόρης τοῦ ὀφθαλμοῦ αὐτοῦ.
29650	ΖΑΧΑΡΙΑΣ 2:13	μου ἐπ	2	consecutive enclitics	χεῖρά	αὐτοὺς	\vs{13}Διότι ἰδοὺ ἐγὼ ἐπιφέρω τὴν χεῖρά μου ἐπʼ αὐτοὺς, καὶ ἔσονται σκῦλα τοῖς δουλεύουσιν αὐτοῖς, καὶ γνώσεσθε ὅτι Κύριος παντοκράτωρ ἀπέσταλκέ με.
29670	ΖΑΧΑΡΙΑΣ 3:8	σου οἱ	2	consecutive enclitics	πλησίον	καθήμενοι	\vs{8}Ἄκουε δὴ Ἰησοῦ ὁ ἱερεὺς ὁ μέγας, σὺ καὶ οἱ πλησίον σου οἱ καθήμενοι πρὸ προσώπου, διότι ἄνδρες τερατοσκόποι εἰσὶ, διότι ἰδοὺ ἐγὼ ἄγω τὸν δοῦλόν μου Ἀνατολήν.
29683	ΖΑΧΑΡΙΑΣ 4:6	Οὐκ ἐν	2	consecutive enclitics		δυνάμει	Οὐκ ἐν δυνάμει μεγάλῃ, οὐδὲ ἐν ἰσχύϊ, ἀλλὰ ἐν πνεύματί μου, λέγει Κύριος παντοκράτωρ.
29688	ΖΑΧΑΡΙΑΣ 4:10	εἰσιν οἱ	2	consecutive enclitics	ὀφθαλμοί	ἐπιβλέποντες	\vs{10}Διότι τίς ἐξουδένωσεν εἰς ἡμέρας μικράς; καὶ χαροῦνται, καὶ ὄψονται τὸν λίθον τὸν κασσιτέρινον ἐν χειρὶ Ζοροβάβελ· ἑπτὰ οὗτοι ὀφθαλμοί εἰσιν οἱ ἐπιβλέποντες ἐπὶ πᾶσαν τὴν γῆν.
29690	ΖΑΧΑΡΙΑΣ 4:11	αἱ ἐκ	2	consecutive enclitics	αὗται	δεξιῶν	\vs{11}Καὶ ἀπεκρίθην, καὶ εἶπα πρὸς αὐτὸν, τί αἱ δύο ἐλαῖαι αὗται, αἱ ἐκ δεξιῶν τῆς λυχνίας καὶ ἐξ εὐωνύμων;
29691	ΖΑΧΑΡΙΑΣ 4:12	οἱ ἐν	2	consecutive enclitics	ἐλαιῶν	ταῖς	\vs{12}Καὶ ἐπηρώτησα ἐκ δευτέρου, καὶ εἶπα πρὸς αὐτὸν, τί οἱ δύο κλάδοι τῶν ἐλαιῶν οἱ ἐν ταῖς χερσὶ τῶν δύο μυξωτήρων τῶν χρυσῶν τῶν ἐπιχεόντων, καὶ ἐπαναγόντων τὰς ἐπαρυστρίδας τὰς χρυσᾶς;
29717	ΖΑΧΑΡΙΑΣ 6:5	ἐστιν οἱ	2	consecutive enclitics	ταῦτά	τέσσαρες	\vs{5}Καὶ ἀπεκρίθη ὁ ἄγγελος ὁ λαλῶν ἐν ἐμοὶ, καὶ εἶπε, ταῦτά ἐστιν οἱ τέσσαρες ἄνεμοι τοῦ οὐρανοῦ, ἐκπορεύονται παραστῆναι τῷ Κυρίῳ πάσης τῆς γῆς.
29721	ΖΑΧΑΡΙΑΣ 6:8	μου ἐν	2	consecutive enclitics	θυμόν	γῇ	\vs{8}Καὶ ἀνεβόησε, καὶ ἐλάλησε πρὸς μὲ, λέγων, ἰδοὺ οἱ ἐκπορευόμενοι ἐπὶ γῆν Βοῤῥᾶ, καὶ ἀνέπαυσαν τὸν θυμόν μου ἐν γῇ βοῤῥᾶ.
29797	ΖΑΧΑΡΙΑΣ 9:7	ὡς ὁ	2	consecutive enclitics	Ἀκκάρων	Ἰεβουσαῖος	\vs{7}καὶ ἐξαρῶ τὸ αἷμα αὐτῶν ἐκ στόματος αὐτῶν, καὶ τὰ βδελύγματα αὐτῶν ἐκ μέσου ὀδόντων αὐτῶν· καὶ ὑπολειφθήσονται καὶ οὗτοι τῷ Θεῷ ἡμῶν, καὶ ἔσονται ὡς χιλίαρχος ἐν Ἰούδᾳ, καὶ Ἀκκάρων ὡς ὁ Ἰεβουσαῖος.
29803	ΖΑΧΑΡΙΑΣ 9:11	σου ἐκ	2	consecutive enclitics	δεσμίους	λάκκου	\vs{11}Καὶ σὺ ἐν αἵματι διαθήκης σου ἐξαπέστειλας δεσμίους σου ἐκ λάκκου οὐκ ἔχοντος ὕδωρ.
29805	ΖΑΧΑΡΙΑΣ 9:13	σε ὡς	2	consecutive enclitics	ψηλαφήσω	ῥομφαίαν	\vs{13}διότι ἐνέτεινά σε Ἰούδα ἐμαυτῷ τόξον, ἔπλησα τὸν Ἐφραὶμ, καὶ ἐξεγερῶ τὰ τέκνα σου Σιὼν ἐπὶ τὰ τέκνα τῶν Ἑλλήνων, καὶ ψηλαφήσω σε ὡς ῥομφαίαν μαχητοῦ,
29820	ΖΑΧΑΡΙΑΣ 10:7	ὡς ἐν	2	consecutive enclitics	αὐτῶν	οἴνῳ	\vs{7}καὶ ἔσονται ὡς μαχηταὶ τοῦ Ἐφραὶμ, καὶ χαρήσεται ἡ καρδία αὐτῶν ὡς ἐν οἴνῳ· καὶ τὰ τέκνα αὐτῶν ὄψονται, καὶ εὐφρανθήσονται, καὶ χαρεῖται ἡ καρδία αὐτῶν ἐπὶ τῷ Κυρίῳ.
29839	ΖΑΧΑΡΙΑΣ 11:8	μου ἐπ	2	consecutive enclitics	ψυχή	αὐτοὺς	\vs{8}Καὶ ἐξαρῶ τοὺς τρεῖς ποιμένας ἐν μηνὶ ἑνὶ, καὶ βαρυνθήσεται ἡ ψυχή μου ἐπʼ αὐτοὺς, καὶ γὰρ αἱ ψυχαὶ αὐτῶν ἐπωρύοντο ἐπʼ ἐμέ.
29865	ΖΑΧΑΡΙΑΣ 12:10	ὡς ἐπ	2	consecutive enclitics	κοπετὸν	ἀγαπητῷ	\vs{10}Καὶ ἐκχεῶ ἐπὶ τὸν οἶκον Δαυὶδ, καὶ ἐπὶ τοὺς κατοικοῦντας Ἱερουσαλὴμ πνεῦμα χάριτος καὶ οἰκτιρμοῦ· καὶ ἐπιβλέψονται πρὸς μὲ, ἀνθʼ ὧν κατωρχήσαντο· καὶ κόψονται ἐπʼ αὐτὸν κοπετὸν, ὡς ἐπʼ ἀγαπητῷ, καὶ ὀδυνηθήσονται ὀδύνην, ὡς ἐπὶ τῷ πρωτοτόκῳ.
29878	ΖΑΧΑΡΙΑΣ 13:5	με ἐκ	2	consecutive enclitics	ἐγέννησέ	νεότητός	\vs{5}Καὶ ἐρεῖ, οὐκ εἰμὶ προφήτης ἐγὼ, διότι ἄνθρωπος ἐργαζόμενος τὴν γῆν ἐγώ εἰμι, ὅτι ἄνθρωπος ἐγέννησέ με ἐκ νεότητός μου.
29886	ΖΑΧΑΡΙΑΣ 14:1	σου ἐν	2	consecutive enclitics	σκῦλά	σοί	Ἰδοὺ ἡμέραι ἔρχονται Κυρίου, καὶ διαμερισθήσονται τὰ σκῦλά σου ἐν σοί·
29887	ΖΑΧΑΡΙΑΣ 14:2	μου οὐ	2	consecutive enclitics	λαοῦ	μὴ	\vs{2}καὶ ἐπισυνάξω πάντα τὰ ἔθνη ἐπὶ Ἱερουσαλὴμ εἰς πόλεμον, καὶ ἁλώσεται ἡ πόλις, καὶ διαρπαγήσονται αἱ οἰκίαι, καὶ αἱ γυναῖκες μολυνθήσονται, καὶ ἐξελεύσεται τὸ ἥμισυ τῆς πόλεως ἐν αἰχμαλωσίᾳ, οἱ δὲ κατάλοιποι τοῦ λαοῦ μου οὐ μὴ ἐξολοθρευθῶσιν ἐκ τῆς πόλεως.
29925	ΜΑΛΑΧΙΑΣ 1:6	ἐστιν ἡ	2	consecutive enclitics	ποῦ	δόξα	\vs{6}Υἱὸς δοξάζει πατέρα, καὶ δοῦλος τὸν κύριον ἑαυτοῦ. καὶ εἰ πατήρ εἰμι ἐγὼ, ποῦ ἐστιν ἡ δόξα μου; καὶ εἰ Κύριός εἰμι ἐγὼ, ποῦ ἐστιν ὁ φόβος μου; λέγει Κύριος παντοκράτωρ· ὑμεῖς οἱ ἱερεῖς οἱ φαυλίζοντες τὸ ὄνομά μου, καὶ εἴπατε, ἐν τίνι ἐφαυλίσαμεν τὸ ὄνομά σου;
29925	ΜΑΛΑΧΙΑΣ 1:6	ἐστιν ὁ	2	consecutive enclitics	ποῦ	φόβος	\vs{6}Υἱὸς δοξάζει πατέρα, καὶ δοῦλος τὸν κύριον ἑαυτοῦ. καὶ εἰ πατήρ εἰμι ἐγὼ, ποῦ ἐστιν ἡ δόξα μου; καὶ εἰ Κύριός εἰμι ἐγὼ, ποῦ ἐστιν ὁ φόβος μου; λέγει Κύριος παντοκράτωρ· ὑμεῖς οἱ ἱερεῖς οἱ φαυλίζοντες τὸ ὄνομά μου, καὶ εἴπατε, ἐν τίνι ἐφαυλίσαμεν τὸ ὄνομά σου;
29927	ΜΑΛΑΧΙΑΣ 1:8	σου εἰ	2	consecutive enclitics	ἡγουμένῳ	προσδέξεταί	\vs{8}Διότι ἐὰν προσαγάγητε τυφλὸν εἰς θυσίαν, οὐ κακόν; καὶ ἐὰν προσαγάγητε χωλὸν ἢ ἄῤῥωστον, οὐ κακόν; προσάγαγε δὴ αὐτὸ τῷ ἡγουμένῳ σου, εἰ προσδέξεταί σε, εἰ λήψεται πρόσωπόν σου, λέγει Κύριος παντοκράτωρ.
29927	ΜΑΛΑΧΙΑΣ 1:8	σε εἰ	2	consecutive enclitics	προσδέξεταί	λήψεται	\vs{8}Διότι ἐὰν προσαγάγητε τυφλὸν εἰς θυσίαν, οὐ κακόν; καὶ ἐὰν προσαγάγητε χωλὸν ἢ ἄῤῥωστον, οὐ κακόν; προσάγαγε δὴ αὐτὸ τῷ ἡγουμένῳ σου, εἰ προσδέξεταί σε, εἰ λήψεται πρόσωπόν σου, λέγει Κύριος παντοκράτωρ.
29931	ΜΑΛΑΧΙΑΣ 1:11	μου ἐν	2	consecutive enclitics	ὄνομά	τοῖς	\vs{11}Διότι ἀπὸ ἀνατολῶν ἡλίου καὶ ἕως δυσμῶν τὸ ὄνομά μου δεδόξασται ἐν τοῖς ἔθνεσι, καὶ ἐν παντὶ τόπῳ θυμίαμα προσάγεται τῷ ὀνόματὶ μου, καὶ θυσία καθαρά· διότι μέγα τὸ ὄνομά μου ἐν τοῖς ἔθνεσι, λέγει Κύριος παντοκράτωρ.
29959	ΜΑΛΑΧΙΑΣ 2:17	ἐστιν ὁ	2	consecutive enclitics	ποῦ	Θεὸς	\vs{17}οἱ παροξύναντες τὸν Θεὸν ἐν τοῖς λόγοις ὑμῶν· καὶ εἴπατε, ἐν τίνι παρωξύναμεν αὐτόν; ἐν τῷ λέγειν ὑμᾶς, πᾶς ποιῶν πονηρὸν, καλὸν ἐνώπιον Κυρίου, καὶ ἐν αὐτοῖς αὐτὸς εὐδόκησε, καί ποῦ ἐστιν ὁ Θεὸς τῆς δικαιοσύνης;
29976	ΜΑΛΑΧΙΑΣ 3:11	ἡ ἐν	2	consecutive enclitics	ἄμπελος	τῷ	\vs{11}Καὶ διαστελῶ ὑμῖν εἰς βρῶσιν, καὶ οὐ μὴ διαφθείρω ὑμῶν τὸν καρπὸν τῆς γῆς, καὶ οὐ μὴ ἀσθενήσῃ ὑμῶν ἡ ἄμπελος ἡ ἐν τῷ ἀγρῷ, λέγει Κύριος παντοκράτωρ.
30043	ΕΣΔΡΑΣ Α 1:34	οἱ ἐκ	2	consecutive enclitics	ἀναλαβόντες	τοῦ	\vs{34}Καὶ ἀναλαβόντες οἱ ἐκ τοῦ ἔθνους τὸν Ἰεχονίαν υἱὸν Ἰωσίου, ἀνέδειξαν βασιλέα ἀντὶ Ἰωσείου τοῦ πατρὸς αὐτοῦ, ὄντα ἐτῶν εἴκοσι τριῶν.
30080	ΕΣΔΡΑΣ Α 2:6	οἱ ἐν	2	consecutive enclitics	αὐτῷ	τῷ	\vs{6}Ὅσοι οὖν κατὰ τοὺς τόπους οἰκοῦσι, βοηθείτωσαν αὐτῷ οἱ ἐν τῷ τόπῳ αὐτοῦ, ἐν χρυσίῳ καὶ ἐν ἀργυρίῳ, ἐν δὀσεσι,
30094	ΕΣΔΡΑΣ Α 2:17	οἱ ἐν	2	consecutive enclitics	κριταὶ	κοίλῃ	\vs{17}Βασιλεῖ Ἀρταξέρξῃ κυρίῳ οἱ παῖδές σου, Ῥάθυμος ὁ τὰ προσπίπτοντα, καὶ Σαμέλλιος ὁ γραμματεὺς, καὶ οἱ ἐπίλοιποι τῆς βουλῆς αὐτῶν, καὶ κριταὶ οἱ ἐν κοίλῃ Συρίᾳ καὶ Φοινίκῃ.
30138	ΕΣΔΡΑΣ Α 3:22	μετ οὐ	2	consecutive enclitics	καὶ	πολὺ	\vs{22}Καὶ οὐ μέμνηνται, ὅταν πίνωσι, φιλιάζειν φίλοις καὶ ἀδελφοῖς, καὶ μετʼ οὐ πολὺ σπῶνται τὰς μαχαίρας.
30158	ΕΣΔΡΑΣ Α 4:14	οὐχ αἱ	2	consecutive enclitics	αὐτῶν	γυναῖκες	\vs{14}Ἄνδρες, οὐ μέγας ὁ βασιλεὺς, καὶ πολλοὶ οἱ ἄνθρωποι, καὶ ὁ οἶνος ἰσχύει; τίς οὖν ὁ δεσπόζων αὐτῶν, ἢ τίς ὁ κυριεύων αὐτῶν; οὐχ αἱ γυναῖκες;
30225	ΕΣΔΡΑΣ Α 5:7	οἱ ἐκ	2	consecutive enclitics	οὗτοι	τῆς	\vs{7}Εἰσὶ δὲ οὗτοι οἱ ἐκ τῆς γῆς Ἰουδαίας ἀναβάντες ἐκ τῆς αἰχμαλωσίας τῆς παροικίας, οὓς μετῴκισε Ναβουχοδονόσορ βασιλεὺς Βαβυλῶνος εἰς Βαβυλῶνα.
30246	ΕΣΔΡΑΣ Α 5:18	Οἱ ἐκ	2	consecutive enclitics		Νετωφὰς	\vs{18}Οἱ ἐκ Νετωφὰς, πεντηκονταπέντε· οἱ ἐξ Ἀναθὼθ, ἑκατὸν πεντηκονταοκτώ· οἱ ἐκ Βαιθασμὼν, τεσσαρακονταδύο.
30246	ΕΣΔΡΑΣ Α 5:18	οἱ ἐξ	2	consecutive enclitics	πεντηκονταπέντε	Ἀναθὼθ	\vs{18}Οἱ ἐκ Νετωφὰς, πεντηκονταπέντε· οἱ ἐξ Ἀναθὼθ, ἑκατὸν πεντηκονταοκτώ· οἱ ἐκ Βαιθασμὼν, τεσσαρακονταδύο.
30246	ΕΣΔΡΑΣ Α 5:18	οἱ ἐκ	2	consecutive enclitics	πεντηκονταοκτώ	Βαιθασμὼν	\vs{18}Οἱ ἐκ Νετωφὰς, πεντηκονταπέντε· οἱ ἐξ Ἀναθὼθ, ἑκατὸν πεντηκονταοκτώ· οἱ ἐκ Βαιθασμὼν, τεσσαρακονταδύο.
30248	ΕΣΔΡΑΣ Α 5:19	Οἱ ἐκ	2	consecutive enclitics		Καριαθιρὶ	\vs{19}Οἱ ἐκ Καριαθιρὶ, εἰκοσιπέντε· οἱ ἐκ Καφείρας, καὶ Βηρὼγ, ἑπτακόσιοι τεσσαρακοντατρεῖς.
30248	ΕΣΔΡΑΣ Α 5:19	οἱ ἐκ	2	consecutive enclitics	εἰκοσιπέντε	Καφείρας	\vs{19}Οἱ ἐκ Καριαθιρὶ, εἰκοσιπέντε· οἱ ἐκ Καφείρας, καὶ Βηρὼγ, ἑπτακόσιοι τεσσαρακοντατρεῖς.
30250	ΕΣΔΡΑΣ Α 5:20	οι ἐκ	2	consecutive enclitics	εἰκοσιδύο	Κιραμᾶς	\vs{20}Οἱ Χαδιασαὶ καὶ Ἁμμίδιοι, τετρακόσιοι εἰκοσιδύο· οι ἐκ Κιραμᾶς καὶ Γαββῆς, ἑξακόσιοι εἴκοσι εἷς.
30252	ΕΣΔΡΑΣ Α 5:21	Οἱ ἐκ	2	consecutive enclitics		Μακαλὼν	\vs{21}Οἱ ἐκ Μακαλὼν, ἑκατὸν εἰκοσιδύο· οἱ ἐκ Βετολίῳ, πεντηκονταδύο· υἱοὶ Νιφὶς, ἑκατὸν πεντηκονταέξ.
30252	ΕΣΔΡΑΣ Α 5:21	οἱ ἐκ	2	consecutive enclitics	εἰκοσιδύο	Βετολίῳ	\vs{21}Οἱ ἐκ Μακαλὼν, ἑκατὸν εἰκοσιδύο· οἱ ἐκ Βετολίῳ, πεντηκονταδύο· υἱοὶ Νιφὶς, ἑκατὸν πεντηκονταέξ.
30283	ΕΣΔΡΑΣ Α 5:37	ὡς ἐκ	2	consecutive enclitics	γενεὰς	τοῦ	\vs{37}Καὶ οὐκ ἠδύναντο ἀπαγγεῖλαι τὰς πατριὰς αὐτῶν καὶ γενεὰς, ὡς ἐκ τοῦ Ἰσραήλ εἰσιν· υἱοὶ Δαλὰν τοῦ υἱοῦ τοῦ Βαενὰν, υἱοὶ Νεκωδὰν, ἑξακόσιοι πεντηκονταδύο.
30296	ΕΣΔΡΑΣ Α 5:46	οἱ ἐκ	2	consecutive enclitics	καὶ	τοῦ	\vs{46}Καὶ κατῳκίσθησαν οἱ ἱερεῖς, καὶ οἱ Λευεῖται, καὶ οἱ ἐκ τοῦ λαοῦ αὐτοῦ ἐν Ἱερουσαλὴμ καὶ τῇ χώρᾳ, οἵ τε ἱεροψάλται, καὶ οἱ θυρωροὶ, καὶ πᾶς Ἰσραὴλ ἐν ταῖς κώμαις αὐτῶν.
30326	ΕΣΔΡΑΣ Α 5:67	οἱ ἐκ	2	consecutive enclitics	ὅτι	τῆς	\vs{67}Καὶ ἐπέγνωσαν ὅτι οἱ ἐκ τῆς αἰχμαλωσίας οἰκοδομοῦσι τὸν ναὸν τῷ Κυρίῳ Θεῷ Ἰσραήλ.
30345	ΕΣΔΡΑΣ Α 6:7	οἱ ἐν	2	consecutive enclitics	συνεταῖροι	Συρίᾳ	\vs{7}ἈΝΤΙΓΡΑΦΟΝ ἘΠΙΣΤΟΛΗΣ ἯΣ ἜΓΡΑΨΕ ΔΑΡΕΙΩ, ΚΑΙ ἈΠΕΣΤΕΙΛΑΝ. Σισίννης ὁ ἔπαρχος Συρίας καὶ Φοινίκης, καὶ Σαθραβουζάνης, καὶ οἱ συνεταῖροι οἱ ἐν Συρίᾳ καὶ Φοινίκῃ ἡγεμόνες, βασιλεῖ Δαρείῳ χαίρειν.
30373	ΕΣΔΡΑΣ Α 6:30	οἱ ἐν	2	consecutive enclitics	ἱερεῖς	Ἱερουσαλὴμ	\vs{30}ὁμοίως δὲ καὶ πυρὸν, καὶ ἅλα, καὶ οἶνον, καὶ ἔλαιον ἐνδελεχῶς κατʼ ἐνιαυτὸν, καθὼς ἂν οἱ ἱερεῖς οἱ ἐν Ἱερουσαλὴμ ὑπαγορεύσωσιν ἀναλίσκεσθαι καθʼ ἡμέραν, ἀναμφισβητήτως,
30388	ΕΣΔΡΑΣ Α 7:6	οἱ ἐκ	2	consecutive enclitics	λοιποὶ	τῆς	\vs{6}Καὶ ἐποίησαν οἱ υἱοὶ Ἰσραὴλ, καὶ οἱ ἱερεῖς καὶ οἱ Λευῖται καὶ οἱ λοιποὶ οἱ ἐκ τῆς αἰχμαλωσίας οἱ προστεθέντες, ἀκολούθως τοῖς ἐν τῇ Μωυσέως βίβλῳ.
30396	ΕΣΔΡΑΣ Α 7:13	οἱ ἐκ	2	consecutive enclitics	Ἰσραὴλ	τῆς	\vs{13}Καὶ ἐφάγοσαν οἱ υἱοὶ Ἰσραὴλ οἱ ἐκ τῆς αἰχμαλωσίας, πάντες οἱ χωρισθέντες ἀπὸ τῶν βδελυγμάτων τῶν ἐθνῶν τῆς γῆς, ζητοῦντες τὸν Κύριον·
30413	ΕΣΔΡΑΣ Α 8:10	σοι εἰς	2	consecutive enclitics	συμπορεύεσθαί	Ἱερουσαλήμ	\vs{10}Καὶ τὰ φιλάνθρωπα ἐγὼ κρίνας προσέταξα τοὺς βουλομένους ἐκ τοῦ ἔθνους τῶν Ἰουδαίων αἱρετίζοντας, καὶ τῶν ἱερέων καὶ τῶν Λευιτῶν, καὶ τῶνδε ἐν τῇ ἡμετέρᾳ βασιλείᾳ, συμπορεύεσθαί σοι εἰς Ἱερουσαλήμ.
30421	ΕΣΔΡΑΣ Α 8:17	σοι εἰς	2	consecutive enclitics	διδόμενά	τὴν	\vs{17}Καὶ τὰ ἱερὰ σκεύη τοῦ Κυρίου τὰ διδόμενά σοι εἰς τὴν χρείαν τοῦ ἱεροῦ τοῦ Θεοῦ σου,
30432	ΕΣΔΡΑΣ Α 8:25	μου ὁ	2	consecutive enclitics	πατέρων	δοὺς	\vs{25}Καὶ εἶπεν Ἔσδρας ὁ γραμματεὺς, εὐλογητὸς μόνος Κύριος ὁ Θεὸς τῶν πατέρων μου, ὁ δοὺς ταῦτα εἰς τὴν καρδίαν τοῦ βασιλέως, δοξάσαι τὸν οἶκον αὐτοῦ τὸν ἐν Ἱερουσαλὴμ,
30484	ΕΣΔΡΑΣ Α 8:68	μοι οἱ	2	consecutive enclitics	προσήλθοσάν	ἡγούμενοι	\vs{68}Καὶ τούτων τελεσθέντων, προσήλθοσάν μοι οἱ ἡγούμενοι, λέγοντες,
30508	ΕΣΔΡΑΣ Α 8:87	σου εἰς	2	consecutive enclitics	νόμον	τὸ	\vs{87}σὺ γὰρ Κύριε ὁ κουφίσας τὰς ἁμαρτίας ἡμῶν, ἔδωκας ἡμῖν τοιαύτην ῥίζαν· πάλιν ἀνεκάμψαμεν παραβῆναι τὸν νόμον σου εἰς τὸ ἐπιμιγῆναι τῇ ἀκαθαρσίᾳ τῶν ἐθνῶν τῆς γῆς.
30512	ΕΣΔΡΑΣ Α 8:90	σου ἐν	2	consecutive enclitics	ἐνώπιόν	ταῖς	\vs{90}Ἰδοὺ νῦν ἐσμὲν ἐνώπιόν σου ἐν ταῖς ἀνομίαις ἡμῶν· οὐ γὰρ ἐστι στῆναι ἔτι ἔμπροσθέν σου ἐπὶ τούτοις.
30527	ΕΣΔΡΑΣ Α 9:5	οἱ ἐκ	2	consecutive enclitics	πάντες	τῆς	\vs{5}Καὶ ἐπισυνήχθησαν πάντες οἱ ἐκ τῆς φυλῆς Ἰούδα καὶ Βενιαμεὶν ἐν τρισὶν ἡμέραις εἰς Ἱερουσαλήμ· οὗτος ὁ μὴν ἔννατος, τῇ εἰκάδι τοῦ μηνός.
30536	ΕΣΔΡΑΣ Α 9:12	οἱ ἐκ	2	consecutive enclitics	πάντες	τῶν	\vs{12}Στήτωσαν δὲ οἱ προηγούμενοι τοῦ πλήθους, καὶ πάντες οἱ ἐκ τῶν κατοικιῶν ἡμῶν ὅσοι ἔχουσι γυναῖκας ἀλλογενεῖς, παραγενηθήτωσαν λαβόντες χρόνον,
30540	ΕΣΔΡΑΣ Α 9:15	οἱ ἐκ	2	consecutive enclitics	ταῦτα	τῆς	\vs{15}Καὶ ἐποίησαν κατὰ πάντα ταῦτα οἱ ἐκ τῆς αἰχμαλωσίας·
30568	ΕΣΔΡΑΣ Α 9:37	οἱ ἐκ	2	consecutive enclitics	καὶ	τοῦ	\vs{37}Καὶ κατῴκησαν οἱ ἱερεῖς, καὶ οἱ Λευῖται, καὶ οἱ ἐκ τοῦ Ἰσραὴλ ἐν Ἱερουσαλὴμ καὶ ἐν τῇ χώρᾳ τῇ νουμηνίᾳ τοῦ μηνὸς τοῦ ἑβδόμου, καὶ οἱ υἱοὶ Ἰσραὴλ ἐν ταῖς κατοικίαις αὐτων.
30600	ΤΩΒΙΤ 1:2	ἐστιν ἐκ	2	consecutive enclitics	ἥ	δεξιῶν	\vs{2}ὃς ᾐχμαλωτεύθη ἐν ἡμέραις Ἐνεμεσσάρου τοῦ βασιλέως Ἀσσυρίων ἐκ Θίσβης, ἥ ἐστιν ἐκ δεξιῶν κυδίως τῆς Νεφθαλὶ ἐν τῇ Γαλιλαίᾳ ὑπεράνω Ἀσήρ.
30603	ΤΩΒΙΤ 1:4	μου ἐν	2	consecutive enclitics	χώρᾳ	τῇ	\vs{4}Καὶ ὅτι ἤμην ἐν τῇ χώρᾳ μου ἐν τῇ γῇ Ἰσραὴλ, νεωτέρου μου ὄντος, πᾶσα φυλὴ τοῦ Νεφθαλὶ τοῦ πατρός μου ἀπέστη ἀπὸ τοῦ οἴκου Ἰεροσολύμων, τῆς ἐκλεγείσης ἀπὸ πασῶν τῶν φυλῶν Ἰσραὴλ, εἰς τὸ θυσιάζειν πάσας τὰς φυλάς· καὶ ἡγιάσθη ὁ ναὸς τῆς κατασκηνώσεως τοῦ ὑψίστου, καὶ ᾠκοδομήθη εἰς πάσας τὰς γενεὰς τοῦ αἰῶνος.
30611	ΤΩΒΙΤ 1:10	οἱ ἐκ	2	consecutive enclitics	καὶ	τοῦ	\vs{10}Καὶ ὅτε ᾐχμαλωτίσθημεν εἰς Νινευῆ, πάντες οἱ ἀδελφοί μου, καὶ οἱ ἐκ τοῦ γένους μου ἤσθιον ἐκ τῶν ἄρτων τῶν ἐθνῶν·
30620	ΤΩΒΙΤ 1:17	τινα ἐκ	2	consecutive enclitics	εἴ	τοῦ	\vs{17}τοὺς ἄρτους μου ἐδίδουν τοῖς πεινῶσι, καὶ ἱμάτια τοῖς γυμνοῖς· καὶ εἴ τινα ἐκ τοῦ γένους μου ἐθεώρουν τεθνηκότα καὶ ἐῤῥιμμένον ὀπίσω τοῦ τείχους Νινευή, ἔθαπτον αὐτόν.
30630	ΤΩΒΙΤ 2:1	μου ἐν	2	consecutive enclitics	υἱός	τῇ	Ὅτε δὲ κατῆλθον εἰς τὸν οἶκόν μου, καὶ ἀπεδόθη μοι Ἄννα ἡ γυνή μου, καὶ Τωβίας ὁ υἱός μου, ἐν τῇ πεντηκοστῇ ἑορτῇ, ἥν ἐστιν ἁγία ἑπτὰ ἑβδομάδων, ἐγενήθη ἄριστον καλόν μοι, καὶ ἀνέπεσα τοῦ φαγεῖν.
30635	ΤΩΒΙΤ 2:5	μου ἐν	2	consecutive enclitics	ἄρτον	λύπῃ	\vs{5}Καὶ ἐπιστρέψας ἐλουσάμην, καὶ ἤσθιον τὸν ἄρτον μου ἐν λύπῃ.
30646	ΤΩΒΙΤ 2:14	εἰσιν αἱ	2	consecutive enclitics	ποῦ	ἐλεημοσύναι	\vs{14}Ἡ δὲ εἶπε, δῶρον δέδοταί μοι ἐπὶ τῷ μισθῷ· καὶ οὐκ ἐπίστευον αὐτῇ· καὶ ἔλεγον ἀποδιδόναι αὐτὸ τοῖς κυρίοις, καὶ ἠρυθρίων πρὸς αὐτήν· ἡ δὲ ἀποκριθεῖσα εἶπέ μοι, ποῦ εἰσιν αἱ ἐλεημοσύναι σου, καὶ αἱ δικαιοσύναι σου; ἰδοὺ γνωστὰ πάντα μετὰ σοῦ.
30654	ΤΩΒΙΤ 3:5	σου οὐ	2	consecutive enclitics	ἐντολάς	γὰρ	\vs{5}Καὶ νῦν πολλαὶ αἱ κρίσεις σου εἰσὶ καὶ ἀληθιναὶ, ἐξ ἐμοῦ ποιῆσαι περὶ τῶν ἁμαρτιῶν μου καὶ τῶν πατέρων μου, ὅτι οὐκ ἐποιήσαμεν τὰς ἐντολάς σου, οὐ γὰρ ἐπορεύθημεν ἐν ἀληθείᾳ ἐνώπιόν σου.
30655	ΤΩΒΙΤ 3:6	σου ἀπ	2	consecutive enclitics	πρόσωπόν	ἐμοῦ	\vs{6}Καὶ νῦν κατὰ τὸ ἀρεστὸν ἐνώπιόν σου ποίησον μετʼ ἐμοῦ· ἐπίταξον ἀναλαβεῖν τὸ πνεῦμά μου, ὅπως ἀπολυθῶ, καὶ γένωμαι γῆ, διότι λυσιτελεῖ μοι ἀποθανεῖν, ἢ ζῇν· ὅτι ὀνειδισμοὺς ψευδεῖς ἤκουσα, καὶ λύπη ἐστὶ πολλὴ ἐν ἐμοί· ἐπίταξον ἀπολυθῆναί με τῆς ἀνάγκης ἤδη εἰς τὸν αἰώνιον τόπον, μὴ ἀποστρέψῃς τὸ πρόσωπόν σου ἀπʼ ἐμοῦ.
30658	ΤΩΒΙΤ 3:8	ὡς ἐν	2	consecutive enclitics	αὐτῆς	γυναιξί	\vs{8}ὅτι ἦν δεδομένη ἀνδράσιν ἑπτὰ, καὶ Ἀσμοδαῖος τὸ πονηρὸν δαιμόνιον ἀπέκτεινεν αὐτοὺς, πρινὴ γενέσθαι αὐτοὺς μετʼ αὐτῆς ὡς ἐν γυναιξί· καὶ εἶπαν αὐτῇ, οὐ συνιεῖς ἀποπνίγουσά σου τοὺς ἄνδρας; ἤδη ἑπτὰ ἔσχες, καὶ ἑνὸς αὐτῶν οὐκ ὠνομάσθης.
30662	ΤΩΒΙΤ 3:11	σου εἰς	2	consecutive enclitics	ἔργα	τὸν	\vs{11}Καὶ ἐδεήθη πρὸς τῇ θυρίδι, καὶ εἶπεν, εὐλογητὸς εἶ Κύριε ὁ Θεός μου, καὶ εὐλογητὸν τὸ ὄνομά σου τὸ ἅγιον καὶ ἔντιμον εἰς τοὺς αἰῶνας· εὐλογήσαισάν σε πάντα τὰ ἔργα σου εἰς τὸν αἰῶνα.
30663	ΤΩΒΙΤ 3:12	μου εἰς	2	consecutive enclitics	πρόσωπόν	σὲ	\vs{12}Καὶ νῦν, Κύριε, τοὺς ὀφθαλμούς μου καὶ τὸ πρόσωπόν μου εἰς σὲ δέδωκα.
30666	ΤΩΒΙΤ 3:15	μου ἐν	2	consecutive enclitics	πατρός	τῇ	\vs{15}καὶ οὐκ ἐμόλυνα τὸ ὄνομά μου οὐδὲ τὸ ὄνομα τοῦ πατρός μου ἐν τῇ γῇ τῆς αἰχμαλωσίας μου· μονογενής εἰμι τῷ πατρί μου, καὶ οὐχ ὑπάρχει αὐτῷ παιδίον ὃ κληρονομήσει αὐτόν, οὐδὲ ἀδελφὸς ἐγγὺς, οὐδὲ ὑπάρχων αὐτῷ υἱὸς, ἵνα συντηρήσω ἐμαυτὴν αὐτῷ γυναῖκα, ἤδη ἀπώλοντό μοι ἑπτά· ἱνατί μοι ζῇν; καὶ εἰ μὴ δοκεῖ σοι ἀποκτεῖναί με, ἐπίταξον ἐπιβλέψαι ἐπʼ ἐμὲ, καὶ μηκέτι ἐλεῆσαί με, καὶ ἀκοῦσαί με ὀνειδισμόν.
30680	ΤΩΒΙΤ 4:7	σου ὁ	2	consecutive enclitics	φθονεσάτω	ὀφθαλμὸς	\vs{7}Ἐκ τῶν ὑπαρχόντων σοι ποίει ἐλεημοσύνην, καὶ μὴ φθονεσάτω σου ὁ ὀφθαλμὸς ἐν τῷ ποιεῖν σε ἐλεημοσύνην· μὴ ἀποστρέψῃς τὸ πρόσωπόν σου ἀπὸ παντὸς πτωχοῦ, καὶ ἀπὸ σοῦ οὐ μὴ ἀποστραφῇ τὸ πρόσωπον τοῦ Θεοῦ.
30692	ΤΩΒΙΤ 4:7i	σου ὁ	2	consecutive enclitics	φθονεσάτω	ὀφθαλμὸς	\vs{7i}Ἐκ τοῦ ἄρτου σου δίδου πεινῶντι, καὶ ἐκ τῶν ἱματίων σου τοῖς γυμνοῖς· πᾶν ὃ ἐὰν περισσεύσῃ σοι, ποίει ἐλεημοσύνην, καὶ μὴ φθονεσάτω σου ὁ ὀφθαλμὸς ἐν τῷ ποιεῖν σε ἐλεημοσύνην.
30711	ΤΩΒΙΤ 5:8	μοι ὁ	2	consecutive enclitics	συμπορεύσεταί	δὲ	\vs{8}Καὶ εἶπεν αὐτῷ, πορεύου, καὶ μὴ χρονίσῃς· καὶ εἰσελθὼν, εἶπε τῷ πατρὶ, ἰδοὺ εὕρηκα ὃς συμπορεύσεταί μοι· ὁ δὲ εἶπε, φώνησον αὐτὸν πρὸς μὲ, ἵνα ἐπιγνῶ ποίας φυλῆς ἐστι, καὶ εἰ πιστὸς τοῦ πορευθῆναι μετὰ σοῦ.
30718	ΤΩΒΙΤ 5:13	μου ἐκ	2	consecutive enclitics	ἀδελφός	τῆς	\vs{13}Καὶ εἶπεν αὐτῷ, ὑγιαίνων ἔλθοις, ἀδελφέ· καὶ μή μοι ὀργισθῇς, ὅτι ἐζήτησα τὴν φυλήν σου, καὶ τὴν πατριάν σου ἐπιγνῶναι· καὶ σὺ τυγχάνεις ἀδελφός μου ἐκ τῆς καλῆς καὶ ἀγαθῆς γενεᾶς· ἐπεγίνωσκον γὰρ ἐγὼ Ἀνανίαν καὶ Ἰωνάθαν τοὺς υἱοὺς Σεμεῒ τοῦ μεγάλου, ὡς ἐπορευόμεθα κοινῶς εἰς Ἱεροσόλυμα προσκυνεῖν, ἀναφέροντες τὰ πρωτότοκα, καὶ τὰς δεκάτας τῶν γεννημάτων, καὶ οὐκ ἐπλανήθησαν ἐν τῇ πλάνῃ τῶν ἀδελφῶν ἡμῶν· ἐκ ῥίζης καλῆς εἶ, ἀδελφέ.
30719	ΤΩΒΙΤ 5:14	σοι ὡς	2	consecutive enclitics	δέοντά	καὶ	\vs{14}Ἀλλὰ εἶπόν μοι τίνα σοι ἔσομαι μισθὸν διδόναι; δραχμὴν τῆς ἡμέρας, καὶ τὰ δέοντά σοι ὡς καὶ τῷ υἱῷ μου,
30724	ΤΩΒΙΤ 5:17	ἐστιν ἐν	2	consecutive enclitics	ἡμῶν	τῷ	\vs{17}Ἔκλαυσε δὲ Ἄννα ἡ μήτηρ αὐτοῦ, καὶ εἶπε πρὸς Τωβὶτ, τί ἐξαπέστειλας τὸ παιδίον ἡμῶν; ἢ οὐχὶ ἡ ῥάβδος τῆς χειρὸς ἡμῶν ἐστιν ἐν τῷ εἰσπορεύεσθαι αὐτὸν καὶ ἐκπορεύεσθαι ἐνώπιον ἡμῶν;
30738	ΤΩΒΙΤ 6:6	ἐστιν ἡ	2	consecutive enclitics	τί	καρδία	\vs{6}Καὶ εἶπε τὸ παιδάριον τῷ ἀγγέλῳ, Ἀζαρία ἀδελφὲ, τί ἐστιν ἡ καρδία καὶ τὸ ἧπαρ καὶ ἡ χολὴ τοῦ ἰχθύος;
30748	ΤΩΒΙΤ 6:14	μου μετ	2	consecutive enclitics	μητρός	ὀδύνης	\vs{14}καὶ νῦν ἐγὼ μόνος εἰμὶ τῷ πατρὶ, καὶ φοβοῦμαι μὴ εἰσελθὼν ἀποθάνω καθὼς καὶ οἱ πρότεροι, ὅτι δαιμόνιον φιλεῖ αὐτὴν, ὃ οὐκ ἀδικεῖ οὐδένα πλὴν τῶν προσαγόντων αὐτῇ· καὶ νῦν ἐγὼ φοβοῦμαι μὴ ἀποθάνω, καὶ κατάξω τὴν ζωὴν τοῦ πατρός μου καὶ τῆς μητρός μου μετʼ ὀδύνης ἐπʼ ἐμοὶ εἰς τὸν τάφον αὐτῶν, καὶ υἱὸς ἕτερος οὐκ ὑπάρχει αὐτοῖς ὃς θάψει αὐτούς.
30750	ΤΩΒΙΤ 6:15	σοι ὁ	2	consecutive enclitics	ἐνετείλατό	πατήρ	\vs{15}Εἶπε δὲ αὐτῷ ὁ ἄγγελος, οὐ μέμνησαι τῶν λόγων ὧν ἐνετείλατό σοι ὁ πατήρ σου, ὑπὲρ τοῦ λαβεῖν σε γυναῖκα ἐκ τοῦ γένους σου; καὶ νῦν ἄκουσόν μου, ἀδελφὲ, διότι σοι ἔσται εἰς γυναῖκα, καὶ τοῦ δαιμονίου μηδένα λόγον ἔχε, ὅτι τὴν νύκτα ταύτην δοθήσεταί σοι αὕτη εἰς γυναῖκα.
30785	ΤΩΒΙΤ 8:5	σε οἱ	2	consecutive enclitics	εὐλογησάτωσάν	οὐρανοὶ	\vs{5}Καὶ ἤρξατο Τωβίας λέγειν, εὐλογητὸς εἶ ὁ Θεὸς τῶν πατέρων ἡμῶν, καὶ εὐλογητὸν τὸ ὄνομά σου τὸ ἅγιον καὶ ἔνδοξον εἰς τοὺς αἰῶνας· εὐλογησάτωσάν σε οἱ οὐρανοὶ, καὶ πᾶσαι αἱ κτίσεις σου.
30797	ΤΩΒΙΤ 8:15	σε οἱ	2	consecutive enclitics	εὐλογείτωσάν	ἅγιοί	\vs{15}Καὶ εὐλόγησε Ῥαγουὴλ τὸν Θεὸν, λέγων, εὐλογητὸς εἶ σὺ ὁ Θεὸς ἐν πάσῃ εὐλογίᾳ καθαρᾷ καὶ ἁγίᾳ· καὶ εὐλογείτωσάν σε οἱ ἅγιοί σου, καὶ πᾶσαι αἱ κτίσεις σου, καὶ πάντες οἱ ἄγγελοί σου, καὶ οἱ ἐκλεκτοί σου· εὐλογείτωσάν σε εἰς τοὺς αἰῶνας.
30797	ΤΩΒΙΤ 8:15	σε εἰς	2	consecutive enclitics	εὐλογείτωσάν	τοὺς	\vs{15}Καὶ εὐλόγησε Ῥαγουὴλ τὸν Θεὸν, λέγων, εὐλογητὸς εἶ σὺ ὁ Θεὸς ἐν πάσῃ εὐλογίᾳ καθαρᾷ καὶ ἁγίᾳ· καὶ εὐλογείτωσάν σε οἱ ἅγιοί σου, καὶ πᾶσαι αἱ κτίσεις σου, καὶ πάντες οἱ ἄγγελοί σου, καὶ οἱ ἐκλεκτοί σου· εὐλογείτωσάν σε εἰς τοὺς αἰῶνας.
30808	ΤΩΒΙΤ 9:2	μοι εἰς	2	consecutive enclitics	ἄγε	τόν	\vs{2}Ἀζαρία ἀδελφὲ, λάβε μετὰ σεαυτοῦ παῖδα καὶ δύο καμήλους, καὶ πορεύθητι ἐν Ῥάγοις τῆς Μηδίας παρὰ Γαβαὴλ, καὶ κόμισαί μοι τὸ ἀργύριον, καὶ αὐτὸν ἄγε μοι εἰς τόν γάμον,
30830	ΤΩΒΙΤ 10:13	σε ὁ	2	consecutive enclitics	ἀποκαταστήσαι	Κύριος	\vs{13}Καὶ εἶπε τῇ θυγατρὶ αὐτοῦ, τίμα τοὺς πενθερούς σου, αὐτοὶ νῦν γονεῖς σου εἰσὶν, ἀκούσαιμί σου ἀκοὴν καλήν· καὶ ἐφίλησεν αὐτήν· καὶ Ἔδνα εἶπε πρὸς Τωβίαν, ἀδελφὲ ἀγαπητὲ, ἀποκαταστήσαι σε ὁ Κύριος τοῦ οὐρανοῦ, καὶ δῴη μοι ἰδεῖν σου παιδία ἐκ Σάῤῥας τῆς θυγατρός μου, ἵνα εὐφρανθῶ ἐνώπιον τοῦ Κυρίου· καὶ ἰδοὺ παρατίθεμαί σοι τὴν θυγατέρα μου ἐν παρακαταθήκῃ, καὶ μὴ λυπήσῃς αὐτήν.
30830	ΤΩΒΙΤ 10:13	μου ἐν	2	consecutive enclitics	θυγατέρα	παρακαταθήκῃ	\vs{13}Καὶ εἶπε τῇ θυγατρὶ αὐτοῦ, τίμα τοὺς πενθερούς σου, αὐτοὶ νῦν γονεῖς σου εἰσὶν, ἀκούσαιμί σου ἀκοὴν καλήν· καὶ ἐφίλησεν αὐτήν· καὶ Ἔδνα εἶπε πρὸς Τωβίαν, ἀδελφὲ ἀγαπητὲ, ἀποκαταστήσαι σε ὁ Κύριος τοῦ οὐρανοῦ, καὶ δῴη μοι ἰδεῖν σου παιδία ἐκ Σάῤῥας τῆς θυγατρός μου, ἵνα εὐφρανθῶ ἐνώπιον τοῦ Κυρίου· καὶ ἰδοὺ παρατίθεμαί σοι τὴν θυγατέρα μου ἐν παρακαταθήκῃ, καὶ μὴ λυπήσῃς αὐτήν.
30850	ΤΩΒΙΤ 11:14	σου εἰς	2	consecutive enclitics	ὄνομά	τοὺς	\vs{14}Καὶ ἔκλαυσε, καὶ εἶπεν, εὐλογητὸς εἶ ὁ Θεὸς, καὶ εὐλογητὸν τὸ ὄνομά σου εἰς τοὺς αἰῶνας, καὶ εὐλογημένοι πάντες οἱ ἅγιοί σου ἄγγελοι,
30874	ΤΩΒΙΤ 12:14	με ὁ	2	consecutive enclitics	ἀπέστειλέ	Θεὸς	\vs{14}Καὶ νῦν ἀπέστειλέ με ὁ Θεὸς ἰάσασθαί σε καὶ τὴν νύμφην σου Σάῤῥαν.
30903	ΤΩΒΙΤ 13:12	σε εἰς	2	consecutive enclitics	ἀγαπῶντές	τὸν	\vs{12}Ἐπικατάρατοι πάντες οἱ μισοῦντές σε, εὐλογημένοι ἔσονται πάντες οἱ ἀγαπῶντές σε εἰς τὸν αἰῶνα.
30925	ΤΩΒΙΤ 14:10	σου μετ	2	consecutive enclitics	μητέρα	ἐμοῦ	\vs{10}Καὶ θάψον με καλῶς, καὶ τὴν μητέρα σου μετʼ ἐμοῦ, καὶ μηκέτι αὐλισθῆτε εἰς Νινευή· τεκνον, ἴδε τί ἐποίησεν Ἀμὰν Ἀχιαχάρῳ τῷ θρέψαντι αὐτόν, ὡς ἐκ τοῦ φωτὸς ἤγαγεν αὐτὸν εἰς τὸ σκότος, καὶ ὅσα ἀνταπέδωκεν αὐτῷ· καὶ Ἀχιάχαρον μὲν ἔσωσεν, ἐκείνῳ δὲ τὸ ἀνταπόδομα ἀπεδόθη, καὶ αὐτὸς κατέβη εἰς τὸ σκότος. Μανασσῆς ἐποίησεν ἐλεημοσύνην, καὶ ἐσώθη ἐκ παγίδος θανάτου ἧς ἔπηξεν αὐτῷ· Ἀμὰν δὲ ἐνέπεσεν εἰς τὴν παγίδα, καὶ ἀπώλετο.
30925	ΤΩΒΙΤ 14:10	ὡς ἐκ	2	consecutive enclitics	αὐτόν	τοῦ	\vs{10}Καὶ θάψον με καλῶς, καὶ τὴν μητέρα σου μετʼ ἐμοῦ, καὶ μηκέτι αὐλισθῆτε εἰς Νινευή· τεκνον, ἴδε τί ἐποίησεν Ἀμὰν Ἀχιαχάρῳ τῷ θρέψαντι αὐτόν, ὡς ἐκ τοῦ φωτὸς ἤγαγεν αὐτὸν εἰς τὸ σκότος, καὶ ὅσα ἀνταπέδωκεν αὐτῷ· καὶ Ἀχιάχαρον μὲν ἔσωσεν, ἐκείνῳ δὲ τὸ ἀνταπόδομα ἀπεδόθη, καὶ αὐτὸς κατέβη εἰς τὸ σκότος. Μανασσῆς ἐποίησεν ἐλεημοσύνην, καὶ ἐσώθη ἐκ παγίδος θανάτου ἧς ἔπηξεν αὐτῷ· Ἀμὰν δὲ ἐνέπεσεν εἰς τὴν παγίδα, καὶ ἀπώλετο.
30945	ΙΟΥΔΙΘ 1:5	ἐστιν ἐν	2	consecutive enclitics	τοῦτό	τοῖς	\vs{5}Καὶ ἐποίησε πόλεμον ἐν ταῖς ἡμέραις ἐκείναις ὁ βασιλεὺς Ναβουχοδονόσορ πρὸς βασιλέα Ἀρφαξὰδ ἐν τῷ πεδίῳ τῷ μεγάλῳ, τοῦτό ἐστιν ἐν τοῖς ὁρίοις Ῥαγαῦ.
30970	ΙΟΥΔΙΘ 2:7	μου ἐπ	2	consecutive enclitics	θυμῷ	αὐτοὺς	\vs{7}καὶ ἀπαγγελεῖς αὐτοῖς ἑτοιμάζειν γῆν καὶ ὕδωρ, ὅτι ἐξελεύσομαι ἐν θυμῷ μου ἐπʼ αὐτοὺς, καὶ καλύψω πᾶν τὸ πρόσωπον τῆς γῆς ἐν τοῖς ποσὶ τῆς δυνάμεώς μου· καὶ δώσω αὐτοὺς εἰς διαρπαγὴν αὐτοῖς,
30977	ΙΟΥΔΙΘ 2:13	σου ἀλλ	2	consecutive enclitics	κυρίου	ἐπιτελῶν	\vs{13}Καὶ σὺ δὲ οὐ παραβήσῃ ἕν τι τῶν ῥημάτων τοῦ κυρίου σου, ἀλλʼ ἐπιτελῶν ἐπιτελέσεις, καθότι προστέταχά σοι, καὶ οὐ μακρυνεῖς τοῦ ποιῆσαι αὐτά.
30986	ΙΟΥΔΙΘ 2:20	ὡς ἡ	2	consecutive enclitics	καὶ	ἄμμος	\vs{20}Καὶ πολὺς ὁ ἐπίμικτος ὡς ἀκρὶς συνεξῆλθον αὐτοῖς, καὶ ὡς ἡ ἄμμος τῆς γῇς· οὐ γὰρ ἦν ἀριθμὸς ἀπὸ πλήθους αὐτῶν.
31078	ΙΟΥΔΙΘ 6:5	σου οὐκ	2	consecutive enclitics	ἀδικίας	ὄψει	\vs{5}Σὺ δὲ Ἀχιὼρ μισθωτὲ τοῦ Ἀμμὼν, ὃς ἐλάλησας τοὺς λόγους τούτους ἐν ἡμέρᾳ ἀδικίας σου, οὐκ ὄψει ἔτι τὸ πρόσωπόν μου ἀπὸ τῆς ἡμέρας ταύτης, ἕως οὗ ἐκδικήσω τὸ γένος τῶν ἐκ Αἰγύπτου.
31080	ΙΟΥΔΙΘ 6:7	σε οἱ	2	consecutive enclitics	ἀποκαταστήσουσί	δοῦλοί	\vs{7}Καὶ ἀποκαταστήσουσί σε οἱ δοῦλοί μου εἰς τὴν ὀρεινὴν, καὶ θήσουσί σε ἐν μιᾷ τῶν πόλεων τῶν ἀναβάσεων,
31080	ΙΟΥΔΙΘ 6:7	μου εἰς	2	consecutive enclitics	δοῦλοί	τὴν	\vs{7}Καὶ ἀποκαταστήσουσί σε οἱ δοῦλοί μου εἰς τὴν ὀρεινὴν, καὶ θήσουσί σε ἐν μιᾷ τῶν πόλεων τῶν ἀναβάσεων,
31080	ΙΟΥΔΙΘ 6:7	σε ἐν	2	consecutive enclitics	θήσουσί	μιᾷ	\vs{7}Καὶ ἀποκαταστήσουσί σε οἱ δοῦλοί μου εἰς τὴν ὀρεινὴν, καὶ θήσουσί σε ἐν μιᾷ τῶν πόλεων τῶν ἀναβάσεων,
31096	ΙΟΥΔΙΘ 6:19	σοι ἐν	2	consecutive enclitics	ἡγιασμένων	τῇ	\vs{19}κύριε ὁ Θεὸς τοῦ οὐρανοῦ, κάτιδε ἐπὶ τὰς ὑπερηφανείας αὐτῶν, καὶ ἐλέησον τὴν ταπείνωσιν τοῦ γένους ἡμῶν, καὶ ἐπίβλεψον ἐπὶ τὸ πρόσωπον τῶν ἡγιασμένων σοι ἐν τῇ ἡμέρᾳ ταύτῃ.
31119	ΙΟΥΔΙΘ 7:15	σου ἐν	2	consecutive enclitics	προσώπῳ	εἰρήνῃ	\vs{15}καὶ ἀνταποδώσεις αὐτοῖς ἀνταπόδομα πονηρὸν, ἀνθʼ ὧν ἐστασίασαν, καὶ οὐκ ἀπήντησαν τῷ προσώπῳ σου ἐν εἰρήνῃ.
31165	ΙΟΥΔΙΘ 8:16	οὐχ ὡς	2	consecutive enclitics	ὅτι	ἄνθρωπος	\vs{16}Ὑμεῖς δὲ μὴ ἐνεχυράζετε τὰς βουλὰς Κυρίου τοῦ Θεοῦ ἡμῶν, ὅτι οὐχ ὡς ἄνθρωπος ὁ Θεὸς ἀπειληθῆναι, οὐδὲ ὡς υἱὸς ἀνθρώπου διαιτηθῆναι.
31174	ΙΟΥΔΙΘ 8:23	ἀλλ εἰς	2	consecutive enclitics	χάριν	ἀτιμίαν	\vs{23}ὅτι οὐ κατευθυνθήσεται ἡ δουλεία ἡμῶν εἰς χάριν. ἀλλʼ εἰς ἀτιμίαν θήσει αὐτὴν Κύριος ὁ Θεὸς ἡμῶν.
31180	ΙΟΥΔΙΘ 8:27	ἀλλ εἰς	2	consecutive enclitics	ἐξεδίκησεν	νουθέτησιν	\vs{27}ὅτι οὐ καθὼς ἐκείνους ἐπύρωσεν εἰς ἐτασμὸν τῆς καρδίας αὐτῶν, καὶ ἡμᾶς οὐκ ἐξεδίκησεν, ἀλλʼ εἰς νουθέτησιν μαστιγοῖ Κύριος τοὺς ἐγγίζοντας αὐτῷ.
31183	ΙΟΥΔΙΘ 8:29	οὐκ ἐν	2	consecutive enclitics	Ὅτι	τῇ	\vs{29}Ὅτι οὐκ ἐν τῇ σήμερον ἡ σοφία σου πρόδηλός ἐστιν, ἀλλὰ ἀπʼ ἀρχῆς ἡμερῶν σου ἔγνω πᾶς ὁ λαὸς τὴν σύνεσίν σου, καθότι ἀγαθόν ἐστι τὸ πλάσμα τῆς καρδίας σου.
31184	ΙΟΥΔΙΘ 8:30	Ἀλλ ὁ	2	consecutive enclitics		λαὸς	\vs{30}Ἀλλʼ ὁ λαὸς ἐδίψησε σφόδρα, καὶ ἠνάγκασαν ποιῆσαι ἡμᾶς καθὰ ἐλαλήσαμεν αὐτοῖς, καὶ ἀπαγαγεῖν ὅρκον ἐφʼ ἡμᾶς, ὃν οὐ παραβησόμεθα.
31189	ΙΟΥΔΙΘ 8:34	μου οὐ	2	consecutive enclitics	πρᾶξίν	γὰρ	\vs{34}Ὑμεῖς δὲ οὐκ ἐξερευνήσετε τὴν πρᾶξίν μου, οὐ γὰρ ἐρῶ ὑμῖν, ἕως τοῦ τελεσθῆναι ἃ ἐγὼ ποιῶ.
31191	ΙΟΥΔΙΘ 8:35	σου εἰς	2	consecutive enclitics	ἔμπροσθέν	ἐκδίκησιν	\vs{35}Καὶ εἶπεν Ὀζίας καὶ οἱ ἄρχοντες πρὸς αὐτὴν, πορεύου εἰς εἰρήνην, καὶ Κύριος ὁ Θεὸς ἔμπροσθέν σου εἰς ἐκδίκησιν τῶν ἐχθρῶν ἡμῶν.
31198	ΙΟΥΔΙΘ 9:4	σε εἰς	2	consecutive enclitics	ἐπεκαλέσαντό	βοηθόν	\vs{4}καὶ ἔδωκας γυναῖκας αὐτῶν εἰς προνομὴν, καὶ θυγατέρας εἰς αἰχμαλωσίαν, καὶ πάντα τὰ σκῦλα εἰς διαίρεσιν υἱῶν ἠγαπημένων ὑπὸ σοῦ, οἳ καὶ ἐζήλωσαν τὸν ζῆλόν σου, καὶ ἐβδελύξαντο μίασμα αἵματος αὐτῶν, καὶ ἐπεκαλέσαντό σε εἰς βοηθόν· ὁ Θεὸς ὁ Θεὸς ὁ ἐμὸς, καὶ εἰσάκουσον ἐμοῦ τῆς χήρας.
31201	ΙΟΥΔΙΘ 9:6	σου ἐν	2	consecutive enclitics	κρίσις	προγνώσει	\vs{6}καὶ παρέστησαν ἃ ἐβουλεύσω, καὶ εἶπαν, ἰδοὺ πάρεσμεν· πᾶσαι γὰρ αἱ ὁδοί σου ἕτοιμοι, καὶ ἡ κρίσις σου ἐν προγνώσει.
31206	ΙΟΥΔΙΘ 9:9	σου εἰς	2	consecutive enclitics	ὀργήν	κεφαλὰς	\vs{9}Βλέψον εἰς ὑπερηφανίαν αὐτῶν, ἀπόστειλον τὴν ὀργήν σου εἰς κεφαλὰς αὐτῶν· δὸς ἐν χειρί μου τῆς χήρας ὃ διενοήθην κράτος,
31207	ΙΟΥΔΙΘ 9:10	μου ἐπ	2	consecutive enclitics	ἀπάτης	ἄρχοντι	\vs{10}πάταξον δοῦλον ἐκ χειλέων ἀπάτης μου ἐπʼ ἄρχοντι, καὶ ἄρχοντα ἐπὶ θεράποντι αὐτοῦ, θραῦσον αὐτῶν τὸ ἀνάστεμα ἐν χειρὶ θηλείας.
31208	ΙΟΥΔΙΘ 9:11	σου ἐν	2	consecutive enclitics	δυναστεία	ἰσχύουσιν	\vs{11}Οὐ γὰρ ἐν πλήθει τὸ κράτος σου, οὐδὲ ἡ δυναστεία σου ἐν ἰσχύουσιν, ἀλλὰ ταπεινῶν εἶ Θεὸς, ἐλαττόνων εἶ βοηθὸς, ἀντιλήπτωρ ἀσθενούντων, ἀπεγνωσμένων σκεπαστὴς, ἀπηλπισμένων σωτήρ.
31225	ΙΟΥΔΙΘ 10:8	σε εἰς	2	consecutive enclitics	δῴη	χάριν	\vs{8}ὁ Θεὸς ὁ Θεὸς τῶν πατέρων ἡμῶν δῴη σε εἰς χάριν, καὶ τελειώσαι τὰ ἐπιτηδεύματά σου εἰς γαυρίαμα υἱῶν Ἱσραὴλ καὶ ὕψωμα Ἰερουσαλήμ· καὶ προσεκύνησε τῷ Θεῷ,
31225	ΙΟΥΔΙΘ 10:8	σου εἰς	2	consecutive enclitics	ἐπιτηδεύματά	γαυρίαμα	\vs{8}ὁ Θεὸς ὁ Θεὸς τῶν πατέρων ἡμῶν δῴη σε εἰς χάριν, καὶ τελειώσαι τὰ ἐπιτηδεύματά σου εἰς γαυρίαμα υἱῶν Ἱσραὴλ καὶ ὕψωμα Ἰερουσαλήμ· καὶ προσεκύνησε τῷ Θεῷ,
31235	ΙΟΥΔΙΘ 10:15	σε εἰς	2	consecutive enclitics	παραδώσουσί	τὰς	\vs{15}σέσωκας τὴν ψυχήν σου, σπεύσασα καταβῆναι εἰς πρόσωπον τοῦ κυρίου ἡμῶν· καὶ νῦν πρόσελθε ἐπὶ τὴν σκηνὴν αὐτοῦ, καὶ ἀφʼ ἡμῶν προπέμψουσί σε ἕως παραδώσουσί σε εἰς τὰς χεῖρας αὐτοῦ.
31249	ΙΟΥΔΙΘ 11:2	σου ὁ	2	consecutive enclitics	λαός	κατοικῶν	\vs{2}Καὶ νῦν ὁ λαός σου ὁ κατοικῶν τὴν ὀρεινὴν, εἰ μὴ ἐφαύλισάν με, οὐκ ἂν ᾖρα τὸ δόρυ μου ἐπʼ αὐτοὺς, ἀλλʼ αὐτοὶ ἑαυτοῖς ἐποίησαν ταῦτα.
31249	ΙΟΥΔΙΘ 11:2	με οὐκ	2	consecutive enclitics	ἐφαύλισάν	ἂν	\vs{2}Καὶ νῦν ὁ λαός σου ὁ κατοικῶν τὴν ὀρεινὴν, εἰ μὴ ἐφαύλισάν με, οὐκ ἂν ᾖρα τὸ δόρυ μου ἐπʼ αὐτοὺς, ἀλλʼ αὐτοὶ ἑαυτοῖς ἐποίησαν ταῦτα.
31249	ΙΟΥΔΙΘ 11:2	μου ἐπ	2	consecutive enclitics	δόρυ	αὐτοὺς	\vs{2}Καὶ νῦν ὁ λαός σου ὁ κατοικῶν τὴν ὀρεινὴν, εἰ μὴ ἐφαύλισάν με, οὐκ ἂν ᾖρα τὸ δόρυ μου ἐπʼ αὐτοὺς, ἀλλʼ αὐτοὶ ἑαυτοῖς ἐποίησαν ταῦτα.
31251	ΙΟΥΔΙΘ 11:4	σε ἀλλ	2	consecutive enclitics	ἀδικήσει	εὖ	\vs{4}Οὐ γάρ ἐστιν ὃς ἀδικήσει σε, ἀλλʼ εὖ σε ποιήσει, καθὰ γίνεται τοῖς δούλοις τοῦ κυρίου μου βασιλέως Ναβουχοδονόσορ.
31253	ΙΟΥΔΙΘ 11:5	μου ἐν	2	consecutive enclitics	κυρίῳ	τῇ	\vs{5}Καὶ εἶπε πρὸς αὐτὸν Ἰουδίθ, δέξαι τὰ ῥήματα τῆς δούλης σου, καὶ λαλησάτω ἡ παιδίσκη σου κατὰ πρόσωπόν σου, καὶ οὐκ ἀναγγελῶ ψεῦδος τῷ κυρίῳ μου ἐν τῇ νυκτὶ ταύτῃ.
31256	ΙΟΥΔΙΘ 11:7	σε εἰς	2	consecutive enclitics	ἀπέστειλέ	κατόρθωσιν	\vs{7}Ζῇ γὰρ βασιλεὺς Ναβουχοδονόσορ πάσης τῆς γῆς, καὶ ζῇ τὸ κράτος αὐτοῦ, ὃς ἀπέστειλέ σε εἰς κατόρθωσιν πάσης ψυχῆς, ὅτι οὐ μόνον ἄνθρωποι διὰ σὲ δουλεύουσιν αὐτῷ, ἀλλὰ καὶ τὰ θηρία τοῦ ἀγροῦ, καὶ τὰ κτήνη, καὶ τὰ πετεινὰ τοῦ οὐρανοῦ διὰ τῆς ἰσχύος σου ζήσονται ἐπὶ Ναβουχοδονόσορ, καὶ πάντα τὸν οἶκον αὐτοῦ.
31260	ΙΟΥΔΙΘ 11:10	ἐστιν οὐ	2	consecutive enclitics	ἀληθής	γὰρ	\vs{10}Διὸ, δέσποτα κύριε, μὴ παρέλθῃς τὸν λόγον αὐτοῦ, ἀλλὰ κατάθου αὐτὸν ἐν τῇ καρδίᾳ σου, ὅτι ἀληθής ἐστιν· οὐ γὰρ ἐκδικᾶται τὸ γένος ἡμῶν, οὐ κατισχύει ῥομφαία ἐπʼ αὐτοὺς, ἐὰν μὴ ἁμάρτωσιν εἰς τὸν Θεὸν αὐτῶν.
31266	ΙΟΥΔΙΘ 11:15	σοι εἰς	2	consecutive enclitics	δοθήσονταί	ὄλεθρον	\vs{15}Καὶ ἔσται ὡς ἂν ἀναγγείλῃ αὐτοῖς καὶ ποιήσωσιν, δοθήσονταί σοι εἰς ὄλεθρον ἐν τῇ ἡμέρᾳ ἐκείνῃ.
31268	ΙΟΥΔΙΘ 11:16	με ὁ	2	consecutive enclitics	ἀπέστειλέ	Θεὸς	\vs{16}Ὅθεν ἐγὼ ἡ δούλη σου ἐπιγνοῦσα ταῦτα πάντα, ἀπέδρων ἀπὸ προσώπου αὐτῶν· καὶ ἀπέστειλέ με ὁ Θεὸς ποιῆσαι μετὰ σοῦ πράγματα, ἐφʼ οἷς ἐκστήσεται πᾶσα ἡ γῆ ὅσοι ἐὰν ἀκούσωσιν αὐτά.
31270	ΙΟΥΔΙΘ 11:18	σοι ἐξ	2	consecutive enclitics	ἀντιστήσεταί	αὐτῶν	\vs{18}καὶ ἐλθοῦσα προσανοίσω σοι· ἐξελεύσῃ σὺν πάσῃ τῇ δυνάμει σου, καὶ οὐκ ἔστιν ὃς ἀντιστήσεταί σοι ἐξ αὐτῶν.
31271	ΙΟΥΔΙΘ 11:19	σου ἐν	2	consecutive enclitics	δίφρον	μέσῳ	\vs{19}Καὶ ἄξω σε διὰ μέσου τῆς Ἰουδαίας, ἕως τοῦ ἐλθεῖν ἀπέναντι Ἱερουσαλήμ· καὶ θήσω τὸν δίφρον σου ἐν μέσῳ αὐτῆς, καὶ ἄξεις αὐτοὺς ὡς πρόβατα οἷς οὐκ ἔστι ποιμήν· καὶ οὐ γρύξει κύων τῇ γλώσσῃ αὐτοῦ ἀπέναντί σου· ὅτι ταῦτα ἐλαλήθη μοι κατὰ πρόγνωσίν μου, καὶ ἀπηγγέλη μοι, καὶ ἀπεστάλην ἀναγγεῖλαί σοι.
31281	ΙΟΥΔΙΘ 12:2	ἀλλ ἐκ	2	consecutive enclitics	σκάνδαλον	τῶν	\vs{2}Καὶ εἶπεν Ἰουδὶθ, οὐ φάγομαι ἐξ αὐτῶν, ἵνα μὴ γένηται σκάνδαλον, ἀλλʼ ἐκ τῶν ἠκολουθηκότων μοι χορηγηθήσεται.
31282	ΙΟΥΔΙΘ 12:3	ἐστι μεθ	2	consecutive enclitics	γάρ	ἡμῶν	\vs{3}Καὶ εἶπε πρὸς αὐτὴν Ὀλοφέρνης, ἐὰν δὲ ἐκλίπῃ τὰ ὄντα μετὰ σοῦ, πόθεν ἐξοίσομέν σοι δοῦναι ὅμοια αὐτοῖς; οὐ γάρ ἐστι μεθʼ ἡμῶν ἐκ τοῦ ἔθνους σου.
31305	ΙΟΥΔΙΘ 12:18	μου ἐν	2	consecutive enclitics	ζῇν	ἐμοὶ	\vs{18}Καὶ εἶπεν Ἰουδὶθ, πίομαι δὴ, κύριε, ὅτι ἐμεγαλύνθη τὸ ζῇν μου ἐν ἐμοὶ σήμερον παρὰ πάσας τὰς ἡμέρας τῆς γενέσεώς μου.
31316	ΙΟΥΔΙΘ 13:4	μου εἰς	2	consecutive enclitics	χειρῶν	ὕψωμα	\vs{4}Καὶ ἀπήλθοσαν πάντες ἐκ προσώπου, καὶ οὐδεὶς κατελείφθη ἐν τῷ κοιτῶνι ἀπὸ μικροῦ ἕως μεγάλου· καὶ στᾶσα Ἰουδὶθ παρὰ τὴν κλίνην αὐτοῦ, εἶπεν ἐν τῇ καρδίᾳ αὐτῆς, Κύριε ὁ Θεὸς πάσης δυνάμεως, ἐπίβλεψον ἐν τῇ ὥρᾳ ταύτῃ ἐπὶ τὰ ἔργα τῶν χειρῶν μου, εἰς ὕψωμα Ἱερουσαλήμ·
31317	ΙΟΥΔΙΘ 13:5	μου εἰς	2	consecutive enclitics	ἐπιτήδευμά	θραῦμα	\vs{5}ὅτι νῦν καιρὸς ἀντιλαβέσθαι τῆς κληρονομίας σου, καὶ ποιῆσαι τὸ ἐπιτήδευμά μου, εἰς θραῦμα ἔχθρων οἳ ἐπανέστησαν ἡμῖν.
31320	ΙΟΥΔΙΘ 13:7	με ὁ	2	consecutive enclitics	κραταίωσόν	Θεὸς	\vs{7}Καὶ ἐγγίσασα τῆς κλίνης, ἐδράξατο τῆς κόμης τῆς κεφαλῆς αὐτοῦ, καὶ εἶπε, κραταίωσόν με, ὁ Θεὸς Ἰσραὴλ, ἐν τῇ ἡμέρᾳ ταύτῃ·
31331	ΙΟΥΔΙΘ 13:14	μου ἐν	2	consecutive enclitics	χειρός	τῇ	\vs{14}Ἡ δὲ εἶπε πρὸς αὐτοὺς φωνῇ μεγάλῃ, αἰνεῖτε τὸν Θεόν, αἰνεῖτε· αἰνεῖτε τὸν Θεὸν ὃς οὐκ ἀπέστησε τὸ ἔλεος αὐτοῦ ἀπὸ τοῦ οἴκου Ἰσραὴλ, ἀλλʼ ἔθραυσε τοὺς ἐχθροὺς ἡμῶν διὰ χειρός μου ἐν τῇ νυκτὶ ταύτῃ.
31333	ΙΟΥΔΙΘ 13:16	με ἐν	2	consecutive enclitics	διεφύλαξέ	τῇ	\vs{16}Καὶ ζῇ Κύριος ὃς διεφύλαξέ με ἐν τῇ ὁδῷ μου ᾗ ἐπορεύθην, ὅτι ἠπάτησεν αὐτὸν τὸ πρόσωπόν μου εἰς ἀπώλειαν αὐτοῦ, καὶ οὐκ ἐποίησεν ἁμάρτημα μετʼ ἐμοῦ εἰς μίασμα καὶ αἰσχύνην.
31333	ΙΟΥΔΙΘ 13:16	μου εἰς	2	consecutive enclitics	πρόσωπόν	ἀπώλειαν	\vs{16}Καὶ ζῇ Κύριος ὃς διεφύλαξέ με ἐν τῇ ὁδῷ μου ᾗ ἐπορεύθην, ὅτι ἠπάτησεν αὐτὸν τὸ πρόσωπόν μου εἰς ἀπώλειαν αὐτοῦ, καὶ οὐκ ἐποίησεν ἁμάρτημα μετʼ ἐμοῦ εἰς μίασμα καὶ αἰσχύνην.
31336	ΙΟΥΔΙΘ 13:18	σε εἰς	2	consecutive enclitics	κατεύθυνέ	τραῦμα	\vs{18}Καὶ εἶπεν αὐτῇ Ὀζίας, εὐλογητὴ σὺ, θυγάτηρ τῷ Θεῷ τῷ ὑψίστῳ παρὰ πάσας τὰς γυναῖκας τὰς ἐπὶ τῆς γῆς, καὶ εὐλογημένος Κύριος ὁ Θεὸς, ὃς ἔκτισε τοὺς οὐρανοὺς καὶ τὴν γῆν, ὃς κατεύθυνέ σε εἰς τραῦμα κεφαλῆς ἄρχοντος ἐχθρῶν ἡμῶν,
31338	ΙΟΥΔΙΘ 13:20	σε ἐν	2	consecutive enclitics	ἐπισκέψασθαί	ἀγαθοῖς	\vs{20}Καὶ ποιήσαι σοι αὐτὰ ὁ Θεὸς εἰς ὕψος αἰώνιον, τοῦ ἐπισκέψασθαί σε ἐν ἀγαθοῖς, ἀνθʼ ὧν οὐκ ἐφείσω τῆς ψυχῆς σου διὰ τὴν ταπείνωσιν τοῦ γένους ἡμῶν, ἀλλʼ ἐπεξῆλθες πτώματι ἡμῶν, ἐπʼ εὐθείαν πορευθεῖσα ἐνώπιον τοῦ Θεοῦ ἡμῶν· καὶ εἶπαν πᾶς ὁ λαός, γένοιτο, γένοιτο.
31346	ΙΟΥΔΙΘ 14:5	ὡς εἰς	2	consecutive enclitics	αὐτὸν	θάνατον	\vs{5}Πρὸ δὲ τοῦ ποιῆσαι ταῦτα, καλέσατέ μοι Ἀχιὼρ τὸν Ἀμμανίτην, ἵνα ἰδὼν ἐπιγνῷ τὸν ἐκφαυλίσαντα τὸν οἶκον τοῦ Ἰσραὴλ, καὶ αὐτὸν ὡς εἰς θάνατον ἀποστείλαντα εἰς ἡμᾶς.
31371	ΙΟΥΔΙΘ 15:1	οἱ ἐν	2	consecutive enclitics	ἤκουσαν	τοῖς	Καὶ ὡς ἤκουσαν οἱ ἐν τοῖς σκηνώμασιν ὄντες, ἐξέστησαν ἐπὶ τὸ γεγονός·
31376	ΙΟΥΔΙΘ 15:5	οἱ ἐξ	2	consecutive enclitics	καὶ	Ἱερουσαλὴμ	\vs{5}Ὡς δὲ ἤκουσαν οἱ υἱοὶ Ἰσραὴλ, πάντες ὁμοθυμαδὸν ἐπέπεσον ἐπʼ αὐτοὺς, καὶ ἔκοπτον αὐτοὺς ἕως Χωβά. ὡσαύτως δὲ καὶ οἱ ἐξ Ἱερουσαλὴμ παρεγενήθησαν καὶ ἐκ πάσης τῆς ὀρεινῆς· ἀνήγγειλαν γὰρ αὐτοῖς τὰ γεγονότα τῇ παρεμβολῇ τῶν ἐχθρῶν αὐτῶν· καὶ οἱ ἐν Γαλαὰδ καὶ οἱ ἐν τῇ Γαλιλαίᾳ ὑπερεκέρασαν αὐτοὺς πληγῇ μεγάλῃ, ἕως οὗ παρῆλθον Δαμασκὸν, καὶ τὰ ὅρια αὐτῆς.
31376	ΙΟΥΔΙΘ 15:5	οἱ ἐν	2	consecutive enclitics	καὶ	Γαλαὰδ	\vs{5}Ὡς δὲ ἤκουσαν οἱ υἱοὶ Ἰσραὴλ, πάντες ὁμοθυμαδὸν ἐπέπεσον ἐπʼ αὐτοὺς, καὶ ἔκοπτον αὐτοὺς ἕως Χωβά. ὡσαύτως δὲ καὶ οἱ ἐξ Ἱερουσαλὴμ παρεγενήθησαν καὶ ἐκ πάσης τῆς ὀρεινῆς· ἀνήγγειλαν γὰρ αὐτοῖς τὰ γεγονότα τῇ παρεμβολῇ τῶν ἐχθρῶν αὐτῶν· καὶ οἱ ἐν Γαλαὰδ καὶ οἱ ἐν τῇ Γαλιλαίᾳ ὑπερεκέρασαν αὐτοὺς πληγῇ μεγάλῃ, ἕως οὗ παρῆλθον Δαμασκὸν, καὶ τὰ ὅρια αὐτῆς.
31376	ΙΟΥΔΙΘ 15:5	οἱ ἐν	2	consecutive enclitics	καὶ	τῇ	\vs{5}Ὡς δὲ ἤκουσαν οἱ υἱοὶ Ἰσραὴλ, πάντες ὁμοθυμαδὸν ἐπέπεσον ἐπʼ αὐτοὺς, καὶ ἔκοπτον αὐτοὺς ἕως Χωβά. ὡσαύτως δὲ καὶ οἱ ἐξ Ἱερουσαλὴμ παρεγενήθησαν καὶ ἐκ πάσης τῆς ὀρεινῆς· ἀνήγγειλαν γὰρ αὐτοῖς τὰ γεγονότα τῇ παρεμβολῇ τῶν ἐχθρῶν αὐτῶν· καὶ οἱ ἐν Γαλαὰδ καὶ οἱ ἐν τῇ Γαλιλαίᾳ ὑπερεκέρασαν αὐτοὺς πληγῇ μεγάλῃ, ἕως οὗ παρῆλθον Δαμασκὸν, καὶ τὰ ὅρια αὐτῆς.
31388	ΙΟΥΔΙΘ 15:13	αἱ μετ	2	consecutive enclitics	καὶ	αὐτῆς	\vs{13}καὶ ἐστεφανώσαντο τὴν ἐλαίαν αὕτη καὶ αἱ μετʼ αὐτῆς· καὶ προῆλθε παντὸς τοῦ λαοῦ ἐν χορείᾳ ἡγουμένη πασῶν τῶν γυναικῶν, καὶ ἠκολούθει πᾶς ἀνὴρ Ἰσραὴλ ἐνωπλισμένοι μετὰ στεφάνων καὶ ὕμνων ἐν τῷ στόματι αὐτῶν.
31395	ΙΟΥΔΙΘ 16:2	μου ἐν	2	consecutive enclitics	Θεῷ	τυμπάνοις	Ἐξάρχετε τῷ Θεῷ μου ἐν τυμπάνοις, ᾄσατε τῷ Κυρίῳ μου ἐν κυμβάλοις, ἐναρμόσασθε αὐτῷ ψαλμὸν καινὸν, ὑψοῦτε καὶ ἐπικαλέσασθε τὸ ὄνομα αὐτοῦ.
31395	ΙΟΥΔΙΘ 16:2	μου ἐν	2	consecutive enclitics	Κυρίῳ	κυμβάλοις	Ἐξάρχετε τῷ Θεῷ μου ἐν τυμπάνοις, ᾄσατε τῷ Κυρίῳ μου ἐν κυμβάλοις, ἐναρμόσασθε αὐτῷ ψαλμὸν καινὸν, ὑψοῦτε καὶ ἐπικαλέσασθε τὸ ὄνομα αὐτοῦ.
31396	ΙΟΥΔΙΘ 16:3	με ἐκ	2	consecutive enclitics	ἐξείλατό	χειρὸς	\vs{3}ὅτι Θεὸς συντρίβων πολέμους Κύριος, ὅτι εἰς παρεμβολὰς αὐτοῦ ἐν μέσῳ λαοῦ ἐξείλατό με ἐκ χειρὸς τῶν καταδιωκόντων με.
31412	ΙΟΥΔΙΘ 16:15	σου ὡς	2	consecutive enclitics	προσώπου	κηρὸς	\vs{15}Ὄρη γὰρ ἐκ θεμελίων σὺν ὕδασι σαλευθήσεται, πέτραι δὲ ἀπὸ προσώπου σου ὡς κηρὸς τακήσονται, ἐπὶ δὲ τοῖς φοβουμένοις σε, σὺ εὐιλατεύεις αὐτοῖς.
31413	ΙΟΥΔΙΘ 16:16	σοι ὁ	2	consecutive enclitics	ὁλοκαύτωμά	δὲ	\vs{16}Ὅτι μικρὸν πᾶσα θυσία εἰς ὀσμὴν εὐωδίας, καὶ ἐλάχιστον πᾶν στέαρ εἰς ὁλοκαύτωμά σοι· ὁ δὲ φοβούμενος τὸν Κύριον, μέγας διαπαντός.
31437	ΣΟΦΙΑ ΣΑΛΩΜΩΝ 1:3	τε ἡ	2	consecutive enclitics	δοκιμαζομένη	δύναμις	\vs{3}Σκολιοὶ γὰρ λογισμοὶ χωρίζουσιν ἀπὸ Θεοῦ, δοκιμαζομένη τε ἡ δύναμις ἐλέγχει τοὺς ἄφρονας.
31459	ΣΟΦΙΑ ΣΑΛΩΜΩΝ 2:2	ὡς οὐχ	2	consecutive enclitics	ἐσόμεθα	ὑπάρξαντες	\vs{2}Ὅτι αὐτοσχεδίως ἐγεννήθημεν, καὶ μετὰ τοῦτο ἐσόμεθα ὡς οὐχ ὑπάρξαντες, ὅτι καπνὸς ἡ πνοὴ ἐν ῥισὶν ἡμῶν, καὶ ὁ λόγος σπινθὴρ ἐν κινήσει καρδίας ἡμῶν,
31479	ΣΟΦΙΑ ΣΑΛΩΜΩΝ 2:17	εἰ οἱ	2	consecutive enclitics	Ἴδωμεν	λόγοι	\vs{17}Ἴδωμεν εἰ οἱ λόγοι αὐτοῦ ἀληθεῖς, καὶ πειράσωμεν τὰ ἐν ἐκβάσει αὐτοῦ.
31480	ΣΟΦΙΑ ΣΑΛΩΜΩΝ 2:18	ἐστιν ὁ	2	consecutive enclitics	γάρ	δίκαιος	\vs{18}Εἰ γάρ ἐστιν ὁ δίκαιος υἱὸς Θεοῦ, ἀντιλήμψεται αὐτοῦ, καὶ ῥύσεται αὐτὸν ἐκ χειρὸς ἀνθεστηκότων.
31493	ΣΟΦΙΑ ΣΑΛΩΜΩΝ 3:3	ἡ ἀφ	2	consecutive enclitics	καὶ	ἡμῶν	\vs{3}καὶ ἐλογίσθη κάκωσις ἡ ἔξοδος αὐτῶν, καὶ ἡ ἀφʼ ἡμῶν πορεία σύντριμμα· οἱ δὲ εἰσιν ἐν εἰρήνῃ·
31493	ΣΟΦΙΑ ΣΑΛΩΜΩΝ 3:3	εἰσιν ἐν	2	consecutive enclitics	δὲ	εἰρήνῃ	\vs{3}καὶ ἐλογίσθη κάκωσις ἡ ἔξοδος αὐτῶν, καὶ ἡ ἀφʼ ἡμῶν πορεία σύντριμμα· οἱ δὲ εἰσιν ἐν εἰρήνῃ·
31518	ΣΟΦΙΑ ΣΑΛΩΜΩΝ 4:1	ἐστιν ἐν	2	consecutive enclitics	γάρ	μνήμῃ	Κρείσσων ἀτεκνία μετὰ ἀρετῆς, ἀθανασία γάρ ἐστιν ἐν μνήμῃ αὐτῆς, ὅτι καὶ παρὰ Θεῷ γινώσκεται καὶ παρὰ ἀνθρώποις·
31547	ΣΟΦΙΑ ΣΑΛΩΜΩΝ 5:3	ποτε εἰς	2	consecutive enclitics	ἔσχομέν	γέλωτα	Οὗτος ἦν ὃν ἔσχομέν ποτε εἰς γέλωτα καὶ εἰς παραβολὴν ὀνειδισμοῦ.
31589	ΣΟΦΙΑ ΣΑΛΩΜΩΝ 6:12	ἐστιν ἡ	2	consecutive enclitics	ἀμάραντός	σοφία	\vs{12}Λαμπρὰ καὶ ἀμάραντός ἐστιν ἡ σοφία, καὶ εὐχερῶς θεωρεῖται ὑπὸ τῶν ἀγαπώντων αὐτήν, καὶ εὑρίσκεται ὑπὸ τῶν ζητούντων αὐτήν.
31601	ΣΟΦΙΑ ΣΑΛΩΜΩΝ 6:22	ἀλλ ἀπ	2	consecutive enclitics	μυστήρια	ἀρχῆς	\vs{22}Τί δέ ἐστι σοφία καὶ πῶς ἐγένετο, ἀπαγγελῶ, καὶ οὐκ ἀποκρύψω ὑμῖν μυστήρια, ἀλλʼ ἀπʼ ἀρχῆς γενέσεως ἐξιχνιάσω, καὶ θήσω εἰς τὸ ἐμφανὲς τὴν γνῶσιν αὐτῆς, καὶ οὐ μὴ παροδεύσω τὴν ἀλήθειαν·
31654	ΣΟΦΙΑ ΣΑΛΩΜΩΝ 8:7	τις οἱ	2	consecutive enclitics	ἀγαπᾷ	πόνοι	\vs{7}Καὶ εἰ δικαιοσύνην ἀγαπᾷ τις, οἱ πόνοι ταύτης εἰσὶν ἀρεταί· σωφροσύνην γὰρ καὶ φρόνησιν ἐκδιδάσκει, δικαιοσύνην καὶ ἀνδρίαν, ὧν χρησιμώτερον οὐδέν ἐστιν ἐν βίῳ ἀνθρώποις.
31654	ΣΟΦΙΑ ΣΑΛΩΜΩΝ 8:7	ἐστιν ἐν	2	consecutive enclitics	οὐδέν	βίῳ	\vs{7}Καὶ εἰ δικαιοσύνην ἀγαπᾷ τις, οἱ πόνοι ταύτης εἰσὶν ἀρεταί· σωφροσύνην γὰρ καὶ φρόνησιν ἐκδιδάσκει, δικαιοσύνην καὶ ἀνδρίαν, ὧν χρησιμώτερον οὐδέν ἐστιν ἐν βίῳ ἀνθρώποις.
31675	ΣΟΦΙΑ ΣΑΛΩΜΩΝ 9:1	σου ὁ	2	consecutive enclitics	ἐλέους	ποιήσας	Θεὲ πατέρων καὶ Κύριε τοῦ ἐλέους σου, ὁ ποιήσας τὰ πάντα ἐν λόγῳ σου,
31687	ΣΟΦΙΑ ΣΑΛΩΜΩΝ 9:11	με ἐν	2	consecutive enclitics	ὁδηγήσει	ταῖς	\vs{11}Οἶδε γὰρ ἐκείνη πάντα καὶ συνιεῖ, καὶ ὁδηγήσει με ἐν ταῖς πράξεσί μου σωφρόνως, καὶ φυλάξει με ἐν τῇ δόξῃ αὐτῆς.
31687	ΣΟΦΙΑ ΣΑΛΩΜΩΝ 9:11	με ἐν	2	consecutive enclitics	φυλάξει	τῇ	\vs{11}Οἶδε γὰρ ἐκείνη πάντα καὶ συνιεῖ, καὶ ὁδηγήσει με ἐν ταῖς πράξεσί μου σωφρόνως, καὶ φυλάξει με ἐν τῇ δόξῃ αὐτῆς.
31750	ΣΟΦΙΑ ΣΑΛΩΜΩΝ 11:21	σου τις	2	consecutive enclitics	βραχίονός	ἀντιστήσεται	\vs{21}Τὸ γὰρ μεγάλως ἰσχύειν πάρεστί σοι πάντοτε, καὶ κράτει βραχίονός σου τις ἀντιστήσεται;
31755	ΣΟΦΙΑ ΣΑΛΩΜΩΝ 11:25	τι εἰ	2	consecutive enclitics	ἄν	μὴ	\vs{25}Πῶς δὲ ἔμεινεν ἄν τι εἰ μὴ σὺ ἐθέλησας; ἢ τὸ μὴ κληθὲν ὑπὸ σοῦ διετηρήθη;
31759	ΣΟΦΙΑ ΣΑΛΩΜΩΝ 12:1	ἐστιν ἐν	2	consecutive enclitics	πνεῦμά	πᾶσι	Τὸ γὰρ ἄφθαρτόν σου πνεῦμά ἐστιν ἐν πᾶσι.
31770	ΣΟΦΙΑ ΣΑΛΩΜΩΝ 12:11	τινα ἐφ	2	consecutive enclitics	εὐλαβούμενός	οἷς	\vs{11}σπέρμα γὰρ ἦν κατηραμένον ἀπʼ ἀρχῆς· οὐδὲ εὐλαβούμενός τινα, ἐφʼ οἷς ἡμάρτανον ἄδειαν ἐδίδους.
31852	ΣΟΦΙΑ ΣΑΛΩΜΩΝ 14:31	ἀλλ ἡ	2	consecutive enclitics	δύναμις	τῶν	\vs{31}Οὐ γὰρ ἡ τῶν ὀμνυομένων δύναμις, ἀλλʼ ἡ τῶν ἁμαρτανόντων δίκη ἐπεξέρχεται ἀεὶ τὴν τῶν ἀδίκων παράβασιν.
31862	ΣΟΦΙΑ ΣΑΛΩΜΩΝ 15:7	ἀλλ ἐκ	2	consecutive enclitics	ἕκαστον	τοῦ	\vs{7}Καὶ γὰρ κεραμεὺς ἁπαλὴν γῆν θλίβων ἐπίμοχθον, πλάσσει πρὸς ὑπηρεσίαν ἡμῶν ἕκαστον. ἀλλʼ ἐκ τοῦ αὐτοῦ πηλοῦ ἀνεπλάσατο τά τε τῶν καθαρῶν ἔργων δοῦλα σκεύη, τά τε ἐναντία, πάνθʼ ὁμοίως· τούτων δὲ ἑκατέρου τίς ἑκάστου ἐστὶν ἡ χρῆσις, κριτὴς ὁ πηλουργός.
31876	ΣΟΦΙΑ ΣΑΛΩΜΩΝ 15:19	ὡς ἐν	2	consecutive enclitics	ἐπιποθῆσαι	ζώων	\vs{19}Οὐδʼ ὅσον ἐπιποθῆσαι ὡς ἐν ζώων ὄψει καλὰ τυγχάνει, ἐκπέφευγε δὲ καὶ τὸν τοῦ Θεοῦ ἔπαινον καὶ τὴν εὐλογίαν αὐτοῦ.
31880	ΣΟΦΙΑ ΣΑΛΩΜΩΝ 16:2	σου εἰς	2	consecutive enclitics	λαόν	ἐπιθυμίαν	\vs{2}Ἀνθʼ ἧς κολάσεως εὐεργετήσας τὸν λαόν σου, εἰς ἐπιθυμίαν ὀρέξεως ξένην γεῦσιν, τροφὴν ἡτοίμασας ὀρτυγομήτραν,
31910	ΣΟΦΙΑ ΣΑΛΩΜΩΝ 16:26	οὐχ αἱ	2	consecutive enclitics	ὅτι	γενέσεις	\vs{26}ἵνα μάθωσιν οἱ υἱοί σου, οὓς ἠγάπησας, Κύριε, ὅτι οὐχ αἱ γενέσεις τῶν καρπῶν τρέφουσιν ἄνθρωπον, ἀλλὰ τὸ ῥῆμά σου τούς σοι πιστεύοντας διατηρεῖ.
31917	ΣΟΦΙΑ ΣΑΛΩΜΩΝ 17:1	σου αἱ	2	consecutive enclitics	γάρ	κρίσεις	Μεγάλαι γάρ σου αἱ κρίσεις καὶ δυσδιήγητοι· διὰ τοῦτο ἀπαίδευτοι ψυχαὶ ἐπλανήθησαν.
31947	ΣΟΦΙΑ ΣΑΛΩΜΩΝ 18:4	σου δι	2	consecutive enclitics	υἱούς	ὧν	\vs{4}Ἄξιοι μὲν γὰρ ἐκεῖνοι στερηθῆναι φωτὸς, καὶ φυλακισθῆναι ἐν σκότει, οἱ κατακλείστους φυλάξαντες τοὺς υἱούς σου, διʼ ὧν ἤμελλε τὸ ἄφθαρτον νόμου φῶς τῷ αἰῶνι δίδοσθαι.
31968	ΣΟΦΙΑ ΣΑΛΩΜΩΝ 18:20	ἀλλ οὐκ	2	consecutive enclitics	πλήθους	ἐπὶ	\vs{20}Ἥψατο δὲ καὶ δικαίων πεῖρα θανάτου, καὶ θραῦσις ἐν ἐρήμῳ ἐγένετο πλήθους· ἀλλʼ οὐκ ἐπὶ πολὺ ἔμεινεν ἡ ὀργή.
32010	ΣΟΦΙΑ ΣΕΙΡΑΧ 1:1	ὡς οὐ	2	consecutive enclitics	καὶ	μόνον	\postdropcapindent\vs{1}ΠΟΛΛΩΝ καὶ μεγάλων ἡμῖν διὰ τοῦ νόμου καὶ τῶν προφητῶν καὶ τῶν ἄλλων τῶν κατʼ αὐτοὺς ἠκολουθηκότων δεδομένων. ὑπὲρ ὧν δέον ἐστὶν ἐπαινεῖν τὸν Ἰσραὴλ παιδείας καὶ σοφίας, καὶ ὡς οὐ μόνον αὐτοὺς τοὺς ἀναγινώσκοντας δέον ἐστὶν ἐπιστήμονας γίνεσθαι,
32021	ΣΟΦΙΑ ΣΕΙΡΑΧ 1:1h	ἐστιν εἰς	2	consecutive enclitics	αὐτοῦ	τὸν	\vs{1h}ΠΑΣΑ σοφία παρὰ Κυρίου, καὶ μετʼ αὐτοῦ ἐστιν εἰς τὸν αἰῶνα.
32056	ΣΟΦΙΑ ΣΕΙΡΑΧ 2:1	σου εἰς	2	consecutive enclitics	ψυχήν	πειρασμόν	Τεκνὸν εἰ προσέρχῃ δουλεύειν Κυρίῳ Θεῷ, ἑτοίμασον τὴν ψυχήν σου εἰς πειρασμόν.
32076	ΣΟΦΙΑ ΣΕΙΡΑΧ 2:18	οὐκ εἰς	2	consecutive enclitics	καὶ	χεῖρας	\vs{18}Ἐμπεσούμεθα εἰς χεῖρας Κυρίου, καὶ οὐκ εἰς χεῖρας ἀνθρώπων· ὡς γὰρ ἡ μεγαλωσύνη αὐτοῦ, οὕτως καὶ τὸ ἔλεος αὐτοῦ.
32082	ΣΟΦΙΑ ΣΕΙΡΑΧ 3:4	ὡς ὁ	2	consecutive enclitics	Καὶ	ἀποθησαυρίζων	\vs{4}Καὶ ὡς ὁ ἀποθησαυρίζων, ὁ δοξάζων μητέρα αὐτοῦ.
32090	ΣΟΦΙΑ ΣΕΙΡΑΧ 3:10	σου οὐ	2	consecutive enclitics	πατρός	γάρ	\vs{10}Μὴ δοξάζου ἐν ἀτιμίᾳ πατρός σου, οὐ γάρ ἐστί σοι δόξα πατρὸς ἀτιμία.
32096	ΣΟΦΙΑ ΣΕΙΡΑΧ 3:15	σου ὡς	2	consecutive enclitics	ἀναμνησθήσεταί	εὐδία	\vs{15}Ἐν ἡμέρᾳ θλίψεώς σου ἀναμνησθήσεταί σου· ὡς εὐδία ἐπὶ παγετῷ, οὕτως ἀναλυθήσονταί σου αἱ ἁμαρτίαι.
32096	ΣΟΦΙΑ ΣΕΙΡΑΧ 3:15	σου αἱ	2	consecutive enclitics	ἀναλυθήσονταί	ἁμαρτίαι	\vs{15}Ἐν ἡμέρᾳ θλίψεώς σου ἀναμνησθήσεταί σου· ὡς εὐδία ἐπὶ παγετῷ, οὕτως ἀναλυθήσονταί σου αἱ ἁμαρτίαι.
32123	ΣΟΦΙΑ ΣΕΙΡΑΧ 4:6	σε ἐν	2	consecutive enclitics	γάρ	πικρίᾳ	\vs{6}Καταρωμένου γάρ σε ἐν πικρίᾳ ψυχῆς αὐτοῦ, τῆς δεήσεως αὐτοῦ ἐπακούσεται ὁ ποιήσας αὐτόν.
32167	ΣΟΦΙΑ ΣΕΙΡΑΧ 5:10	σου ὁ	2	consecutive enclitics	ἔστω	λόγος	\vs{10}Ἴσθι ἐστηριγμένος ἐν συνέσει σου, καὶ εἷς ἔστω σου ὁ λόγος.
32197	ΣΟΦΙΑ ΣΕΙΡΑΧ 6:19	Ὡς ὁ	2	consecutive enclitics		ἀροτριῶν	\vs{19}Ὡς ὁ ἀροτριῶν καὶ ὁ σπείρων πρόσελθε αὐτῇ, καὶ ἀνάμενε τοὺς ἀγαθοὺς καρποὺς αὐτῆς· ἐν γὰρ τῇ ἐργασίᾳ αὐτῆς ὀλίγον κοπιάσεις, καὶ ταχὺ φάγεσαι γεννημάτων αὐτῆς.
32203	ΣΟΦΙΑ ΣΕΙΡΑΧ 6:24	σου εἰς	2	consecutive enclitics	πόδας	τὰς	\vs{24}Καὶ εἰσένεγκον τοὺς πόδας σου εἰς τὰς πέδας αὐτῆς, καὶ εἰς τὸν κλοίον αὐτῆς τὸν τράχηλόν σου.
32207	ΣΟΦΙΑ ΣΕΙΡΑΧ 6:28	σοι εἰς	2	consecutive enclitics	στραφήσεταί	εὐφροσύνην	\vs{28}Ἐπʼ ἐσχάτων γὰρ εὑρήσεις τὴν ἀνάπαυσιν αὐτῆς, καὶ στραφήσεταί σοι εἰς εὐφροσύνην.
32208	ΣΟΦΙΑ ΣΕΙΡΑΧ 6:29	σοι αἱ	2	consecutive enclitics	ἔσονταί	πέδαι	\vs{29}Καὶ ἔσονταί σοι αἱ πέδαι εἰς σκέπην ἰσχύος, καὶ οἱ κλοιοὶ αὐτῆς εἰς στολὴν δόξης.
32209	ΣΟΦΙΑ ΣΕΙΡΑΧ 6:30	ἐστιν ἐπ	2	consecutive enclitics	χρύσεός	αὐτῆς	\vs{30}Κόσμος γὰρ χρύσεός ἐστιν ἐπʼ αὐτῆς, καὶ οἱ δεσμοὶ αὐτῆς κλῶσμα ὑακίνθινον.
32234	ΣΟΦΙΑ ΣΕΙΡΑΧ 7:13	οὐκ εἰς	2	consecutive enclitics	αὐτοῦ	ἀγαθόν	\vs{13}Μὴ θέλε ψεύδεσθαι πᾶν ψεῦδος, ὁ γὰρ ἐνδελεχισμὸς αὐτοῦ οὐκ εἰς ἀγαθόν.
32245	ΣΟΦΙΑ ΣΕΙΡΑΧ 7:21	σου ἡ	2	consecutive enclitics	ἀγαπάτω	ψυχὴ	\vs{21}Οἰκέτην συνετὸν ἀγαπάτω σου ἡ ψυχὴ, μὴ στερήσῃς αὐτὸν ἐλευθερίας.
32296	ΣΟΦΙΑ ΣΕΙΡΑΧ 9:9	σου ἐπ	2	consecutive enclitics	ψυχή	αὐτὴν	\vs{9}Μετὰ ὑπάνδρου γυναικὸς μὴ κάθου τὸ σύνολον, καὶ μὴ συμβολοκοπήσῃς μετʼ αὐτῆς ἐν οἴνῳ, μήποτε ἐκκλίνῃ ἡ ψυχή σου ἐπʼ αὐτὴν, καὶ τῷ πνεύματί σου ὀλισθήσῃς εἰς ἀπώλειαν.
32303	ΣΟΦΙΑ ΣΕΙΡΑΧ 9:15	σου ἐν	2	consecutive enclitics	διήγησίς	νόμῳ	\vs{15}Καὶ μετὰ συνετῶν ἔστω ὁ διαλογισμός σου, καὶ πᾶσα διήγησίς σου ἐν νόμῳ ὑψίστου.
32377	ΣΟΦΙΑ ΣΕΙΡΑΧ 11:30	ὡς ὁ	2	consecutive enclitics	καὶ	κατάσκοπος	\vs{30}Πέρδιξ θηρευτὴς ἐν καρτάλλῳ, οὕτως καρδία ὑπερηφάνου, καὶ ὡς ὁ κατάσκοπος ἐπιβλέπει πτῶσιν.
32381	ΣΟΦΙΑ ΣΕΙΡΑΧ 11:34	σε ἐν	2	consecutive enclitics	διαστρέψει	ταραχαῖς	\vs{34}Ἐνοίκισον ἀλλότριον, καὶ διαστρέψει σε ἐν ταραχαῖς, καὶ ἀπαλλοτριώσει σε τῶν ἰδίων σου.
32394	ΣΟΦΙΑ ΣΕΙΡΑΧ 12:10	σου εἰς	2	consecutive enclitics	ἐχθρῷ	τὸν	\vs{10}Μὴ πιστεύσῃς τῷ ἐχθρῷ σου εἰς τὸν αἰῶνα· ὡς γὰρ ὁ χαλκὸς ἰοῦται, οὕτως ἡ πονηρία αὐτοῦ.
32395	ΣΟΦΙΑ ΣΕΙΡΑΧ 12:11	οὐκ εἰς	2	consecutive enclitics	ὅτι	τέλος	\vs{11}Καὶ ἐὰν ταπεινωθῇ καὶ πορεύηται συγκεκυφὼς, ἐπίστησον τὴν ψυχήν σου καὶ φύλαξαι ἀπʼ αὐτοῦ, καὶ ἔσῃ αὐτῷ ὡς ἐκμεμαχὼς ἔσοπτρον, καὶ γνώσῃ ὅτι οὐκ εἰς τέλος κατίωσε.
32401	ΣΟΦΙΑ ΣΕΙΡΑΧ 12:16	σε εἰς	2	consecutive enclitics	ἀνατρέψαι	βόθρον	\vs{16}Καὶ ἐν τοῖς χείλεσιν αὐτοῦ γλυκανεῖ ὁ ἐχθρὸς, καὶ ἐν τῇ καρδία αὐτοῦ βουλεύσεται ἀνατρέψαι σε εἰς βόθρον· ἐν ὀφθαλμοῖς αὐτοῦ δακρύσει ὁ ἐχθρὸς, καὶ ἐὰν εὕρῃ καιρὸν, οὐκ ἐμπλησθήσεται ἀφʼ αἵματος.
32413	ΣΟΦΙΑ ΣΕΙΡΑΧ 13:7	σε ἐν	2	consecutive enclitics	αἰσχυνεῖ	τοῖς	\vs{7}Καὶ αἰσχυνεῖ σε ἐν τοῖς βρώμασιν αὐτοῦ, ἕως οὗ ἀποκενώσῃ σε δὶς ἢ τρὶς, καὶ ἐπʼ ἐσχάτῳ καταμωκήσεταί σου· μετὰ ταῦτα ὄψεταί σε, καὶ καταλείψει σε, καὶ τὴν κεφαλὴν αὐτοῦ κινήσει ἐπὶ σοί.
32434	ΣΟΦΙΑ ΣΕΙΡΑΧ 13:25	τε εἰς	2	consecutive enclitics	ἐάν	κακά	\vs{25}Καρδία ἀνθρώπου ἀλλοιοῖ τὸ πρόσωπον αὐτοῦ, ἐὰν εἰς ἀγαθὰ ἐάν τε εἰς κακά.
32454	ΣΟΦΙΑ ΣΕΙΡΑΧ 14:15	σου εἰς	2	consecutive enclitics	κόπους	διαίρεσιν	\vs{15}Οὐχὶ ἑτέρῳ καταλείψεις τοὺς πόνους σου, καὶ τοὺς κόπους σου εἰς διαίρεσιν κλήρου;
32511	ΣΟΦΙΑ ΣΕΙΡΑΧ 16:17	μου ἐν	2	consecutive enclitics	ψυχή	ἀμετρήτῳ	\vs{17}Μὴ εἴπῃς, ὅτι ἀπὸ Κυρίου κρυβήσομαι, μὴ ἐξ ὕψους τίς μου μνησθήσεται; ἐν λαῷ πλείονι οὐ μὴ μνησθῶ, τίς γὰρ ἡ ψυχή μου ἐν ἀμετρήτῳ κτίσει;
32543	ΣΟΦΙΑ ΣΕΙΡΑΧ 17:19	ὡς ὁ	2	consecutive enclitics	αὐτῶν	ἥλιος	\vs{19}Ἅπαντα τὰ ἔργα αὐτῶν ὡς ὁ ἥλιος ἐναντίον αὐτοῦ, καὶ οἱ ὀφθαλμοὶ αὐτοῦ ἐνδελεχεῖς ἐπὶ τὰς ὁδοὺς αὐτῶν.
32611	ΣΟΦΙΑ ΣΕΙΡΑΧ 19:7	σοι οὐ	2	consecutive enclitics	οὐθέν	μὴ	\vs{7}Μηδέποτε δευτερώσῃς λόγον, καὶ οὐθέν σοι οὐ μὴ ἐλαττονωθῇ.
32652	ΣΟΦΙΑ ΣΕΙΡΑΧ 20:14	σοι οἱ	2	consecutive enclitics	λυσιτελήσει	γὰρ	\vs{14}Δόσις ἄφρονος οὐ λυσιτελήσει σοι, οἱ γὰρ ὀφθαλμοὶ αὐτοῦ ἀνθʼ ἑνὸς πολλοί.
32654	ΣΟΦΙΑ ΣΕΙΡΑΧ 20:16	μου οἱ	2	consecutive enclitics	ἀγαθοῖς	ἔσθοντες	\vs{16}Μωρὸς ἐρεῖ, οὐχ ὑπάρχει μοι φίλος, καὶ οὐκ ἔστι χάρις τοῖς ἀγαθοῖς μου· οἱ ἔσθοντες τὸν ἄρτον μου, φαῦλοι γλώσσῃ.
32685	ΣΟΦΙΑ ΣΕΙΡΑΧ 21:8	ὡς ὁ	2	consecutive enclitics	ἀλλοτρίοις	συνάγων	\vs{8}Ὁ οἰκοδομῶν τὴν οἰκίαν αὐτοῦ ἐν χρήμασιν ἀλλοτρίοις, ὡς ὁ συνάγων αὐτοῦ τοὺς λίθους εἰς χειμῶνα.
32694	ΣΟΦΙΑ ΣΕΙΡΑΧ 21:16	ὡς ἐν	2	consecutive enclitics	μωροῦ	ὁδῷ	\vs{16}Ἐξήγησις μωροῦ ὡς ἐν ὁδῷ φορτίον, ἐπὶ δὲ χείλους συνετοῦ εὑρεθήσεται χάρις.
32742	ΣΟΦΙΑ ΣΕΙΡΑΧ 23:1	με ἐν	2	consecutive enclitics	ἐγκαταλίπῃς	βουλῇ	Κύριε πάτερ καὶ δέσποτα ζωῆς μου, μὴ ἐγκαταλίπῃς με ἐν βουλῇ αὐτῶν, μὴ ἀφῇς με πεσεῖν ἐν αὐτοῖς.
32744	ΣΟΦΙΑ ΣΕΙΡΑΧ 23:3	μοι ὁ	2	consecutive enclitics	ἐπιχαρεῖταί	ἐχθρός	\vs{3}ὅπως μὴ πληθύνωσιν αἱ ἄγνοιαί μου, καὶ αἱ ἁμαρτίαι μου πλεονάσωσιν, καὶ πεσοῦμαι ἔναντι τῶν ὑπεναντίων, καὶ ἐπιχαρεῖταί μοι ὁ ἐχθρός μου.
32766	ΣΟΦΙΑ ΣΕΙΡΑΧ 23:18	μου οὐ	2	consecutive enclitics	ἁμαρτιῶν	μὴ	\vs{18}Ἄνθρωπος παραβαίνων ἀπὸ τῆς κλίνης αὐτοῦ, λέγων ἐν τῇ ψυχῇ αὐτοῦ, τίς μὲ ὁρᾷ; σκότος κύκλῳ μου, καὶ οἱ τοῖχοί με καλύπτουσι, καὶ οὐθείς με ὁρᾷ, τί εὐλαβοῦμαι; τῶν ἁμαρτιῶν μου οὐ μὴ μνησθήσεται ὁ ὕψιστος·
32784	ΣΟΦΙΑ ΣΕΙΡΑΧ 24:4	μου ἐν	2	consecutive enclitics	θρόνος	στύλῳ	\vs{4}Ἐγὼ ἐν ὑψηλοῖς κατεσκήνωσα, καὶ ὁ θρόνος μου ἐν στύλῳ νεφέλης.
32789	ΣΟΦΙΑ ΣΕΙΡΑΧ 24:8	μοι ὁ	2	consecutive enclitics	ἐνετείλατό	κτίστης	\vs{8}Τότε ἐνετείλατό μοι ὁ κτίστης ἁπάντων, καὶ ὁ κτίσας με κατέπαυσε τὴν σκηνήν μου, καὶ εἶπεν, ἐν Ἰακὼβ κατασκήνωσον, καὶ ἐν Ἰσραὴλ κατακληρονομήθητι.
32803	ΣΟΦΙΑ ΣΕΙΡΑΧ 24:22	μου οὐκ	2	consecutive enclitics	ὑπακούων	αἰσχυνθήσεται	\vs{22}Ὁ ὑπακούων μου οὐκ αἰσχυνθήσεται, καὶ οἱ ἐργαζόμενοι ἐν ἐμοὶ οὐχ ἁμαρτήσουσι.
32813	ΣΟΦΙΑ ΣΕΙΡΑΧ 24:31	μοι ἡ	2	consecutive enclitics	ἐγένετό	διώρυξ	\vs{31}Εἶπα, ποτιῶ μου τὸν κῆπον, καὶ μεθύσω μου τὴν πρασιάν· καὶ ἰδοὺ ἐγένετό μοι ἡ διώρυξ εἰς ποταμὸν, καὶ ὁ ποταμός μου ἐγένετο εἰς θάλασσαν.
32832	ΣΟΦΙΑ ΣΕΙΡΑΧ 25:10	ἀλλ οὐκ	2	consecutive enclitics	σοφίαν	ἔστιν	\vs{10}Ὡς μέγας ὁ εὑρὼν σοφίαν, ἀλλʼ οὐκ ἔστιν ὑπὲρ τὸν φοβούμενον τὸν Κύριον.
32860	ΣΟΦΙΑ ΣΕΙΡΑΧ 26:7	ὡς ὁ	2	consecutive enclitics	αὐτῆς	δρασσόμενος	\vs{7}Βοοζύγιον σαλευόμενον γυνὴ πονηρὰ, ὁ κρατῶν αὐτῆς ὡς ὁ δρασσόμενος σκορπίου.
32868	ΣΟΦΙΑ ΣΕΙΡΑΧ 26:14	οὐκ ἐστιν	2	consecutive enclitics	καὶ	ἀντάλλαγμα	\vs{14}Δόσις Κυρίου γυνὴ σιγηρὰ, καὶ οὐκ ἐστιν ἀντάλλαγμα πεπαιδευμένης ψυχῆς.
32914	ΣΟΦΙΑ ΣΕΙΡΑΧ 28:2	σου αἱ	2	consecutive enclitics	δεηθέντος	ἁμαρτίαι	\vs{2}Ἄφες ἀδίκημα τῷ πλησίον σου, καὶ τότε δεηθέντος σου αἱ ἁμαρτίαι σου λυθήσονται.
32956	ΣΟΦΙΑ ΣΕΙΡΑΧ 29:11	σου κατ	2	consecutive enclitics	θησαυρόν	ἐντολὰς	\vs{11}Θὲς τὸν θησαυρόν σου κατʼ ἐντολὰς ὑψίστου, καὶ λυσιτελήσει σοι μᾶλλον ἢ τὸ χρυσίον.
32957	ΣΟΦΙΑ ΣΕΙΡΑΧ 29:12	σε ἐκ	2	consecutive enclitics	ἐξελεῖταί	πάσης	\vs{12}Σύγκλεισον ἐλεημοσύνην ἐν τοῖς ταμείοις σου, καὶ αὕτη ἐξελεῖταί σε ἐκ πάσης κακώσεως.
32974	ΣΟΦΙΑ ΣΕΙΡΑΧ 29:27	μοι ὁ	2	consecutive enclitics	ἐπεξένωταί	ἀδελφὸς	\vs{27}ἔξελθε πάροικε ἀπὸ προσώπου δόξης, ἐπεξένωταί μοι ὁ ἀδελφὸς, χρεία τῆς οἰκίας.
32983	ΣΟΦΙΑ ΣΕΙΡΑΧ 30:4	ὡς οὐκ	2	consecutive enclitics	καὶ	ἀπέθανεν	\vs{4}Ἐτελεύτησεν αὐτοῦ ὁ πατὴρ, καὶ ὡς οὐκ ἀπέθανεν, ὅμοιον γὰρ αὐτῷ κατέλιπε μετʼ αὐτόν.
33006	ΣΟΦΙΑ ΣΕΙΡΑΧ 30:20	ἐν ἐν	2	consecutive enclitics	Βλέπων	ὀφθαλμοῖς	\vs{20}Βλέπων ἐν ἐν ὀφθαλμοῖς καὶ στενάζων, ὥσπερ εὐνοῦχος περιλαμβάνων παρθένον καὶ στενάζων.
33031	ΣΟΦΙΑ ΣΕΙΡΑΧ 30:40	ὡς ἡ	2	consecutive enclitics	ὅτι	ψυχή	\vs{40}Εἰ ἔστι σοι οἰκέτῃς, ἄγε αὐτὸν ὡς σεαυτὸν, ὅτι ὡς ἡ ψυχή σου ἐπιδεήσεις αὐτοῦ· ἐὰν κακώσῃς αὐτὸν, καὶ ἀπάρας ἀποδρᾷ, ἐν ποίᾳ ὁδῷ ζητήσεις αὐτόν;
33054	ΣΟΦΙΑ ΣΕΙΡΑΧ 31:18	οὐκ εἰς	2	consecutive enclitics	καὶ	εὐδοκίαν	\vs{18}Θυσιάζων ἐξ ἀδίκου, προσφορὰ μεμωκημένη, καὶ οὐκ εἰς εὐδοκίαν μωκήματα ἀνόμων.
33131	ΣΟΦΙΑ ΣΕΙΡΑΧ 34:22	μου ἐν	2	consecutive enclitics	λόγους	πᾶσι	\vs{22}Ἄκουσόν μου τέκνον καὶ μὴ ἐξουδενώσῃς με, καὶ ἐπʼ ἐσχάτῳ εὑρήσεις τοὺς λόγους μου· ἐν πᾶσι τοῖς ἔργοις σου γίνου ἐντρεχὴς, καὶ πᾶν αρρώστημα οὐ μή σοι ἀπαντήσῃ.
33148	ΣΟΦΙΑ ΣΕΙΡΑΧ 35:3	σοι ἐν	2	consecutive enclitics	γάρ	ἀκριβεῖ	\vs{3}Λάλησον πρεσβύτερε, πρέπει γάρ σοι, ἐν ἀκριβεῖ ἐπιστήμῃ, καὶ μὴ ἐμποδίσῃς μουσικά.
33175	ΣΟΦΙΑ ΣΕΙΡΑΧ 36:1	ἀλλ ἐν	2	consecutive enclitics	κακὸν	πειρασμῷ	Τῷ φοβουμένῳ Κύριον οὐκ ἀπαντήσει κακὸν, ἀλλʼ ἐν πειρασμῷ καὶ πάλιν ἐξελεῖται.
33176	ΣΟΦΙΑ ΣΕΙΡΑΧ 36:2	ὡς ἐν	2	consecutive enclitics	αὐτῷ	καταιγίδι	\vs{2}Ἀνὴρ σοφὸς οὐ μισήσει νόμον, ὁ δὲ ὑποκρινόμενος ἐν αὐτῷ, ὡς ἐν καταιγίδι πλοῖον.
33210	ΣΟΦΙΑ ΣΕΙΡΑΧ 36:30	οὐκ ἐστι	2	consecutive enclitics	Οὗ	φραγμὸς	\vs{30}Οὗ οὐκ ἐστι φραγμὸς, διαρπαγήσεται κτῆμα, καὶ οὗ οὐκ ἔστι γυνὴ, στενάξει πλανώμενος.
33343	ΣΟΦΙΑ ΣΕΙΡΑΧ 40:6	ὡς ἐν	2	consecutive enclitics	ὕπνοις	ἡμέρᾳ	\vs{6}Ὀλίγον ὡς οὐδὲν ἐν ἀναπαύσει, καὶ ἀπʼ ἐκείνου ἐν ὕπνοις ὡς ἐν ἡμέρᾳ σκοπιᾶς, τεθορυβημένος ἐν ὁράσει καρδίας αὐτοῦ, ὡς ἐκπεφευγὼς ἀπὸ προσώπου πολέμου.
33393	ΣΟΦΙΑ ΣΕΙΡΑΧ 41:16	μου οὐ	2	consecutive enclitics	ῥήματί	γάρ	\vs{16}Τοιγαροῦν ἐντράπητε ἐπὶ τῷ ῥήματί μου· οὐ γάρ ἐστι πᾶσαν αἰσχύνην διαφυλάξαι καλὸν, καὶ οὐ πάντα πᾶσιν ἐν πίστει εὐδοκιμεῖται.
33417	ΣΟΦΙΑ ΣΕΙΡΑΧ 42:11	σε ἐν	2	consecutive enclitics	καταισχύνῇ	πλήθει	\vs{11}Ἐπὶ θυγατρὶ ἀδιατρέπτῳ στερέωσον φυλακὴν, μήποτε ποιήσῃ σε ἐπίχαρμα ἐχθροῖς, λαλιὰν ἐν πόλει, καὶ ἔκκλητον λαοῦ, καὶ καταισχύνῇ σε ἐν πλήθει πολλῶν.
33486	ΣΟΦΙΑ ΣΕΙΡΑΧ 44:9	ὡς οὐχ	2	consecutive enclitics	ἀπώλοντο	ὑπάρξαντες	\vs{9}καὶ εἰσὶν ὧν οὐκ ἔστι μνημόσυνον, καὶ ἀπώλοντο ὡς οὐχ ὑπάρξαντες, καὶ ἐγένοντο ὡς οὐ γεγονότες, καὶ τὰ τέκνα αὐτῶν μετʼ αὐτούς.
33486	ΣΟΦΙΑ ΣΕΙΡΑΧ 44:9	ὡς οὐ	2	consecutive enclitics	ἐγένοντο	γεγονότες	\vs{9}καὶ εἰσὶν ὧν οὐκ ἔστι μνημόσυνον, καὶ ἀπώλοντο ὡς οὐχ ὑπάρξαντες, καὶ ἐγένοντο ὡς οὐ γεγονότες, καὶ τὰ τέκνα αὐτῶν μετʼ αὐτούς.
33570	ΣΟΦΙΑ ΣΕΙΡΑΧ 47:3	ὡς ἐν	2	consecutive enclitics	ἔπαισεν	ἐρίφοις	\vs{3}Ἐν λέουσιν ἔπαισεν ὡς ἐν ἐρίφοις, καὶ ἐν ἄρκοις ὡς ἐν ἄρνασι προβάτων.
33570	ΣΟΦΙΑ ΣΕΙΡΑΧ 47:3	ὡς ἐν	2	consecutive enclitics	ἄρκοις	ἄρνασι	\vs{3}Ἐν λέουσιν ἔπαισεν ὡς ἐν ἐρίφοις, καὶ ἐν ἄρκοις ὡς ἐν ἄρνασι προβάτων.
33593	ΣΟΦΙΑ ΣΕΙΡΑΧ 47:22	οὐ μη	2	consecutive enclitics	καὶ	διαφθαρῇ	\vs{22}Ὁ δὲ Κύριος οὐ μὴ καταλίπῃ τὸ ἔλεος αὐτοῦ, καὶ οὐ μη διαφθαρῇ ἀπὸ τῶν ἔργων αὐτοῦ· οὐδὲ μὴ ἐξαλείψῃ ἐκλεκτοῦ ἔκγονα, καὶ σπέρμα τοῦ ἀγαπήσαντος αὐτὸν οὐ μὴ ἐξάρῃ· καὶ τῷ Ἰακὼβ ἔδωκε κατάλειμμα, καὶ τῷ Δαυὶδ ἐξ αὐτοῦ ῥίζαν.
33610	ΣΟΦΙΑ ΣΕΙΡΑΧ 48:11	οἱ ἐν	2	consecutive enclitics	καὶ	ἀγαπήσει	\vs{11}Μακάριοι οἱ ἰδόντες σε, καὶ οἱ ἐν ἀγαπήσει κεκοσμημένοι· καὶ γὰρ ἡμεῖς ζωῇ ζησόμεθα.
33621	ΣΟΦΙΑ ΣΕΙΡΑΧ 48:19	ὡς αἱ	2	consecutive enclitics	ὠδίνησαν	τίκτουσαι	\vs{19}Τότε ἐσαλεύθησαν καρδίαι καὶ χεῖρες αὐτῶν, καὶ ὠδίνησαν ὡς αἱ τίκτουσαι.
33690	ΣΟΦΙΑ ΣΕΙΡΑΧ 51:2	μου ἐξ	2	consecutive enclitics	σῶμά	ἀπωλείας	\vs{2}ὅτι σκεπαστὴς καὶ βοηθὸς ἐγένου μοι, καὶ ἐλυτρώσω τὸ σῶμά μου ἐξ ἀπωλείας, καὶ ἐκ παγίδος διαβολῆς γλώσσης· ἀπὸ χειλέων ἐργαζομένων ψεῦδος, καὶ ἔναντι τῶν παρεστηκότων ἐγένου μοι βοηθὸς,
33691	ΣΟΦΙΑ ΣΕΙΡΑΧ 51:3	σου ἐκ	2	consecutive enclitics	ὀνόματός	βρυγμῶν	\vs{3}καὶ ἐλυτρώσω με, κατὰ τὸ πλῆθος ἐλέους καὶ ὀνόματός σου, ἐκ βρυγμῶν ἑτοίμων εἰς βρῶμα, ἐκ χειρὸς ζητούντων τὴν ψυχήν μου, ἐκ πλειόνων θλίψεων ὧν ἔσχον,
33691	ΣΟΦΙΑ ΣΕΙΡΑΧ 51:3	μου ἐκ	2	consecutive enclitics	ψυχήν	πλειόνων	\vs{3}καὶ ἐλυτρώσω με, κατὰ τὸ πλῆθος ἐλέους καὶ ὀνόματός σου, ἐκ βρυγμῶν ἑτοίμων εἰς βρῶμα, ἐκ χειρὸς ζητούντων τὴν ψυχήν μου, ἐκ πλειόνων θλίψεων ὧν ἔσχον,
33701	ΣΟΦΙΑ ΣΕΙΡΑΧ 51:12	με ἐξ	2	consecutive enclitics	γάρ	ἀπωλείας	\vs{12}Ἔσωσας γάρ με ἐξ ἀπωλείας, καὶ ἐξείλου με ἐκ καιροῦ πονηροῦ· διὰ τοῦτο ἐξομολογήσομαι καὶ αἰνέσω σοι, καὶ εὐλογήσω τῷ ὀνόματι Κυρίου·
33701	ΣΟΦΙΑ ΣΕΙΡΑΧ 51:12	με ἐκ	2	consecutive enclitics	ἐξείλου	καιροῦ	\vs{12}Ἔσωσας γάρ με ἐξ ἀπωλείας, καὶ ἐξείλου με ἐκ καιροῦ πονηροῦ· διὰ τοῦτο ἐξομολογήσομαι καὶ αἰνέσω σοι, καὶ εὐλογήσω τῷ ὀνόματι Κυρίου·
33705	ΣΟΦΙΑ ΣΕΙΡΑΧ 51:15	μου ἐν	2	consecutive enclitics	καρδία	αὐτῇ	\vs{15}ἐξ ἄνθους ὡς περκαζούσης σταφυλῆς· εὐφράνθη ἡ καρδία μου ἐν αὐτῇ, ἐπέβη ὁ πούς μου ἐν εὐθύτητι, ἐκ νεότητός μου ἴχνευσα αὐτήν.
33705	ΣΟΦΙΑ ΣΕΙΡΑΧ 51:15	μου ἐν	2	consecutive enclitics	πούς	εὐθύτητι	\vs{15}ἐξ ἄνθους ὡς περκαζούσης σταφυλῆς· εὐφράνθη ἡ καρδία μου ἐν αὐτῇ, ἐπέβη ὁ πούς μου ἐν εὐθύτητι, ἐκ νεότητός μου ἴχνευσα αὐτήν.
33707	ΣΟΦΙΑ ΣΕΙΡΑΧ 51:17	μοι ἐν	2	consecutive enclitics	ἐγένετό	αὐτῇ	\vs{17}Προκοπὴ ἐγένετό μοι ἐν αὐτῇ· τῷ διδόντι μοι σοφίαν, δώσω δόξαν.
33710	ΣΟΦΙΑ ΣΕΙΡΑΧ 51:19	μου ἐν	2	consecutive enclitics	ψυχή	αὐτῇ	\vs{19}Διαμεμάχηται ἡ ψυχή μου ἐν αὐτῇ, καὶ ἐν ποιήσει λιμοῦ διηκριβωσάμην· τὰς χεῖράς μου ἐξεπέτασα πρός ὕψος, καὶ τὰ ἀγνοήματα αὐτῆς ἐπένθησα,
33743	ΒΑΡΟΥΧ 1:11	ὡς αἱ	2	consecutive enclitics	αὐτῶν	ἡμέραι	\vs{11}καὶ προσεύξασθε περὶ τῆς ζωῆς Ναβουχοδονόσορ βασιλέως Βαβυλῶνος, καὶ εἰς ζωὴν Βαλτάσαρ υἱοῦ αὐτοῦ, ἵνα ὦσιν αἱ ἡμέραι αὐτῶν ὡς αἱ ἡμέραι τοῦ οὐρανοῦ ἐπὶ τῆς γῆς.
33749	ΒΑΡΟΥΧ 1:15	ὡς ἡ	2	consecutive enclitics	προσώπων	ἡμέρα	\vs{15}Καὶ ἐρεῖτε, τῷ Κυρίῳ Θεῷ ἡμῶν ἡ δικαιοσύνη, ἡμῖν δὲ αἰσχύνη τῶν προσώπων, ὡς ἡ ἡμέρα αὕτη, ἀνθρώπῳ Ἰούδα, καὶ τοῖς κατοικοῦσιν Ἱερουσαλὴμ,
33755	ΒΑΡΟΥΧ 1:20	ὡς ἡ	2	consecutive enclitics	μέλι	ἡμέρα	\vs{20}Καὶ ἐκολλήθη εἰς ἡμᾶς τὰ κακὰ, καὶ ἡ ἀρὰ ἣν συνέταξε Κύριος τῷ Μωυσῇ παιδὶ αὐτοῦ, ἐν ἡμέρᾳ ᾗ ἐξήγαγε τοὺς πατέρας ἡμῶν ἐκ γῆς Αἰγύπτου, δοῦναι ἡμῖν γῆν ῥέουσαν γάλα καὶ μέλι, ὡς ἡ ἡμέρα αὐτη.
33767	ΒΑΡΟΥΧ 2:6	ὡς ἡ	2	consecutive enclitics	προσώπων	ἡμέρα	\vs{6}Τῷ Κυρίῳ Θεῷ ἡμῶν ἡ δικαιοσύνη, ἡμῖν δὲ καὶ τοῖς πατράσιν ἡμῶν ἡ αἰσχύνη τῶν προσώπων, ὡς ἡ ἡμέρα αὕτη.
33773	ΒΑΡΟΥΧ 2:11	σου ἐκ	2	consecutive enclitics	λαόν	γῆς	\vs{11}Καὶ νῦν Κύριε ὁ Θεὸς Ἰσραὴλ, ὃς ἐξήγαγες τὸν λαόν σου ἐκ γῆς Αἰγύπτου, ἐν χειρὶ κραταιᾷ, καὶ ἐν σημείοις, καὶ ἐν τέρασι, καὶ ἐν δυνάμει μεγάλῃ, καὶ ἐν βραχίονι ὑψηλῷ, καὶ ἐποίησας σεαυτῷ ὄνομα, ὡς ἡ ἡμέρα αὕτη,
33773	ΒΑΡΟΥΧ 2:11	ὡς ἡ	2	consecutive enclitics	ὄνομα	ἡμέρα	\vs{11}Καὶ νῦν Κύριε ὁ Θεὸς Ἰσραὴλ, ὃς ἐξήγαγες τὸν λαόν σου ἐκ γῆς Αἰγύπτου, ἐν χειρὶ κραταιᾷ, καὶ ἐν σημείοις, καὶ ἐν τέρασι, καὶ ἐν δυνάμει μεγάλῃ, καὶ ἐν βραχίονι ὑψηλῷ, καὶ ἐποίησας σεαυτῷ ὄνομα, ὡς ἡ ἡμέρα αὕτη,
33776	ΒΑΡΟΥΧ 2:13	σου ἀφ	2	consecutive enclitics	θυμός	ἡμῶν	\vs{13}Ἀποστραφήτω ὁ θυμός σου ἀφʼ ἡμῶν, ὅτι κατελείφθημεν ὀλίγοι ἐν τοῖς ἔθνεσιν οὗ διέσπειρας ἡμᾶς ἐκεῖ.
33783	ΒΑΡΟΥΧ 2:17	οὐχ οἱ	2	consecutive enclitics	ὅτι	τεθνηκότες	\vs{17}Ἄνοιξον ὀφθαλμούς σου, καὶ ἴδε, ὅτι οὐχ οἱ τεθνηκότες ἐν τῷ ᾅδῃ, ὧν ἐλήφθη τὸ πνεῦμα αὐτῶν ἀπὸ τῶν σπλάγχνων αὐτῶν, δώσουσι δόξαν καὶ δικαίωμα τῷ Κυρίῳ·
33787	ΒΑΡΟΥΧ 2:20	σου εἰς	2	consecutive enclitics	ὀργήν	ἡμᾶς	\vs{20}ὅτι ἐνῆκας τὸν θυμόν σου καὶ τὴν ὀργήν σου εἰς ἡμᾶς, καθάπερ ἐλάλησας ἐν χειρὶ τῶν παίδων σου τῶν προφητῶν·
33795	ΒΑΡΟΥΧ 2:26	σου ἐπ	2	consecutive enclitics	ὄνομά	αὐτῷ	\vs{26}Καὶ ἔθηκας τὸν οἶκον, οὗ ἐπεκλήθη τὸ ὄνομά σου ἐπʼ αὐτῷ, ὡς ἡ ἡμέρα αὕτη, διὰ πονηρίαν οἴκου Ἰσραὴλ καὶ οἴκου Ἰούδα.
33795	ΒΑΡΟΥΧ 2:26	ὡς ἡ	2	consecutive enclitics	αὐτῷ	ἡμέρα	\vs{26}Καὶ ἔθηκας τὸν οἶκον, οὗ ἐπεκλήθη τὸ ὄνομά σου ἐπʼ αὐτῷ, ὡς ἡ ἡμέρα αὕτη, διὰ πονηρίαν οἴκου Ἰσραὴλ καὶ οἴκου Ἰούδα.
33804	ΒΑΡΟΥΧ 2:32	με ἐν	2	consecutive enclitics	αἰνέσουσί	γῇ	\vs{32}καὶ αἰνέσουσί με ἐν γῇ ἀποικισμοῦ αὐτῶν· καὶ μνησθήσονται τοῦ ὀνόματός μου,
33808	ΒΑΡΟΥΧ 2:35	μοι εἰς	2	consecutive enclitics	ἔσονταί	λαόν	\vs{35}Καὶ στήσω αὐτοῖς διαθήκην αἰώνιον, τοῦ εἶναί με αὐτοῖς εἰς Θεὸν, καὶ αὐτοὶ ἔσονταί μοι εἰς λαόν· καὶ οὐ κινήσω ἔτι τὸν λαόν μου Ἰσραὴλ ἀπὸ τῆς γῆς, ἧς ἔδωκα αὐτοῖς.
33816	ΒΑΡΟΥΧ 3:5	σου ἐν	2	consecutive enclitics	ὀνόματός	τῷ	\vs{5}Μὴ μνησθῇς ἀδικιῶν πατέρων ἡμῶν, ἀλλὰ μνήσθητι χειρός σου καὶ ὀνόματός σου ἐν τῷ καιρῷ τούτῳ·
33819	ΒΑΡΟΥΧ 3:7	σε ἐν	2	consecutive enclitics	αἰνέσομέν	τῇ	\vs{7}Ὅτι διὰ τοῦτο ἔδωκας τὸν φόβον σου ἐπὶ καρδίαν ἡμῶν, καὶ ἐπικαλεῖσθαι τὸ ὄνομά σου· καὶ αἰνέσομέν σε ἐν τῇ ἀποικίᾳ ἡμῶν, ὅτι ἀπεστρέψαμεν ἀπὸ καρδίας ἡμῶν πᾶσαν ἀδικίαν πατέρων ἡμῶν, τῶν ἡμαρτηκότων ἐναντίον σου.
33832	ΒΑΡΟΥΧ 3:16	εἰσιν οἱ	2	consecutive enclitics	Ποῦ	ἄρχοντες	\vs{16}Ποῦ εἰσιν οἱ ἄρχοντες τῶν ἐθνῶν, καὶ οἱ κυριεύοντες τῶν θηρίων τῶν ἐπὶ τῆς γῆς,
33833	ΒΑΡΟΥΧ 3:17	οἱ ἐν	2	consecutive enclitics		τοῖς	\vs{17}οἱ ἐν τοῖς ὀρνέοις τοῦ οὐρανοῦ ἐμπαίζοντες, καὶ τὸ ἀργύριον θησαυρίζοντες, καὶ τὸ χρυσίον ᾧ ἐπεποίθεισαν ἄνθρωποι, καὶ οὐκ ἔστι τέλος τῆς κτήσεως αὐτῶν;
33853	ΒΑΡΟΥΧ 3:32	Ἀλλ ὁ	2	consecutive enclitics		εἰδὼς	\vs{32}Ἀλλʼ ὁ εἰδὼς τὰ πάντα γινώσκει αὐτὴν, ἐξεῦρεν αὐτὴν τῇ συνέσει αὐτοῦ· ὁ κατασκευάσας τὴν γῆν εἰς τὸν αἰῶνα χρόνον, ἐνέπλησεν αὐτὴν κτηνῶν τετραπόδων.
33868	ΒΑΡΟΥΧ 4:6	οὐκ εἰς	2	consecutive enclitics	ἔθνεσιν	ἀπώλειαν	\vs{6}Ἐπράθητε τοῖς ἔθνεσιν οὐκ εἰς ἀπώλειαν, διὰ τὸ παροργίσαι ὑμᾶς τὸν Θεόν· παρεδόθητε τοῖς ὑπεναντίοις.
33872	ΒΑΡΟΥΧ 4:9	μοι ὁ	2	consecutive enclitics	ἐπήγαγέ	Θεὸς	\vs{9}Εἶδε γὰρ τὴν ἐπελθοῦσαν ὑμῖν ὀργὴν παρὰ τοῦ Θεοῦ, καὶ εἶπεν, ἀκούσατε αἱ πάροικοι Σιὼν, ἐπήγαγέ μοι ὁ Θεὸς πένθος μέγα.
33891	ΒΑΡΟΥΧ 4:23	μοι ὁ	2	consecutive enclitics	δέ	Θεὸς	\vs{23}Ἐξέπεμψα γὰρ ὑμᾶς μετὰ κλαυθμοῦ καὶ πένθους, ἀποδώσει δέ μοι ὁ Θεὸς ὑμᾶς μετὰ χαρμοσύνης καὶ εὐφροσύνης εἰς τὸν αἰῶνα.
33894	ΒΑΡΟΥΧ 4:25	σε ὁ	2	consecutive enclitics	κατεδίωξέ	ἐχθρὸς	\vs{25}Τέκνα μακροθυμήσατε τὴν παρὰ τοῦ Θεοῦ ἐπελθοῦσαν ὑμῖν ὀργήν, κατεδίωξέ σε ὁ ἐχθρὸς, καὶ ὄψει αὐτοῦ τὴν ἀπώλειαν ἐν τάχει, καὶ ἐπὶ τραχήλους αὐτῶν ἐπιβήσῃ.
33901	ΒΑΡΟΥΧ 4:30	σε ὁ	2	consecutive enclitics	παρακαλέσει	ὀνομάσας	\vs{30}Θάρσει Ἱερουσαλήμ, παρακαλέσει σε ὁ ὀνομάσας σε.
33938	ΕΠΙΣΤΟΛΗ ΙΕΡΕΜΙΟΥ 1:7	μου μεθ	2	consecutive enclitics	ἄγγελός	ὑμῶν	\vs{7}Ὁ γὰρ ἄγγελός μου μεθʼ ὑμῶν ἐστιν, αὐτός τε ἐκζητῶν τὰς ψυχὰς ὑμῶν.
33949	ΕΠΙΣΤΟΛΗ ΙΕΡΕΜΙΟΥ 1:16	εἰσιν οὐκ	2	consecutive enclitics	γνώριμοί	ὄντες	\vs{16}Ὅθεν γνώριμοί εἰσιν οὐκ ὄντες θεοί· μὴ οὖν φοβηθῆτε αὐτούς.
33989	ΕΠΙΣΤΟΛΗ ΙΕΡΕΜΙΟΥ 1:46	τε οἱ	2	consecutive enclitics	Αὐτοί	κατασκευάζοντες	\vs{46}Αὐτοί τε οἱ κατασκευάζοντες αὐτὰ οὐ μὴ γένωνται πολυχρόνιοι· πῶς τε δὴ μέλλει τὰ ὑπʼ αὐτῶν κατασκευασθέντα;
33999	ΕΠΙΣΤΟΛΗ ΙΕΡΕΜΙΟΥ 1:54	τε οὐ	2	consecutive enclitics	Κρίσιν	μὴ	\vs{54}Κρίσιν τε οὐ μὴ διακρίνωσιν ἑαυτῶν, οὐδὲ μὴ ῥύσωνται ἀδίκημα, ἀδύνατοι ὄντες· ὥσπερ γὰρ κορῶναι ἀναμέσον τοῦ οὐρανοῦ καὶ τῆς γῆς.
34017	ΕΠΙΣΤΟΛΗ ΙΕΡΕΜΙΟΥ 1:67	τε ἐν	2	consecutive enclitics	Σημεῖά	ἔθνεσιν	\vs{67}Σημεῖά τε ἐν ἔθνεσιν ἐν οὐρανῷ οὐ μὴ δείξωσιν, οὐδὲ ὡς ὁ ἥλιος λάμψουσιν, οὔτε φωτιοῦσιν ὡς ἡ σελήνη.
34017	ΕΠΙΣΤΟΛΗ ΙΕΡΕΜΙΟΥ 1:67	ὡς ὁ	2	consecutive enclitics	οὐδὲ	ἥλιος	\vs{67}Σημεῖά τε ἐν ἔθνεσιν ἐν οὐρανῷ οὐ μὴ δείξωσιν, οὐδὲ ὡς ὁ ἥλιος λάμψουσιν, οὔτε φωτιοῦσιν ὡς ἡ σελήνη.
34017	ΕΠΙΣΤΟΛΗ ΙΕΡΕΜΙΟΥ 1:67	ὡς ἡ	2	consecutive enclitics	φωτιοῦσιν	σελήνη	\vs{67}Σημεῖά τε ἐν ἔθνεσιν ἐν οὐρανῷ οὐ μὴ δείξωσιν, οὐδὲ ὡς ὁ ἥλιος λάμψουσιν, οὔτε φωτιοῦσιν ὡς ἡ σελήνη.
34023	ΕΠΙΣΤΟΛΗ ΙΕΡΕΜΙΟΥ 1:72	τε ἐξ	2	consecutive enclitics	αὐτά	ὑστέρου	\vs{72}Ἀπό τε τῆς πορφύρας καὶ τῆς μαρμάρου τῆς ἐπʼ αὐτοὺς σηπομένης γνωσθήσονται ὅτι οὐκ εἰσὶ θεοί· αὐτά τε ἐξ ὑστέρου βρωθήσονται, καὶ ἔσται ὄνειδος ἐν τῇ χώρᾳ.
34074	ΣΩΣΑΝΝΑ 1:33	οἱ παρ	2	consecutive enclitics	δὲ	αὐτῆς	\vs{33}Ἔκλαιον δὲ οἱ παρʼ αὐτῆς, καὶ πάντες οἱ ἰδόντες αὐτήν.
34107	ΣΩΣΑΝΝΑ 1:57	ἀλλ οὐ	2	consecutive enclitics	ὑμῖν	θυγάτηρ	\vs{57}Οὕτως ἑποιεῖτε θυγατράσιν Ἰσραὴλ, καὶ ἐκεῖναι φοβούμεναι ὡμίλουν ὑμῖν· ἀλλʼ οὐ θυγάτηρ Ἰούδα ὑπέμεινε τὴν ἀνομίαν ὑμῶν.
34173	ΒΗΛ ΚΑΙ ΔΡΑΚΩΝ 1:37	σοι ὁ	2	consecutive enclitics	ἀπέστειλέ	Θεός	\vs{37}Καὶ ἐβόησεν Ἀμβακοὺμ, λέγων, Δανιὴλ, Δανιὴλ, λάβε τὸ ἄριστον ὃ ἀπέστειλέ σοι ὁ Θεός.
34175	ΒΗΛ ΚΑΙ ΔΡΑΚΩΝ 1:38	μου ὁ	2	consecutive enclitics	γάρ	Θεὸς	\vs{38}Καὶ εἶπε Δανιὴλ, ἐμνήσθης γάρ μου ὁ Θεὸς, καὶ οὐκ ἐγκατέλιπες τοὺς ἀγαπῶντάς σε.
34321	ΜΑΚΚΑΒΑΙΩΝ Α 2:40	ὡς οἱ	2	consecutive enclitics	ποιήσωμεν	ἀδελφοὶ	\vs{40}Καὶ εἶπεν ἀνὴρ τῷ πλησίον αὐτοῦ, ἐὰν πάντες ποιήσωμεν ὡς οἱ ἀδελφοὶ ἡμῶν ἐποίησαν, καὶ μὴ πολεμήσωμεν πρὸς τὰ ἔθνη ὑπὲρ τῶν ψυχῶν ἡμῶν καὶ τῶν δικαιωμάτων ἡμῶν, νῦν τάχιον ἡμᾶς ἐξολοθρεύσουσιν ἀπὸ τῆς γῆς.
34384	ΜΑΚΚΑΒΑΙΩΝ Α 3:19	οὐκ ἐν	2	consecutive enclitics	Ὅτι	πλήθει	\vs{19}Ὅτι οὐκ ἐν πλήθει δυνάμεως νίκη πολέμου ἐστὶν, ἀλλʼ ἢ ἐκ τοῦ οὐρανοῦ ἡ ἰσχύς.
34427	ΜΑΚΚΑΒΑΙΩΝ Α 3:51	σου ἐν	2	consecutive enclitics	ἱερεῖς	πένθει	\vs{51}Καὶ τὰ ἅγιά σου καταπεπάτηται, καὶ βεβήλωται· καὶ οἱ ἱερεῖς σου ἐν πένθει καὶ ταπεινώσει.
34438	ΜΑΚΚΑΒΑΙΩΝ Α 3:60	Ὡς δ	2	consecutive enclitics		ἂν	\vs{60}Ὡς δʼ ἂν ᾖ θέλημα ἐν οὐρανῷ, οὕτω ποιήσει.
34482	ΜΑΚΚΑΒΑΙΩΝ Α 4:33	σου ἐν	2	consecutive enclitics	ὄνομά	ὕμνοις	\vs{33}Κατάβαλε αὐτοὺς ῥομφαίᾳ ἀγαπώντων σε, καὶ αἰνεσάτωσάν σε πάντες οἱ εἰδότες τὸ ὄνομά σου ἐν ὕμνοις.
34490	ΜΑΚΚΑΒΑΙΩΝ Α 4:38	ὡς ἐν	2	consecutive enclitics	πεφυκότα	δρυμῷ	\vs{38}Καὶ ἴδον τὸ ἁγίασμα ἠρημωμένον, καὶ τὸ θυσιαστήριον βεβηλωμένον, καὶ τὰς πύλας κατακεκαυμένας, καὶ ἐν ταῖς αὐλαῖς φυτὰ πεφυκότα ὡς ἐν δρυμῷ ἢ ὡς ἐν ἑνὶ τῶν ὀρέων, καὶ τὰ παστοφόρια καθῃρημένα.
34490	ΜΑΚΚΑΒΑΙΩΝ Α 4:38	ὡς ἐν	2	consecutive enclitics	ἢ	ἑνὶ	\vs{38}Καὶ ἴδον τὸ ἁγίασμα ἠρημωμένον, καὶ τὸ θυσιαστήριον βεβηλωμένον, καὶ τὰς πύλας κατακεκαυμένας, καὶ ἐν ταῖς αὐλαῖς φυτὰ πεφυκότα ὡς ἐν δρυμῷ ἢ ὡς ἐν ἑνὶ τῶν ὀρέων, καὶ τὰ παστοφόρια καθῃρημένα.
34584	ΜΑΚΚΑΒΑΙΩΝ Α 5:47	οἱ ἐκ	2	consecutive enclitics	αὐτοὺς	τῆς	\vs{47}Καὶ ἀπέκλεισαν αὐτοὺς οἱ ἐκ τῆς πόλεως, καὶ ἐνέφραξαν τὰς πύλας λίθοις.
34635	ΜΑΚΚΑΒΑΙΩΝ Α 6:18	οἱ ἐκ	2	consecutive enclitics	Καὶ	τῆς	\vs{18}Καὶ οἱ ἐκ τῆς ἄκρας ἦσαν συγκλείοντες τὸν Ἰσραὴλ κύκλῳ τῶν ἁγίων, καὶ ζητοῦντες τὰ κακὰ διʼ ὅλου, καὶ στήριγμα τοῖς ἔθνεσι
34644	ΜΑΚΚΑΒΑΙΩΝ Α 6:25	οὐκ ἐφ	2	consecutive enclitics	Καὶ	ἡμᾶς	\vs{25}Καὶ οὐκ ἐφʼ ἡμᾶς μόνον ἐξέτειναν χεῖρα, ἀλλὰ καὶ ἐπὶ πάντα τὰ ὅρια αὐτῶν.
34667	ΜΑΚΚΑΒΑΙΩΝ Α 6:43	ἐστιν ὁ	2	consecutive enclitics	αὐτῷ	βασιλεύς	\vs{43}Καὶ εἶδεν Ἐλεάζαρ ὁ Σαυαρὰν ἓν τῶν θηρίων τεθωρακισμένον θώρακι βασιλικῷ, καὶ ἦν ὑπεράγον πάντα τὰ θηρία, καὶ ὤφθη ὅτι ἐν αὐτῷ ἐστιν ὁ βασιλεύς.
34721	ΜΑΚΚΑΒΑΙΩΝ Α 7:23	οἱ μετ	2	consecutive enclitics	καὶ	αὐτοῦ	\vs{23}Καὶ εἶδεν Ἰούδας πᾶσαν τὴν κακίαν ἣν ἐποίησεν Ἄλκιμος καὶ οἱ μετʼ αὐτοῦ ἐν υἱοῖς Ἰσραὴλ ὑπὲρ τὰ ἔθνη·
34724	ΜΑΚΚΑΒΑΙΩΝ Α 7:25	οἱ μετ	2	consecutive enclitics	καὶ	αὐτοῦ	\vs{25}Ὡς δὲ εἶδεν Ἄλκιμος ὅτι ἐνίσχυσεν Ἰούδας καὶ οἱ μετʼ αὐτοῦ, καὶ ἔγνω ὅτι οὐ δύναται ὑποστῆναι αὐτούς, καὶ ἐπέστρεψε πρὸς τὸν βασιλέα, καὶ κατηγόρησεν αὐτῶν πονηρά.
34740	ΜΑΚΚΑΒΑΙΩΝ Α 7:37	σου ἐπ	2	consecutive enclitics	ὄνομά	αὐτῷ	\vs{37}σὺ, Κύριε, ἐξελέξω τὸν οἶκον τοῦτον ἐπικληθῆναι τὸ ὄνομά σου ἐπʼ αὐτῷ, εἶναι οἶκον προσευχῆς καὶ δεήσεως τῷ λαῷ σου.
34770	ΜΑΚΚΑΒΑΙΩΝ Α 8:9	οἱ ἐκ	2	consecutive enclitics	ὅτι	τῆς	\vs{9}Καὶ ὅτι οἱ ἐκ τῆς Ἑλλάδος ἐβουλεύσαντο ἐλθεῖν καὶ ἐξᾶραι αὐτούς,
34823	ΜΑΚΚΑΒΑΙΩΝ Α 9:16	οἱ εἰς	2	consecutive enclitics	Καὶ	τὸ	\vs{16}Καὶ οἱ εἰς τὸ ἀριστερὸν κέρας ἴδον ὅτι συνετρίβη τὸ δεξιὸν κέρας, καὶ ἐπέστρεψαν κατὰ πόδας Ἰούδα καὶ τῶν μετʼ αὐτοῦ ἐκ τῶν ὄπισθεν.
34845	ΜΑΚΚΑΒΑΙΩΝ Α 9:33	οἱ μετ	2	consecutive enclitics	πάντες	αὐτοῦ	\vs{33}Καὶ ἔγνω Ἰωνάθαν, καὶ Σίμων ὁ ἀδελφὸς αὐτοῦ, καὶ πάντες οἱ μετʼ αὐτοῦ, καὶ ἔφυγον εἰς τὴν ἔρημον Θεκωὲ, καὶ παρενέβαλον ἐπὶ τὸ ὕδωρ λάκκου Ἀσφάρ.
34863	ΜΑΚΚΑΒΑΙΩΝ Α 9:48	οἱ μετ	2	consecutive enclitics	καὶ	αὐτοῦ	\vs{48}Καὶ ἐνεπήδησεν Ἰωνάθαν καὶ οἱ μετʼ αὐτοῦ εἰς τὸν Ἰορδάνην, καὶ διεκολύμβησαν εἰς τὸ πέραν· καὶ οὐ διέβησαν ἐπʼ αὐτοὺς τὸν Ἰορδάνην.
34876	ΜΑΚΚΑΒΑΙΩΝ Α 9:58	οἱ παρ	2	consecutive enclitics	καὶ	αὐτοῦ	\vs{58}Καὶ ἐβουλεύσαντο πάντες οἱ ἄνομοι, λέγοντες, ἰδοὺ Ἰωνάθαν καὶ οἱ παρʼ αὐτοῦ ἐν ἡσυχίᾳ κατοικοῦσι πεποιθότες· νῦν οὖν ἄξομεν τὸν Βακχίδην, καὶ συλλήμψεται αὐτοὺς πάντας ἐν νυκτὶ μιᾷ.
34881	ΜΑΚΚΑΒΑΙΩΝ Α 9:62	οἱ μετ	2	consecutive enclitics	καὶ	αὐτοῦ	\vs{62}Καὶ ἐξεχώρησεν Ἰωνάθαν, καὶ Σίμων, καὶ οἱ μετʼ αὐτοῦ εἰς Βαιθβασὶ τὴν ἐν τῇ ἐρήμῳ, καὶ ᾠκοδόμησε τὰ καθῃρημένα αὐτῆς, καὶ ἐστερέωσαν αὐτήν.
34887	ΜΑΚΚΑΒΑΙΩΝ Α 9:67	οἱ μετ	2	consecutive enclitics	καὶ	αὐτοῦ	\vs{67}καὶ Σίμων, καὶ οἱ μετʼ αὐτοῦ ἐξῆλθον ἐκ τῆς πόλεως, καὶ ἐνεπύρισαν τὰς μηχανάς.
34906	ΜΑΚΚΑΒΑΙΩΝ Α 10:9	οἱ ἐκ	2	consecutive enclitics	παρέδωκαν	τῆς	\vs{9}Καὶ παρέδωκαν οἱ ἐκ τῆς ἄκρας Ἰωνάθαν τὰ ὅμηρα, καὶ ἀπέδωκεν αὐτοὺς τοῖς γονεῦσιν αὐτῶν.
34943	ΜΑΚΚΑΒΑΙΩΝ Α 10:37	οἱ ἐπ	2	consecutive enclitics	καὶ	αὐτῶν	\vs{37}Καὶ κατασταθήσεται ἐξ αὐτῶν ἐν τοῖς ὀχυρώμασι τοῦ βασιλέως τοῖς μεγάλοις, καὶ ἐκ τούτων κατασταθήσεται ἐπὶ χρειῶν τῆς βασιλείας τῶν οὐσῶν εἰς πίστιν· καὶ οἱ ἐπʼ αὐτῶν καὶ οἱ ἄρχοντες ἔστωσαν ἐξ αὐτῶν· καὶ πορευέσθωσαν τοῖς νόμοις αὐτῶν, καθὰ καὶ προσέταξεν ὁ βασιλεὺς ἐν γῇ Ἰούδα.
34949	ΜΑΚΚΑΒΑΙΩΝ Α 10:41	ὡς ἐν	2	consecutive enclitics	χρειῶν	τοῖς	\vs{41}Καὶ πᾶν τὸ πλεονάζον ὃ οὐκ ἀπεδίδοσαν οἱ ἀπὸ τῶν χρειῶν, ὡς ἐν τοῖς πρῶτοις ἔτεσιν, ἀπὸ τοῦ νῦν δώσουσιν εἰς τὰ ἔργα τοῦ οἴκου.
34966	ΜΑΚΚΑΒΑΙΩΝ Α 10:54	σου εἰς	2	consecutive enclitics	θυγατέρα	γυναῖκα	\vs{54}καὶ νῦν στήσωμεν πρὸς ἑαυτοὺς φιλίαν, καὶ νῦν δός μοι τὴν θυγατέρα σου εἰς γυναῖκα, καὶ ἐπιγαμβρεύσω σοι, καὶ δώσω σοι δόματα, καὶ αὐτῇ. ἄξιά σου.
34992	ΜΑΚΚΑΒΑΙΩΝ Α 10:72	σου ἐν	2	consecutive enclitics	πατέρες	τῇ	\vs{72}Ἐρώτησον καὶ μάθε τίς εἰμι καὶ οἱ λοιποὶ οἱ βοηθοῦντες ἡμῖν, καὶ λέγουσιν, οὐκ ἔστιν ὑμῖν στάσις ποδὸς κατὰ πρόσωπον ἡμῶν; ὅτι δὶς ἐτροπώθησαν οἱ πατέρες σου ἐν τῇ γῇ αὐτῶν.
34998	ΜΑΚΚΑΒΑΙΩΝ Α 10:76	οἱ ἐκ	2	consecutive enclitics	ἤνοιξαν	τῆς	\vs{76}Καὶ φοβηθέντες ἤνοιξαν οἱ ἐκ τῆς πόλεως, καὶ ἐκυρίευσεν Ἰωνάθαν Ἰόππης.
35011	ΜΑΚΚΑΒΑΙΩΝ Α 10:86	οἱ ἐκ	2	consecutive enclitics	ἐξῆλθον	τῆς	\vs{86}Καὶ ἀπῇρεν ἐκεῖθεν Ἰωνάθαν, καὶ παρενέβαλεν ἐπὶ Ἀσκάλωνα, καὶ ἐξῆλθον οἱ ἐκ τῆς πόλεως εἰς συνάντησιν αὐτῷ ἐν δόξῃ μεγάλῃ.
35081	ΜΑΚΚΑΒΑΙΩΝ Α 11:45	οἱ ἐκ	2	consecutive enclitics	ἐπισυνήχθησαν	τῆς	\vs{45}Καὶ ἐπισυνήχθησαν οἱ ἐκ τῆς πόλεως εἰς μέσον τῆς πόλεως εἰς ἀνδρῶν δώδεκα μυριάδας, καὶ ἠβούλοντο ἀνελεῖν τὸν βασιλέα.
35082	ΜΑΚΚΑΒΑΙΩΝ Α 11:46	οἱ ἐκ	2	consecutive enclitics	κατελάβοντο	τῆς	\vs{46}Καὶ ἔφυγεν ὁ βασιλεὺς εἰς τὴν αὐλὴν, καὶ κατελάβοντο οἱ ἐκ τῆς πόλεως τὰς διόδους τῆς πόλεως, καὶ ἤρξαντο πολεμεῖν.
35102	ΜΑΚΚΑΒΑΙΩΝ Α 11:60	οἱ ἐκ	2	consecutive enclitics	αὐτῷ	τῆς	\vs{60}Καὶ ἐξῆλθεν Ἰωνάθαν, καὶ διεπορεύετο πέραν τοῦ ποταμοῦ, καὶ ἐν ταῖς πόλεσι, καὶ ἠθροίσθησαν πρὸς αὐτὸν πᾶσαι αἱ δυνάμεις Συρίας εἰς συμμαχίαν, καὶ ἦλθεν εἰς Ἀσκάλωνα, καὶ ἀπήντησαν αὐτῷ οἱ ἐκ τῆς πόλεως ἐνδόξως.
35120	ΜΑΚΚΑΒΑΙΩΝ Α 11:73	οἱ παρ	2	consecutive enclitics	φεύγοντες	αὐτοῦ	\vs{73}Καὶ ἴδον οἱ φεύγοντες οἱ παρʼ αὐτοῦ, καὶ ἐπέστρεψαν πρὸς αὐτόν, καὶ ἐδίωκον μετʼ αὐτοῦ ἕως Κάδης ἕως της παρεμβολῆς αὐτῶν, καὶ παρενέβαλον ἐκεῖ.
35163	ΜΑΚΚΑΒΑΙΩΝ Α 12:28	οἱ παρ	2	consecutive enclitics	καὶ	αὐτοῦ	\vs{28}Καὶ ἤκουσαν οἱ ὑπεναντίοι ὅτι ἡτοίμασται Ἰωνάθαν καὶ οἱ παρʼ αὐτοῦ εἰς πόλεμον, καὶ ἐφοβήθησαν καὶ ἔπτηξαν τῇ καρδίᾳ αὐτῶν, καὶ ἀνέκαυσαν πυρὰς ἐν τῇ παρεμβολῇ αὐτῶν.
35164	ΜΑΚΚΑΒΑΙΩΝ Α 12:29	οἱ παρ	2	consecutive enclitics	καὶ	αὐτοῦ	\vs{29}Ἰωνάθαν δὲ καὶ οἱ παρʼ αὐτοῦ οὐκ ἔγνωσαν ἕως πρωῒ, ἔβλεπον γὰρ τὰ φῶτα καιόμενα.
35193	ΜΑΚΚΑΒΑΙΩΝ Α 12:50	οἱ μετ	2	consecutive enclitics	καὶ	αὐτοῦ	\vs{50}Καὶ ἐπέγνωσαν ὅτι συνελήφθη Ἰωνάθαν καὶ ἀπόλωλε, καὶ οἱ μετʼ αὐτοῦ, καὶ παρεκάλεσαν ἑαυτοὺς, καὶ ἐπορεύοντο συνεστραμμένοι ἕτοιμοι εἰς πόλεμον.
35203	ΜΑΚΚΑΒΑΙΩΝ Α 13:3	μου ὁ	2	consecutive enclitics	ἀδελφοί	καὶ	\vs{3}Καὶ παρεκάλεσεν αὐτοὺς, καὶ εἶπεν αὐτοῖς, αὐτοὶ οἴδατε ὅσα ἐγὼ, καὶ οἱ ἀδελφοί μου, ὁ καὶ οἶκος τοῦ πατρός μου, ἐποιήσαμεν περὶ τῶν νόμων, καὶ τῶν ἁγίων, καὶ τοὺς πολέμους, καὶ τὰς στενοχωρίας ἃς εἴδομεν.
35220	ΜΑΚΚΑΒΑΙΩΝ Α 13:15	σου εἰς	2	consecutive enclitics	ἀδελφός	τὸ	\vs{15}περὶ ἀργυρίου οὗ ὤφειλεν Ἰωνάθαν ὁ ἀδελφός σου εἰς τὸ βασιλικὸν διʼ ἃς εἶχε χρείας συνέχομεν αὐτόν.
35259	ΜΑΚΚΑΒΑΙΩΝ Α 13:44	οἱ ἐν	2	consecutive enclitics	ἐξήλλοντο	τῇ	\vs{44}Καὶ ἐξήλλοντο οἱ ἐν τῇ ἑλεπόλει εἰς τὴν πόλιν, καὶ ἐγένετο κίνημα μέγα ἐν τῇ πόλει.
35260	ΜΑΚΚΑΒΑΙΩΝ Α 13:45	οἱ ἐν	2	consecutive enclitics	ἀνέβησαν	τῇ	\vs{45}Καὶ ἀνέβησαν οἱ ἐν τῇ πόλει σὺν ταῖς γυναιξὶ καὶ τοῖς τέκνοις ἐπὶ τὸ τεῖχος διεῤῥηχότες τὰ ἱμάτια αὐτῶν, καὶ ἐβόησαν φωνῇ μεγάλῃ ἀξιοῦντες Σίμωνα δεξιὰς αὐτοῖς δοῦναι,
35270	ΜΑΚΚΑΒΑΙΩΝ Α 13:52	οἱ παρ	2	consecutive enclitics	καὶ	αὐτοῦ	\vs{52}Καὶ ἔστησε κατʼ ἐνιαυτὸν τοῦ ἄγειν τὴν ἡμέραν ταύτην μετʼ εὐφροσύνης· καὶ προσωχύρωσε τὸ ὄρος τοῦ ἱεροῦ τὸ παρὰ τὴν ἄκραν, καὶ ᾤκει ἐκεῖ αὐτὸς καὶ οἱ παρʼ αὐτοῦ.
35347	ΜΑΚΚΑΒΑΙΩΝ Α 15:5	σοι οἱ	2	consecutive enclitics	ἀφῆκάν	πρὸ	\vs{5}νῦν οὗν ἵστημί σοι πάντα τὰ ἀφαιρέματα ἃ ἀφῆκάν σοι οἱ πρὸ ἐμοῦ βασιλεῖς, καὶ ὅσα ἄλλα δόματα ἀφῆκάν σοι.
35352	ΜΑΚΚΑΒΑΙΩΝ Α 15:9	ὡς δ	2	consecutive enclitics		ἂν	\vs{9}ὡς δʼ ἂν κρατήσωμεν τῆς βασιλείας ἡμῶν, δοξάσομέν σε, καὶ τὸ ἔθνος σου, καὶ τὸ ἱερὸν δόξῃ μεγάλῃ, ὥστε φανερὰν γενέσθαι τὴν δόξαν ὑμῶν ἐν πάσῃ τῇ γῇ.
35362	ΜΑΚΚΑΒΑΙΩΝ Α 15:15	οἱ παρ	2	consecutive enclitics	καὶ	αὐτοῦ	\vs{15}Καὶ ἦλθε Νουμήνιος, καὶ οἱ παρʼ αὐτοῦ, ἐκ Ῥώμης, ἔχοντες ἐπιστολὰς τοῖς βασιλεῦσι, καὶ ταῖς χώραις ἐν αἷς ἐγέγραπτο τάδε·
35404	ΜΑΚΚΑΒΑΙΩΝ Α 16:3	ἐστε ἐν	2	consecutive enclitics	ἱκανοί	τοῖς	\vs{3}Νῦν δὲ γεγήρακα, καὶ ὑμεῖς δὲ ἐν τῷ ἐλέει ἱκανοί ἐστε ἐν τοῖς ἔτεσι· γίνεσθε ἀντʼ ἐμοῦ, καὶ τοῦ ἀδελφοῦ μου, καὶ ἐξελθόντες ὑπερμαχεῖτε ὑπὲρ τοῦ ἔθνους ἡμῶν, ἡ δὲ ἐκ τοῦ οὐρανοῦ βοήθεια ἔστω μεθʼ ὑμῶν.
35424	ΜΑΚΚΑΒΑΙΩΝ Α 16:16	οἱ παρ	2	consecutive enclitics	καὶ	αὐτοῦ	\vs{16}Καὶ ὅτε ἐμεθύσθη Σίμων καὶ οἱ υἱοὶ αὐτοῦ, ἐξανέστη Πτολεμαῖος καὶ οἱ παρʼ αὐτοῦ, καὶ ἐλάβοσαν τὰ ὅπλα αὐτῶν, καὶ ἐπεισήλθοσαν τῷ Σίμωνι εἰς τὸ συμπόσιον, καὶ ἀπέκτειναν αὐτὸν καὶ τοὺς δύο υἱοὺς αὐτοῦ, καί τινας τῶν παιδαρίων αὐτοῦ.
35443	ΜΑΚΚΑΒΑΙΩΝ Β 1:1	οἱ ἐν	2	consecutive enclitics	ἀδελφοὶ	Ἱεροσολύμοις	\lettrine[lines=2, loversize=0.2, nindent=0em, findent=.25em]{\textcolor{bookheadingcolor}{Τ}}{ΟΙΣ} ἀδελφοῖς τοῖς κατʼ Αἴγυπτον Ἰουδαίοις χαίρειν· οἱ ἀδελφοὶ οἱ ἐν Ἱεροσολύμοις Ἰουδαῖοι, καὶ οἱ ἐν τῇ χώρᾳ τῆς Ἰουδαίας, εἰρήνην ἀγαθήν.
35443	ΜΑΚΚΑΒΑΙΩΝ Β 1:1	οἱ ἐν	2	consecutive enclitics	καὶ	τῇ	\lettrine[lines=2, loversize=0.2, nindent=0em, findent=.25em]{\textcolor{bookheadingcolor}{Τ}}{ΟΙΣ} ἀδελφοῖς τοῖς κατʼ Αἴγυπτον Ἰουδαίοις χαίρειν· οἱ ἀδελφοὶ οἱ ἐν Ἱεροσολύμοις Ἰουδαῖοι, καὶ οἱ ἐν τῇ χώρᾳ τῆς Ἰουδαίας, εἰρήνην ἀγαθήν.
35451	ΜΑΚΚΑΒΑΙΩΝ Β 1:7	οἱ μετ	2	consecutive enclitics	καὶ	αὐτοῦ	\vs{7}Βασιλεύοντος Δημητρίου ἔτους ἑκατοστοῦ ἑξηκοστοῦ ἐννατου, ἡμεῖς ὁ Ιουδαῖοι γεγραφήκαμεν ὑμῖν ἐν τῇ θλίψει, καὶ ἐν τῇ ἀκμῇ τῇ ἐπελθούσῃ ἡμῖν ἐν τοῖς ἔτεσι τούτοις, ἀφʼ οὗ ἀπέστη Ἰάσων καὶ οἱ μετʼ αὐτοῦ ἀπὸ τῆς ἁγίας γῆς, καὶ τῆς βασιλείας·
35455	ΜΑΚΚΑΒΑΙΩΝ Β 1:10	οἱ ἐν	2	consecutive enclitics	ὀγδόου	Ἱεροσολύμοις	\vs{10}Ἔτους ἑκατοστοῦ ὀγδοηκοστοῦ καὶ ὀγδόου οἱ ἐν Ἱεροσολύμοις, καὶ οἱ ἐν τῇ Ἰουδαίᾳ, καὶ ἡ γερουσία, καὶ Ἰούδας Ἀριστοβούλῳ διδασκάλῳ Πτολεμαίου τοῦ βασιλέως, ὄντι δὲ ἀπὸ τοῦ τῶν χριστῶν ἱερέων γένους, καὶ τοῖς ἐν Αἰγύπτῳ Ἰουδαίοις, χαίρειν καὶ ὑγιαίνειν.
35455	ΜΑΚΚΑΒΑΙΩΝ Β 1:10	οἱ ἐν	2	consecutive enclitics	καὶ	τῇ	\vs{10}Ἔτους ἑκατοστοῦ ὀγδοηκοστοῦ καὶ ὀγδόου οἱ ἐν Ἱεροσολύμοις, καὶ οἱ ἐν τῇ Ἰουδαίᾳ, καὶ ἡ γερουσία, καὶ Ἰούδας Ἀριστοβούλῳ διδασκάλῳ Πτολεμαίου τοῦ βασιλέως, ὄντι δὲ ἀπὸ τοῦ τῶν χριστῶν ἱερέων γένους, καὶ τοῖς ἐν Αἰγύπτῳ Ἰουδαίοις, χαίρειν καὶ ὑγιαίνειν.
35481	ΜΑΚΚΑΒΑΙΩΝ Β 1:29	σου εἰς	2	consecutive enclitics	λαόν	τὸν	\vs{29}Καταφύτευσον τὸν λαόν σου εἰς τὸν τόπον τὸν ἅγιόν σου, καθὼς εἶπε Μωυσῆς.
35540	ΜΑΚΚΑΒΑΙΩΝ Β 3:4	τις ἐκ	2	consecutive enclitics	δέ	τῆς	\vs{4}Σίμων δέ τις ἐκ τῆς Βενιαμὶν φυλῆς προστάτης τοῦ ἱεροῦ καθεσταμένος, διηνέχθη τῷ ἀρχιερεῖ περὶ τῆς κατὰ τὴν πόλιν παρανομίας·
35690	ΜΑΚΚΑΒΑΙΩΝ Β 5:19	Ἀλλ οὐ	2	consecutive enclitics		διὰ	\vs{19}Ἀλλʼ οὐ διὰ τὸν τόπον τὸ ἔθνος, ἀλλὰ διὰ τὸ ἔθνος τὸν τόπον ὁ Κύριος ἐξελέξατο.
35705	ΜΑΚΚΑΒΑΙΩΝ Β 6:1	Μετ οὐ	2	consecutive enclitics		πολὺν	Μετʼ οὐ πολὺν δὲ χρόνον ἐξαπέστειλεν ὁ βασιλεὺς γέροντα Ἀθηναῖον, ἀναγκάζειν τοὺς Ἰουδαίους μεταβαίνειν ἐκ τῶν πατρῴων νόμων, καὶ τοῖς τοῦ Θεοῦ νόμοις μὴ πολιτεύεσθαι,
35763	ΜΑΚΚΑΒΑΙΩΝ Β 7:9	ὡς ὁ	2	consecutive enclitics	βάσανον	πρῶτος	\vs{9}οὗτος τὴν ἑξῆς ἔλαβε βάσανον, ὡς ὁ πρῶτος. Ἐν ἐσχάτῃ δὲ πνοῇ γενόμενος, εἶπε, σὺ μὲν ἀλάστωρ ἐκ τοῦ παρόντος ἡμᾶς ζῇν ἀπολύεις, ὁ δὲ τοῦ κόσμου βασιλεὺς ἀποθανόντας ἡμᾶς ὑπὲρ τῶν αὐτοῦ νόμων εἰς αἰώνιον ἀναβίωσιν ζωῆς ἡμᾶς ἀναστήσει.
35767	ΜΑΚΚΑΒΑΙΩΝ Β 7:12	ὡς ἐν	2	consecutive enclitics	ψυχὴν	οὐδενὶ	\vs{12}Ὥστε αὐτὸν τὸν βασιλέα καὶ τοὺς σὺν αὐτῷ ἐκπλήσσεσθαι τὴν τοῦ νεανίσκου ψυχὴν, ὡς ἐν οὐδενὶ τὰς ἀλγηδόνας ἐτίθετο.
35790	ΜΑΚΚΑΒΑΙΩΝ Β 7:28	ἐξ οὐκ	2	consecutive enclitics	ὅτι	ὄντων	\vs{28}Ἀξιῶ σε, τέκνον, ἀναβλέψαντα εἰς τὸν οὐρανὸν καὶ τὴν γῆν, καὶ τὰ ἐν αὐτοῖς πάντα ἰδόντα, γνῶναι ὅτι ἐξ οὐκ ὄντων ἐποίησεν αὐτὰ ὁ Θεὸς, καὶ τὸ τῶν ἀνθρώπων γένος οὕτως γεγένηται,
35841	ΜΑΚΚΑΒΑΙΩΝ Β 8:20	ὡς οἱ	2	consecutive enclitics	γενομένην	πάντες	\vs{20}Καὶ τὴν ἐν τῇ Βαβυλωνίᾳ τὴν πρὸς αὐτοὺς Γαλάτας παράταξιν γενομένην, ὡς οἱ πάντες ἐπὶ τὴν χρείαν ἦλθον ὀκτακισχιλιοι σὺν Μακεδόσι τετρακισχιλίοις, τῶν Μακεδόνων ἀπορουμένων, οἱ ὀκτακισχίλιοι τὰς δώδεκα μυρίαδας ἀπώλεσαν διὰ τὴν γενομένην αὐτοῖς ἀπʼ οὐρανοῦ βοήθειαν, καὶ ὠφέλειαν πολλὴν ἔλαβον.
36034	ΜΑΚΚΑΒΑΙΩΝ Β 12:14	Οἱ δ	2	consecutive enclitics		ἔνδον	\vs{14}Οἱ δʼ ἔνδον πεποιθότες τῇ τῶν τειχέων ἐρυμνότητι, τῇ τε τῶν βρωμάτων παραθέσει, ἀναγωγότερον ἐχρῶντο, τοῖς περὶ τὸν Ἰούδαν λοιδοροῦντες, καὶ προσέτι βλασφημοῦντες, καὶ λαλοῦντες ἃ μὴ θέμις.
36046	ΜΑΚΚΑΒΑΙΩΝ Β 12:22	τε ἐκ	2	consecutive enclitics	φόβου	τῆς	\vs{22}Ἐπιφανείσης δὲ τῆς Ἰούδα σπείρας πρώτης, καὶ γενομένου δέους ἐπὶ τοὺς πολεμίους, φόβου τε ἐκ τῆς τοῦ πάντα ἐφορῶντος ἐπιφανείας γενομένου ἐπʼ αὐτοὺς, εἰς φυγὴν ὥρμησαν ἄλλος ἀλλαχῃ φερόμενος, ὥστε πολλάκις ὑπὸ τῶν ἰδίων βλάπτεσθαι, καὶ ταῖς τῶν ξιφῶν ἀκμαῖς ἀναπείρεσθαι.
36047	ΜΑΚΚΑΒΑΙΩΝ Β 12:23	τε εἰς	2	consecutive enclitics	διέφθειρέ	μυριάδας	\vs{23}Ἐποιεῖτο δὲ τὸν διωγμὸν εὐτονώτερον Ἰούδας, συγκεντῶν τοὺς ἀλιτηρίους, διέφθειρέ τε εἰς μυριάδας τρεῖς ἀνδρῶν.
36075	ΜΑΚΚΑΒΑΙΩΝ Β 12:43	τε κατ	2	consecutive enclitics	Ποιησάμενός	ἀνδραλογίαν	\vs{43}Ποιησάμενός τε κατʼ ἀνδραλογίαν κατασκευάσματα εἰς ἀργυρίου δραχμὰς δισχιλίας, ἀπέστειλεν εἰς Ἱεροσόλυμα προσαγαγεῖν περὶ ἁμαρτίας θυσίαν, πάνυ καλῶς καὶ ἀστείως πράττων, ὑπὲρ ἀναστάσεως διαλογιζόμενος·
36200	ΜΑΚΚΑΒΑΙΩΝ Β 15:14	ἐστιν ὁ	2	consecutive enclitics	οὗτός	πολλὰ	\vs{14}Ἀποκριθέντα δὲ τὸν Ὀνιαν εἰπεῖν, ὁ φιλάδελφος οὗτός ἐστιν ὁ πολλὰ προσευχόμενος περὶ τοῦ λαοῦ καὶ τῆς ἁγίας πόλεως, Ἱερεμίας ὁ τοῦ Θεοῦ προφήτης.
36222	ΜΑΚΚΑΒΑΙΩΝ Β 15:30	ὁ καθ	2	consecutive enclitics	προσέταξεν	ἅπαν	\vs{30}Καὶ προσέταξεν ὁ καθʼ ἅπαν σώματι καὶ ψυχῇ πρωταγωνιστὴς ὑπὲρ τῶν πολιτῶν, ὁ τὴν τῆς ἡλικίας εὔνοιαν εἰς ὁμοεθνεῖς διαφυλάξας, τὴν τοῦ Νικάνορος κεφαλὴν ἀποτεμόντας, καὶ τὴν χεῖρα σὺν τῷ ὤμῳ φέρειν εἰς Ἱεροσόλυμα.
36306	ΜΑΚΚΑΒΑΙΩΝ Γ 2:16	σου ἐν	2	consecutive enclitics	δόξαν	τῷ	\vs{16}Ἀλλαʼ ἐπεὶ εὐδόκησας τὴν δόξαν σου ἐν τῷ λαῷ σου Ἰσραὴλ, ἡγίασας τὸν τόπον τοῦτον.
36325	ΜΑΚΚΑΒΑΙΩΝ Γ 2:30	τινες ἐξ	2	consecutive enclitics	δέ	αὐτῶν	\vs{30}Ἵνα δὲ μὴ τοῖς πᾶσιν ἀπεχθόμενος φαίνηται, ὑπέγραψεν, ἐὰν δέ τινες ἐξ αὐτῶν προαιρῶνται ἐν τοῖς κατὰ τὰς τελετὰς μεμυημένοις ἀναστρέφεσθαι, τούτους ἰσοπολίτας Ἀλεξανδρεῦσιν εἶναι.
36419	ΜΑΚΚΑΒΑΙΩΝ Γ 5:11	δ ἀπ	2	consecutive enclitics	Τοῦτο	αἰῶνος	\vs{11}Τοῦτο δʼ ἀπʼ αἰῶνος χρόνου κτίσμα καλὸν ἐν νυκτὶ καὶ ἡμέρᾳ ἐπιβαλλόμενον ὑπὸ τοῦ χαριζομένου πᾶσιν οἷς ἂν αὐτὸς θελήσῃ, ὕπνου μέρος ἀπέστειλε πρὸς τὸν βασιλέα.
36433	ΜΑΚΚΑΒΑΙΩΝ Γ 5:22	ὡς εἰς	2	consecutive enclitics	νυκτὸς	τὸ	\vs{22}Καὶ οὐχ οὕτως εἰς ὕπνον κατεχρήσαντο τὸν χρόνον τῆς νυκτὸς, ὡς εἰς τὸ παντοίους μηχανᾶσθαι τοῖς ταλαιπώροις δοκοῦσιν ἐμπαιγμούς.
36446	ΜΑΚΚΑΒΑΙΩΝ Γ 5:32	περ εἰ	2	consecutive enclitics	Καί	μὴ	\vs{32}Καί περ εἰ μὴ διὰ τὴν τῆς συντροφίας στοργὴν καὶ τῆς χρείας, τὸ ζῇν ἀντὶ τούτων ἐστερήθης.
36494	ΜΑΚΚΑΒΑΙΩΝ Γ 6:15	σου ἀφ	2	consecutive enclitics	πρόσωπόν	ἡμῶν	\vs{15}Δειχθήτω πᾶσιν ἔθνεσιν, ὅτι μεθʼ ἡμῶν εἶ Κύριε, καὶ οὐκ ἀπέστρεψας τὸ πρόσωπόν σου ἀφʼ ἡμῶν· ἀλλὰ καθὼς εἶπας, ὅτι οὐδʼ ἐν τῇ γῇ τῶν ἐχθρῶν αὐτῶν ὄντων ὑπέριδον αὐτούς, οὕτως ἐπιτέλεσον, Κύριε.
36494	ΜΑΚΚΑΒΑΙΩΝ Γ 6:15	οὐδ ἐν	2	consecutive enclitics	ὅτι	τῇ	\vs{15}Δειχθήτω πᾶσιν ἔθνεσιν, ὅτι μεθʼ ἡμῶν εἶ Κύριε, καὶ οὐκ ἀπέστρεψας τὸ πρόσωπόν σου ἀφʼ ἡμῶν· ἀλλὰ καθὼς εἶπας, ὅτι οὐδʼ ἐν τῇ γῇ τῶν ἐχθρῶν αὐτῶν ὄντων ὑπέριδον αὐτούς, οὕτως ἐπιτέλεσον, Κύριε.
36574	ΜΑΚΚΑΒΑΙΩΝ Δ 1:5	τινες εἰ	2	consecutive enclitics	ἄν	τῶν	\vs{5}Πῶς οὖν, ἴσως εἴποιεν ἄν τινες, εἰ τῶν παθῶν ὁ λογισμὸς κρατεῖ, λήθης καὶ ἀγνοίας οὐ δεσπόζει;
36616	ΜΑΚΚΑΒΑΙΩΝ Δ 2:1	εἰ αἱ	2	consecutive enclitics	θαυμαστὸν	τῆς	Καὶ τὶ θαυμαστὸν; εἰ αἱ τῆς ψυχῆς ἐπιθυμίαι πρὸς τὴν τοῦ κάλλους μετουσίαν ἀκυροῦνται.
36626	ΜΑΚΚΑΒΑΙΩΝ Δ 2:9	ἐστιν ὁ	2	consecutive enclitics	παθῶν	λογισμὸς	\vs{9}Κᾂν φειδωλός τις ᾖ, ὑπὸ τοῦ νόμου κρατεῖται διὰ τὸν λογισμὸν, μήτε ἐπικαρπούμενος τοὺς ἀμητοὺς, μήτε ἐπιῤῥωγολογούμενος τοὺς ἀμπελῶνας, καὶ ἐπὶ τῶν ἐτέρων ἔστιν ἐπιγνῶναι τοῦτο, ὅτι τῶν παθῶν ἐστιν ὁ λογισμὸς κρατῶν.
36637	ΜΑΚΚΑΒΑΙΩΝ Δ 2:17	τι κατ	2	consecutive enclitics	θυμῷ	αὐτῶν	\vs{17}Θυμούμενος γέ τοι Μωσῆς κατὰ Δαθὰν καὶ Ἀβειρῶν, οὐ θυμῷ τι κατʼ αὐτῶν ἐποίησεν, ἀλλὰ λογισμῷ τὸν θυμὸν διῄτησεν.
36651	ΜΑΚΚΑΒΑΙΩΝ Δ 3:3	τις οὐ	2	consecutive enclitics	Θυμόν	δύναται	\vs{3}Θυμόν τις οὐ δύναται ἐκκόψαι ἡμῶν τῆς ψυχῆς, ἀλλὰ τῷ θυμῷ δυνατὸν βοηθῆσαι.
36653	ΜΑΚΚΑΒΑΙΩΝ Δ 3:5	ἐστιν ἀλλ	2	consecutive enclitics	λογισμός	ἀνταγωνιστής	\vs{5}Οὐ γὰρ ἐκριζωτὴς τῶν παθῶν ὁ λογισμός ἐστιν, ἀλλʼ ἀνταγωνιστής.
36684	ΜΑΚΚΑΒΑΙΩΝ Δ 4:7	εἰ οἱ	2	consecutive enclitics	νομίσαντες	τὰς	\vs{7}Καὶ τοῦ ἔθνους πρὸς τὸν λόγον σχετλιάζοντος, ἀντιλέγοντός τε, πάνδεινον εἶναι νομίσαντες, εἰ οἱ τὰς παρακαταθήκας πιστεύσαντας τῷ ἱερῷ θησαυρῷ στερηθήσονται, ὡς οἷόν τε ἦν ἐκώλυον.
36726	ΜΑΚΚΑΒΑΙΩΝ Δ 5:13	ὡς εἰ	2	consecutive enclitics	ἐνθυμήθητι	καί	\vs{13}καὶ γὰρ ἐνθυμήθητι, ὡς εἰ καί τις ἐστιν τῆσδε τῆς θρησκείας ἐποπτικὴ δύναμις, συγνωμονήσειεν σοι ἐπὶ πᾶσιν διʼ ἀνάγκην παρανομίᾳ γεινομένῃ.
36726	ΜΑΚΚΑΒΑΙΩΝ Δ 5:13	τις ἐστιν	2	consecutive enclitics	καί	τῆσδε	\vs{13}καὶ γὰρ ἐνθυμήθητι, ὡς εἰ καί τις ἐστιν τῆσδε τῆς θρησκείας ἐποπτικὴ δύναμις, συγνωμονήσειεν σοι ἐπὶ πᾶσιν διʼ ἀνάγκην παρανομίᾳ γεινομένῃ.
36732	ΜΑΚΚΑΒΑΙΩΝ Δ 5:18	τοι εἰ	2	consecutive enclitics	Καί	καὶ	\vs{18}Καί τοι εἰ καὶ κατὰ ἀλήθειαν μὴ ἦν ὁ νόμος ἡμῶν, ὡς σὺ ὑπολαμβάνεις, θεῖος, (ἄλλως δὲ νομίζομεν αὐτὸν εἶναι θεῖον) οὐδὲ οὕτως ἐξὸν ἡμῖν ἦν τὴν ἐπὶ τῇ εὐσεβείᾳ δόκαν ἀκυρῶσαι.
36744	ΜΑΚΚΑΒΑΙΩΝ Δ 5:28	Ἀλλ οὐ	2	consecutive enclitics		γελάσεις	\vs{28}Ἀλλʼ οὐ γελάσεις κατʼ ἐμοῦ τοῦτον τὸν γέλωτα·
36750	ΜΑΚΚΑΒΑΙΩΝ Δ 5:33	με δι	2	consecutive enclitics	ὥστε	ἐμαυτοῦ	\vs{33}Οὐχ οὕτως οἰκτειρήσω τὸ ἐμαυτοῦ γῆρας, ὥστε με διʼ ἐμαυτοῦ τὸν πάτριον καταλῦσαι νόμον.
36755	ΜΑΚΚΑΒΑΙΩΝ Δ 5:37	με οἱ	2	consecutive enclitics	Ἁγνόν	πατέρες	\vs{37}Ἁγνόν με οἱ πατέρες προσδέξονται, μὴ φοβηθέντα σου τὰς μέχρι θανάτου ἀνάγκας.
36808	ΜΑΚΚΑΒΑΙΩΝ Δ 7:4	ὡς ὁ	2	consecutive enclitics	πολιορκουμένη	πανάγιος	\vs{4}Οὐχ οὕτως πόλις πολλοῖς καὶ ποικίλοις μηχανήμασιν ἀντέσχεν ποτὲ πολιορκουμένη, ὡς ὁ πανάγιος ἐκεῖνος τὴν ἱερὰν ψυχὴν αἰκισμοῖς τε καὶ στρέβλαις πυρπολούμενος, ἐκίνησεν τοὺς πολιορκοῦντας, διὰ τὸν ὑπερασπίζοντα τῆς εὐσεβείας λογισμόν.
36831	ΜΑΚΚΑΒΑΙΩΝ Δ 7:22	ἐστιν οὐκ	2	consecutive enclitics	μακάριόν	ἂν	\vs{22}καὶ εἰδὼς ὅτι διὰ τὴν ἀρετὴν πάντα πόνον ὑπομένειν μακάριόν ἐστιν, οὐκ ἂν περικρατήσειεν τῶν παθῶν διὰ τὴν εὐσέβειαν;
36884	ΜΑΚΚΑΒΑΙΩΝ Δ 9:10	ἀλλ ὡς	2	consecutive enclitics	τύραννος	καὶ	\vs{10}Ταῦτα αὐτῶν εἰπόντων, οὐ μόνον ὡς κατὰ ἀπειθούντων ἐχαλέπαινεν ὁ τύραννος, ἀλλʼ ὡς καὶ κατὰ ἀχαρίστων ὠργίσθη.
36892	ΜΑΚΚΑΒΑΙΩΝ Δ 9:17	ἐστιν ὁ	2	consecutive enclitics	ὑμῶν	τρόπος	\vs{17}ὁ δὲ εἶπεν, οὐχ οὕτως ἰσχυρὸς ὑμῶν ἐστιν ὁ τρόπος, ὦ μιαιροὶ διάκονοι, ὥστε μου τὸν λογισμὸν ἄξαι· τέμνετέ μου μέλη, καὶ πυροῦτε τὰς σάρκας, καὶ στρεβλοῦτε τὰ ἄρθρα.
36917	ΜΑΚΚΑΒΑΙΩΝ Δ 10:3a	μου οὐδ	2	consecutive enclitics	ψυχῆς	ἂν	\vs{3a}Πρὸς ταῦτα εἴ τι ἔχετε κολαστήριον προσαγάγετε τῷ σώματί μου· τῆς γὰρ ψυχῆς μου, οὐδʼ ἂν θέλητε, ἅψασθαι δύνασθε.
36943	ΜΑΚΚΑΒΑΙΩΝ Δ 11:3	δ ἀπ	2	consecutive enclitics	Αὐτὸς	ἐμαυτοῦ	\vs{3}Αὐτὸς δʼ ἀπʼ ἐμαυτοῦ παρῆλθον, ὅπως κᾀμὲ κατακτείνας, περὶ πλειόνων ἀδικημάτων ὀφειλήσῃς τῇ οὐρανίῳ δίκῃ τιμωρίαν.
36990	ΜΑΚΚΑΒΑΙΩΝ Δ 12:12	σε ἡ	2	consecutive enclitics	ταμιεύεταί	θεία	\vs{12}Ἀνθ ὧν ταμιεύεταί σε ἡ θεία δίκη πυκνοτέρῳ καὶ αἰωνίῳ πυρὶ καὶ βασάνοις, αἳ εἰς ὅλον τὸν αιῶνα οὐκ ἀνήσουσίν σε.
36993	ΜΑΚΚΑΒΑΙΩΝ Δ 12:14	Ἀλλ οἱ	2	consecutive enclitics		μὴν	\vs{14}Ἀλλʼ οἱ μὴν εὐγενῶς ἀποθανόντες ἐπλήρωσαν τὴν εἰς τὸν Θεὸν εὐσέβειαν.
37052	ΜΑΚΚΑΒΑΙΩΝ Δ 14:11	εἰ ὁ	2	consecutive enclitics	ἡγεῖσθε	λογισμὸς	\vs{11}Καὶ μὴ θαυμαστὸν ἡγεῖσθε, εἰ ὁ λογισμὸς περιεκράτησεν τῶν ἀνδρῶν ἐκείνων ἐν ταῖς βασάνοις, ὅπου γε καὶ γυναικὸς νοῦς πολυτροπωτέρον ὑπερεφρόνησεν ἀλγηδόνων.
37055	ΜΑΚΚΑΒΑΙΩΝ Δ 14:13	ἐστιν ἡ	2	consecutive enclitics	πολύπλοκός	τῆς	\vs{13}Θεωρεῖτε δὲ πῶς πολύπλοκός ἐστιν ἡ τῆς φιλοτεκνίας στοργὴ, ἕλκουσα πάντα πρὸς τὴν τῶν σπλάγχνων συμπάθειαν.
37158	ΜΑΚΚΑΒΑΙΩΝ Δ 17:11	ὁ δι	2	consecutive enclitics	θεῖος	αὐτῶν	\vs{11}Ἀληθῶς γὰρ ἦν ἀγῶν θεῖος ὁ διʼ αὐτῶν γεγενημένος.
37165	ΜΑΚΚΑΒΑΙΩΝ Δ 17:17	τοι ὁ	2	consecutive enclitics	γέ	τύραννος	\vs{17}Αὐτός γέ τοι ὁ τύραννος καὶ ὅλον τὸν συνέδριον αὐτῶν ἐξεθαύμασαν αὐτῶν τὴν ὑπομονήν.
37167	ΜΑΚΚΑΒΑΙΩΝ Δ 17:19	φησιν ὁ	2	consecutive enclitics	γάρ	Μωσῆς	\vs{19}Καὶ γάρ φησιν ὁ Μωσῆς, καὶ πάντες οἱ ἡγιασμένοι ὑπὸ τὰς χεῖράς σου.
37216	ΠΡΟΣΕΥΧΗ ΜΑΝΑΣΣΗ ΥΙΟΥ ΕΖΕΚΙΟΥ 1:3	σου ὁ	2	consecutive enclitics	προστάγματός	κλείσας	\vs{3}Ὁ πεδήσας τὴν θάλασσαν τῷ λόγῳ τοῦ προστάγματός σου, ὁ κλείσας τὴν ἄβυσσον καὶ σφραγισάμενος αὐτὴν τῷ φοβερῷ καὶ ἐνδόξῳ ὀνόματί σου·
37226	ΠΡΟΣΕΥΧΗ ΜΑΝΑΣΣΗ ΥΙΟΥ ΕΖΕΚΙΟΥ 1:13	με ἐν	2	consecutive enclitics	καταδικάσῃς	τοῖς	\vs{13}Κύριε, ἄνες μοι, καὶ μὴ συναπολέσῃς με ταῖς ἀνομίαις μου, μηδὲ εἰς τὸν αἰῶνα μηνίσας τηρήσῃς τὰ κακά μαι, μηδὲ καταδικάσῃς με ἐν τοῖς κατωτάτοις τῆς γῆς, διότι σὺ εἶ Θεὸς, Θεὶς τῶν μετανοούντων.
